--------------------------------------------------------
--  File created - Tuesday-April-06-2010   
--------------------------------------------------------
  DROP TABLE "ANIMAL" cascade constraints;
  DROP TABLE "ANIMAL_BREED" cascade constraints;
  DROP TABLE "ANIMAL_CHECKUP" cascade constraints;
  DROP TABLE "ANIMAL_DIETARY_REQUIREMENTS" cascade constraints;
  DROP TABLE "ANIMAL_LIVING_ENVIRONMENT" cascade constraints;
  DROP TABLE "ASSOCIATION" cascade constraints;
  DROP TABLE "CORPORATE_SPONSOR" cascade constraints;
  DROP TABLE "CORPORATE_SPONSOR_PAYMENT" cascade constraints;
  DROP TABLE "CUSTOMER_SERVICES" cascade constraints;
  DROP TABLE "DEPARTMENT" cascade constraints;
  DROP TABLE "DONATOR" cascade constraints;
  DROP TABLE "DONATOR_PAYMENT" cascade constraints;
  DROP TABLE "EMPLOYEE" cascade constraints;
  DROP TABLE "FOOD_CATEGORY" cascade constraints;
  DROP TABLE "FOOD_ITEM" cascade constraints;
  DROP TABLE "FOOD_ITEM_SUPPLIER" cascade constraints;
  DROP TABLE "FOOD_SUPPLIER" cascade constraints;
  DROP TABLE "ILLNESS" cascade constraints;
  DROP TABLE "ILLNESS_TYPE" cascade constraints;
  DROP TABLE "INVENTORY" cascade constraints;
  DROP TABLE "KEEPER" cascade constraints;
  DROP TABLE "MAINTENANCE" cascade constraints;
  DROP TABLE "MANUFACTURED_PRODUCT" cascade constraints;
  DROP TABLE "MEDICATION" cascade constraints;
  DROP TABLE "MEMBERSHIP_OWNER" cascade constraints;
  DROP TABLE "MEMBERSHIP_TYPE" cascade constraints;
  DROP TABLE "OFFICE" cascade constraints;
  DROP TABLE "PAYMENT" cascade constraints;
  DROP TABLE "PRESCRIPTION" cascade constraints;
  DROP TABLE "PRIVATE_EVENT" cascade constraints;
  DROP TABLE "PRIVATE_EVENT_PAYMENT" cascade constraints;
  DROP TABLE "PRODUCT" cascade constraints;
  DROP TABLE "PURCHASED_PRODUCT" cascade constraints;
  DROP TABLE "RECEIPT_LINE" cascade constraints;
  DROP TABLE "RESEARCHER" cascade constraints;
  DROP TABLE "STORE" cascade constraints;
  DROP TABLE "TEAM" cascade constraints;
  DROP TABLE "TRANSACTION" cascade constraints;
  DROP TABLE "VET" cascade constraints;
  DROP TABLE "VOLUNTEER" cascade constraints;
  DROP TABLE "VOLUNTEER_DEPT_HISTORY" cascade constraints;
  DROP TABLE "WAREHOUSE" cascade constraints;
  DROP TABLE "ZOO" cascade constraints;
--------------------------------------------------------
--  DDL for Table ANIMAL
--------------------------------------------------------

  CREATE TABLE "ANIMAL" 
   (	"ANIM_ID" NUMBER(*,0), 
	"ANIM_NAME" VARCHAR2(50), 
	"ANIM_GENDER" CHAR(11), 
	"ANIM_BREED_ID" NUMBER(*,0), 
	"ANIM_BIRTH_DATE" DATE, 
	"ANIM_ACQUIRED_FROM" VARCHAR2(50), 
	"ANIM_ARRIVAL_DATE" DATE, 
	"ANIM_DEPARTURE_DATE" DATE, 
	"ANIM_HEIGHT_ON_ARRIVAL" VARCHAR2(22), 
	"ANIM_WEIGHT_ON_ARRIVAL" VARCHAR2(22), 
	"ANIM_OTHER_DETAILS" VARCHAR2(100), 
	"ANIM_LIVING_ENVIRONMENT_ID" NUMBER(*,0)
   ) ;
--------------------------------------------------------
--  DDL for Table ANIMAL_BREED
--------------------------------------------------------

  CREATE TABLE "ANIMAL_BREED" 
   (	"ANIM_BREED_ID" NUMBER(*,0), 
	"ANIM_BREED_NAME" VARCHAR2(50), 
	"ANIM_BREED_HABITAT" VARCHAR2(66), 
	"ANIM_BREED_COUNTRIES_OF_ORIGIN" VARCHAR2(58), 
	"ANIM_BREED_PHOTO_FILENAME" VARCHAR2(50), 
	"ANIM_BREED_OTHER_DETAILS" VARCHAR2(106)
   ) ;
--------------------------------------------------------
--  DDL for Table ANIMAL_CHECKUP
--------------------------------------------------------

  CREATE TABLE "ANIMAL_CHECKUP" 
   (	"ANIM_CHECKUP_DATE" DATE, 
	"ANIM_ID" NUMBER(*,0), 
	"ANIM_CHECKUP_HEIGHT" VARCHAR2(20), 
	"ANIM_CHECKUP_WEIGHT" VARCHAR2(20), 
	"ANIM_CHECKUP_LENGTH" VARCHAR2(20), 
	"ANIM_CHECKUP_GENERAL_HEALTH" VARCHAR2(100), 
	"ANIM_CHECKUP_OTHER_DETAILS" VARCHAR2(100)
   ) ;
--------------------------------------------------------
--  DDL for Table ANIMAL_DIETARY_REQUIREMENTS
--------------------------------------------------------

  CREATE TABLE "ANIMAL_DIETARY_REQUIREMENTS" 
   (	"FOOD_ITEM_ID" NUMBER(*,0), 
	"ANIM_ID" NUMBER(*,0), 
	"ANIM_DIETARY_REQUIREMENTS" VARCHAR2(100)
   ) ;
--------------------------------------------------------
--  DDL for Table ANIMAL_LIVING_ENVIRONMENT
--------------------------------------------------------

  CREATE TABLE "ANIMAL_LIVING_ENVIRONMENT" 
   (	"ANIM_LIVING_ENVIRONMENT_ID" NUMBER(*,0), 
	"ANIM_LIVING_ENVIRONMENT_TYPE" VARCHAR2(40)
   ) ;
--------------------------------------------------------
--  DDL for Table ASSOCIATION
--------------------------------------------------------

  CREATE TABLE "ASSOCIATION" 
   (	"ASSOC_ID" NUMBER(3,0), 
	"ASSOC_NAME" VARCHAR2(60)
   ) ;
--------------------------------------------------------
--  DDL for Table CORPORATE_SPONSOR
--------------------------------------------------------

  CREATE TABLE "CORPORATE_SPONSOR" 
   (	"SPON_ID" NUMBER(3,0), 
	"ZOO_ID" NUMBER(4,0), 
	"SPON_COMPANY_NAME" VARCHAR2(60), 
	"SPON_DATE_DONATED" DATE, 
	"SPON_START_DATE" DATE, 
	"SPON_END_DATE" DATE
   ) ;
--------------------------------------------------------
--  DDL for Table CORPORATE_SPONSOR_PAYMENT
--------------------------------------------------------

  CREATE TABLE "CORPORATE_SPONSOR_PAYMENT" 
   (	"SPON_ID" NUMBER(3,0), 
	"PAY_ID" NUMBER(5,0), 
	"SPON_PAY_PAYMENT_DATE" DATE
   ) ;
--------------------------------------------------------
--  DDL for Table CUSTOMER_SERVICES
--------------------------------------------------------

  CREATE TABLE "CUSTOMER_SERVICES" 
   (	"EMP_ID" NUMBER(4,0), 
	"CUS_SER_COMMISSION" NUMBER(3,3)
   ) ;
--------------------------------------------------------
--  DDL for Table DEPARTMENT
--------------------------------------------------------

  CREATE TABLE "DEPARTMENT" 
   (	"DEPT_ID" NUMBER(3,0), 
	"DEPT_NAME" VARCHAR2(100), 
	"ZOO_ID" NUMBER(4,0)
   ) ;
--------------------------------------------------------
--  DDL for Table DONATOR
--------------------------------------------------------

  CREATE TABLE "DONATOR" 
   (	"DON_ID" NUMBER(3,0), 
	"DON_FIRST_NAME" VARCHAR2(30), 
	"DON_LAST_NAME" VARCHAR2(30), 
	"DON_PHONE_NUMBER" VARCHAR2(16), 
	"DON_DATE_DONATED" DATE, 
	"ZOO_ID" NUMBER(4,0)
   ) ;
--------------------------------------------------------
--  DDL for Table DONATOR_PAYMENT
--------------------------------------------------------

  CREATE TABLE "DONATOR_PAYMENT" 
   (	"DON_ID" NUMBER(3,0), 
	"PAY_ID" NUMBER(5,0), 
	"DON_PAY_PAYMENT_DATE" DATE
   ) ;
--------------------------------------------------------
--  DDL for Table EMPLOYEE
--------------------------------------------------------

  CREATE TABLE "EMPLOYEE" 
   (	"EMP_ID" NUMBER(4,0), 
	"DEPT_ID" NUMBER(3,0), 
	"OFFICE_ID" NUMBER(3,0), 
	"ZOO_ID" NUMBER(4,0), 
	"EMP_FIRST_NAME" VARCHAR2(30), 
	"EMP_LAST_NAME" VARCHAR2(30), 
	"EMP_PHONE_NUMBER" NUMBER(10,0), 
	"EMP_SALARY" NUMBER(6,0), 
	"EMP_SOCIAL_SECURITY_NUMBER" NUMBER(9,0), 
	"EMP_HIRE_DATE" DATE, 
	"EMP_DEPARTURE_DATE" DATE, 
	"EMP_TYPE" VARCHAR2(2 CHAR), 
	"EMP_ADDRESS" VARCHAR2(50), 
	"EMP_CITY" VARCHAR2(40), 
	"EMP_ZIP_CODE" NUMBER(5,0), 
	"EMP_STATE" VARCHAR2(2 CHAR)
   ) ;
--------------------------------------------------------
--  DDL for Table FOOD_CATEGORY
--------------------------------------------------------

  CREATE TABLE "FOOD_CATEGORY" 
   (	"FOOD_CATEGORY_ID" NUMBER(*,0), 
	"FOOD_CATEGORY_DESCRIPTION" VARCHAR2(100)
   ) ;
--------------------------------------------------------
--  DDL for Table FOOD_ITEM
--------------------------------------------------------

  CREATE TABLE "FOOD_ITEM" 
   (	"FOOD_ITEM_ID" NUMBER(*,0), 
	"FOOD_ITEM_DESCRIPTION" VARCHAR2(100), 
	"FOOD_CATEGORY_ID" NUMBER(*,0), 
	"FOOD_QOH" NUMBER(*,0)
   ) ;
--------------------------------------------------------
--  DDL for Table FOOD_ITEM_SUPPLIER
--------------------------------------------------------

  CREATE TABLE "FOOD_ITEM_SUPPLIER" 
   (	"FOOD_ITEM_ID" NUMBER(*,0), 
	"FOOD_SUP_ID" NUMBER(*,0), 
	"FOOD_PRICE" FLOAT(126)
   ) ;
--------------------------------------------------------
--  DDL for Table FOOD_SUPPLIER
--------------------------------------------------------

  CREATE TABLE "FOOD_SUPPLIER" 
   (	"FOOD_SUP_ID" NUMBER(*,0), 
	"FOOD_SUP_COMPANY_NAME" VARCHAR2(30)
   ) ;
--------------------------------------------------------
--  DDL for Table ILLNESS
--------------------------------------------------------

  CREATE TABLE "ILLNESS" 
   (	"ANIM_ID" NUMBER(*,0), 
	"ILL_TYPE_ID" NUMBER(*,0), 
	"ILL_START_DATE" DATE, 
	"ILL_END_DATE" DATE
   ) ;
--------------------------------------------------------
--  DDL for Table ILLNESS_TYPE
--------------------------------------------------------

  CREATE TABLE "ILLNESS_TYPE" 
   (	"ILL_TYPE_ID" NUMBER(*,0), 
	"ILL_DESCRIPTION" VARCHAR2(1000), 
	"ILL_TREATMENT" VARCHAR2(1000)
   ) ;
--------------------------------------------------------
--  DDL for Table INVENTORY
--------------------------------------------------------

  CREATE TABLE "INVENTORY" 
   (	"PRODUCT_ID" NUMBER(3,0), 
	"WAREHOUSE_ID" NUMBER(2,0), 
	"INVEN_AMOUNT" NUMBER(4,0), 
	"INVEN_DATE_RESTOCKED" DATE, 
	"INVEN_MAX_STOCK" NUMBER(4,0), 
	"INVEN_REORDER_POINT" NUMBER(3,0)
   ) ;
--------------------------------------------------------
--  DDL for Table KEEPER
--------------------------------------------------------

  CREATE TABLE "KEEPER" 
   (	"EMP_ID" NUMBER(4,0), 
	"KEEP_CERTIFIED" VARCHAR2(3 CHAR)
   ) ;
--------------------------------------------------------
--  DDL for Table MAINTENANCE
--------------------------------------------------------

  CREATE TABLE "MAINTENANCE" 
   (	"EMP_ID" NUMBER(4,0), 
	"MAINT_TITLE" VARCHAR2(30)
   ) ;
--------------------------------------------------------
--  DDL for Table MANUFACTURED_PRODUCT
--------------------------------------------------------

  CREATE TABLE "MANUFACTURED_PRODUCT" 
   (	"PRODUCT_ID" NUMBER(3,0), 
	"PRODUCT_START_DATE" DATE, 
	"PRODUCT_FINISH_DATE" DATE
   ) ;
--------------------------------------------------------
--  DDL for Table MEDICATION
--------------------------------------------------------

  CREATE TABLE "MEDICATION" 
   (	"MED_ID" NUMBER(*,0), 
	"MED_TYPE" VARCHAR2(30), 
	"MED_DIRECTIONS" VARCHAR2(100), 
	"MED_UNIT_OF_MEASURE" VARCHAR2(19)
   ) ;
--------------------------------------------------------
--  DDL for Table MEMBERSHIP_OWNER
--------------------------------------------------------

  CREATE TABLE "MEMBERSHIP_OWNER" 
   (	"MEMB_OWNER_ID" NUMBER(3,0), 
	"MEMB_FIRST_NAME" VARCHAR2(30), 
	"MEMB_LAST_NAME" VARCHAR2(30), 
	"MEMB_PHONE_NUMBER" NUMBER(10,0), 
	"MEMB_DATE_OF_BIRTH" DATE, 
	"MEMB_ADDRESS" VARCHAR2(60), 
	"MEMB_CITY" VARCHAR2(40), 
	"MEMB_ZIP_CODE" NUMBER(5,0), 
	"MEMB_STATE" VARCHAR2(20), 
	"MEMB_TYPE_ID" NUMBER(4,0), 
	"ZOO_ID" NUMBER(4,0)
   ) ;
--------------------------------------------------------
--  DDL for Table MEMBERSHIP_TYPE
--------------------------------------------------------

  CREATE TABLE "MEMBERSHIP_TYPE" 
   (	"MEMB_TYPE_ID" NUMBER(4,0), 
	"MEMB_TYPE_TITLE" VARCHAR2(30), 
	"MEMB_TYPE_PRICE" NUMBER(5,2), 
	"MEMB_TYPE_DESCRIPTION" VARCHAR2(255)
   ) ;
--------------------------------------------------------
--  DDL for Table OFFICE
--------------------------------------------------------

  CREATE TABLE "OFFICE" 
   (	"OFFICE_ID" NUMBER(3,0), 
	"OFFICE_PHONE_NUMBER" NUMBER(10,0), 
	"OFFICE_BUILDING" VARCHAR2(40)
   ) ;
--------------------------------------------------------
--  DDL for Table PAYMENT
--------------------------------------------------------

  CREATE TABLE "PAYMENT" 
   (	"PAY_ID" NUMBER(5,0), 
	"PAY_TYPE" VARCHAR2(30), 
	"PAY_CREDIT_CARD_NUMBER" NUMBER(16,0), 
	"PAY_EXPIRATION_DATE" DATE, 
	"PAY_CREDIT_CARD_TYPE" VARCHAR2(30), 
	"PAY_AMOUNT" NUMBER(6,0), 
	"PAY_CHECK_NUMBER" NUMBER(5,0)
   ) ;
--------------------------------------------------------
--  DDL for Table PRESCRIPTION
--------------------------------------------------------

  CREATE TABLE "PRESCRIPTION" 
   (	"ANIM_ID" NUMBER(3,0), 
	"MED_ID" NUMBER(3,0), 
	"VET_ID" NUMBER(4,0), 
	"ASSOC_ID" NUMBER(3,0), 
	"PRES_DOSAGE" VARCHAR2(20), 
	"PRES_DATE_TAKEN" DATE
   ) ;
--------------------------------------------------------
--  DDL for Table PRIVATE_EVENT
--------------------------------------------------------

  CREATE TABLE "PRIVATE_EVENT" 
   (	"PRIV_EVEN_ID" NUMBER(3,0), 
	"PRIV_EVEN_DATE" DATE, 
	"PRIV_EVEN_TYPE" VARCHAR2(50), 
	"PRIV_EVEN_PRICE" NUMBER(5,0), 
	"ZOO_ID" NUMBER(4,0)
   ) ;
--------------------------------------------------------
--  DDL for Table PRIVATE_EVENT_PAYMENT
--------------------------------------------------------

  CREATE TABLE "PRIVATE_EVENT_PAYMENT" 
   (	"PRIV_EVEN_ID" NUMBER(3,0), 
	"PAY_ID" NUMBER(5,0), 
	"PRIV_EVEN_PAY_PAYMENT_DATE" DATE
   ) ;
--------------------------------------------------------
--  DDL for Table PRODUCT
--------------------------------------------------------

  CREATE TABLE "PRODUCT" 
   (	"PRODUCT_ID" NUMBER(3,0), 
	"PRODUCT_NAME" VARCHAR2(60), 
	"PRODUCT_SUGGESTED_PRICE" NUMBER(5,2), 
	"PRODUCT_BAR_CODE_NUMBER" NUMBER(8,0), 
	"PRODUCT_TYPE" VARCHAR2(6 CHAR)
   ) ;
--------------------------------------------------------
--  DDL for Table PURCHASED_PRODUCT
--------------------------------------------------------

  CREATE TABLE "PURCHASED_PRODUCT" 
   (	"PRODUCT_ID" NUMBER(3,0), 
	"PRODUCT_PURCHASE_PRICE" NUMBER(5,2), 
	"PRODUCT_PURCHASE_DATE" DATE
   ) ;
--------------------------------------------------------
--  DDL for Table RECEIPT_LINE
--------------------------------------------------------

  CREATE TABLE "RECEIPT_LINE" 
   (	"RECEIPT_LINE_ID" NUMBER(5,0), 
	"PRODUCT_ID" NUMBER(3,0), 
	"SELLING_PRICE" NUMBER(5,2), 
	"QUANTITY" NUMBER(2,0), 
	"TRANS_ID" NUMBER(5,0)
   ) ;
--------------------------------------------------------
--  DDL for Table RESEARCHER
--------------------------------------------------------

  CREATE TABLE "RESEARCHER" 
   (	"EMP_ID" NUMBER(4,0), 
	"RES_BONUS" NUMBER(5,0)
   ) ;
--------------------------------------------------------
--  DDL for Table STORE
--------------------------------------------------------

  CREATE TABLE "STORE" 
   (	"STORE_ID" NUMBER(4,0), 
	"STORE_PHONE_NUMBER" NUMBER(10,0), 
	"STORE_ADDRESS" VARCHAR2(60), 
	"STORE_CITY" VARCHAR2(40), 
	"STORE_ZIP_CODE" NUMBER(5,0), 
	"STORE_STATE" VARCHAR2(20), 
	"ZOO_ID" NUMBER(4,0)
   ) ;
--------------------------------------------------------
--  DDL for Table TEAM
--------------------------------------------------------

  CREATE TABLE "TEAM" 
   (	"TEAM_ID" NUMBER(3,0), 
	"ASSOC_ID" NUMBER(3,0), 
	"TEAM_NAME" VARCHAR2(30)
   ) ;
--------------------------------------------------------
--  DDL for Table TRANSACTION
--------------------------------------------------------

  CREATE TABLE "TRANSACTION" 
   (	"TRANS_ID" NUMBER(5,0), 
	"STORE_ID" NUMBER(4,0), 
	"TRANS_DATE" DATE, 
	"TRANS_TOTAL_AMT" NUMBER(6,2), 
	"EMP_ID" NUMBER(4,0)
   ) ;
--------------------------------------------------------
--  DDL for Table VET
--------------------------------------------------------

  CREATE TABLE "VET" 
   (	"VET_ID" NUMBER(4,0), 
	"ASSOC_ID" NUMBER(3,0), 
	"VET_FIRST_NAME" VARCHAR2(30), 
	"VET_LAST_NAME" VARCHAR2(30), 
	"VET_HOSPITAL" VARCHAR2(60), 
	"VET_PHONE_NUMBER" NUMBER(10,0)
   ) ;
--------------------------------------------------------
--  DDL for Table VOLUNTEER
--------------------------------------------------------

  CREATE TABLE "VOLUNTEER" 
   (	"VOL_ID" NUMBER(4,0), 
	"VOL_FIRST_NAME" VARCHAR2(30), 
	"VOL_LAST_NAME" VARCHAR2(30), 
	"VOL_PHONE_NUMBER" NUMBER(10,0), 
	"VOL_AVAILABILITY" VARCHAR2(30)
   ) ;
--------------------------------------------------------
--  DDL for Table VOLUNTEER_DEPT_HISTORY
--------------------------------------------------------

  CREATE TABLE "VOLUNTEER_DEPT_HISTORY" 
   (	"VOL_ID" NUMBER(4,0), 
	"DEPT_ID" NUMBER(3,0), 
	"DATE_ASSIGNED" DATE, 
	"VOL_START_DATE" DATE, 
	"VOL_END_DATE" DATE, 
	"VOL_DAYS_WORKED" VARCHAR2(255), 
	"VOL_DEPT_CHANGE" NUMBER(3,0)
   ) ;
--------------------------------------------------------
--  DDL for Table WAREHOUSE
--------------------------------------------------------

  CREATE TABLE "WAREHOUSE" 
   (	"WAREHOUSE_ID" NUMBER(2,0), 
	"WAREHOUSE_PHONE_NUMBER" NUMBER(10,0), 
	"WAREHOUSE_ADDRESS" VARCHAR2(60), 
	"WAREHOUSE_CITY" VARCHAR2(40), 
	"WAREHOUSE_ZIP_CODE" NUMBER(5,0), 
	"WAREHOUSE_STATE" VARCHAR2(2 CHAR)
   ) ;
--------------------------------------------------------
--  DDL for Table ZOO
--------------------------------------------------------

  CREATE TABLE "ZOO" 
   (	"ZOO_ID" NUMBER(4,0), 
	"ZOO_NAME" VARCHAR2(40), 
	"ZOO_PHONE_NUMBER" NUMBER(10,0), 
	"ZOO_HOURS" VARCHAR2(150), 
	"ZOO_ADMISSION_RATES" VARCHAR2(150), 
	"ZOO_ADDRESS" VARCHAR2(60), 
	"ZOO_CITY" VARCHAR2(40), 
	"ZOO_ZIP_CODE" NUMBER(5,0), 
	"ZOO_STATE" VARCHAR2(2 CHAR)
   ) ;

---------------------------------------------------
--   DATA FOR TABLE ANIMAL
--   FILTER = none used
---------------------------------------------------
REM INSERTING into ANIMAL
Insert into ANIMAL (ANIM_ID,ANIM_NAME,ANIM_GENDER,ANIM_BREED_ID,ANIM_BIRTH_DATE,ANIM_ACQUIRED_FROM,ANIM_ARRIVAL_DATE,ANIM_DEPARTURE_DATE,ANIM_HEIGHT_ON_ARRIVAL,ANIM_WEIGHT_ON_ARRIVAL,ANIM_OTHER_DETAILS,ANIM_LIVING_ENVIRONMENT_ID) values (180,'Jayden','M          ',6,to_timestamp('03-JAN-88 12.00.00.000000000 AM','DD-MON-RR HH.MI.SS.FF AM'),'Philadelphia Zoo',to_timestamp('12-FEB-99 12.00.00.000000000 AM','DD-MON-RR HH.MI.SS.FF AM'),null,'22','164','Healthy when arrived.',5);
Insert into ANIMAL (ANIM_ID,ANIM_NAME,ANIM_GENDER,ANIM_BREED_ID,ANIM_BIRTH_DATE,ANIM_ACQUIRED_FROM,ANIM_ARRIVAL_DATE,ANIM_DEPARTURE_DATE,ANIM_HEIGHT_ON_ARRIVAL,ANIM_WEIGHT_ON_ARRIVAL,ANIM_OTHER_DETAILS,ANIM_LIVING_ENVIRONMENT_ID) values (181,'Caleb','M          ',6,to_timestamp('24-FEB-96 12.00.00.000000000 AM','DD-MON-RR HH.MI.SS.FF AM'),'Rescued from wild.',to_timestamp('23-FEB-03 12.00.00.000000000 AM','DD-MON-RR HH.MI.SS.FF AM'),to_timestamp('16-NOV-06 12.00.00.000000000 AM','DD-MON-RR HH.MI.SS.FF AM'),'19','340','Unhealthy when arrived.',9);
Insert into ANIMAL (ANIM_ID,ANIM_NAME,ANIM_GENDER,ANIM_BREED_ID,ANIM_BIRTH_DATE,ANIM_ACQUIRED_FROM,ANIM_ARRIVAL_DATE,ANIM_DEPARTURE_DATE,ANIM_HEIGHT_ON_ARRIVAL,ANIM_WEIGHT_ON_ARRIVAL,ANIM_OTHER_DETAILS,ANIM_LIVING_ENVIRONMENT_ID) values (182,'Charles','M          ',6,to_timestamp('08-NOV-89 12.00.00.000000000 AM','DD-MON-RR HH.MI.SS.FF AM'),'Born in zoo',to_timestamp('15-JUL-99 12.00.00.000000000 AM','DD-MON-RR HH.MI.SS.FF AM'),null,'2','357','Healthy when arrived.',2);
Insert into ANIMAL (ANIM_ID,ANIM_NAME,ANIM_GENDER,ANIM_BREED_ID,ANIM_BIRTH_DATE,ANIM_ACQUIRED_FROM,ANIM_ARRIVAL_DATE,ANIM_DEPARTURE_DATE,ANIM_HEIGHT_ON_ARRIVAL,ANIM_WEIGHT_ON_ARRIVAL,ANIM_OTHER_DETAILS,ANIM_LIVING_ENVIRONMENT_ID) values (183,'Jesus','M          ',6,to_timestamp('01-SEP-05 12.00.00.000000000 AM','DD-MON-RR HH.MI.SS.FF AM'),'Rescued from wild.',to_timestamp('11-JUN-07 12.00.00.000000000 AM','DD-MON-RR HH.MI.SS.FF AM'),null,'13','147','Must live alone.',9);
Insert into ANIMAL (ANIM_ID,ANIM_NAME,ANIM_GENDER,ANIM_BREED_ID,ANIM_BIRTH_DATE,ANIM_ACQUIRED_FROM,ANIM_ARRIVAL_DATE,ANIM_DEPARTURE_DATE,ANIM_HEIGHT_ON_ARRIVAL,ANIM_WEIGHT_ON_ARRIVAL,ANIM_OTHER_DETAILS,ANIM_LIVING_ENVIRONMENT_ID) values (184,'Dylan','M          ',6,to_timestamp('17-FEB-07 12.00.00.000000000 AM','DD-MON-RR HH.MI.SS.FF AM'),'Born in zoo',to_timestamp('19-FEB-08 12.00.00.000000000 AM','DD-MON-RR HH.MI.SS.FF AM'),null,'13','258',null,6);
Insert into ANIMAL (ANIM_ID,ANIM_NAME,ANIM_GENDER,ANIM_BREED_ID,ANIM_BIRTH_DATE,ANIM_ACQUIRED_FROM,ANIM_ARRIVAL_DATE,ANIM_DEPARTURE_DATE,ANIM_HEIGHT_ON_ARRIVAL,ANIM_WEIGHT_ON_ARRIVAL,ANIM_OTHER_DETAILS,ANIM_LIVING_ENVIRONMENT_ID) values (185,'Ryan','M          ',6,to_timestamp('16-AUG-88 12.00.00.000000000 AM','DD-MON-RR HH.MI.SS.FF AM'),'Rescued from wild.',to_timestamp('19-MAY-99 12.00.00.000000000 AM','DD-MON-RR HH.MI.SS.FF AM'),null,'25','262','Picky eater.',8);
Insert into ANIMAL (ANIM_ID,ANIM_NAME,ANIM_GENDER,ANIM_BREED_ID,ANIM_BIRTH_DATE,ANIM_ACQUIRED_FROM,ANIM_ARRIVAL_DATE,ANIM_DEPARTURE_DATE,ANIM_HEIGHT_ON_ARRIVAL,ANIM_WEIGHT_ON_ARRIVAL,ANIM_OTHER_DETAILS,ANIM_LIVING_ENVIRONMENT_ID) values (186,'Destiny','F          ',6,to_timestamp('13-AUG-08 12.00.00.000000000 AM','DD-MON-RR HH.MI.SS.FF AM'),'San Diego Zoo',to_timestamp('17-MAY-09 12.00.00.000000000 AM','DD-MON-RR HH.MI.SS.FF AM'),null,'3','189',null,4);
Insert into ANIMAL (ANIM_ID,ANIM_NAME,ANIM_GENDER,ANIM_BREED_ID,ANIM_BIRTH_DATE,ANIM_ACQUIRED_FROM,ANIM_ARRIVAL_DATE,ANIM_DEPARTURE_DATE,ANIM_HEIGHT_ON_ARRIVAL,ANIM_WEIGHT_ON_ARRIVAL,ANIM_OTHER_DETAILS,ANIM_LIVING_ENVIRONMENT_ID) values (187,'Connor','M          ',6,to_timestamp('11-NOV-09 12.00.00.000000000 AM','DD-MON-RR HH.MI.SS.FF AM'),'Born in zoo',to_timestamp('16-JUL-09 12.00.00.000000000 AM','DD-MON-RR HH.MI.SS.FF AM'),null,'8','142',null,3);
Insert into ANIMAL (ANIM_ID,ANIM_NAME,ANIM_GENDER,ANIM_BREED_ID,ANIM_BIRTH_DATE,ANIM_ACQUIRED_FROM,ANIM_ARRIVAL_DATE,ANIM_DEPARTURE_DATE,ANIM_HEIGHT_ON_ARRIVAL,ANIM_WEIGHT_ON_ARRIVAL,ANIM_OTHER_DETAILS,ANIM_LIVING_ENVIRONMENT_ID) values (188,'Angelina','F          ',6,to_timestamp('13-AUG-85 12.00.00.000000000 AM','DD-MON-RR HH.MI.SS.FF AM'),'Rescued from wild.',to_timestamp('17-MAY-97 12.00.00.000000000 AM','DD-MON-RR HH.MI.SS.FF AM'),null,'3','302',null,8);
Insert into ANIMAL (ANIM_ID,ANIM_NAME,ANIM_GENDER,ANIM_BREED_ID,ANIM_BIRTH_DATE,ANIM_ACQUIRED_FROM,ANIM_ARRIVAL_DATE,ANIM_DEPARTURE_DATE,ANIM_HEIGHT_ON_ARRIVAL,ANIM_WEIGHT_ON_ARRIVAL,ANIM_OTHER_DETAILS,ANIM_LIVING_ENVIRONMENT_ID) values (189,'Grace','F          ',47,to_timestamp('08-JUL-07 12.00.00.000000000 AM','DD-MON-RR HH.MI.SS.FF AM'),'Born in zoo',to_timestamp('15-MAY-08 12.00.00.000000000 AM','DD-MON-RR HH.MI.SS.FF AM'),null,'16','98',null,5);
Insert into ANIMAL (ANIM_ID,ANIM_NAME,ANIM_GENDER,ANIM_BREED_ID,ANIM_BIRTH_DATE,ANIM_ACQUIRED_FROM,ANIM_ARRIVAL_DATE,ANIM_DEPARTURE_DATE,ANIM_HEIGHT_ON_ARRIVAL,ANIM_WEIGHT_ON_ARRIVAL,ANIM_OTHER_DETAILS,ANIM_LIVING_ENVIRONMENT_ID) values (190,'Leah','F          ',37,to_timestamp('01-JUL-86 12.00.00.000000000 AM','DD-MON-RR HH.MI.SS.FF AM'),'Born in zoo',to_timestamp('11-MAY-98 12.00.00.000000000 AM','DD-MON-RR HH.MI.SS.FF AM'),null,'12','98',null,6);
Insert into ANIMAL (ANIM_ID,ANIM_NAME,ANIM_GENDER,ANIM_BREED_ID,ANIM_BIRTH_DATE,ANIM_ACQUIRED_FROM,ANIM_ARRIVAL_DATE,ANIM_DEPARTURE_DATE,ANIM_HEIGHT_ON_ARRIVAL,ANIM_WEIGHT_ON_ARRIVAL,ANIM_OTHER_DETAILS,ANIM_LIVING_ENVIRONMENT_ID) values (191,'Mason','M          ',37,to_timestamp('21-FEB-86 12.00.00.000000000 AM','DD-MON-RR HH.MI.SS.FF AM'),'Born in zoo',to_timestamp('21-FEB-98 12.00.00.000000000 AM','DD-MON-RR HH.MI.SS.FF AM'),null,'10','78','Unhealthy when arrived.',7);
Insert into ANIMAL (ANIM_ID,ANIM_NAME,ANIM_GENDER,ANIM_BREED_ID,ANIM_BIRTH_DATE,ANIM_ACQUIRED_FROM,ANIM_ARRIVAL_DATE,ANIM_DEPARTURE_DATE,ANIM_HEIGHT_ON_ARRIVAL,ANIM_WEIGHT_ON_ARRIVAL,ANIM_OTHER_DETAILS,ANIM_LIVING_ENVIRONMENT_ID) values (192,'Haley','F          ',76,to_timestamp('16-DEC-98 12.00.00.000000000 AM','DD-MON-RR HH.MI.SS.FF AM'),'Born in zoo',to_timestamp('19-JUL-04 12.00.00.000000000 AM','DD-MON-RR HH.MI.SS.FF AM'),null,'4','190','Must live alone.',5);
Insert into ANIMAL (ANIM_ID,ANIM_NAME,ANIM_GENDER,ANIM_BREED_ID,ANIM_BIRTH_DATE,ANIM_ACQUIRED_FROM,ANIM_ARRIVAL_DATE,ANIM_DEPARTURE_DATE,ANIM_HEIGHT_ON_ARRIVAL,ANIM_WEIGHT_ON_ARRIVAL,ANIM_OTHER_DETAILS,ANIM_LIVING_ENVIRONMENT_ID) values (193,'Gracie','F          ',76,to_timestamp('19-MAY-04 12.00.00.000000000 AM','DD-MON-RR HH.MI.SS.FF AM'),'Born in zoo',to_timestamp('20-APR-07 12.00.00.000000000 AM','DD-MON-RR HH.MI.SS.FF AM'),null,'11','46',null,5);
Insert into ANIMAL (ANIM_ID,ANIM_NAME,ANIM_GENDER,ANIM_BREED_ID,ANIM_BIRTH_DATE,ANIM_ACQUIRED_FROM,ANIM_ARRIVAL_DATE,ANIM_DEPARTURE_DATE,ANIM_HEIGHT_ON_ARRIVAL,ANIM_WEIGHT_ON_ARRIVAL,ANIM_OTHER_DETAILS,ANIM_LIVING_ENVIRONMENT_ID) values (194,'Alexandra','F          ',29,to_timestamp('29-MAY-86 12.00.00.000000000 AM','DD-MON-RR HH.MI.SS.FF AM'),'Born in zoo',to_timestamp('25-APR-98 12.00.00.000000000 AM','DD-MON-RR HH.MI.SS.FF AM'),null,'9','331',null,7);
Insert into ANIMAL (ANIM_ID,ANIM_NAME,ANIM_GENDER,ANIM_BREED_ID,ANIM_BIRTH_DATE,ANIM_ACQUIRED_FROM,ANIM_ARRIVAL_DATE,ANIM_DEPARTURE_DATE,ANIM_HEIGHT_ON_ARRIVAL,ANIM_WEIGHT_ON_ARRIVAL,ANIM_OTHER_DETAILS,ANIM_LIVING_ENVIRONMENT_ID) values (195,'Katie','F          ',63,to_timestamp('03-SEP-92 12.00.00.000000000 AM','DD-MON-RR HH.MI.SS.FF AM'),'Born in zoo',to_timestamp('12-JUN-01 12.00.00.000000000 AM','DD-MON-RR HH.MI.SS.FF AM'),null,'4','329',null,1);
Insert into ANIMAL (ANIM_ID,ANIM_NAME,ANIM_GENDER,ANIM_BREED_ID,ANIM_BIRTH_DATE,ANIM_ACQUIRED_FROM,ANIM_ARRIVAL_DATE,ANIM_DEPARTURE_DATE,ANIM_HEIGHT_ON_ARRIVAL,ANIM_WEIGHT_ON_ARRIVAL,ANIM_OTHER_DETAILS,ANIM_LIVING_ENVIRONMENT_ID) values (0,'Thomas','M          ',0,to_timestamp('08-OCT-92 12.00.00.000000000 AM','DD-MON-RR HH.MI.SS.FF AM'),'Born in zoo',to_timestamp('15-JUN-01 12.00.00.000000000 AM','DD-MON-RR HH.MI.SS.FF AM'),to_timestamp('02-OCT-06 12.00.00.000000000 AM','DD-MON-RR HH.MI.SS.FF AM'),'0','348',null,4);
Insert into ANIMAL (ANIM_ID,ANIM_NAME,ANIM_GENDER,ANIM_BREED_ID,ANIM_BIRTH_DATE,ANIM_ACQUIRED_FROM,ANIM_ARRIVAL_DATE,ANIM_DEPARTURE_DATE,ANIM_HEIGHT_ON_ARRIVAL,ANIM_WEIGHT_ON_ARRIVAL,ANIM_OTHER_DETAILS,ANIM_LIVING_ENVIRONMENT_ID) values (1,'Cameron','M          ',0,to_timestamp('01-FEB-04 12.00.00.000000000 AM','DD-MON-RR HH.MI.SS.FF AM'),'Philadelphia Zoo',to_timestamp('11-FEB-07 12.00.00.000000000 AM','DD-MON-RR HH.MI.SS.FF AM'),null,'29','69','Healthy when arrived.',6);
Insert into ANIMAL (ANIM_ID,ANIM_NAME,ANIM_GENDER,ANIM_BREED_ID,ANIM_BIRTH_DATE,ANIM_ACQUIRED_FROM,ANIM_ARRIVAL_DATE,ANIM_DEPARTURE_DATE,ANIM_HEIGHT_ON_ARRIVAL,ANIM_WEIGHT_ON_ARRIVAL,ANIM_OTHER_DETAILS,ANIM_LIVING_ENVIRONMENT_ID) values (2,'Aiden','M          ',32,to_timestamp('08-JUN-01 12.00.00.000000000 AM','DD-MON-RR HH.MI.SS.FF AM'),'Minnesota Zoo',to_timestamp('15-APR-05 12.00.00.000000000 AM','DD-MON-RR HH.MI.SS.FF AM'),null,'16','248',null,3);
Insert into ANIMAL (ANIM_ID,ANIM_NAME,ANIM_GENDER,ANIM_BREED_ID,ANIM_BIRTH_DATE,ANIM_ACQUIRED_FROM,ANIM_ARRIVAL_DATE,ANIM_DEPARTURE_DATE,ANIM_HEIGHT_ON_ARRIVAL,ANIM_WEIGHT_ON_ARRIVAL,ANIM_OTHER_DETAILS,ANIM_LIVING_ENVIRONMENT_ID) values (3,'Carlos','M          ',32,to_timestamp('09-MAY-92 12.00.00.000000000 AM','DD-MON-RR HH.MI.SS.FF AM'),'Rescued from wild.',to_timestamp('15-APR-01 12.00.00.000000000 AM','DD-MON-RR HH.MI.SS.FF AM'),null,'15','264','Healthy when arrived.',4);
Insert into ANIMAL (ANIM_ID,ANIM_NAME,ANIM_GENDER,ANIM_BREED_ID,ANIM_BIRTH_DATE,ANIM_ACQUIRED_FROM,ANIM_ARRIVAL_DATE,ANIM_DEPARTURE_DATE,ANIM_HEIGHT_ON_ARRIVAL,ANIM_WEIGHT_ON_ARRIVAL,ANIM_OTHER_DETAILS,ANIM_LIVING_ENVIRONMENT_ID) values (4,'Austin','M          ',16,to_timestamp('17-JUN-91 12.00.00.000000000 AM','DD-MON-RR HH.MI.SS.FF AM'),'Born in zoo',to_timestamp('19-APR-00 12.00.00.000000000 AM','DD-MON-RR HH.MI.SS.FF AM'),null,'4','52',null,6);
Insert into ANIMAL (ANIM_ID,ANIM_NAME,ANIM_GENDER,ANIM_BREED_ID,ANIM_BIRTH_DATE,ANIM_ACQUIRED_FROM,ANIM_ARRIVAL_DATE,ANIM_DEPARTURE_DATE,ANIM_HEIGHT_ON_ARRIVAL,ANIM_WEIGHT_ON_ARRIVAL,ANIM_OTHER_DETAILS,ANIM_LIVING_ENVIRONMENT_ID) values (5,'Brianna','F          ',65,to_timestamp('10-NOV-88 12.00.00.000000000 AM','DD-MON-RR HH.MI.SS.FF AM'),'Rescued from wild.',to_timestamp('16-JUL-99 12.00.00.000000000 AM','DD-MON-RR HH.MI.SS.FF AM'),null,'21','22',null,1);
Insert into ANIMAL (ANIM_ID,ANIM_NAME,ANIM_GENDER,ANIM_BREED_ID,ANIM_BIRTH_DATE,ANIM_ACQUIRED_FROM,ANIM_ARRIVAL_DATE,ANIM_DEPARTURE_DATE,ANIM_HEIGHT_ON_ARRIVAL,ANIM_WEIGHT_ON_ARRIVAL,ANIM_OTHER_DETAILS,ANIM_LIVING_ENVIRONMENT_ID) values (6,'Aidan','M          ',33,to_timestamp('14-MAY-87 12.00.00.000000000 AM','DD-MON-RR HH.MI.SS.FF AM'),'Born in zoo',to_timestamp('18-APR-98 12.00.00.000000000 AM','DD-MON-RR HH.MI.SS.FF AM'),null,'8','110','Picky eater.',5);
Insert into ANIMAL (ANIM_ID,ANIM_NAME,ANIM_GENDER,ANIM_BREED_ID,ANIM_BIRTH_DATE,ANIM_ACQUIRED_FROM,ANIM_ARRIVAL_DATE,ANIM_DEPARTURE_DATE,ANIM_HEIGHT_ON_ARRIVAL,ANIM_WEIGHT_ON_ARRIVAL,ANIM_OTHER_DETAILS,ANIM_LIVING_ENVIRONMENT_ID) values (7,'Julia','F          ',49,to_timestamp('20-MAR-08 12.00.00.000000000 AM','DD-MON-RR HH.MI.SS.FF AM'),'Rescued from wild.',to_timestamp('21-MAR-09 12.00.00.000000000 AM','DD-MON-RR HH.MI.SS.FF AM'),null,'1','365',null,7);
Insert into ANIMAL (ANIM_ID,ANIM_NAME,ANIM_GENDER,ANIM_BREED_ID,ANIM_BIRTH_DATE,ANIM_ACQUIRED_FROM,ANIM_ARRIVAL_DATE,ANIM_DEPARTURE_DATE,ANIM_HEIGHT_ON_ARRIVAL,ANIM_WEIGHT_ON_ARRIVAL,ANIM_OTHER_DETAILS,ANIM_LIVING_ENVIRONMENT_ID) values (8,'Amanda','F          ',49,to_timestamp('26-SEP-00 12.00.00.000000000 AM','DD-MON-RR HH.MI.SS.FF AM'),'Born in zoo',to_timestamp('24-JUN-05 12.00.00.000000000 AM','DD-MON-RR HH.MI.SS.FF AM'),to_timestamp('12-MAY-07 12.00.00.000000000 AM','DD-MON-RR HH.MI.SS.FF AM'),'25','161','Unhealthy when arrived.',2);
Insert into ANIMAL (ANIM_ID,ANIM_NAME,ANIM_GENDER,ANIM_BREED_ID,ANIM_BIRTH_DATE,ANIM_ACQUIRED_FROM,ANIM_ARRIVAL_DATE,ANIM_DEPARTURE_DATE,ANIM_HEIGHT_ON_ARRIVAL,ANIM_WEIGHT_ON_ARRIVAL,ANIM_OTHER_DETAILS,ANIM_LIVING_ENVIRONMENT_ID) values (9,'Colin','M          ',44,to_timestamp('30-JUL-88 12.00.00.000000000 AM','DD-MON-RR HH.MI.SS.FF AM'),'Rescued from wild.',to_timestamp('26-MAY-99 12.00.00.000000000 AM','DD-MON-RR HH.MI.SS.FF AM'),to_timestamp('01-SEP-04 12.00.00.000000000 AM','DD-MON-RR HH.MI.SS.FF AM'),'18','145','Picky eater.',7);
Insert into ANIMAL (ANIM_ID,ANIM_NAME,ANIM_GENDER,ANIM_BREED_ID,ANIM_BIRTH_DATE,ANIM_ACQUIRED_FROM,ANIM_ARRIVAL_DATE,ANIM_DEPARTURE_DATE,ANIM_HEIGHT_ON_ARRIVAL,ANIM_WEIGHT_ON_ARRIVAL,ANIM_OTHER_DETAILS,ANIM_LIVING_ENVIRONMENT_ID) values (10,'Stephanie','F          ',44,to_timestamp('04-MAY-08 12.00.00.000000000 AM','DD-MON-RR HH.MI.SS.FF AM'),'Rescued from wild.',to_timestamp('13-APR-09 12.00.00.000000000 AM','DD-MON-RR HH.MI.SS.FF AM'),null,'26','25','Healthy when arrived.',5);
Insert into ANIMAL (ANIM_ID,ANIM_NAME,ANIM_GENDER,ANIM_BREED_ID,ANIM_BIRTH_DATE,ANIM_ACQUIRED_FROM,ANIM_ARRIVAL_DATE,ANIM_DEPARTURE_DATE,ANIM_HEIGHT_ON_ARRIVAL,ANIM_WEIGHT_ON_ARRIVAL,ANIM_OTHER_DETAILS,ANIM_LIVING_ENVIRONMENT_ID) values (11,'Ariana','F          ',9,to_timestamp('16-NOV-08 12.00.00.000000000 AM','DD-MON-RR HH.MI.SS.FF AM'),'Philadelphia Zoo',to_timestamp('19-JUL-09 12.00.00.000000000 AM','DD-MON-RR HH.MI.SS.FF AM'),null,'17','310',null,8);
Insert into ANIMAL (ANIM_ID,ANIM_NAME,ANIM_GENDER,ANIM_BREED_ID,ANIM_BIRTH_DATE,ANIM_ACQUIRED_FROM,ANIM_ARRIVAL_DATE,ANIM_DEPARTURE_DATE,ANIM_HEIGHT_ON_ARRIVAL,ANIM_WEIGHT_ON_ARRIVAL,ANIM_OTHER_DETAILS,ANIM_LIVING_ENVIRONMENT_ID) values (12,'Isabel','F          ',9,to_timestamp('08-MAR-99 12.00.00.000000000 AM','DD-MON-RR HH.MI.SS.FF AM'),'Rescued from wild.',to_timestamp('15-MAR-04 12.00.00.000000000 AM','DD-MON-RR HH.MI.SS.FF AM'),null,'7','302','Healthy when arrived.',5);
Insert into ANIMAL (ANIM_ID,ANIM_NAME,ANIM_GENDER,ANIM_BREED_ID,ANIM_BIRTH_DATE,ANIM_ACQUIRED_FROM,ANIM_ARRIVAL_DATE,ANIM_DEPARTURE_DATE,ANIM_HEIGHT_ON_ARRIVAL,ANIM_WEIGHT_ON_ARRIVAL,ANIM_OTHER_DETAILS,ANIM_LIVING_ENVIRONMENT_ID) values (13,'Gabriel','M          ',71,to_timestamp('04-FEB-96 12.00.00.000000000 AM','DD-MON-RR HH.MI.SS.FF AM'),'Born in zoo',to_timestamp('13-FEB-03 12.00.00.000000000 AM','DD-MON-RR HH.MI.SS.FF AM'),null,'0','206',null,4);
Insert into ANIMAL (ANIM_ID,ANIM_NAME,ANIM_GENDER,ANIM_BREED_ID,ANIM_BIRTH_DATE,ANIM_ACQUIRED_FROM,ANIM_ARRIVAL_DATE,ANIM_DEPARTURE_DATE,ANIM_HEIGHT_ON_ARRIVAL,ANIM_WEIGHT_ON_ARRIVAL,ANIM_OTHER_DETAILS,ANIM_LIVING_ENVIRONMENT_ID) values (14,'Diego','M          ',59,to_timestamp('30-JUL-93 12.00.00.000000000 AM','DD-MON-RR HH.MI.SS.FF AM'),'Rescued from wild.',to_timestamp('26-MAY-01 12.00.00.000000000 AM','DD-MON-RR HH.MI.SS.FF AM'),null,'2','83','Must live alone.',2);
Insert into ANIMAL (ANIM_ID,ANIM_NAME,ANIM_GENDER,ANIM_BREED_ID,ANIM_BIRTH_DATE,ANIM_ACQUIRED_FROM,ANIM_ARRIVAL_DATE,ANIM_DEPARTURE_DATE,ANIM_HEIGHT_ON_ARRIVAL,ANIM_WEIGHT_ON_ARRIVAL,ANIM_OTHER_DETAILS,ANIM_LIVING_ENVIRONMENT_ID) values (15,'Ava','F          ',38,to_timestamp('08-JUL-87 12.00.00.000000000 AM','DD-MON-RR HH.MI.SS.FF AM'),'Rescued from wild.',to_timestamp('15-MAY-98 12.00.00.000000000 AM','DD-MON-RR HH.MI.SS.FF AM'),to_timestamp('25-AUG-03 12.00.00.000000000 AM','DD-MON-RR HH.MI.SS.FF AM'),'24','103',null,2);
Insert into ANIMAL (ANIM_ID,ANIM_NAME,ANIM_GENDER,ANIM_BREED_ID,ANIM_BIRTH_DATE,ANIM_ACQUIRED_FROM,ANIM_ARRIVAL_DATE,ANIM_DEPARTURE_DATE,ANIM_HEIGHT_ON_ARRIVAL,ANIM_WEIGHT_ON_ARRIVAL,ANIM_OTHER_DETAILS,ANIM_LIVING_ENVIRONMENT_ID) values (16,'Aaron','M          ',38,to_timestamp('02-JAN-01 12.00.00.000000000 AM','DD-MON-RR HH.MI.SS.FF AM'),'Born in zoo',to_timestamp('12-FEB-05 12.00.00.000000000 AM','DD-MON-RR HH.MI.SS.FF AM'),null,'21','236','Healthy when arrived.',1);
Insert into ANIMAL (ANIM_ID,ANIM_NAME,ANIM_GENDER,ANIM_BREED_ID,ANIM_BIRTH_DATE,ANIM_ACQUIRED_FROM,ANIM_ARRIVAL_DATE,ANIM_DEPARTURE_DATE,ANIM_HEIGHT_ON_ARRIVAL,ANIM_WEIGHT_ON_ARRIVAL,ANIM_OTHER_DETAILS,ANIM_LIVING_ENVIRONMENT_ID) values (17,'Elijah','M          ',46,to_timestamp('08-FEB-94 12.00.00.000000000 AM','DD-MON-RR HH.MI.SS.FF AM'),'Como Zoo',to_timestamp('15-FEB-02 12.00.00.000000000 AM','DD-MON-RR HH.MI.SS.FF AM'),null,'26','219','Unhealthy when arrived.',9);
Insert into ANIMAL (ANIM_ID,ANIM_NAME,ANIM_GENDER,ANIM_BREED_ID,ANIM_BIRTH_DATE,ANIM_ACQUIRED_FROM,ANIM_ARRIVAL_DATE,ANIM_DEPARTURE_DATE,ANIM_HEIGHT_ON_ARRIVAL,ANIM_WEIGHT_ON_ARRIVAL,ANIM_OTHER_DETAILS,ANIM_LIVING_ENVIRONMENT_ID) values (18,'Mary','F          ',50,to_timestamp('20-OCT-91 12.00.00.000000000 AM','DD-MON-RR HH.MI.SS.FF AM'),'Born in zoo',to_timestamp('21-JUN-00 12.00.00.000000000 AM','DD-MON-RR HH.MI.SS.FF AM'),null,'18','400',null,5);
Insert into ANIMAL (ANIM_ID,ANIM_NAME,ANIM_GENDER,ANIM_BREED_ID,ANIM_BIRTH_DATE,ANIM_ACQUIRED_FROM,ANIM_ARRIVAL_DATE,ANIM_DEPARTURE_DATE,ANIM_HEIGHT_ON_ARRIVAL,ANIM_WEIGHT_ON_ARRIVAL,ANIM_OTHER_DETAILS,ANIM_LIVING_ENVIRONMENT_ID) values (19,'Audrey','F          ',50,to_timestamp('27-AUG-88 12.00.00.000000000 AM','DD-MON-RR HH.MI.SS.FF AM'),'Born in zoo',to_timestamp('24-MAY-99 12.00.00.000000000 AM','DD-MON-RR HH.MI.SS.FF AM'),null,'2','95',null,4);
Insert into ANIMAL (ANIM_ID,ANIM_NAME,ANIM_GENDER,ANIM_BREED_ID,ANIM_BIRTH_DATE,ANIM_ACQUIRED_FROM,ANIM_ARRIVAL_DATE,ANIM_DEPARTURE_DATE,ANIM_HEIGHT_ON_ARRIVAL,ANIM_WEIGHT_ON_ARRIVAL,ANIM_OTHER_DETAILS,ANIM_LIVING_ENVIRONMENT_ID) values (20,'James','M          ',50,to_timestamp('17-SEP-95 12.00.00.000000000 AM','DD-MON-RR HH.MI.SS.FF AM'),'Philadelphia Zoo',to_timestamp('19-JUN-02 12.00.00.000000000 AM','DD-MON-RR HH.MI.SS.FF AM'),null,'21','341','Picky eater.',9);
Insert into ANIMAL (ANIM_ID,ANIM_NAME,ANIM_GENDER,ANIM_BREED_ID,ANIM_BIRTH_DATE,ANIM_ACQUIRED_FROM,ANIM_ARRIVAL_DATE,ANIM_DEPARTURE_DATE,ANIM_HEIGHT_ON_ARRIVAL,ANIM_WEIGHT_ON_ARRIVAL,ANIM_OTHER_DETAILS,ANIM_LIVING_ENVIRONMENT_ID) values (21,'Jason','M          ',50,to_timestamp('23-JUL-99 12.00.00.000000000 AM','DD-MON-RR HH.MI.SS.FF AM'),'Philadelphia Zoo',to_timestamp('22-MAY-04 12.00.00.000000000 AM','DD-MON-RR HH.MI.SS.FF AM'),null,'1','176',null,9);
Insert into ANIMAL (ANIM_ID,ANIM_NAME,ANIM_GENDER,ANIM_BREED_ID,ANIM_BIRTH_DATE,ANIM_ACQUIRED_FROM,ANIM_ARRIVAL_DATE,ANIM_DEPARTURE_DATE,ANIM_HEIGHT_ON_ARRIVAL,ANIM_WEIGHT_ON_ARRIVAL,ANIM_OTHER_DETAILS,ANIM_LIVING_ENVIRONMENT_ID) values (22,'Dominic','M          ',50,to_timestamp('13-APR-09 12.00.00.000000000 AM','DD-MON-RR HH.MI.SS.FF AM'),'Born in zoo',to_timestamp('17-MAR-09 12.00.00.000000000 AM','DD-MON-RR HH.MI.SS.FF AM'),null,'28','357',null,4);
Insert into ANIMAL (ANIM_ID,ANIM_NAME,ANIM_GENDER,ANIM_BREED_ID,ANIM_BIRTH_DATE,ANIM_ACQUIRED_FROM,ANIM_ARRIVAL_DATE,ANIM_DEPARTURE_DATE,ANIM_HEIGHT_ON_ARRIVAL,ANIM_WEIGHT_ON_ARRIVAL,ANIM_OTHER_DETAILS,ANIM_LIVING_ENVIRONMENT_ID) values (23,'Zoe','F          ',50,to_timestamp('01-APR-87 12.00.00.000000000 AM','DD-MON-RR HH.MI.SS.FF AM'),'Born in zoo',to_timestamp('11-MAR-98 12.00.00.000000000 AM','DD-MON-RR HH.MI.SS.FF AM'),null,'26','308','Healthy when arrived.',9);
Insert into ANIMAL (ANIM_ID,ANIM_NAME,ANIM_GENDER,ANIM_BREED_ID,ANIM_BIRTH_DATE,ANIM_ACQUIRED_FROM,ANIM_ARRIVAL_DATE,ANIM_DEPARTURE_DATE,ANIM_HEIGHT_ON_ARRIVAL,ANIM_WEIGHT_ON_ARRIVAL,ANIM_OTHER_DETAILS,ANIM_LIVING_ENVIRONMENT_ID) values (24,'Julian','M          ',50,to_timestamp('02-MAY-01 12.00.00.000000000 AM','DD-MON-RR HH.MI.SS.FF AM'),'Rescued from wild.',to_timestamp('12-APR-05 12.00.00.000000000 AM','DD-MON-RR HH.MI.SS.FF AM'),null,'24','175',null,1);
Insert into ANIMAL (ANIM_ID,ANIM_NAME,ANIM_GENDER,ANIM_BREED_ID,ANIM_BIRTH_DATE,ANIM_ACQUIRED_FROM,ANIM_ARRIVAL_DATE,ANIM_DEPARTURE_DATE,ANIM_HEIGHT_ON_ARRIVAL,ANIM_WEIGHT_ON_ARRIVAL,ANIM_OTHER_DETAILS,ANIM_LIVING_ENVIRONMENT_ID) values (25,'Mariah','F          ',34,to_timestamp('01-NOV-86 12.00.00.000000000 AM','DD-MON-RR HH.MI.SS.FF AM'),'Rescued from wild.',to_timestamp('11-JUL-98 12.00.00.000000000 AM','DD-MON-RR HH.MI.SS.FF AM'),null,'1','61',null,7);
Insert into ANIMAL (ANIM_ID,ANIM_NAME,ANIM_GENDER,ANIM_BREED_ID,ANIM_BIRTH_DATE,ANIM_ACQUIRED_FROM,ANIM_ARRIVAL_DATE,ANIM_DEPARTURE_DATE,ANIM_HEIGHT_ON_ARRIVAL,ANIM_WEIGHT_ON_ARRIVAL,ANIM_OTHER_DETAILS,ANIM_LIVING_ENVIRONMENT_ID) values (26,'Alyssa','F          ',34,to_timestamp('05-JAN-99 12.00.00.000000000 AM','DD-MON-RR HH.MI.SS.FF AM'),'Born in zoo',to_timestamp('13-FEB-04 12.00.00.000000000 AM','DD-MON-RR HH.MI.SS.FF AM'),to_timestamp('16-FEB-08 12.00.00.000000000 AM','DD-MON-RR HH.MI.SS.FF AM'),'5','171',null,3);
Insert into ANIMAL (ANIM_ID,ANIM_NAME,ANIM_GENDER,ANIM_BREED_ID,ANIM_BIRTH_DATE,ANIM_ACQUIRED_FROM,ANIM_ARRIVAL_DATE,ANIM_DEPARTURE_DATE,ANIM_HEIGHT_ON_ARRIVAL,ANIM_WEIGHT_ON_ARRIVAL,ANIM_OTHER_DETAILS,ANIM_LIVING_ENVIRONMENT_ID) values (27,'Arianna','F          ',34,to_timestamp('22-JUN-02 12.00.00.000000000 AM','DD-MON-RR HH.MI.SS.FF AM'),'Born in zoo',to_timestamp('22-APR-06 12.00.00.000000000 AM','DD-MON-RR HH.MI.SS.FF AM'),null,'27','322',null,5);
Insert into ANIMAL (ANIM_ID,ANIM_NAME,ANIM_GENDER,ANIM_BREED_ID,ANIM_BIRTH_DATE,ANIM_ACQUIRED_FROM,ANIM_ARRIVAL_DATE,ANIM_DEPARTURE_DATE,ANIM_HEIGHT_ON_ARRIVAL,ANIM_WEIGHT_ON_ARRIVAL,ANIM_OTHER_DETAILS,ANIM_LIVING_ENVIRONMENT_ID) values (28,'Richard','M          ',34,to_timestamp('20-MAR-91 12.00.00.000000000 AM','DD-MON-RR HH.MI.SS.FF AM'),'Rescued from wild.',to_timestamp('21-MAR-00 12.00.00.000000000 AM','DD-MON-RR HH.MI.SS.FF AM'),null,'21','237',null,7);
Insert into ANIMAL (ANIM_ID,ANIM_NAME,ANIM_GENDER,ANIM_BREED_ID,ANIM_BIRTH_DATE,ANIM_ACQUIRED_FROM,ANIM_ARRIVAL_DATE,ANIM_DEPARTURE_DATE,ANIM_HEIGHT_ON_ARRIVAL,ANIM_WEIGHT_ON_ARRIVAL,ANIM_OTHER_DETAILS,ANIM_LIVING_ENVIRONMENT_ID) values (29,'Madison','F          ',34,to_timestamp('10-MAR-96 12.00.00.000000000 AM','DD-MON-RR HH.MI.SS.FF AM'),'Como Zoo',to_timestamp('16-MAR-03 12.00.00.000000000 AM','DD-MON-RR HH.MI.SS.FF AM'),null,'17','148','Unhealthy when arrived.',6);
Insert into ANIMAL (ANIM_ID,ANIM_NAME,ANIM_GENDER,ANIM_BREED_ID,ANIM_BIRTH_DATE,ANIM_ACQUIRED_FROM,ANIM_ARRIVAL_DATE,ANIM_DEPARTURE_DATE,ANIM_HEIGHT_ON_ARRIVAL,ANIM_WEIGHT_ON_ARRIVAL,ANIM_OTHER_DETAILS,ANIM_LIVING_ENVIRONMENT_ID) values (30,'Eric','M          ',34,to_timestamp('08-DEC-03 12.00.00.000000000 AM','DD-MON-RR HH.MI.SS.FF AM'),'Born in zoo',to_timestamp('15-JUL-06 12.00.00.000000000 AM','DD-MON-RR HH.MI.SS.FF AM'),null,'1','210',null,8);
Insert into ANIMAL (ANIM_ID,ANIM_NAME,ANIM_GENDER,ANIM_BREED_ID,ANIM_BIRTH_DATE,ANIM_ACQUIRED_FROM,ANIM_ARRIVAL_DATE,ANIM_DEPARTURE_DATE,ANIM_HEIGHT_ON_ARRIVAL,ANIM_WEIGHT_ON_ARRIVAL,ANIM_OTHER_DETAILS,ANIM_LIVING_ENVIRONMENT_ID) values (31,'Anna','F          ',34,to_timestamp('17-NOV-88 12.00.00.000000000 AM','DD-MON-RR HH.MI.SS.FF AM'),'Rescued from wild.',to_timestamp('19-JUL-99 12.00.00.000000000 AM','DD-MON-RR HH.MI.SS.FF AM'),to_timestamp('17-MAR-00 12.00.00.000000000 AM','DD-MON-RR HH.MI.SS.FF AM'),'19','320',null,7);
Insert into ANIMAL (ANIM_ID,ANIM_NAME,ANIM_GENDER,ANIM_BREED_ID,ANIM_BIRTH_DATE,ANIM_ACQUIRED_FROM,ANIM_ARRIVAL_DATE,ANIM_DEPARTURE_DATE,ANIM_HEIGHT_ON_ARRIVAL,ANIM_WEIGHT_ON_ARRIVAL,ANIM_OTHER_DETAILS,ANIM_LIVING_ENVIRONMENT_ID) values (32,'Victoria','F          ',27,to_timestamp('30-MAR-09 12.00.00.000000000 AM','DD-MON-RR HH.MI.SS.FF AM'),'Rescued from wild.',to_timestamp('26-MAR-09 12.00.00.000000000 AM','DD-MON-RR HH.MI.SS.FF AM'),null,'14','126',null,6);
Insert into ANIMAL (ANIM_ID,ANIM_NAME,ANIM_GENDER,ANIM_BREED_ID,ANIM_BIRTH_DATE,ANIM_ACQUIRED_FROM,ANIM_ARRIVAL_DATE,ANIM_DEPARTURE_DATE,ANIM_HEIGHT_ON_ARRIVAL,ANIM_WEIGHT_ON_ARRIVAL,ANIM_OTHER_DETAILS,ANIM_LIVING_ENVIRONMENT_ID) values (33,'Alexa','F          ',21,to_timestamp('02-OCT-94 12.00.00.000000000 AM','DD-MON-RR HH.MI.SS.FF AM'),'Rescued from wild.',to_timestamp('12-JUN-02 12.00.00.000000000 AM','DD-MON-RR HH.MI.SS.FF AM'),null,'26','150',null,7);
Insert into ANIMAL (ANIM_ID,ANIM_NAME,ANIM_GENDER,ANIM_BREED_ID,ANIM_BIRTH_DATE,ANIM_ACQUIRED_FROM,ANIM_ARRIVAL_DATE,ANIM_DEPARTURE_DATE,ANIM_HEIGHT_ON_ARRIVAL,ANIM_WEIGHT_ON_ARRIVAL,ANIM_OTHER_DETAILS,ANIM_LIVING_ENVIRONMENT_ID) values (34,'Michelle','F          ',21,to_timestamp('15-AUG-04 12.00.00.000000000 AM','DD-MON-RR HH.MI.SS.FF AM'),'Minnesota Zoo',to_timestamp('18-MAY-07 12.00.00.000000000 AM','DD-MON-RR HH.MI.SS.FF AM'),null,'16','179',null,9);
Insert into ANIMAL (ANIM_ID,ANIM_NAME,ANIM_GENDER,ANIM_BREED_ID,ANIM_BIRTH_DATE,ANIM_ACQUIRED_FROM,ANIM_ARRIVAL_DATE,ANIM_DEPARTURE_DATE,ANIM_HEIGHT_ON_ARRIVAL,ANIM_WEIGHT_ON_ARRIVAL,ANIM_OTHER_DETAILS,ANIM_LIVING_ENVIRONMENT_ID) values (35,'Brooklyn','F          ',21,to_timestamp('20-APR-99 12.00.00.000000000 AM','DD-MON-RR HH.MI.SS.FF AM'),'Born in zoo',to_timestamp('21-MAR-04 12.00.00.000000000 AM','DD-MON-RR HH.MI.SS.FF AM'),to_timestamp('08-NOV-08 12.00.00.000000000 AM','DD-MON-RR HH.MI.SS.FF AM'),'7','382',null,1);
Insert into ANIMAL (ANIM_ID,ANIM_NAME,ANIM_GENDER,ANIM_BREED_ID,ANIM_BIRTH_DATE,ANIM_ACQUIRED_FROM,ANIM_ARRIVAL_DATE,ANIM_DEPARTURE_DATE,ANIM_HEIGHT_ON_ARRIVAL,ANIM_WEIGHT_ON_ARRIVAL,ANIM_OTHER_DETAILS,ANIM_LIVING_ENVIRONMENT_ID) values (36,'Alex','M          ',21,to_timestamp('08-APR-10 12.00.00.000000000 AM','DD-MON-RR HH.MI.SS.FF AM'),'Born in zoo',to_timestamp('15-MAR-10 12.00.00.000000000 AM','DD-MON-RR HH.MI.SS.FF AM'),null,'24','378','Picky eater.',2);
Insert into ANIMAL (ANIM_ID,ANIM_NAME,ANIM_GENDER,ANIM_BREED_ID,ANIM_BIRTH_DATE,ANIM_ACQUIRED_FROM,ANIM_ARRIVAL_DATE,ANIM_DEPARTURE_DATE,ANIM_HEIGHT_ON_ARRIVAL,ANIM_WEIGHT_ON_ARRIVAL,ANIM_OTHER_DETAILS,ANIM_LIVING_ENVIRONMENT_ID) values (37,'Marissa','F          ',21,to_timestamp('26-DEC-01 12.00.00.000000000 AM','DD-MON-RR HH.MI.SS.FF AM'),'Minnesota Zoo',to_timestamp('24-JUL-05 12.00.00.000000000 AM','DD-MON-RR HH.MI.SS.FF AM'),null,'6','263','Picky eater.',1);
Insert into ANIMAL (ANIM_ID,ANIM_NAME,ANIM_GENDER,ANIM_BREED_ID,ANIM_BIRTH_DATE,ANIM_ACQUIRED_FROM,ANIM_ARRIVAL_DATE,ANIM_DEPARTURE_DATE,ANIM_HEIGHT_ON_ARRIVAL,ANIM_WEIGHT_ON_ARRIVAL,ANIM_OTHER_DETAILS,ANIM_LIVING_ENVIRONMENT_ID) values (38,'Aaliyah','F          ',14,to_timestamp('05-JUL-07 12.00.00.000000000 AM','DD-MON-RR HH.MI.SS.FF AM'),'Como Zoo',to_timestamp('13-MAY-08 12.00.00.000000000 AM','DD-MON-RR HH.MI.SS.FF AM'),null,'16','48',null,8);
Insert into ANIMAL (ANIM_ID,ANIM_NAME,ANIM_GENDER,ANIM_BREED_ID,ANIM_BIRTH_DATE,ANIM_ACQUIRED_FROM,ANIM_ARRIVAL_DATE,ANIM_DEPARTURE_DATE,ANIM_HEIGHT_ON_ARRIVAL,ANIM_WEIGHT_ON_ARRIVAL,ANIM_OTHER_DETAILS,ANIM_LIVING_ENVIRONMENT_ID) values (39,'Mya','F          ',14,to_timestamp('14-JUL-94 12.00.00.000000000 AM','DD-MON-RR HH.MI.SS.FF AM'),'Rescued from wild.',to_timestamp('18-MAY-02 12.00.00.000000000 AM','DD-MON-RR HH.MI.SS.FF AM'),null,'18','205',null,4);
Insert into ANIMAL (ANIM_ID,ANIM_NAME,ANIM_GENDER,ANIM_BREED_ID,ANIM_BIRTH_DATE,ANIM_ACQUIRED_FROM,ANIM_ARRIVAL_DATE,ANIM_DEPARTURE_DATE,ANIM_HEIGHT_ON_ARRIVAL,ANIM_WEIGHT_ON_ARRIVAL,ANIM_OTHER_DETAILS,ANIM_LIVING_ENVIRONMENT_ID) values (40,'Jada','F          ',14,to_timestamp('13-APR-07 12.00.00.000000000 AM','DD-MON-RR HH.MI.SS.FF AM'),'Rescued from wild.',to_timestamp('17-MAR-08 12.00.00.000000000 AM','DD-MON-RR HH.MI.SS.FF AM'),null,'15','308',null,2);
Insert into ANIMAL (ANIM_ID,ANIM_NAME,ANIM_GENDER,ANIM_BREED_ID,ANIM_BIRTH_DATE,ANIM_ACQUIRED_FROM,ANIM_ARRIVAL_DATE,ANIM_DEPARTURE_DATE,ANIM_HEIGHT_ON_ARRIVAL,ANIM_WEIGHT_ON_ARRIVAL,ANIM_OTHER_DETAILS,ANIM_LIVING_ENVIRONMENT_ID) values (41,'Sydney','F          ',14,to_timestamp('10-FEB-02 12.00.00.000000000 AM','DD-MON-RR HH.MI.SS.FF AM'),'Born in zoo',to_timestamp('16-FEB-06 12.00.00.000000000 AM','DD-MON-RR HH.MI.SS.FF AM'),null,'23','311',null,8);
Insert into ANIMAL (ANIM_ID,ANIM_NAME,ANIM_GENDER,ANIM_BREED_ID,ANIM_BIRTH_DATE,ANIM_ACQUIRED_FROM,ANIM_ARRIVAL_DATE,ANIM_DEPARTURE_DATE,ANIM_HEIGHT_ON_ARRIVAL,ANIM_WEIGHT_ON_ARRIVAL,ANIM_OTHER_DETAILS,ANIM_LIVING_ENVIRONMENT_ID) values (42,'Brooke','F          ',14,to_timestamp('06-FEB-87 12.00.00.000000000 AM','DD-MON-RR HH.MI.SS.FF AM'),'Born in zoo',to_timestamp('14-FEB-98 12.00.00.000000000 AM','DD-MON-RR HH.MI.SS.FF AM'),null,'16','179',null,8);
Insert into ANIMAL (ANIM_ID,ANIM_NAME,ANIM_GENDER,ANIM_BREED_ID,ANIM_BIRTH_DATE,ANIM_ACQUIRED_FROM,ANIM_ARRIVAL_DATE,ANIM_DEPARTURE_DATE,ANIM_HEIGHT_ON_ARRIVAL,ANIM_WEIGHT_ON_ARRIVAL,ANIM_OTHER_DETAILS,ANIM_LIVING_ENVIRONMENT_ID) values (43,'Jenna','F          ',13,to_timestamp('24-SEP-03 12.00.00.000000000 AM','DD-MON-RR HH.MI.SS.FF AM'),'Rescued from wild.',to_timestamp('23-JUN-06 12.00.00.000000000 AM','DD-MON-RR HH.MI.SS.FF AM'),null,'5','291',null,5);
Insert into ANIMAL (ANIM_ID,ANIM_NAME,ANIM_GENDER,ANIM_BREED_ID,ANIM_BIRTH_DATE,ANIM_ACQUIRED_FROM,ANIM_ARRIVAL_DATE,ANIM_DEPARTURE_DATE,ANIM_HEIGHT_ON_ARRIVAL,ANIM_WEIGHT_ON_ARRIVAL,ANIM_OTHER_DETAILS,ANIM_LIVING_ENVIRONMENT_ID) values (44,'Jocelyn','F          ',5,to_timestamp('01-FEB-96 12.00.00.000000000 AM','DD-MON-RR HH.MI.SS.FF AM'),'Rescued from wild.',to_timestamp('11-FEB-03 12.00.00.000000000 AM','DD-MON-RR HH.MI.SS.FF AM'),null,'24','276',null,2);
Insert into ANIMAL (ANIM_ID,ANIM_NAME,ANIM_GENDER,ANIM_BREED_ID,ANIM_BIRTH_DATE,ANIM_ACQUIRED_FROM,ANIM_ARRIVAL_DATE,ANIM_DEPARTURE_DATE,ANIM_HEIGHT_ON_ARRIVAL,ANIM_WEIGHT_ON_ARRIVAL,ANIM_OTHER_DETAILS,ANIM_LIVING_ENVIRONMENT_ID) values (45,'Christian','M          ',45,to_timestamp('26-DEC-04 12.00.00.000000000 AM','DD-MON-RR HH.MI.SS.FF AM'),'Rescued from wild.',to_timestamp('24-JUL-07 12.00.00.000000000 AM','DD-MON-RR HH.MI.SS.FF AM'),null,'13','133',null,4);
Insert into ANIMAL (ANIM_ID,ANIM_NAME,ANIM_GENDER,ANIM_BREED_ID,ANIM_BIRTH_DATE,ANIM_ACQUIRED_FROM,ANIM_ARRIVAL_DATE,ANIM_DEPARTURE_DATE,ANIM_HEIGHT_ON_ARRIVAL,ANIM_WEIGHT_ON_ARRIVAL,ANIM_OTHER_DETAILS,ANIM_LIVING_ENVIRONMENT_ID) values (46,'Vanessa','F          ',68,to_timestamp('22-DEC-92 12.00.00.000000000 AM','DD-MON-RR HH.MI.SS.FF AM'),'Born in zoo',to_timestamp('22-JUL-01 12.00.00.000000000 AM','DD-MON-RR HH.MI.SS.FF AM'),null,'5','365',null,3);
Insert into ANIMAL (ANIM_ID,ANIM_NAME,ANIM_GENDER,ANIM_BREED_ID,ANIM_BIRTH_DATE,ANIM_ACQUIRED_FROM,ANIM_ARRIVAL_DATE,ANIM_DEPARTURE_DATE,ANIM_HEIGHT_ON_ARRIVAL,ANIM_WEIGHT_ON_ARRIVAL,ANIM_OTHER_DETAILS,ANIM_LIVING_ENVIRONMENT_ID) values (47,'Jack','M          ',2,to_timestamp('16-JAN-08 12.00.00.000000000 AM','DD-MON-RR HH.MI.SS.FF AM'),'Rescued from wild.',to_timestamp('19-FEB-09 12.00.00.000000000 AM','DD-MON-RR HH.MI.SS.FF AM'),null,'21','177','Unhealthy when arrived.',8);
Insert into ANIMAL (ANIM_ID,ANIM_NAME,ANIM_GENDER,ANIM_BREED_ID,ANIM_BIRTH_DATE,ANIM_ACQUIRED_FROM,ANIM_ARRIVAL_DATE,ANIM_DEPARTURE_DATE,ANIM_HEIGHT_ON_ARRIVAL,ANIM_WEIGHT_ON_ARRIVAL,ANIM_OTHER_DETAILS,ANIM_LIVING_ENVIRONMENT_ID) values (48,'Nathan','M          ',2,to_timestamp('19-APR-91 12.00.00.000000000 AM','DD-MON-RR HH.MI.SS.FF AM'),'San Diego Zoo',to_timestamp('20-MAR-00 12.00.00.000000000 AM','DD-MON-RR HH.MI.SS.FF AM'),null,'0','55',null,1);
Insert into ANIMAL (ANIM_ID,ANIM_NAME,ANIM_GENDER,ANIM_BREED_ID,ANIM_BIRTH_DATE,ANIM_ACQUIRED_FROM,ANIM_ARRIVAL_DATE,ANIM_DEPARTURE_DATE,ANIM_HEIGHT_ON_ARRIVAL,ANIM_WEIGHT_ON_ARRIVAL,ANIM_OTHER_DETAILS,ANIM_LIVING_ENVIRONMENT_ID) values (49,'Zachary','M          ',2,to_timestamp('12-JUL-94 12.00.00.000000000 AM','DD-MON-RR HH.MI.SS.FF AM'),'Rescued from wild.',to_timestamp('17-MAY-02 12.00.00.000000000 AM','DD-MON-RR HH.MI.SS.FF AM'),null,'17','117','Healthy when arrived.',8);
Insert into ANIMAL (ANIM_ID,ANIM_NAME,ANIM_GENDER,ANIM_BREED_ID,ANIM_BIRTH_DATE,ANIM_ACQUIRED_FROM,ANIM_ARRIVAL_DATE,ANIM_DEPARTURE_DATE,ANIM_HEIGHT_ON_ARRIVAL,ANIM_WEIGHT_ON_ARRIVAL,ANIM_OTHER_DETAILS,ANIM_LIVING_ENVIRONMENT_ID) values (50,'Tyler','M          ',2,to_timestamp('18-JUN-09 12.00.00.000000000 AM','DD-MON-RR HH.MI.SS.FF AM'),'Rescued from wild.',to_timestamp('20-APR-09 12.00.00.000000000 AM','DD-MON-RR HH.MI.SS.FF AM'),null,'8','227','Unhealthy when arrived.',5);
Insert into ANIMAL (ANIM_ID,ANIM_NAME,ANIM_GENDER,ANIM_BREED_ID,ANIM_BIRTH_DATE,ANIM_ACQUIRED_FROM,ANIM_ARRIVAL_DATE,ANIM_DEPARTURE_DATE,ANIM_HEIGHT_ON_ARRIVAL,ANIM_WEIGHT_ON_ARRIVAL,ANIM_OTHER_DETAILS,ANIM_LIVING_ENVIRONMENT_ID) values (51,'Allison','F          ',2,to_timestamp('12-MAR-87 12.00.00.000000000 AM','DD-MON-RR HH.MI.SS.FF AM'),'Minnesota Zoo',to_timestamp('17-MAR-98 12.00.00.000000000 AM','DD-MON-RR HH.MI.SS.FF AM'),to_timestamp('16-OCT-01 12.00.00.000000000 AM','DD-MON-RR HH.MI.SS.FF AM'),'12','258','Picky eater.',7);
Insert into ANIMAL (ANIM_ID,ANIM_NAME,ANIM_GENDER,ANIM_BREED_ID,ANIM_BIRTH_DATE,ANIM_ACQUIRED_FROM,ANIM_ARRIVAL_DATE,ANIM_DEPARTURE_DATE,ANIM_HEIGHT_ON_ARRIVAL,ANIM_WEIGHT_ON_ARRIVAL,ANIM_OTHER_DETAILS,ANIM_LIVING_ENVIRONMENT_ID) values (52,'Katelyn','F          ',72,to_timestamp('04-JUN-92 12.00.00.000000000 AM','DD-MON-RR HH.MI.SS.FF AM'),'Rescued from wild.',to_timestamp('13-APR-01 12.00.00.000000000 AM','DD-MON-RR HH.MI.SS.FF AM'),null,'6','21','Unhealthy when arrived.',7);
Insert into ANIMAL (ANIM_ID,ANIM_NAME,ANIM_GENDER,ANIM_BREED_ID,ANIM_BIRTH_DATE,ANIM_ACQUIRED_FROM,ANIM_ARRIVAL_DATE,ANIM_DEPARTURE_DATE,ANIM_HEIGHT_ON_ARRIVAL,ANIM_WEIGHT_ON_ARRIVAL,ANIM_OTHER_DETAILS,ANIM_LIVING_ENVIRONMENT_ID) values (53,'Andrew','M          ',72,to_timestamp('02-DEC-91 12.00.00.000000000 AM','DD-MON-RR HH.MI.SS.FF AM'),'Rescued from wild.',to_timestamp('12-JUL-00 12.00.00.000000000 AM','DD-MON-RR HH.MI.SS.FF AM'),null,'21','377','Healthy when arrived.',4);
Insert into ANIMAL (ANIM_ID,ANIM_NAME,ANIM_GENDER,ANIM_BREED_ID,ANIM_BIRTH_DATE,ANIM_ACQUIRED_FROM,ANIM_ARRIVAL_DATE,ANIM_DEPARTURE_DATE,ANIM_HEIGHT_ON_ARRIVAL,ANIM_WEIGHT_ON_ARRIVAL,ANIM_OTHER_DETAILS,ANIM_LIVING_ENVIRONMENT_ID) values (54,'Miguel','M          ',40,to_timestamp('17-MAY-96 12.00.00.000000000 AM','DD-MON-RR HH.MI.SS.FF AM'),'Born in zoo',to_timestamp('19-APR-03 12.00.00.000000000 AM','DD-MON-RR HH.MI.SS.FF AM'),null,'28','101',null,2);
Insert into ANIMAL (ANIM_ID,ANIM_NAME,ANIM_GENDER,ANIM_BREED_ID,ANIM_BIRTH_DATE,ANIM_ACQUIRED_FROM,ANIM_ARRIVAL_DATE,ANIM_DEPARTURE_DATE,ANIM_HEIGHT_ON_ARRIVAL,ANIM_WEIGHT_ON_ARRIVAL,ANIM_OTHER_DETAILS,ANIM_LIVING_ENVIRONMENT_ID) values (55,'William','M          ',31,to_timestamp('21-APR-91 12.00.00.000000000 AM','DD-MON-RR HH.MI.SS.FF AM'),'Born in zoo',to_timestamp('21-MAR-00 12.00.00.000000000 AM','DD-MON-RR HH.MI.SS.FF AM'),null,'8','76','Healthy when arrived.',2);
Insert into ANIMAL (ANIM_ID,ANIM_NAME,ANIM_GENDER,ANIM_BREED_ID,ANIM_BIRTH_DATE,ANIM_ACQUIRED_FROM,ANIM_ARRIVAL_DATE,ANIM_DEPARTURE_DATE,ANIM_HEIGHT_ON_ARRIVAL,ANIM_WEIGHT_ON_ARRIVAL,ANIM_OTHER_DETAILS,ANIM_LIVING_ENVIRONMENT_ID) values (56,'Andrea','F          ',31,to_timestamp('05-SEP-09 12.00.00.000000000 AM','DD-MON-RR HH.MI.SS.FF AM'),'Como Zoo',to_timestamp('13-JUN-09 12.00.00.000000000 AM','DD-MON-RR HH.MI.SS.FF AM'),null,'21','282',null,3);
Insert into ANIMAL (ANIM_ID,ANIM_NAME,ANIM_GENDER,ANIM_BREED_ID,ANIM_BIRTH_DATE,ANIM_ACQUIRED_FROM,ANIM_ARRIVAL_DATE,ANIM_DEPARTURE_DATE,ANIM_HEIGHT_ON_ARRIVAL,ANIM_WEIGHT_ON_ARRIVAL,ANIM_OTHER_DETAILS,ANIM_LIVING_ENVIRONMENT_ID) values (57,'Gavin','M          ',74,to_timestamp('20-JUL-95 12.00.00.000000000 AM','DD-MON-RR HH.MI.SS.FF AM'),'Rescued from wild.',to_timestamp('21-MAY-02 12.00.00.000000000 AM','DD-MON-RR HH.MI.SS.FF AM'),null,'16','214',null,8);
Insert into ANIMAL (ANIM_ID,ANIM_NAME,ANIM_GENDER,ANIM_BREED_ID,ANIM_BIRTH_DATE,ANIM_ACQUIRED_FROM,ANIM_ARRIVAL_DATE,ANIM_DEPARTURE_DATE,ANIM_HEIGHT_ON_ARRIVAL,ANIM_WEIGHT_ON_ARRIVAL,ANIM_OTHER_DETAILS,ANIM_LIVING_ENVIRONMENT_ID) values (58,'Jordan','F          ',74,to_timestamp('21-AUG-85 12.00.00.000000000 AM','DD-MON-RR HH.MI.SS.FF AM'),'Born in zoo',to_timestamp('21-MAY-97 12.00.00.000000000 AM','DD-MON-RR HH.MI.SS.FF AM'),to_timestamp('05-JUL-05 12.00.00.000000000 AM','DD-MON-RR HH.MI.SS.FF AM'),'24','392','Must live alone.',3);
Insert into ANIMAL (ANIM_ID,ANIM_NAME,ANIM_GENDER,ANIM_BREED_ID,ANIM_BIRTH_DATE,ANIM_ACQUIRED_FROM,ANIM_ARRIVAL_DATE,ANIM_DEPARTURE_DATE,ANIM_HEIGHT_ON_ARRIVAL,ANIM_WEIGHT_ON_ARRIVAL,ANIM_OTHER_DETAILS,ANIM_LIVING_ENVIRONMENT_ID) values (59,'Mackenzie','F          ',15,to_timestamp('18-MAY-97 12.00.00.000000000 AM','DD-MON-RR HH.MI.SS.FF AM'),'Rescued from wild.',to_timestamp('20-APR-03 12.00.00.000000000 AM','DD-MON-RR HH.MI.SS.FF AM'),null,'0','15',null,1);
Insert into ANIMAL (ANIM_ID,ANIM_NAME,ANIM_GENDER,ANIM_BREED_ID,ANIM_BIRTH_DATE,ANIM_ACQUIRED_FROM,ANIM_ARRIVAL_DATE,ANIM_DEPARTURE_DATE,ANIM_HEIGHT_ON_ARRIVAL,ANIM_WEIGHT_ON_ARRIVAL,ANIM_OTHER_DETAILS,ANIM_LIVING_ENVIRONMENT_ID) values (60,'Rebecca','F          ',15,to_timestamp('22-OCT-02 12.00.00.000000000 AM','DD-MON-RR HH.MI.SS.FF AM'),'Rescued from wild.',to_timestamp('22-JUN-06 12.00.00.000000000 AM','DD-MON-RR HH.MI.SS.FF AM'),null,'1','143',null,9);
Insert into ANIMAL (ANIM_ID,ANIM_NAME,ANIM_GENDER,ANIM_BREED_ID,ANIM_BIRTH_DATE,ANIM_ACQUIRED_FROM,ANIM_ARRIVAL_DATE,ANIM_DEPARTURE_DATE,ANIM_HEIGHT_ON_ARRIVAL,ANIM_WEIGHT_ON_ARRIVAL,ANIM_OTHER_DETAILS,ANIM_LIVING_ENVIRONMENT_ID) values (61,'Maria','F          ',15,to_timestamp('25-FEB-96 12.00.00.000000000 AM','DD-MON-RR HH.MI.SS.FF AM'),'Rescued from wild.',to_timestamp('23-FEB-03 12.00.00.000000000 AM','DD-MON-RR HH.MI.SS.FF AM'),null,'0','215',null,5);
Insert into ANIMAL (ANIM_ID,ANIM_NAME,ANIM_GENDER,ANIM_BREED_ID,ANIM_BIRTH_DATE,ANIM_ACQUIRED_FROM,ANIM_ARRIVAL_DATE,ANIM_DEPARTURE_DATE,ANIM_HEIGHT_ON_ARRIVAL,ANIM_WEIGHT_ON_ARRIVAL,ANIM_OTHER_DETAILS,ANIM_LIVING_ENVIRONMENT_ID) values (62,'Avery','F          ',70,to_timestamp('08-MAR-98 12.00.00.000000000 AM','DD-MON-RR HH.MI.SS.FF AM'),'Rescued from wild.',to_timestamp('15-MAR-04 12.00.00.000000000 AM','DD-MON-RR HH.MI.SS.FF AM'),null,'29','333',null,6);
Insert into ANIMAL (ANIM_ID,ANIM_NAME,ANIM_GENDER,ANIM_BREED_ID,ANIM_BIRTH_DATE,ANIM_ACQUIRED_FROM,ANIM_ARRIVAL_DATE,ANIM_DEPARTURE_DATE,ANIM_HEIGHT_ON_ARRIVAL,ANIM_WEIGHT_ON_ARRIVAL,ANIM_OTHER_DETAILS,ANIM_LIVING_ENVIRONMENT_ID) values (63,'Ian','M          ',70,to_timestamp('18-MAR-91 12.00.00.000000000 AM','DD-MON-RR HH.MI.SS.FF AM'),'Rescued from wild.',to_timestamp('20-MAR-00 12.00.00.000000000 AM','DD-MON-RR HH.MI.SS.FF AM'),to_timestamp('02-NOV-09 12.00.00.000000000 AM','DD-MON-RR HH.MI.SS.FF AM'),'27','220','Unhealthy when arrived.',9);
Insert into ANIMAL (ANIM_ID,ANIM_NAME,ANIM_GENDER,ANIM_BREED_ID,ANIM_BIRTH_DATE,ANIM_ACQUIRED_FROM,ANIM_ARRIVAL_DATE,ANIM_DEPARTURE_DATE,ANIM_HEIGHT_ON_ARRIVAL,ANIM_WEIGHT_ON_ARRIVAL,ANIM_OTHER_DETAILS,ANIM_LIVING_ENVIRONMENT_ID) values (64,'Mia','F          ',70,to_timestamp('19-JAN-08 12.00.00.000000000 AM','DD-MON-RR HH.MI.SS.FF AM'),'Rescued from wild.',to_timestamp('20-FEB-09 12.00.00.000000000 AM','DD-MON-RR HH.MI.SS.FF AM'),null,'12','192',null,1);
Insert into ANIMAL (ANIM_ID,ANIM_NAME,ANIM_GENDER,ANIM_BREED_ID,ANIM_BIRTH_DATE,ANIM_ACQUIRED_FROM,ANIM_ARRIVAL_DATE,ANIM_DEPARTURE_DATE,ANIM_HEIGHT_ON_ARRIVAL,ANIM_WEIGHT_ON_ARRIVAL,ANIM_OTHER_DETAILS,ANIM_LIVING_ENVIRONMENT_ID) values (65,'Jordan','M          ',18,to_timestamp('12-APR-08 12.00.00.000000000 AM','DD-MON-RR HH.MI.SS.FF AM'),'San Diego Zoo',to_timestamp('17-MAR-09 12.00.00.000000000 AM','DD-MON-RR HH.MI.SS.FF AM'),null,'2','314',null,5);
Insert into ANIMAL (ANIM_ID,ANIM_NAME,ANIM_GENDER,ANIM_BREED_ID,ANIM_BIRTH_DATE,ANIM_ACQUIRED_FROM,ANIM_ARRIVAL_DATE,ANIM_DEPARTURE_DATE,ANIM_HEIGHT_ON_ARRIVAL,ANIM_WEIGHT_ON_ARRIVAL,ANIM_OTHER_DETAILS,ANIM_LIVING_ENVIRONMENT_ID) values (66,'Christopher','M          ',17,to_timestamp('05-DEC-95 12.00.00.000000000 AM','DD-MON-RR HH.MI.SS.FF AM'),'Rescued from wild.',to_timestamp('13-JUL-02 12.00.00.000000000 AM','DD-MON-RR HH.MI.SS.FF AM'),null,'9','266',null,6);
Insert into ANIMAL (ANIM_ID,ANIM_NAME,ANIM_GENDER,ANIM_BREED_ID,ANIM_BIRTH_DATE,ANIM_ACQUIRED_FROM,ANIM_ARRIVAL_DATE,ANIM_DEPARTURE_DATE,ANIM_HEIGHT_ON_ARRIVAL,ANIM_WEIGHT_ON_ARRIVAL,ANIM_OTHER_DETAILS,ANIM_LIVING_ENVIRONMENT_ID) values (67,'Abigail','F          ',17,to_timestamp('27-AUG-97 12.00.00.000000000 AM','DD-MON-RR HH.MI.SS.FF AM'),'Born in zoo',to_timestamp('24-MAY-03 12.00.00.000000000 AM','DD-MON-RR HH.MI.SS.FF AM'),null,'7','224',null,2);
Insert into ANIMAL (ANIM_ID,ANIM_NAME,ANIM_GENDER,ANIM_BREED_ID,ANIM_BIRTH_DATE,ANIM_ACQUIRED_FROM,ANIM_ARRIVAL_DATE,ANIM_DEPARTURE_DATE,ANIM_HEIGHT_ON_ARRIVAL,ANIM_WEIGHT_ON_ARRIVAL,ANIM_OTHER_DETAILS,ANIM_LIVING_ENVIRONMENT_ID) values (68,'Autumn','F          ',17,to_timestamp('09-MAY-04 12.00.00.000000000 AM','DD-MON-RR HH.MI.SS.FF AM'),'Rescued from wild.',to_timestamp('15-APR-07 12.00.00.000000000 AM','DD-MON-RR HH.MI.SS.FF AM'),null,'7','274',null,9);
Insert into ANIMAL (ANIM_ID,ANIM_NAME,ANIM_GENDER,ANIM_BREED_ID,ANIM_BIRTH_DATE,ANIM_ACQUIRED_FROM,ANIM_ARRIVAL_DATE,ANIM_DEPARTURE_DATE,ANIM_HEIGHT_ON_ARRIVAL,ANIM_WEIGHT_ON_ARRIVAL,ANIM_OTHER_DETAILS,ANIM_LIVING_ENVIRONMENT_ID) values (69,'Alexis','F          ',17,to_timestamp('04-DEC-04 12.00.00.000000000 AM','DD-MON-RR HH.MI.SS.FF AM'),'Rescued from wild.',to_timestamp('13-JUL-07 12.00.00.000000000 AM','DD-MON-RR HH.MI.SS.FF AM'),null,'21','216','Picky eater.',9);
Insert into ANIMAL (ANIM_ID,ANIM_NAME,ANIM_GENDER,ANIM_BREED_ID,ANIM_BIRTH_DATE,ANIM_ACQUIRED_FROM,ANIM_ARRIVAL_DATE,ANIM_DEPARTURE_DATE,ANIM_HEIGHT_ON_ARRIVAL,ANIM_WEIGHT_ON_ARRIVAL,ANIM_OTHER_DETAILS,ANIM_LIVING_ENVIRONMENT_ID) values (70,'Emily','F          ',17,to_timestamp('20-FEB-87 12.00.00.000000000 AM','DD-MON-RR HH.MI.SS.FF AM'),'Philadelphia Zoo',to_timestamp('21-FEB-98 12.00.00.000000000 AM','DD-MON-RR HH.MI.SS.FF AM'),null,'21','252',null,8);
Insert into ANIMAL (ANIM_ID,ANIM_NAME,ANIM_GENDER,ANIM_BREED_ID,ANIM_BIRTH_DATE,ANIM_ACQUIRED_FROM,ANIM_ARRIVAL_DATE,ANIM_DEPARTURE_DATE,ANIM_HEIGHT_ON_ARRIVAL,ANIM_WEIGHT_ON_ARRIVAL,ANIM_OTHER_DETAILS,ANIM_LIVING_ENVIRONMENT_ID) values (71,'Angel','M          ',17,to_timestamp('04-MAY-03 12.00.00.000000000 AM','DD-MON-RR HH.MI.SS.FF AM'),'Philadelphia Zoo',to_timestamp('13-APR-06 12.00.00.000000000 AM','DD-MON-RR HH.MI.SS.FF AM'),null,'24','399',null,8);
Insert into ANIMAL (ANIM_ID,ANIM_NAME,ANIM_GENDER,ANIM_BREED_ID,ANIM_BIRTH_DATE,ANIM_ACQUIRED_FROM,ANIM_ARRIVAL_DATE,ANIM_DEPARTURE_DATE,ANIM_HEIGHT_ON_ARRIVAL,ANIM_WEIGHT_ON_ARRIVAL,ANIM_OTHER_DETAILS,ANIM_LIVING_ENVIRONMENT_ID) values (72,'Madeline','F          ',17,to_timestamp('10-FEB-93 12.00.00.000000000 AM','DD-MON-RR HH.MI.SS.FF AM'),'San Diego Zoo',to_timestamp('16-FEB-01 12.00.00.000000000 AM','DD-MON-RR HH.MI.SS.FF AM'),null,'6','123','Must live alone.',9);
Insert into ANIMAL (ANIM_ID,ANIM_NAME,ANIM_GENDER,ANIM_BREED_ID,ANIM_BIRTH_DATE,ANIM_ACQUIRED_FROM,ANIM_ARRIVAL_DATE,ANIM_DEPARTURE_DATE,ANIM_HEIGHT_ON_ARRIVAL,ANIM_WEIGHT_ON_ARRIVAL,ANIM_OTHER_DETAILS,ANIM_LIVING_ENVIRONMENT_ID) values (73,'Gabrielle','F          ',17,to_timestamp('25-JUN-04 12.00.00.000000000 AM','DD-MON-RR HH.MI.SS.FF AM'),'Born in zoo',to_timestamp('23-APR-07 12.00.00.000000000 AM','DD-MON-RR HH.MI.SS.FF AM'),null,'24','354',null,8);
Insert into ANIMAL (ANIM_ID,ANIM_NAME,ANIM_GENDER,ANIM_BREED_ID,ANIM_BIRTH_DATE,ANIM_ACQUIRED_FROM,ANIM_ARRIVAL_DATE,ANIM_DEPARTURE_DATE,ANIM_HEIGHT_ON_ARRIVAL,ANIM_WEIGHT_ON_ARRIVAL,ANIM_OTHER_DETAILS,ANIM_LIVING_ENVIRONMENT_ID) values (74,'Lauren','F          ',58,to_timestamp('01-MAR-99 12.00.00.000000000 AM','DD-MON-RR HH.MI.SS.FF AM'),'Rescued from wild.',to_timestamp('11-MAR-04 12.00.00.000000000 AM','DD-MON-RR HH.MI.SS.FF AM'),null,'23','360',null,7);
Insert into ANIMAL (ANIM_ID,ANIM_NAME,ANIM_GENDER,ANIM_BREED_ID,ANIM_BIRTH_DATE,ANIM_ACQUIRED_FROM,ANIM_ARRIVAL_DATE,ANIM_DEPARTURE_DATE,ANIM_HEIGHT_ON_ARRIVAL,ANIM_WEIGHT_ON_ARRIVAL,ANIM_OTHER_DETAILS,ANIM_LIVING_ENVIRONMENT_ID) values (75,'Savannah','F          ',58,to_timestamp('21-DEC-91 12.00.00.000000000 AM','DD-MON-RR HH.MI.SS.FF AM'),'Born in zoo',to_timestamp('21-JUL-00 12.00.00.000000000 AM','DD-MON-RR HH.MI.SS.FF AM'),null,'25','82',null,3);
Insert into ANIMAL (ANIM_ID,ANIM_NAME,ANIM_GENDER,ANIM_BREED_ID,ANIM_BIRTH_DATE,ANIM_ACQUIRED_FROM,ANIM_ARRIVAL_DATE,ANIM_DEPARTURE_DATE,ANIM_HEIGHT_ON_ARRIVAL,ANIM_WEIGHT_ON_ARRIVAL,ANIM_OTHER_DETAILS,ANIM_LIVING_ENVIRONMENT_ID) values (76,'Kaylee','F          ',42,to_timestamp('24-NOV-86 12.00.00.000000000 AM','DD-MON-RR HH.MI.SS.FF AM'),'Born in zoo',to_timestamp('23-JUL-98 12.00.00.000000000 AM','DD-MON-RR HH.MI.SS.FF AM'),null,'4','86',null,5);
Insert into ANIMAL (ANIM_ID,ANIM_NAME,ANIM_GENDER,ANIM_BREED_ID,ANIM_BIRTH_DATE,ANIM_ACQUIRED_FROM,ANIM_ARRIVAL_DATE,ANIM_DEPARTURE_DATE,ANIM_HEIGHT_ON_ARRIVAL,ANIM_WEIGHT_ON_ARRIVAL,ANIM_OTHER_DETAILS,ANIM_LIVING_ENVIRONMENT_ID) values (77,'Alexander','M          ',42,to_timestamp('01-MAR-86 12.00.00.000000000 AM','DD-MON-RR HH.MI.SS.FF AM'),'Minnesota Zoo',to_timestamp('11-MAR-98 12.00.00.000000000 AM','DD-MON-RR HH.MI.SS.FF AM'),null,'0','152',null,8);
Insert into ANIMAL (ANIM_ID,ANIM_NAME,ANIM_GENDER,ANIM_BREED_ID,ANIM_BIRTH_DATE,ANIM_ACQUIRED_FROM,ANIM_ARRIVAL_DATE,ANIM_DEPARTURE_DATE,ANIM_HEIGHT_ON_ARRIVAL,ANIM_WEIGHT_ON_ARRIVAL,ANIM_OTHER_DETAILS,ANIM_LIVING_ENVIRONMENT_ID) values (78,'Seth','M          ',42,to_timestamp('26-JUL-91 12.00.00.000000000 AM','DD-MON-RR HH.MI.SS.FF AM'),'Rescued from wild.',to_timestamp('24-MAY-00 12.00.00.000000000 AM','DD-MON-RR HH.MI.SS.FF AM'),null,'9','179','Must live alone.',3);
Insert into ANIMAL (ANIM_ID,ANIM_NAME,ANIM_GENDER,ANIM_BREED_ID,ANIM_BIRTH_DATE,ANIM_ACQUIRED_FROM,ANIM_ARRIVAL_DATE,ANIM_DEPARTURE_DATE,ANIM_HEIGHT_ON_ARRIVAL,ANIM_WEIGHT_ON_ARRIVAL,ANIM_OTHER_DETAILS,ANIM_LIVING_ENVIRONMENT_ID) values (79,'Caroline','F          ',42,to_timestamp('08-JAN-03 12.00.00.000000000 AM','DD-MON-RR HH.MI.SS.FF AM'),'Minnesota Zoo',to_timestamp('15-FEB-06 12.00.00.000000000 AM','DD-MON-RR HH.MI.SS.FF AM'),null,'0','23',null,5);
Insert into ANIMAL (ANIM_ID,ANIM_NAME,ANIM_GENDER,ANIM_BREED_ID,ANIM_BIRTH_DATE,ANIM_ACQUIRED_FROM,ANIM_ARRIVAL_DATE,ANIM_DEPARTURE_DATE,ANIM_HEIGHT_ON_ARRIVAL,ANIM_WEIGHT_ON_ARRIVAL,ANIM_OTHER_DETAILS,ANIM_LIVING_ENVIRONMENT_ID) values (80,'Robert','M          ',42,to_timestamp('08-MAY-90 12.00.00.000000000 AM','DD-MON-RR HH.MI.SS.FF AM'),'Born in zoo',to_timestamp('15-APR-00 12.00.00.000000000 AM','DD-MON-RR HH.MI.SS.FF AM'),null,'7','87',null,8);
Insert into ANIMAL (ANIM_ID,ANIM_NAME,ANIM_GENDER,ANIM_BREED_ID,ANIM_BIRTH_DATE,ANIM_ACQUIRED_FROM,ANIM_ARRIVAL_DATE,ANIM_DEPARTURE_DATE,ANIM_HEIGHT_ON_ARRIVAL,ANIM_WEIGHT_ON_ARRIVAL,ANIM_OTHER_DETAILS,ANIM_LIVING_ENVIRONMENT_ID) values (81,'Emma','F          ',23,to_timestamp('11-DEC-89 12.00.00.000000000 AM','DD-MON-RR HH.MI.SS.FF AM'),'Rescued from wild.',to_timestamp('16-JUL-99 12.00.00.000000000 AM','DD-MON-RR HH.MI.SS.FF AM'),to_timestamp('21-MAR-07 12.00.00.000000000 AM','DD-MON-RR HH.MI.SS.FF AM'),'27','209',null,5);
Insert into ANIMAL (ANIM_ID,ANIM_NAME,ANIM_GENDER,ANIM_BREED_ID,ANIM_BIRTH_DATE,ANIM_ACQUIRED_FROM,ANIM_ARRIVAL_DATE,ANIM_DEPARTURE_DATE,ANIM_HEIGHT_ON_ARRIVAL,ANIM_WEIGHT_ON_ARRIVAL,ANIM_OTHER_DETAILS,ANIM_LIVING_ENVIRONMENT_ID) values (82,'Molly','F          ',56,to_timestamp('26-JUN-03 12.00.00.000000000 AM','DD-MON-RR HH.MI.SS.FF AM'),'Born in zoo',to_timestamp('24-APR-06 12.00.00.000000000 AM','DD-MON-RR HH.MI.SS.FF AM'),null,'4','185','Picky eater.',1);
Insert into ANIMAL (ANIM_ID,ANIM_NAME,ANIM_GENDER,ANIM_BREED_ID,ANIM_BIRTH_DATE,ANIM_ACQUIRED_FROM,ANIM_ARRIVAL_DATE,ANIM_DEPARTURE_DATE,ANIM_HEIGHT_ON_ARRIVAL,ANIM_WEIGHT_ON_ARRIVAL,ANIM_OTHER_DETAILS,ANIM_LIVING_ENVIRONMENT_ID) values (83,'Taylor','F          ',56,to_timestamp('23-MAR-10 12.00.00.000000000 AM','DD-MON-RR HH.MI.SS.FF AM'),'Philadelphia Zoo',to_timestamp('22-MAR-10 12.00.00.000000000 AM','DD-MON-RR HH.MI.SS.FF AM'),null,'12','224',null,1);
Insert into ANIMAL (ANIM_ID,ANIM_NAME,ANIM_GENDER,ANIM_BREED_ID,ANIM_BIRTH_DATE,ANIM_ACQUIRED_FROM,ANIM_ARRIVAL_DATE,ANIM_DEPARTURE_DATE,ANIM_HEIGHT_ON_ARRIVAL,ANIM_WEIGHT_ON_ARRIVAL,ANIM_OTHER_DETAILS,ANIM_LIVING_ENVIRONMENT_ID) values (84,'Alejandro','M          ',56,to_timestamp('06-JAN-99 12.00.00.000000000 AM','DD-MON-RR HH.MI.SS.FF AM'),'Born in zoo',to_timestamp('14-FEB-04 12.00.00.000000000 AM','DD-MON-RR HH.MI.SS.FF AM'),null,'0','142','Healthy when arrived.',9);
Insert into ANIMAL (ANIM_ID,ANIM_NAME,ANIM_GENDER,ANIM_BREED_ID,ANIM_BIRTH_DATE,ANIM_ACQUIRED_FROM,ANIM_ARRIVAL_DATE,ANIM_DEPARTURE_DATE,ANIM_HEIGHT_ON_ARRIVAL,ANIM_WEIGHT_ON_ARRIVAL,ANIM_OTHER_DETAILS,ANIM_LIVING_ENVIRONMENT_ID) values (85,'Antonio','M          ',62,to_timestamp('30-JUL-03 12.00.00.000000000 AM','DD-MON-RR HH.MI.SS.FF AM'),'Born in zoo',to_timestamp('26-MAY-06 12.00.00.000000000 AM','DD-MON-RR HH.MI.SS.FF AM'),null,'23','399',null,3);
Insert into ANIMAL (ANIM_ID,ANIM_NAME,ANIM_GENDER,ANIM_BREED_ID,ANIM_BIRTH_DATE,ANIM_ACQUIRED_FROM,ANIM_ARRIVAL_DATE,ANIM_DEPARTURE_DATE,ANIM_HEIGHT_ON_ARRIVAL,ANIM_WEIGHT_ON_ARRIVAL,ANIM_OTHER_DETAILS,ANIM_LIVING_ENVIRONMENT_ID) values (86,'Lily','F          ',28,to_timestamp('25-AUG-02 12.00.00.000000000 AM','DD-MON-RR HH.MI.SS.FF AM'),'Born in zoo',to_timestamp('23-MAY-06 12.00.00.000000000 AM','DD-MON-RR HH.MI.SS.FF AM'),null,'24','64',null,7);
Insert into ANIMAL (ANIM_ID,ANIM_NAME,ANIM_GENDER,ANIM_BREED_ID,ANIM_BIRTH_DATE,ANIM_ACQUIRED_FROM,ANIM_ARRIVAL_DATE,ANIM_DEPARTURE_DATE,ANIM_HEIGHT_ON_ARRIVAL,ANIM_WEIGHT_ON_ARRIVAL,ANIM_OTHER_DETAILS,ANIM_LIVING_ENVIRONMENT_ID) values (87,'Gabriella','F          ',28,to_timestamp('26-DEC-86 12.00.00.000000000 AM','DD-MON-RR HH.MI.SS.FF AM'),'Rescued from wild.',to_timestamp('24-JUL-98 12.00.00.000000000 AM','DD-MON-RR HH.MI.SS.FF AM'),null,'27','61','Healthy when arrived.',9);
Insert into ANIMAL (ANIM_ID,ANIM_NAME,ANIM_GENDER,ANIM_BREED_ID,ANIM_BIRTH_DATE,ANIM_ACQUIRED_FROM,ANIM_ARRIVAL_DATE,ANIM_DEPARTURE_DATE,ANIM_HEIGHT_ON_ARRIVAL,ANIM_WEIGHT_ON_ARRIVAL,ANIM_OTHER_DETAILS,ANIM_LIVING_ENVIRONMENT_ID) values (88,'Cole','M          ',61,to_timestamp('08-AUG-98 12.00.00.000000000 AM','DD-MON-RR HH.MI.SS.FF AM'),'Born in zoo',to_timestamp('15-MAY-04 12.00.00.000000000 AM','DD-MON-RR HH.MI.SS.FF AM'),null,'4','195',null,8);
Insert into ANIMAL (ANIM_ID,ANIM_NAME,ANIM_GENDER,ANIM_BREED_ID,ANIM_BIRTH_DATE,ANIM_ACQUIRED_FROM,ANIM_ARRIVAL_DATE,ANIM_DEPARTURE_DATE,ANIM_HEIGHT_ON_ARRIVAL,ANIM_WEIGHT_ON_ARRIVAL,ANIM_OTHER_DETAILS,ANIM_LIVING_ENVIRONMENT_ID) values (89,'Hayden','M          ',61,to_timestamp('19-JUN-97 12.00.00.000000000 AM','DD-MON-RR HH.MI.SS.FF AM'),'Born in zoo',to_timestamp('20-APR-03 12.00.00.000000000 AM','DD-MON-RR HH.MI.SS.FF AM'),null,'20','256','Unhealthy when arrived.',3);
Insert into ANIMAL (ANIM_ID,ANIM_NAME,ANIM_GENDER,ANIM_BREED_ID,ANIM_BIRTH_DATE,ANIM_ACQUIRED_FROM,ANIM_ARRIVAL_DATE,ANIM_DEPARTURE_DATE,ANIM_HEIGHT_ON_ARRIVAL,ANIM_WEIGHT_ON_ARRIVAL,ANIM_OTHER_DETAILS,ANIM_LIVING_ENVIRONMENT_ID) values (90,'Riley','F          ',8,to_timestamp('12-DEC-96 12.00.00.000000000 AM','DD-MON-RR HH.MI.SS.FF AM'),'Born in zoo',to_timestamp('17-JUL-03 12.00.00.000000000 AM','DD-MON-RR HH.MI.SS.FF AM'),null,'6','262',null,6);
Insert into ANIMAL (ANIM_ID,ANIM_NAME,ANIM_GENDER,ANIM_BREED_ID,ANIM_BIRTH_DATE,ANIM_ACQUIRED_FROM,ANIM_ARRIVAL_DATE,ANIM_DEPARTURE_DATE,ANIM_HEIGHT_ON_ARRIVAL,ANIM_WEIGHT_ON_ARRIVAL,ANIM_OTHER_DETAILS,ANIM_LIVING_ENVIRONMENT_ID) values (91,'Hunter','M          ',26,to_timestamp('08-DEC-02 12.00.00.000000000 AM','DD-MON-RR HH.MI.SS.FF AM'),'Born in zoo',to_timestamp('15-JUL-06 12.00.00.000000000 AM','DD-MON-RR HH.MI.SS.FF AM'),null,'24','212',null,1);
Insert into ANIMAL (ANIM_ID,ANIM_NAME,ANIM_GENDER,ANIM_BREED_ID,ANIM_BIRTH_DATE,ANIM_ACQUIRED_FROM,ANIM_ARRIVAL_DATE,ANIM_DEPARTURE_DATE,ANIM_HEIGHT_ON_ARRIVAL,ANIM_WEIGHT_ON_ARRIVAL,ANIM_OTHER_DETAILS,ANIM_LIVING_ENVIRONMENT_ID) values (92,'Xavier','M          ',54,to_timestamp('07-DEC-07 12.00.00.000000000 AM','DD-MON-RR HH.MI.SS.FF AM'),'Rescued from wild.',to_timestamp('14-JUL-08 12.00.00.000000000 AM','DD-MON-RR HH.MI.SS.FF AM'),null,'28','187',null,3);
Insert into ANIMAL (ANIM_ID,ANIM_NAME,ANIM_GENDER,ANIM_BREED_ID,ANIM_BIRTH_DATE,ANIM_ACQUIRED_FROM,ANIM_ARRIVAL_DATE,ANIM_DEPARTURE_DATE,ANIM_HEIGHT_ON_ARRIVAL,ANIM_WEIGHT_ON_ARRIVAL,ANIM_OTHER_DETAILS,ANIM_LIVING_ENVIRONMENT_ID) values (93,'Caden','M          ',54,to_timestamp('22-SEP-97 12.00.00.000000000 AM','DD-MON-RR HH.MI.SS.FF AM'),'Como Zoo',to_timestamp('22-JUN-03 12.00.00.000000000 AM','DD-MON-RR HH.MI.SS.FF AM'),null,'15','395',null,6);
Insert into ANIMAL (ANIM_ID,ANIM_NAME,ANIM_GENDER,ANIM_BREED_ID,ANIM_BIRTH_DATE,ANIM_ACQUIRED_FROM,ANIM_ARRIVAL_DATE,ANIM_DEPARTURE_DATE,ANIM_HEIGHT_ON_ARRIVAL,ANIM_WEIGHT_ON_ARRIVAL,ANIM_OTHER_DETAILS,ANIM_LIVING_ENVIRONMENT_ID) values (94,'Jacob','M          ',10,to_timestamp('31-MAR-08 12.00.00.000000000 AM','DD-MON-RR HH.MI.SS.FF AM'),'Como Zoo',to_timestamp('26-MAR-09 12.00.00.000000000 AM','DD-MON-RR HH.MI.SS.FF AM'),null,'14','319','Unhealthy when arrived.',2);
Insert into ANIMAL (ANIM_ID,ANIM_NAME,ANIM_GENDER,ANIM_BREED_ID,ANIM_BIRTH_DATE,ANIM_ACQUIRED_FROM,ANIM_ARRIVAL_DATE,ANIM_DEPARTURE_DATE,ANIM_HEIGHT_ON_ARRIVAL,ANIM_WEIGHT_ON_ARRIVAL,ANIM_OTHER_DETAILS,ANIM_LIVING_ENVIRONMENT_ID) values (95,'Nicole','F          ',10,to_timestamp('21-MAY-00 12.00.00.000000000 AM','DD-MON-RR HH.MI.SS.FF AM'),'Rescued from wild.',to_timestamp('21-APR-05 12.00.00.000000000 AM','DD-MON-RR HH.MI.SS.FF AM'),null,'6','354',null,3);
Insert into ANIMAL (ANIM_ID,ANIM_NAME,ANIM_GENDER,ANIM_BREED_ID,ANIM_BIRTH_DATE,ANIM_ACQUIRED_FROM,ANIM_ARRIVAL_DATE,ANIM_DEPARTURE_DATE,ANIM_HEIGHT_ON_ARRIVAL,ANIM_WEIGHT_ON_ARRIVAL,ANIM_OTHER_DETAILS,ANIM_LIVING_ENVIRONMENT_ID) values (96,'Samantha','F          ',10,to_timestamp('04-JUN-94 12.00.00.000000000 AM','DD-MON-RR HH.MI.SS.FF AM'),'Born in zoo',to_timestamp('13-APR-02 12.00.00.000000000 AM','DD-MON-RR HH.MI.SS.FF AM'),to_timestamp('20-APR-07 12.00.00.000000000 AM','DD-MON-RR HH.MI.SS.FF AM'),'5','39',null,2);
Insert into ANIMAL (ANIM_ID,ANIM_NAME,ANIM_GENDER,ANIM_BREED_ID,ANIM_BIRTH_DATE,ANIM_ACQUIRED_FROM,ANIM_ARRIVAL_DATE,ANIM_DEPARTURE_DATE,ANIM_HEIGHT_ON_ARRIVAL,ANIM_WEIGHT_ON_ARRIVAL,ANIM_OTHER_DETAILS,ANIM_LIVING_ENVIRONMENT_ID) values (97,'Isabelle','F          ',19,to_timestamp('17-DEC-09 12.00.00.000000000 AM','DD-MON-RR HH.MI.SS.FF AM'),'Born in zoo',to_timestamp('19-JUL-09 12.00.00.000000000 AM','DD-MON-RR HH.MI.SS.FF AM'),null,'16','34',null,6);
Insert into ANIMAL (ANIM_ID,ANIM_NAME,ANIM_GENDER,ANIM_BREED_ID,ANIM_BIRTH_DATE,ANIM_ACQUIRED_FROM,ANIM_ARRIVAL_DATE,ANIM_DEPARTURE_DATE,ANIM_HEIGHT_ON_ARRIVAL,ANIM_WEIGHT_ON_ARRIVAL,ANIM_OTHER_DETAILS,ANIM_LIVING_ENVIRONMENT_ID) values (98,'Elizabeth','F          ',41,to_timestamp('17-FEB-01 12.00.00.000000000 AM','DD-MON-RR HH.MI.SS.FF AM'),'Born in zoo',to_timestamp('19-FEB-05 12.00.00.000000000 AM','DD-MON-RR HH.MI.SS.FF AM'),null,'15','46',null,2);
Insert into ANIMAL (ANIM_ID,ANIM_NAME,ANIM_GENDER,ANIM_BREED_ID,ANIM_BIRTH_DATE,ANIM_ACQUIRED_FROM,ANIM_ARRIVAL_DATE,ANIM_DEPARTURE_DATE,ANIM_HEIGHT_ON_ARRIVAL,ANIM_WEIGHT_ON_ARRIVAL,ANIM_OTHER_DETAILS,ANIM_LIVING_ENVIRONMENT_ID) values (99,'Isaac','M          ',64,to_timestamp('05-MAY-03 12.00.00.000000000 AM','DD-MON-RR HH.MI.SS.FF AM'),'Born in zoo',to_timestamp('13-APR-06 12.00.00.000000000 AM','DD-MON-RR HH.MI.SS.FF AM'),null,'12','153',null,7);
Insert into ANIMAL (ANIM_ID,ANIM_NAME,ANIM_GENDER,ANIM_BREED_ID,ANIM_BIRTH_DATE,ANIM_ACQUIRED_FROM,ANIM_ARRIVAL_DATE,ANIM_DEPARTURE_DATE,ANIM_HEIGHT_ON_ARRIVAL,ANIM_WEIGHT_ON_ARRIVAL,ANIM_OTHER_DETAILS,ANIM_LIVING_ENVIRONMENT_ID) values (100,'Steven','M          ',60,to_timestamp('28-JAN-99 12.00.00.000000000 AM','DD-MON-RR HH.MI.SS.FF AM'),'Rescued from wild.',to_timestamp('25-FEB-04 12.00.00.000000000 AM','DD-MON-RR HH.MI.SS.FF AM'),to_timestamp('17-JAN-05 12.00.00.000000000 AM','DD-MON-RR HH.MI.SS.FF AM'),'26','212','Must live alone.',1);
Insert into ANIMAL (ANIM_ID,ANIM_NAME,ANIM_GENDER,ANIM_BREED_ID,ANIM_BIRTH_DATE,ANIM_ACQUIRED_FROM,ANIM_ARRIVAL_DATE,ANIM_DEPARTURE_DATE,ANIM_HEIGHT_ON_ARRIVAL,ANIM_WEIGHT_ON_ARRIVAL,ANIM_OTHER_DETAILS,ANIM_LIVING_ENVIRONMENT_ID) values (101,'Evelyn','F          ',60,to_timestamp('30-APR-98 12.00.00.000000000 AM','DD-MON-RR HH.MI.SS.FF AM'),'Rescued from wild.',to_timestamp('26-MAR-04 12.00.00.000000000 AM','DD-MON-RR HH.MI.SS.FF AM'),to_timestamp('04-NOV-07 12.00.00.000000000 AM','DD-MON-RR HH.MI.SS.FF AM'),'5','271',null,6);
Insert into ANIMAL (ANIM_ID,ANIM_NAME,ANIM_GENDER,ANIM_BREED_ID,ANIM_BIRTH_DATE,ANIM_ACQUIRED_FROM,ANIM_ARRIVAL_DATE,ANIM_DEPARTURE_DATE,ANIM_HEIGHT_ON_ARRIVAL,ANIM_WEIGHT_ON_ARRIVAL,ANIM_OTHER_DETAILS,ANIM_LIVING_ENVIRONMENT_ID) values (102,'Olivia','F          ',48,to_timestamp('23-JUN-95 12.00.00.000000000 AM','DD-MON-RR HH.MI.SS.FF AM'),'Born in zoo',to_timestamp('22-APR-02 12.00.00.000000000 AM','DD-MON-RR HH.MI.SS.FF AM'),null,'9','372','Healthy when arrived.',1);
Insert into ANIMAL (ANIM_ID,ANIM_NAME,ANIM_GENDER,ANIM_BREED_ID,ANIM_BIRTH_DATE,ANIM_ACQUIRED_FROM,ANIM_ARRIVAL_DATE,ANIM_DEPARTURE_DATE,ANIM_HEIGHT_ON_ARRIVAL,ANIM_WEIGHT_ON_ARRIVAL,ANIM_OTHER_DETAILS,ANIM_LIVING_ENVIRONMENT_ID) values (103,'John','M          ',48,to_timestamp('03-MAR-86 12.00.00.000000000 AM','DD-MON-RR HH.MI.SS.FF AM'),'Rescued from wild.',to_timestamp('12-MAR-98 12.00.00.000000000 AM','DD-MON-RR HH.MI.SS.FF AM'),to_timestamp('09-APR-05 12.00.00.000000000 AM','DD-MON-RR HH.MI.SS.FF AM'),'20','296',null,5);
Insert into ANIMAL (ANIM_ID,ANIM_NAME,ANIM_GENDER,ANIM_BREED_ID,ANIM_BIRTH_DATE,ANIM_ACQUIRED_FROM,ANIM_ARRIVAL_DATE,ANIM_DEPARTURE_DATE,ANIM_HEIGHT_ON_ARRIVAL,ANIM_WEIGHT_ON_ARRIVAL,ANIM_OTHER_DETAILS,ANIM_LIVING_ENVIRONMENT_ID) values (104,'Bryan','M          ',48,to_timestamp('06-JAN-91 12.00.00.000000000 AM','DD-MON-RR HH.MI.SS.FF AM'),'Como Zoo',to_timestamp('14-FEB-00 12.00.00.000000000 AM','DD-MON-RR HH.MI.SS.FF AM'),null,'6','158',null,1);
Insert into ANIMAL (ANIM_ID,ANIM_NAME,ANIM_GENDER,ANIM_BREED_ID,ANIM_BIRTH_DATE,ANIM_ACQUIRED_FROM,ANIM_ARRIVAL_DATE,ANIM_DEPARTURE_DATE,ANIM_HEIGHT_ON_ARRIVAL,ANIM_WEIGHT_ON_ARRIVAL,ANIM_OTHER_DETAILS,ANIM_LIVING_ENVIRONMENT_ID) values (105,'Paige','F          ',48,to_timestamp('08-OCT-99 12.00.00.000000000 AM','DD-MON-RR HH.MI.SS.FF AM'),'Rescued from wild.',to_timestamp('15-JUN-04 12.00.00.000000000 AM','DD-MON-RR HH.MI.SS.FF AM'),null,'29','10','Picky eater.',3);
Insert into ANIMAL (ANIM_ID,ANIM_NAME,ANIM_GENDER,ANIM_BREED_ID,ANIM_BIRTH_DATE,ANIM_ACQUIRED_FROM,ANIM_ARRIVAL_DATE,ANIM_DEPARTURE_DATE,ANIM_HEIGHT_ON_ARRIVAL,ANIM_WEIGHT_ON_ARRIVAL,ANIM_OTHER_DETAILS,ANIM_LIVING_ENVIRONMENT_ID) values (106,'David','M          ',53,to_timestamp('10-SEP-10 12.00.00.000000000 AM','DD-MON-RR HH.MI.SS.FF AM'),'Born in zoo',to_timestamp('16-JUN-10 12.00.00.000000000 AM','DD-MON-RR HH.MI.SS.FF AM'),null,'27','250','Healthy when arrived.',2);
Insert into ANIMAL (ANIM_ID,ANIM_NAME,ANIM_GENDER,ANIM_BREED_ID,ANIM_BIRTH_DATE,ANIM_ACQUIRED_FROM,ANIM_ARRIVAL_DATE,ANIM_DEPARTURE_DATE,ANIM_HEIGHT_ON_ARRIVAL,ANIM_WEIGHT_ON_ARRIVAL,ANIM_OTHER_DETAILS,ANIM_LIVING_ENVIRONMENT_ID) values (107,'Kevin','M          ',12,to_timestamp('10-MAR-91 12.00.00.000000000 AM','DD-MON-RR HH.MI.SS.FF AM'),'Rescued from wild.',to_timestamp('16-MAR-00 12.00.00.000000000 AM','DD-MON-RR HH.MI.SS.FF AM'),null,'0','79',null,9);
Insert into ANIMAL (ANIM_ID,ANIM_NAME,ANIM_GENDER,ANIM_BREED_ID,ANIM_BIRTH_DATE,ANIM_ACQUIRED_FROM,ANIM_ARRIVAL_DATE,ANIM_DEPARTURE_DATE,ANIM_HEIGHT_ON_ARRIVAL,ANIM_WEIGHT_ON_ARRIVAL,ANIM_OTHER_DETAILS,ANIM_LIVING_ENVIRONMENT_ID) values (108,'Matthew','M          ',12,to_timestamp('07-APR-98 12.00.00.000000000 AM','DD-MON-RR HH.MI.SS.FF AM'),'Como Zoo',to_timestamp('14-MAR-04 12.00.00.000000000 AM','DD-MON-RR HH.MI.SS.FF AM'),null,'12','111',null,7);
Insert into ANIMAL (ANIM_ID,ANIM_NAME,ANIM_GENDER,ANIM_BREED_ID,ANIM_BIRTH_DATE,ANIM_ACQUIRED_FROM,ANIM_ARRIVAL_DATE,ANIM_DEPARTURE_DATE,ANIM_HEIGHT_ON_ARRIVAL,ANIM_WEIGHT_ON_ARRIVAL,ANIM_OTHER_DETAILS,ANIM_LIVING_ENVIRONMENT_ID) values (109,'Brian','M          ',12,to_timestamp('13-DEC-07 12.00.00.000000000 AM','DD-MON-RR HH.MI.SS.FF AM'),'Born in zoo',to_timestamp('17-JUL-08 12.00.00.000000000 AM','DD-MON-RR HH.MI.SS.FF AM'),null,'22','359','Healthy when arrived.',6);
Insert into ANIMAL (ANIM_ID,ANIM_NAME,ANIM_GENDER,ANIM_BREED_ID,ANIM_BIRTH_DATE,ANIM_ACQUIRED_FROM,ANIM_ARRIVAL_DATE,ANIM_DEPARTURE_DATE,ANIM_HEIGHT_ON_ARRIVAL,ANIM_WEIGHT_ON_ARRIVAL,ANIM_OTHER_DETAILS,ANIM_LIVING_ENVIRONMENT_ID) values (110,'Lucas','M          ',12,to_timestamp('04-SEP-01 12.00.00.000000000 AM','DD-MON-RR HH.MI.SS.FF AM'),'Como Zoo',to_timestamp('13-JUN-05 12.00.00.000000000 AM','DD-MON-RR HH.MI.SS.FF AM'),null,'6','156',null,7);
Insert into ANIMAL (ANIM_ID,ANIM_NAME,ANIM_GENDER,ANIM_BREED_ID,ANIM_BIRTH_DATE,ANIM_ACQUIRED_FROM,ANIM_ARRIVAL_DATE,ANIM_DEPARTURE_DATE,ANIM_HEIGHT_ON_ARRIVAL,ANIM_WEIGHT_ON_ARRIVAL,ANIM_OTHER_DETAILS,ANIM_LIVING_ENVIRONMENT_ID) values (111,'Makayla','F          ',12,to_timestamp('10-AUG-09 12.00.00.000000000 AM','DD-MON-RR HH.MI.SS.FF AM'),'Born in zoo',to_timestamp('16-MAY-09 12.00.00.000000000 AM','DD-MON-RR HH.MI.SS.FF AM'),null,'22','36',null,3);
Insert into ANIMAL (ANIM_ID,ANIM_NAME,ANIM_GENDER,ANIM_BREED_ID,ANIM_BIRTH_DATE,ANIM_ACQUIRED_FROM,ANIM_ARRIVAL_DATE,ANIM_DEPARTURE_DATE,ANIM_HEIGHT_ON_ARRIVAL,ANIM_WEIGHT_ON_ARRIVAL,ANIM_OTHER_DETAILS,ANIM_LIVING_ENVIRONMENT_ID) values (112,'Rachel','F          ',12,to_timestamp('01-MAR-88 12.00.00.000000000 AM','DD-MON-RR HH.MI.SS.FF AM'),'Como Zoo',to_timestamp('11-MAR-99 12.00.00.000000000 AM','DD-MON-RR HH.MI.SS.FF AM'),null,'8','239',null,9);
Insert into ANIMAL (ANIM_ID,ANIM_NAME,ANIM_GENDER,ANIM_BREED_ID,ANIM_BIRTH_DATE,ANIM_ACQUIRED_FROM,ANIM_ARRIVAL_DATE,ANIM_DEPARTURE_DATE,ANIM_HEIGHT_ON_ARRIVAL,ANIM_WEIGHT_ON_ARRIVAL,ANIM_OTHER_DETAILS,ANIM_LIVING_ENVIRONMENT_ID) values (113,'Nathaniel','M          ',12,to_timestamp('15-MAY-03 12.00.00.000000000 AM','DD-MON-RR HH.MI.SS.FF AM'),'San Diego Zoo',to_timestamp('18-APR-06 12.00.00.000000000 AM','DD-MON-RR HH.MI.SS.FF AM'),null,'15','234',null,2);
Insert into ANIMAL (ANIM_ID,ANIM_NAME,ANIM_GENDER,ANIM_BREED_ID,ANIM_BIRTH_DATE,ANIM_ACQUIRED_FROM,ANIM_ARRIVAL_DATE,ANIM_DEPARTURE_DATE,ANIM_HEIGHT_ON_ARRIVAL,ANIM_WEIGHT_ON_ARRIVAL,ANIM_OTHER_DETAILS,ANIM_LIVING_ENVIRONMENT_ID) values (114,'Devin','M          ',12,to_timestamp('23-JAN-90 12.00.00.000000000 AM','DD-MON-RR HH.MI.SS.FF AM'),'Como Zoo',to_timestamp('22-FEB-00 12.00.00.000000000 AM','DD-MON-RR HH.MI.SS.FF AM'),null,'7','95',null,9);
Insert into ANIMAL (ANIM_ID,ANIM_NAME,ANIM_GENDER,ANIM_BREED_ID,ANIM_BIRTH_DATE,ANIM_ACQUIRED_FROM,ANIM_ARRIVAL_DATE,ANIM_DEPARTURE_DATE,ANIM_HEIGHT_ON_ARRIVAL,ANIM_WEIGHT_ON_ARRIVAL,ANIM_OTHER_DETAILS,ANIM_LIVING_ENVIRONMENT_ID) values (115,'Jackson','M          ',12,to_timestamp('06-MAY-97 12.00.00.000000000 AM','DD-MON-RR HH.MI.SS.FF AM'),'Born in zoo',to_timestamp('14-APR-03 12.00.00.000000000 AM','DD-MON-RR HH.MI.SS.FF AM'),null,'6','189',null,9);
Insert into ANIMAL (ANIM_ID,ANIM_NAME,ANIM_GENDER,ANIM_BREED_ID,ANIM_BIRTH_DATE,ANIM_ACQUIRED_FROM,ANIM_ARRIVAL_DATE,ANIM_DEPARTURE_DATE,ANIM_HEIGHT_ON_ARRIVAL,ANIM_WEIGHT_ON_ARRIVAL,ANIM_OTHER_DETAILS,ANIM_LIVING_ENVIRONMENT_ID) values (116,'Hannah','F          ',22,to_timestamp('11-NOV-99 12.00.00.000000000 AM','DD-MON-RR HH.MI.SS.FF AM'),'Born in zoo',to_timestamp('16-JUL-04 12.00.00.000000000 AM','DD-MON-RR HH.MI.SS.FF AM'),null,'20','340','Unhealthy when arrived.',5);
Insert into ANIMAL (ANIM_ID,ANIM_NAME,ANIM_GENDER,ANIM_BREED_ID,ANIM_BIRTH_DATE,ANIM_ACQUIRED_FROM,ANIM_ARRIVAL_DATE,ANIM_DEPARTURE_DATE,ANIM_HEIGHT_ON_ARRIVAL,ANIM_WEIGHT_ON_ARRIVAL,ANIM_OTHER_DETAILS,ANIM_LIVING_ENVIRONMENT_ID) values (117,'Ella','F          ',69,to_timestamp('29-OCT-08 12.00.00.000000000 AM','DD-MON-RR HH.MI.SS.FF AM'),'Born in zoo',to_timestamp('25-JUN-09 12.00.00.000000000 AM','DD-MON-RR HH.MI.SS.FF AM'),null,'13','398',null,7);
Insert into ANIMAL (ANIM_ID,ANIM_NAME,ANIM_GENDER,ANIM_BREED_ID,ANIM_BIRTH_DATE,ANIM_ACQUIRED_FROM,ANIM_ARRIVAL_DATE,ANIM_DEPARTURE_DATE,ANIM_HEIGHT_ON_ARRIVAL,ANIM_WEIGHT_ON_ARRIVAL,ANIM_OTHER_DETAILS,ANIM_LIVING_ENVIRONMENT_ID) values (118,'Carson','M          ',69,to_timestamp('10-APR-01 12.00.00.000000000 AM','DD-MON-RR HH.MI.SS.FF AM'),'Rescued from wild.',to_timestamp('16-MAR-05 12.00.00.000000000 AM','DD-MON-RR HH.MI.SS.FF AM'),null,'6','94',null,8);
Insert into ANIMAL (ANIM_ID,ANIM_NAME,ANIM_GENDER,ANIM_BREED_ID,ANIM_BIRTH_DATE,ANIM_ACQUIRED_FROM,ANIM_ARRIVAL_DATE,ANIM_DEPARTURE_DATE,ANIM_HEIGHT_ON_ARRIVAL,ANIM_WEIGHT_ON_ARRIVAL,ANIM_OTHER_DETAILS,ANIM_LIVING_ENVIRONMENT_ID) values (119,'Brandon','M          ',55,to_timestamp('08-DEC-03 12.00.00.000000000 AM','DD-MON-RR HH.MI.SS.FF AM'),'Como Zoo',to_timestamp('15-JUL-06 12.00.00.000000000 AM','DD-MON-RR HH.MI.SS.FF AM'),to_timestamp('04-APR-07 12.00.00.000000000 AM','DD-MON-RR HH.MI.SS.FF AM'),'26','304',null,4);
Insert into ANIMAL (ANIM_ID,ANIM_NAME,ANIM_GENDER,ANIM_BREED_ID,ANIM_BIRTH_DATE,ANIM_ACQUIRED_FROM,ANIM_ARRIVAL_DATE,ANIM_DEPARTURE_DATE,ANIM_HEIGHT_ON_ARRIVAL,ANIM_WEIGHT_ON_ARRIVAL,ANIM_OTHER_DETAILS,ANIM_LIVING_ENVIRONMENT_ID) values (120,'Jose','M          ',55,to_timestamp('20-JUN-00 12.00.00.000000000 AM','DD-MON-RR HH.MI.SS.FF AM'),'Born in zoo',to_timestamp('21-APR-05 12.00.00.000000000 AM','DD-MON-RR HH.MI.SS.FF AM'),null,'1','77',null,8);
Insert into ANIMAL (ANIM_ID,ANIM_NAME,ANIM_GENDER,ANIM_BREED_ID,ANIM_BIRTH_DATE,ANIM_ACQUIRED_FROM,ANIM_ARRIVAL_DATE,ANIM_DEPARTURE_DATE,ANIM_HEIGHT_ON_ARRIVAL,ANIM_WEIGHT_ON_ARRIVAL,ANIM_OTHER_DETAILS,ANIM_LIVING_ENVIRONMENT_ID) values (121,'Brayden','M          ',4,to_timestamp('27-JUN-03 12.00.00.000000000 AM','DD-MON-RR HH.MI.SS.FF AM'),'Rescued from wild.',to_timestamp('24-APR-06 12.00.00.000000000 AM','DD-MON-RR HH.MI.SS.FF AM'),null,'17','285',null,8);
Insert into ANIMAL (ANIM_ID,ANIM_NAME,ANIM_GENDER,ANIM_BREED_ID,ANIM_BIRTH_DATE,ANIM_ACQUIRED_FROM,ANIM_ARRIVAL_DATE,ANIM_DEPARTURE_DATE,ANIM_HEIGHT_ON_ARRIVAL,ANIM_WEIGHT_ON_ARRIVAL,ANIM_OTHER_DETAILS,ANIM_LIVING_ENVIRONMENT_ID) values (122,'Jasmine','F          ',4,to_timestamp('26-DEC-89 12.00.00.000000000 AM','DD-MON-RR HH.MI.SS.FF AM'),'Born in zoo',to_timestamp('24-JUL-99 12.00.00.000000000 AM','DD-MON-RR HH.MI.SS.FF AM'),to_timestamp('07-MAR-03 12.00.00.000000000 AM','DD-MON-RR HH.MI.SS.FF AM'),'16','254',null,7);
Insert into ANIMAL (ANIM_ID,ANIM_NAME,ANIM_GENDER,ANIM_BREED_ID,ANIM_BIRTH_DATE,ANIM_ACQUIRED_FROM,ANIM_ARRIVAL_DATE,ANIM_DEPARTURE_DATE,ANIM_HEIGHT_ON_ARRIVAL,ANIM_WEIGHT_ON_ARRIVAL,ANIM_OTHER_DETAILS,ANIM_LIVING_ENVIRONMENT_ID) values (123,'Carter','M          ',51,to_timestamp('23-NOV-93 12.00.00.000000000 AM','DD-MON-RR HH.MI.SS.FF AM'),'Born in zoo',to_timestamp('22-JUL-01 12.00.00.000000000 AM','DD-MON-RR HH.MI.SS.FF AM'),null,'26','174','Must live alone.',2);
Insert into ANIMAL (ANIM_ID,ANIM_NAME,ANIM_GENDER,ANIM_BREED_ID,ANIM_BIRTH_DATE,ANIM_ACQUIRED_FROM,ANIM_ARRIVAL_DATE,ANIM_DEPARTURE_DATE,ANIM_HEIGHT_ON_ARRIVAL,ANIM_WEIGHT_ON_ARRIVAL,ANIM_OTHER_DETAILS,ANIM_LIVING_ENVIRONMENT_ID) values (124,'Isaiah','M          ',24,to_timestamp('12-MAY-88 12.00.00.000000000 AM','DD-MON-RR HH.MI.SS.FF AM'),'Rescued from wild.',to_timestamp('17-APR-99 12.00.00.000000000 AM','DD-MON-RR HH.MI.SS.FF AM'),null,'6','97','Must live alone.',6);
Insert into ANIMAL (ANIM_ID,ANIM_NAME,ANIM_GENDER,ANIM_BREED_ID,ANIM_BIRTH_DATE,ANIM_ACQUIRED_FROM,ANIM_ARRIVAL_DATE,ANIM_DEPARTURE_DATE,ANIM_HEIGHT_ON_ARRIVAL,ANIM_WEIGHT_ON_ARRIVAL,ANIM_OTHER_DETAILS,ANIM_LIVING_ENVIRONMENT_ID) values (125,'Megan','F          ',24,to_timestamp('21-MAR-98 12.00.00.000000000 AM','DD-MON-RR HH.MI.SS.FF AM'),'Philadelphia Zoo',to_timestamp('21-MAR-04 12.00.00.000000000 AM','DD-MON-RR HH.MI.SS.FF AM'),null,'7','338','Picky eater.',7);
Insert into ANIMAL (ANIM_ID,ANIM_NAME,ANIM_GENDER,ANIM_BREED_ID,ANIM_BIRTH_DATE,ANIM_ACQUIRED_FROM,ANIM_ARRIVAL_DATE,ANIM_DEPARTURE_DATE,ANIM_HEIGHT_ON_ARRIVAL,ANIM_WEIGHT_ON_ARRIVAL,ANIM_OTHER_DETAILS,ANIM_LIVING_ENVIRONMENT_ID) values (126,'Sofia','F          ',24,to_timestamp('27-AUG-96 12.00.00.000000000 AM','DD-MON-RR HH.MI.SS.FF AM'),'Como Zoo',to_timestamp('24-MAY-03 12.00.00.000000000 AM','DD-MON-RR HH.MI.SS.FF AM'),to_timestamp('25-FEB-06 12.00.00.000000000 AM','DD-MON-RR HH.MI.SS.FF AM'),'16','317',null,8);
Insert into ANIMAL (ANIM_ID,ANIM_NAME,ANIM_GENDER,ANIM_BREED_ID,ANIM_BIRTH_DATE,ANIM_ACQUIRED_FROM,ANIM_ARRIVAL_DATE,ANIM_DEPARTURE_DATE,ANIM_HEIGHT_ON_ARRIVAL,ANIM_WEIGHT_ON_ARRIVAL,ANIM_OTHER_DETAILS,ANIM_LIVING_ENVIRONMENT_ID) values (127,'Jennifer','F          ',24,to_timestamp('11-MAY-06 12.00.00.000000000 AM','DD-MON-RR HH.MI.SS.FF AM'),'Como Zoo',to_timestamp('16-APR-08 12.00.00.000000000 AM','DD-MON-RR HH.MI.SS.FF AM'),null,'1','203',null,5);
Insert into ANIMAL (ANIM_ID,ANIM_NAME,ANIM_GENDER,ANIM_BREED_ID,ANIM_BIRTH_DATE,ANIM_ACQUIRED_FROM,ANIM_ARRIVAL_DATE,ANIM_DEPARTURE_DATE,ANIM_HEIGHT_ON_ARRIVAL,ANIM_WEIGHT_ON_ARRIVAL,ANIM_OTHER_DETAILS,ANIM_LIVING_ENVIRONMENT_ID) values (128,'Amelia','F          ',25,to_timestamp('24-APR-02 12.00.00.000000000 AM','DD-MON-RR HH.MI.SS.FF AM'),'Born in zoo',to_timestamp('23-MAR-06 12.00.00.000000000 AM','DD-MON-RR HH.MI.SS.FF AM'),null,'16','273',null,4);
Insert into ANIMAL (ANIM_ID,ANIM_NAME,ANIM_GENDER,ANIM_BREED_ID,ANIM_BIRTH_DATE,ANIM_ACQUIRED_FROM,ANIM_ARRIVAL_DATE,ANIM_DEPARTURE_DATE,ANIM_HEIGHT_ON_ARRIVAL,ANIM_WEIGHT_ON_ARRIVAL,ANIM_OTHER_DETAILS,ANIM_LIVING_ENVIRONMENT_ID) values (129,'Owen','M          ',25,to_timestamp('24-AUG-98 12.00.00.000000000 AM','DD-MON-RR HH.MI.SS.FF AM'),'Como Zoo',to_timestamp('23-MAY-04 12.00.00.000000000 AM','DD-MON-RR HH.MI.SS.FF AM'),null,'28','353','Unhealthy when arrived.',5);
Insert into ANIMAL (ANIM_ID,ANIM_NAME,ANIM_GENDER,ANIM_BREED_ID,ANIM_BIRTH_DATE,ANIM_ACQUIRED_FROM,ANIM_ARRIVAL_DATE,ANIM_DEPARTURE_DATE,ANIM_HEIGHT_ON_ARRIVAL,ANIM_WEIGHT_ON_ARRIVAL,ANIM_OTHER_DETAILS,ANIM_LIVING_ENVIRONMENT_ID) values (130,'Jeremiah','M          ',25,to_timestamp('05-JUN-03 12.00.00.000000000 AM','DD-MON-RR HH.MI.SS.FF AM'),'San Diego Zoo',to_timestamp('13-APR-06 12.00.00.000000000 AM','DD-MON-RR HH.MI.SS.FF AM'),null,'8','329',null,8);
Insert into ANIMAL (ANIM_ID,ANIM_NAME,ANIM_GENDER,ANIM_BREED_ID,ANIM_BIRTH_DATE,ANIM_ACQUIRED_FROM,ANIM_ARRIVAL_DATE,ANIM_DEPARTURE_DATE,ANIM_HEIGHT_ON_ARRIVAL,ANIM_WEIGHT_ON_ARRIVAL,ANIM_OTHER_DETAILS,ANIM_LIVING_ENVIRONMENT_ID) values (131,'Luke','M          ',25,to_timestamp('11-APR-93 12.00.00.000000000 AM','DD-MON-RR HH.MI.SS.FF AM'),'Born in zoo',to_timestamp('16-MAR-01 12.00.00.000000000 AM','DD-MON-RR HH.MI.SS.FF AM'),to_timestamp('05-NOV-03 12.00.00.000000000 AM','DD-MON-RR HH.MI.SS.FF AM'),'26','239','Healthy when arrived.',7);
Insert into ANIMAL (ANIM_ID,ANIM_NAME,ANIM_GENDER,ANIM_BREED_ID,ANIM_BIRTH_DATE,ANIM_ACQUIRED_FROM,ANIM_ARRIVAL_DATE,ANIM_DEPARTURE_DATE,ANIM_HEIGHT_ON_ARRIVAL,ANIM_WEIGHT_ON_ARRIVAL,ANIM_OTHER_DETAILS,ANIM_LIVING_ENVIRONMENT_ID) values (132,'Isabella','F          ',25,to_timestamp('28-JUN-87 12.00.00.000000000 AM','DD-MON-RR HH.MI.SS.FF AM'),'Born in zoo',to_timestamp('25-APR-98 12.00.00.000000000 AM','DD-MON-RR HH.MI.SS.FF AM'),null,'3','131','Picky eater.',7);
Insert into ANIMAL (ANIM_ID,ANIM_NAME,ANIM_GENDER,ANIM_BREED_ID,ANIM_BIRTH_DATE,ANIM_ACQUIRED_FROM,ANIM_ARRIVAL_DATE,ANIM_DEPARTURE_DATE,ANIM_HEIGHT_ON_ARRIVAL,ANIM_WEIGHT_ON_ARRIVAL,ANIM_OTHER_DETAILS,ANIM_LIVING_ENVIRONMENT_ID) values (133,'Joshua','M          ',25,to_timestamp('28-NOV-05 12.00.00.000000000 AM','DD-MON-RR HH.MI.SS.FF AM'),'Born in zoo',to_timestamp('25-JUL-07 12.00.00.000000000 AM','DD-MON-RR HH.MI.SS.FF AM'),null,'7','380',null,7);
Insert into ANIMAL (ANIM_ID,ANIM_NAME,ANIM_GENDER,ANIM_BREED_ID,ANIM_BIRTH_DATE,ANIM_ACQUIRED_FROM,ANIM_ARRIVAL_DATE,ANIM_DEPARTURE_DATE,ANIM_HEIGHT_ON_ARRIVAL,ANIM_WEIGHT_ON_ARRIVAL,ANIM_OTHER_DETAILS,ANIM_LIVING_ENVIRONMENT_ID) values (134,'Katherine','F          ',25,to_timestamp('16-MAY-86 12.00.00.000000000 AM','DD-MON-RR HH.MI.SS.FF AM'),'Born in zoo',to_timestamp('19-APR-98 12.00.00.000000000 AM','DD-MON-RR HH.MI.SS.FF AM'),to_timestamp('11-NOV-99 12.00.00.000000000 AM','DD-MON-RR HH.MI.SS.FF AM'),'6','34',null,6);
Insert into ANIMAL (ANIM_ID,ANIM_NAME,ANIM_GENDER,ANIM_BREED_ID,ANIM_BIRTH_DATE,ANIM_ACQUIRED_FROM,ANIM_ARRIVAL_DATE,ANIM_DEPARTURE_DATE,ANIM_HEIGHT_ON_ARRIVAL,ANIM_WEIGHT_ON_ARRIVAL,ANIM_OTHER_DETAILS,ANIM_LIVING_ENVIRONMENT_ID) values (135,'Wyatt','M          ',3,to_timestamp('09-OCT-95 12.00.00.000000000 AM','DD-MON-RR HH.MI.SS.FF AM'),'Born in zoo',to_timestamp('15-JUN-02 12.00.00.000000000 AM','DD-MON-RR HH.MI.SS.FF AM'),null,'2','84',null,1);
Insert into ANIMAL (ANIM_ID,ANIM_NAME,ANIM_GENDER,ANIM_BREED_ID,ANIM_BIRTH_DATE,ANIM_ACQUIRED_FROM,ANIM_ARRIVAL_DATE,ANIM_DEPARTURE_DATE,ANIM_HEIGHT_ON_ARRIVAL,ANIM_WEIGHT_ON_ARRIVAL,ANIM_OTHER_DETAILS,ANIM_LIVING_ENVIRONMENT_ID) values (136,'Luis','M          ',3,to_timestamp('24-APR-93 12.00.00.000000000 AM','DD-MON-RR HH.MI.SS.FF AM'),'Born in zoo',to_timestamp('23-MAR-01 12.00.00.000000000 AM','DD-MON-RR HH.MI.SS.FF AM'),null,'2','337',null,7);
Insert into ANIMAL (ANIM_ID,ANIM_NAME,ANIM_GENDER,ANIM_BREED_ID,ANIM_BIRTH_DATE,ANIM_ACQUIRED_FROM,ANIM_ARRIVAL_DATE,ANIM_DEPARTURE_DATE,ANIM_HEIGHT_ON_ARRIVAL,ANIM_WEIGHT_ON_ARRIVAL,ANIM_OTHER_DETAILS,ANIM_LIVING_ENVIRONMENT_ID) values (137,'Kaitlyn','F          ',3,to_timestamp('10-MAR-04 12.00.00.000000000 AM','DD-MON-RR HH.MI.SS.FF AM'),'Philadelphia Zoo',to_timestamp('16-MAR-07 12.00.00.000000000 AM','DD-MON-RR HH.MI.SS.FF AM'),null,'19','247','Picky eater.',5);
Insert into ANIMAL (ANIM_ID,ANIM_NAME,ANIM_GENDER,ANIM_BREED_ID,ANIM_BIRTH_DATE,ANIM_ACQUIRED_FROM,ANIM_ARRIVAL_DATE,ANIM_DEPARTURE_DATE,ANIM_HEIGHT_ON_ARRIVAL,ANIM_WEIGHT_ON_ARRIVAL,ANIM_OTHER_DETAILS,ANIM_LIVING_ENVIRONMENT_ID) values (138,'Kyle','M          ',3,to_timestamp('20-APR-03 12.00.00.000000000 AM','DD-MON-RR HH.MI.SS.FF AM'),'San Diego Zoo',to_timestamp('21-MAR-06 12.00.00.000000000 AM','DD-MON-RR HH.MI.SS.FF AM'),null,'11','163',null,3);
Insert into ANIMAL (ANIM_ID,ANIM_NAME,ANIM_GENDER,ANIM_BREED_ID,ANIM_BIRTH_DATE,ANIM_ACQUIRED_FROM,ANIM_ARRIVAL_DATE,ANIM_DEPARTURE_DATE,ANIM_HEIGHT_ON_ARRIVAL,ANIM_WEIGHT_ON_ARRIVAL,ANIM_OTHER_DETAILS,ANIM_LIVING_ENVIRONMENT_ID) values (139,'Jesse','M          ',3,to_timestamp('14-MAR-87 12.00.00.000000000 AM','DD-MON-RR HH.MI.SS.FF AM'),'Rescued from wild.',to_timestamp('18-MAR-98 12.00.00.000000000 AM','DD-MON-RR HH.MI.SS.FF AM'),null,'18','344','Must live alone.',4);
Insert into ANIMAL (ANIM_ID,ANIM_NAME,ANIM_GENDER,ANIM_BREED_ID,ANIM_BIRTH_DATE,ANIM_ACQUIRED_FROM,ANIM_ARRIVAL_DATE,ANIM_DEPARTURE_DATE,ANIM_HEIGHT_ON_ARRIVAL,ANIM_WEIGHT_ON_ARRIVAL,ANIM_OTHER_DETAILS,ANIM_LIVING_ENVIRONMENT_ID) values (140,'Juan','M          ',3,to_timestamp('11-MAR-86 12.00.00.000000000 AM','DD-MON-RR HH.MI.SS.FF AM'),'Rescued from wild.',to_timestamp('16-MAR-98 12.00.00.000000000 AM','DD-MON-RR HH.MI.SS.FF AM'),to_timestamp('10-JUL-99 12.00.00.000000000 AM','DD-MON-RR HH.MI.SS.FF AM'),'28','259',null,7);
Insert into ANIMAL (ANIM_ID,ANIM_NAME,ANIM_GENDER,ANIM_BREED_ID,ANIM_BIRTH_DATE,ANIM_ACQUIRED_FROM,ANIM_ARRIVAL_DATE,ANIM_DEPARTURE_DATE,ANIM_HEIGHT_ON_ARRIVAL,ANIM_WEIGHT_ON_ARRIVAL,ANIM_OTHER_DETAILS,ANIM_LIVING_ENVIRONMENT_ID) values (141,'Benjamin','M          ',3,to_timestamp('15-SEP-03 12.00.00.000000000 AM','DD-MON-RR HH.MI.SS.FF AM'),'Rescued from wild.',to_timestamp('18-JUN-06 12.00.00.000000000 AM','DD-MON-RR HH.MI.SS.FF AM'),null,'16','91',null,1);
Insert into ANIMAL (ANIM_ID,ANIM_NAME,ANIM_GENDER,ANIM_BREED_ID,ANIM_BIRTH_DATE,ANIM_ACQUIRED_FROM,ANIM_ARRIVAL_DATE,ANIM_DEPARTURE_DATE,ANIM_HEIGHT_ON_ARRIVAL,ANIM_WEIGHT_ON_ARRIVAL,ANIM_OTHER_DETAILS,ANIM_LIVING_ENVIRONMENT_ID) values (142,'Melanie','F          ',3,to_timestamp('10-MAY-96 12.00.00.000000000 AM','DD-MON-RR HH.MI.SS.FF AM'),'Born in zoo',to_timestamp('16-APR-03 12.00.00.000000000 AM','DD-MON-RR HH.MI.SS.FF AM'),null,'24','140','Picky eater.',4);
Insert into ANIMAL (ANIM_ID,ANIM_NAME,ANIM_GENDER,ANIM_BREED_ID,ANIM_BIRTH_DATE,ANIM_ACQUIRED_FROM,ANIM_ARRIVAL_DATE,ANIM_DEPARTURE_DATE,ANIM_HEIGHT_ON_ARRIVAL,ANIM_WEIGHT_ON_ARRIVAL,ANIM_OTHER_DETAILS,ANIM_LIVING_ENVIRONMENT_ID) values (143,'Cody','M          ',73,to_timestamp('15-MAY-03 12.00.00.000000000 AM','DD-MON-RR HH.MI.SS.FF AM'),'Como Zoo',to_timestamp('18-APR-06 12.00.00.000000000 AM','DD-MON-RR HH.MI.SS.FF AM'),null,'10','51','Picky eater.',5);
Insert into ANIMAL (ANIM_ID,ANIM_NAME,ANIM_GENDER,ANIM_BREED_ID,ANIM_BIRTH_DATE,ANIM_ACQUIRED_FROM,ANIM_ARRIVAL_DATE,ANIM_DEPARTURE_DATE,ANIM_HEIGHT_ON_ARRIVAL,ANIM_WEIGHT_ON_ARRIVAL,ANIM_OTHER_DETAILS,ANIM_LIVING_ENVIRONMENT_ID) values (144,'Lillian','F          ',75,to_timestamp('04-OCT-90 12.00.00.000000000 AM','DD-MON-RR HH.MI.SS.FF AM'),'Born in zoo',to_timestamp('13-JUN-00 12.00.00.000000000 AM','DD-MON-RR HH.MI.SS.FF AM'),to_timestamp('17-JUL-08 12.00.00.000000000 AM','DD-MON-RR HH.MI.SS.FF AM'),'15','71','Must live alone.',1);
Insert into ANIMAL (ANIM_ID,ANIM_NAME,ANIM_GENDER,ANIM_BREED_ID,ANIM_BIRTH_DATE,ANIM_ACQUIRED_FROM,ANIM_ARRIVAL_DATE,ANIM_DEPARTURE_DATE,ANIM_HEIGHT_ON_ARRIVAL,ANIM_WEIGHT_ON_ARRIVAL,ANIM_OTHER_DETAILS,ANIM_LIVING_ENVIRONMENT_ID) values (145,'Michael','M          ',1,to_timestamp('01-JAN-90 12.00.00.000000000 AM','DD-MON-RR HH.MI.SS.FF AM'),'Minnesota Zoo',to_timestamp('11-FEB-00 12.00.00.000000000 AM','DD-MON-RR HH.MI.SS.FF AM'),null,'8','184',null,6);
Insert into ANIMAL (ANIM_ID,ANIM_NAME,ANIM_GENDER,ANIM_BREED_ID,ANIM_BIRTH_DATE,ANIM_ACQUIRED_FROM,ANIM_ARRIVAL_DATE,ANIM_DEPARTURE_DATE,ANIM_HEIGHT_ON_ARRIVAL,ANIM_WEIGHT_ON_ARRIVAL,ANIM_OTHER_DETAILS,ANIM_LIVING_ENVIRONMENT_ID) values (146,'Sebastian','M          ',30,to_timestamp('27-OCT-04 12.00.00.000000000 AM','DD-MON-RR HH.MI.SS.FF AM'),'San Diego Zoo',to_timestamp('24-JUN-07 12.00.00.000000000 AM','DD-MON-RR HH.MI.SS.FF AM'),null,'9','141',null,4);
Insert into ANIMAL (ANIM_ID,ANIM_NAME,ANIM_GENDER,ANIM_BREED_ID,ANIM_BIRTH_DATE,ANIM_ACQUIRED_FROM,ANIM_ARRIVAL_DATE,ANIM_DEPARTURE_DATE,ANIM_HEIGHT_ON_ARRIVAL,ANIM_WEIGHT_ON_ARRIVAL,ANIM_OTHER_DETAILS,ANIM_LIVING_ENVIRONMENT_ID) values (147,'Sophia','F          ',20,to_timestamp('25-MAY-91 12.00.00.000000000 AM','DD-MON-RR HH.MI.SS.FF AM'),'Born in zoo',to_timestamp('23-APR-00 12.00.00.000000000 AM','DD-MON-RR HH.MI.SS.FF AM'),null,'23','285','Must live alone.',5);
Insert into ANIMAL (ANIM_ID,ANIM_NAME,ANIM_GENDER,ANIM_BREED_ID,ANIM_BIRTH_DATE,ANIM_ACQUIRED_FROM,ANIM_ARRIVAL_DATE,ANIM_DEPARTURE_DATE,ANIM_HEIGHT_ON_ARRIVAL,ANIM_WEIGHT_ON_ARRIVAL,ANIM_OTHER_DETAILS,ANIM_LIVING_ENVIRONMENT_ID) values (148,'Kimberly','F          ',11,to_timestamp('29-SEP-05 12.00.00.000000000 AM','DD-MON-RR HH.MI.SS.FF AM'),'Born in zoo',to_timestamp('25-JUN-07 12.00.00.000000000 AM','DD-MON-RR HH.MI.SS.FF AM'),null,'1','337','Picky eater.',2);
Insert into ANIMAL (ANIM_ID,ANIM_NAME,ANIM_GENDER,ANIM_BREED_ID,ANIM_BIRTH_DATE,ANIM_ACQUIRED_FROM,ANIM_ARRIVAL_DATE,ANIM_DEPARTURE_DATE,ANIM_HEIGHT_ON_ARRIVAL,ANIM_WEIGHT_ON_ARRIVAL,ANIM_OTHER_DETAILS,ANIM_LIVING_ENVIRONMENT_ID) values (149,'Daniel','M          ',11,to_timestamp('17-FEB-05 12.00.00.000000000 AM','DD-MON-RR HH.MI.SS.FF AM'),'Born in zoo',to_timestamp('19-FEB-07 12.00.00.000000000 AM','DD-MON-RR HH.MI.SS.FF AM'),null,'24','243',null,7);
Insert into ANIMAL (ANIM_ID,ANIM_NAME,ANIM_GENDER,ANIM_BREED_ID,ANIM_BIRTH_DATE,ANIM_ACQUIRED_FROM,ANIM_ARRIVAL_DATE,ANIM_DEPARTURE_DATE,ANIM_HEIGHT_ON_ARRIVAL,ANIM_WEIGHT_ON_ARRIVAL,ANIM_OTHER_DETAILS,ANIM_LIVING_ENVIRONMENT_ID) values (150,'Noah','M          ',66,to_timestamp('21-JAN-90 12.00.00.000000000 AM','DD-MON-RR HH.MI.SS.FF AM'),'Philadelphia Zoo',to_timestamp('21-FEB-00 12.00.00.000000000 AM','DD-MON-RR HH.MI.SS.FF AM'),null,'11','249',null,5);
Insert into ANIMAL (ANIM_ID,ANIM_NAME,ANIM_GENDER,ANIM_BREED_ID,ANIM_BIRTH_DATE,ANIM_ACQUIRED_FROM,ANIM_ARRIVAL_DATE,ANIM_DEPARTURE_DATE,ANIM_HEIGHT_ON_ARRIVAL,ANIM_WEIGHT_ON_ARRIVAL,ANIM_OTHER_DETAILS,ANIM_LIVING_ENVIRONMENT_ID) values (151,'Nevaeh','F          ',35,to_timestamp('24-DEC-88 12.00.00.000000000 AM','DD-MON-RR HH.MI.SS.FF AM'),'Rescued from wild.',to_timestamp('23-JUL-99 12.00.00.000000000 AM','DD-MON-RR HH.MI.SS.FF AM'),to_timestamp('13-MAY-09 12.00.00.000000000 AM','DD-MON-RR HH.MI.SS.FF AM'),'2','377',null,3);
Insert into ANIMAL (ANIM_ID,ANIM_NAME,ANIM_GENDER,ANIM_BREED_ID,ANIM_BIRTH_DATE,ANIM_ACQUIRED_FROM,ANIM_ARRIVAL_DATE,ANIM_DEPARTURE_DATE,ANIM_HEIGHT_ON_ARRIVAL,ANIM_WEIGHT_ON_ARRIVAL,ANIM_OTHER_DETAILS,ANIM_LIVING_ENVIRONMENT_ID) values (152,'Sarah','F          ',52,to_timestamp('12-FEB-94 12.00.00.000000000 AM','DD-MON-RR HH.MI.SS.FF AM'),'Rescued from wild.',to_timestamp('17-FEB-02 12.00.00.000000000 AM','DD-MON-RR HH.MI.SS.FF AM'),null,'20','43',null,3);
Insert into ANIMAL (ANIM_ID,ANIM_NAME,ANIM_GENDER,ANIM_BREED_ID,ANIM_BIRTH_DATE,ANIM_ACQUIRED_FROM,ANIM_ARRIVAL_DATE,ANIM_DEPARTURE_DATE,ANIM_HEIGHT_ON_ARRIVAL,ANIM_WEIGHT_ON_ARRIVAL,ANIM_OTHER_DETAILS,ANIM_LIVING_ENVIRONMENT_ID) values (153,'Morgan','F          ',39,to_timestamp('25-AUG-86 12.00.00.000000000 AM','DD-MON-RR HH.MI.SS.FF AM'),'Rescued from wild.',to_timestamp('23-MAY-98 12.00.00.000000000 AM','DD-MON-RR HH.MI.SS.FF AM'),null,'12','106',null,3);
Insert into ANIMAL (ANIM_ID,ANIM_NAME,ANIM_GENDER,ANIM_BREED_ID,ANIM_BIRTH_DATE,ANIM_ACQUIRED_FROM,ANIM_ARRIVAL_DATE,ANIM_DEPARTURE_DATE,ANIM_HEIGHT_ON_ARRIVAL,ANIM_WEIGHT_ON_ARRIVAL,ANIM_OTHER_DETAILS,ANIM_LIVING_ENVIRONMENT_ID) values (154,'Sean','M          ',67,to_timestamp('19-MAR-94 12.00.00.000000000 AM','DD-MON-RR HH.MI.SS.FF AM'),'Rescued from wild.',to_timestamp('20-MAR-02 12.00.00.000000000 AM','DD-MON-RR HH.MI.SS.FF AM'),null,'2','171','Healthy when arrived.',2);
Insert into ANIMAL (ANIM_ID,ANIM_NAME,ANIM_GENDER,ANIM_BREED_ID,ANIM_BIRTH_DATE,ANIM_ACQUIRED_FROM,ANIM_ARRIVAL_DATE,ANIM_DEPARTURE_DATE,ANIM_HEIGHT_ON_ARRIVAL,ANIM_WEIGHT_ON_ARRIVAL,ANIM_OTHER_DETAILS,ANIM_LIVING_ENVIRONMENT_ID) values (155,'Ashley','F          ',67,to_timestamp('22-APR-07 12.00.00.000000000 AM','DD-MON-RR HH.MI.SS.FF AM'),'Born in zoo',to_timestamp('22-MAR-08 12.00.00.000000000 AM','DD-MON-RR HH.MI.SS.FF AM'),null,'29','307',null,4);
Insert into ANIMAL (ANIM_ID,ANIM_NAME,ANIM_GENDER,ANIM_BREED_ID,ANIM_BIRTH_DATE,ANIM_ACQUIRED_FROM,ANIM_ARRIVAL_DATE,ANIM_DEPARTURE_DATE,ANIM_HEIGHT_ON_ARRIVAL,ANIM_WEIGHT_ON_ARRIVAL,ANIM_OTHER_DETAILS,ANIM_LIVING_ENVIRONMENT_ID) values (156,'Jonathan','M          ',67,to_timestamp('13-SEP-00 12.00.00.000000000 AM','DD-MON-RR HH.MI.SS.FF AM'),'Rescued from wild.',to_timestamp('17-JUN-05 12.00.00.000000000 AM','DD-MON-RR HH.MI.SS.FF AM'),to_timestamp('30-NOV-08 12.00.00.000000000 AM','DD-MON-RR HH.MI.SS.FF AM'),'1','126','Healthy when arrived.',4);
Insert into ANIMAL (ANIM_ID,ANIM_NAME,ANIM_GENDER,ANIM_BREED_ID,ANIM_BIRTH_DATE,ANIM_ACQUIRED_FROM,ANIM_ARRIVAL_DATE,ANIM_DEPARTURE_DATE,ANIM_HEIGHT_ON_ARRIVAL,ANIM_WEIGHT_ON_ARRIVAL,ANIM_OTHER_DETAILS,ANIM_LIVING_ENVIRONMENT_ID) values (157,'Chase','M          ',67,to_timestamp('09-SEP-92 12.00.00.000000000 AM','DD-MON-RR HH.MI.SS.FF AM'),'Philadelphia Zoo',to_timestamp('15-JUN-01 12.00.00.000000000 AM','DD-MON-RR HH.MI.SS.FF AM'),null,'1','141','Unhealthy when arrived.',3);
Insert into ANIMAL (ANIM_ID,ANIM_NAME,ANIM_GENDER,ANIM_BREED_ID,ANIM_BIRTH_DATE,ANIM_ACQUIRED_FROM,ANIM_ARRIVAL_DATE,ANIM_DEPARTURE_DATE,ANIM_HEIGHT_ON_ARRIVAL,ANIM_WEIGHT_ON_ARRIVAL,ANIM_OTHER_DETAILS,ANIM_LIVING_ENVIRONMENT_ID) values (158,'Evan','M          ',36,to_timestamp('20-SEP-04 12.00.00.000000000 AM','DD-MON-RR HH.MI.SS.FF AM'),'Born in zoo',to_timestamp('21-JUN-07 12.00.00.000000000 AM','DD-MON-RR HH.MI.SS.FF AM'),null,'8','364',null,3);
Insert into ANIMAL (ANIM_ID,ANIM_NAME,ANIM_GENDER,ANIM_BREED_ID,ANIM_BIRTH_DATE,ANIM_ACQUIRED_FROM,ANIM_ARRIVAL_DATE,ANIM_DEPARTURE_DATE,ANIM_HEIGHT_ON_ARRIVAL,ANIM_WEIGHT_ON_ARRIVAL,ANIM_OTHER_DETAILS,ANIM_LIVING_ENVIRONMENT_ID) values (159,'Ethan','M          ',36,to_timestamp('24-AUG-04 12.00.00.000000000 AM','DD-MON-RR HH.MI.SS.FF AM'),'Born in zoo',to_timestamp('23-MAY-07 12.00.00.000000000 AM','DD-MON-RR HH.MI.SS.FF AM'),null,'17','39','Unhealthy when arrived.',9);
Insert into ANIMAL (ANIM_ID,ANIM_NAME,ANIM_GENDER,ANIM_BREED_ID,ANIM_BIRTH_DATE,ANIM_ACQUIRED_FROM,ANIM_ARRIVAL_DATE,ANIM_DEPARTURE_DATE,ANIM_HEIGHT_ON_ARRIVAL,ANIM_WEIGHT_ON_ARRIVAL,ANIM_OTHER_DETAILS,ANIM_LIVING_ENVIRONMENT_ID) values (160,'Landon','M          ',36,to_timestamp('22-MAY-00 12.00.00.000000000 AM','DD-MON-RR HH.MI.SS.FF AM'),'Rescued from wild.',to_timestamp('22-APR-05 12.00.00.000000000 AM','DD-MON-RR HH.MI.SS.FF AM'),null,'27','243','Must live alone.',5);
Insert into ANIMAL (ANIM_ID,ANIM_NAME,ANIM_GENDER,ANIM_BREED_ID,ANIM_BIRTH_DATE,ANIM_ACQUIRED_FROM,ANIM_ARRIVAL_DATE,ANIM_DEPARTURE_DATE,ANIM_HEIGHT_ON_ARRIVAL,ANIM_WEIGHT_ON_ARRIVAL,ANIM_OTHER_DETAILS,ANIM_LIVING_ENVIRONMENT_ID) values (161,'Jaden','M          ',36,to_timestamp('22-DEC-90 12.00.00.000000000 AM','DD-MON-RR HH.MI.SS.FF AM'),'San Diego Zoo',to_timestamp('22-JUL-00 12.00.00.000000000 AM','DD-MON-RR HH.MI.SS.FF AM'),null,'27','234',null,7);
Insert into ANIMAL (ANIM_ID,ANIM_NAME,ANIM_GENDER,ANIM_BREED_ID,ANIM_BIRTH_DATE,ANIM_ACQUIRED_FROM,ANIM_ARRIVAL_DATE,ANIM_DEPARTURE_DATE,ANIM_HEIGHT_ON_ARRIVAL,ANIM_WEIGHT_ON_ARRIVAL,ANIM_OTHER_DETAILS,ANIM_LIVING_ENVIRONMENT_ID) values (162,'Joseph','M          ',36,to_timestamp('06-JUL-88 12.00.00.000000000 AM','DD-MON-RR HH.MI.SS.FF AM'),'Born in zoo',to_timestamp('14-MAY-99 12.00.00.000000000 AM','DD-MON-RR HH.MI.SS.FF AM'),null,'0','246',null,8);
Insert into ANIMAL (ANIM_ID,ANIM_NAME,ANIM_GENDER,ANIM_BREED_ID,ANIM_BIRTH_DATE,ANIM_ACQUIRED_FROM,ANIM_ARRIVAL_DATE,ANIM_DEPARTURE_DATE,ANIM_HEIGHT_ON_ARRIVAL,ANIM_WEIGHT_ON_ARRIVAL,ANIM_OTHER_DETAILS,ANIM_LIVING_ENVIRONMENT_ID) values (163,'Anthony','M          ',36,to_timestamp('09-MAR-86 12.00.00.000000000 AM','DD-MON-RR HH.MI.SS.FF AM'),'Rescued from wild.',to_timestamp('15-MAR-98 12.00.00.000000000 AM','DD-MON-RR HH.MI.SS.FF AM'),to_timestamp('27-APR-04 12.00.00.000000000 AM','DD-MON-RR HH.MI.SS.FF AM'),'12','240','Picky eater.',1);
Insert into ANIMAL (ANIM_ID,ANIM_NAME,ANIM_GENDER,ANIM_BREED_ID,ANIM_BIRTH_DATE,ANIM_ACQUIRED_FROM,ANIM_ARRIVAL_DATE,ANIM_DEPARTURE_DATE,ANIM_HEIGHT_ON_ARRIVAL,ANIM_WEIGHT_ON_ARRIVAL,ANIM_OTHER_DETAILS,ANIM_LIVING_ENVIRONMENT_ID) values (164,'Timothy','M          ',36,to_timestamp('14-JUL-92 12.00.00.000000000 AM','DD-MON-RR HH.MI.SS.FF AM'),'Rescued from wild.',to_timestamp('18-MAY-01 12.00.00.000000000 AM','DD-MON-RR HH.MI.SS.FF AM'),null,'25','91','Must live alone.',8);
Insert into ANIMAL (ANIM_ID,ANIM_NAME,ANIM_GENDER,ANIM_BREED_ID,ANIM_BIRTH_DATE,ANIM_ACQUIRED_FROM,ANIM_ARRIVAL_DATE,ANIM_DEPARTURE_DATE,ANIM_HEIGHT_ON_ARRIVAL,ANIM_WEIGHT_ON_ARRIVAL,ANIM_OTHER_DETAILS,ANIM_LIVING_ENVIRONMENT_ID) values (165,'Maya','F          ',57,to_timestamp('01-NOV-08 12.00.00.000000000 AM','DD-MON-RR HH.MI.SS.FF AM'),'Rescued from wild.',to_timestamp('11-JUL-09 12.00.00.000000000 AM','DD-MON-RR HH.MI.SS.FF AM'),null,'7','107',null,9);
Insert into ANIMAL (ANIM_ID,ANIM_NAME,ANIM_GENDER,ANIM_BREED_ID,ANIM_BIRTH_DATE,ANIM_ACQUIRED_FROM,ANIM_ARRIVAL_DATE,ANIM_DEPARTURE_DATE,ANIM_HEIGHT_ON_ARRIVAL,ANIM_WEIGHT_ON_ARRIVAL,ANIM_OTHER_DETAILS,ANIM_LIVING_ENVIRONMENT_ID) values (166,'Trinity','F          ',57,to_timestamp('19-AUG-89 12.00.00.000000000 AM','DD-MON-RR HH.MI.SS.FF AM'),'Rescued from wild.',to_timestamp('20-MAY-99 12.00.00.000000000 AM','DD-MON-RR HH.MI.SS.FF AM'),to_timestamp('18-MAY-07 12.00.00.000000000 AM','DD-MON-RR HH.MI.SS.FF AM'),'14','393',null,3);
Insert into ANIMAL (ANIM_ID,ANIM_NAME,ANIM_GENDER,ANIM_BREED_ID,ANIM_BIRTH_DATE,ANIM_ACQUIRED_FROM,ANIM_ARRIVAL_DATE,ANIM_DEPARTURE_DATE,ANIM_HEIGHT_ON_ARRIVAL,ANIM_WEIGHT_ON_ARRIVAL,ANIM_OTHER_DETAILS,ANIM_LIVING_ENVIRONMENT_ID) values (167,'Kylie','F          ',57,to_timestamp('28-NOV-04 12.00.00.000000000 AM','DD-MON-RR HH.MI.SS.FF AM'),'Rescued from wild.',to_timestamp('25-JUL-07 12.00.00.000000000 AM','DD-MON-RR HH.MI.SS.FF AM'),null,'23','22',null,2);
Insert into ANIMAL (ANIM_ID,ANIM_NAME,ANIM_GENDER,ANIM_BREED_ID,ANIM_BIRTH_DATE,ANIM_ACQUIRED_FROM,ANIM_ARRIVAL_DATE,ANIM_DEPARTURE_DATE,ANIM_HEIGHT_ON_ARRIVAL,ANIM_WEIGHT_ON_ARRIVAL,ANIM_OTHER_DETAILS,ANIM_LIVING_ENVIRONMENT_ID) values (168,'Justin','M          ',7,to_timestamp('05-FEB-90 12.00.00.000000000 AM','DD-MON-RR HH.MI.SS.FF AM'),'Rescued from wild.',to_timestamp('13-FEB-00 12.00.00.000000000 AM','DD-MON-RR HH.MI.SS.FF AM'),to_timestamp('23-AUG-05 12.00.00.000000000 AM','DD-MON-RR HH.MI.SS.FF AM'),'11','253',null,1);
Insert into ANIMAL (ANIM_ID,ANIM_NAME,ANIM_GENDER,ANIM_BREED_ID,ANIM_BIRTH_DATE,ANIM_ACQUIRED_FROM,ANIM_ARRIVAL_DATE,ANIM_DEPARTURE_DATE,ANIM_HEIGHT_ON_ARRIVAL,ANIM_WEIGHT_ON_ARRIVAL,ANIM_OTHER_DETAILS,ANIM_LIVING_ENVIRONMENT_ID) values (169,'Natalie','F          ',7,to_timestamp('07-AUG-08 12.00.00.000000000 AM','DD-MON-RR HH.MI.SS.FF AM'),'Rescued from wild.',to_timestamp('14-MAY-09 12.00.00.000000000 AM','DD-MON-RR HH.MI.SS.FF AM'),null,'29','396',null,8);
Insert into ANIMAL (ANIM_ID,ANIM_NAME,ANIM_GENDER,ANIM_BREED_ID,ANIM_BIRTH_DATE,ANIM_ACQUIRED_FROM,ANIM_ARRIVAL_DATE,ANIM_DEPARTURE_DATE,ANIM_HEIGHT_ON_ARRIVAL,ANIM_WEIGHT_ON_ARRIVAL,ANIM_OTHER_DETAILS,ANIM_LIVING_ENVIRONMENT_ID) values (170,'Adam','M          ',7,to_timestamp('06-JAN-98 12.00.00.000000000 AM','DD-MON-RR HH.MI.SS.FF AM'),'Rescued from wild.',to_timestamp('14-FEB-04 12.00.00.000000000 AM','DD-MON-RR HH.MI.SS.FF AM'),null,'8','93',null,8);
Insert into ANIMAL (ANIM_ID,ANIM_NAME,ANIM_GENDER,ANIM_BREED_ID,ANIM_BIRTH_DATE,ANIM_ACQUIRED_FROM,ANIM_ARRIVAL_DATE,ANIM_DEPARTURE_DATE,ANIM_HEIGHT_ON_ARRIVAL,ANIM_WEIGHT_ON_ARRIVAL,ANIM_OTHER_DETAILS,ANIM_LIVING_ENVIRONMENT_ID) values (171,'Blake','M          ',7,to_timestamp('19-MAR-01 12.00.00.000000000 AM','DD-MON-RR HH.MI.SS.FF AM'),'Rescued from wild.',to_timestamp('20-MAR-05 12.00.00.000000000 AM','DD-MON-RR HH.MI.SS.FF AM'),to_timestamp('31-MAR-07 12.00.00.000000000 AM','DD-MON-RR HH.MI.SS.FF AM'),'2','347',null,4);
Insert into ANIMAL (ANIM_ID,ANIM_NAME,ANIM_GENDER,ANIM_BREED_ID,ANIM_BIRTH_DATE,ANIM_ACQUIRED_FROM,ANIM_ARRIVAL_DATE,ANIM_DEPARTURE_DATE,ANIM_HEIGHT_ON_ARRIVAL,ANIM_WEIGHT_ON_ARRIVAL,ANIM_OTHER_DETAILS,ANIM_LIVING_ENVIRONMENT_ID) values (172,'Logan','M          ',7,to_timestamp('16-MAY-06 12.00.00.000000000 AM','DD-MON-RR HH.MI.SS.FF AM'),'Born in zoo',to_timestamp('19-APR-08 12.00.00.000000000 AM','DD-MON-RR HH.MI.SS.FF AM'),null,'8','179',null,3);
Insert into ANIMAL (ANIM_ID,ANIM_NAME,ANIM_GENDER,ANIM_BREED_ID,ANIM_BIRTH_DATE,ANIM_ACQUIRED_FROM,ANIM_ARRIVAL_DATE,ANIM_DEPARTURE_DATE,ANIM_HEIGHT_ON_ARRIVAL,ANIM_WEIGHT_ON_ARRIVAL,ANIM_OTHER_DETAILS,ANIM_LIVING_ENVIRONMENT_ID) values (173,'Kayla','F          ',7,to_timestamp('21-NOV-87 12.00.00.000000000 AM','DD-MON-RR HH.MI.SS.FF AM'),'Born in zoo',to_timestamp('21-JUL-98 12.00.00.000000000 AM','DD-MON-RR HH.MI.SS.FF AM'),to_timestamp('12-SEP-07 12.00.00.000000000 AM','DD-MON-RR HH.MI.SS.FF AM'),'17','392','Picky eater.',8);
Insert into ANIMAL (ANIM_ID,ANIM_NAME,ANIM_GENDER,ANIM_BREED_ID,ANIM_BIRTH_DATE,ANIM_ACQUIRED_FROM,ANIM_ARRIVAL_DATE,ANIM_DEPARTURE_DATE,ANIM_HEIGHT_ON_ARRIVAL,ANIM_WEIGHT_ON_ARRIVAL,ANIM_OTHER_DETAILS,ANIM_LIVING_ENVIRONMENT_ID) values (174,'Nicholas','M          ',7,to_timestamp('25-DEC-08 12.00.00.000000000 AM','DD-MON-RR HH.MI.SS.FF AM'),'Minnesota Zoo',to_timestamp('23-JUL-09 12.00.00.000000000 AM','DD-MON-RR HH.MI.SS.FF AM'),null,'25','157',null,2);
Insert into ANIMAL (ANIM_ID,ANIM_NAME,ANIM_GENDER,ANIM_BREED_ID,ANIM_BIRTH_DATE,ANIM_ACQUIRED_FROM,ANIM_ARRIVAL_DATE,ANIM_DEPARTURE_DATE,ANIM_HEIGHT_ON_ARRIVAL,ANIM_WEIGHT_ON_ARRIVAL,ANIM_OTHER_DETAILS,ANIM_LIVING_ENVIRONMENT_ID) values (175,'Claire','F          ',7,to_timestamp('14-MAY-10 12.00.00.000000000 AM','DD-MON-RR HH.MI.SS.FF AM'),'Born in zoo',to_timestamp('18-APR-10 12.00.00.000000000 AM','DD-MON-RR HH.MI.SS.FF AM'),null,'1','212','Picky eater.',3);
Insert into ANIMAL (ANIM_ID,ANIM_NAME,ANIM_GENDER,ANIM_BREED_ID,ANIM_BIRTH_DATE,ANIM_ACQUIRED_FROM,ANIM_ARRIVAL_DATE,ANIM_DEPARTURE_DATE,ANIM_HEIGHT_ON_ARRIVAL,ANIM_WEIGHT_ON_ARRIVAL,ANIM_OTHER_DETAILS,ANIM_LIVING_ENVIRONMENT_ID) values (176,'Diana','F          ',7,to_timestamp('08-DEC-91 12.00.00.000000000 AM','DD-MON-RR HH.MI.SS.FF AM'),'Rescued from wild.',to_timestamp('15-JUL-00 12.00.00.000000000 AM','DD-MON-RR HH.MI.SS.FF AM'),null,'27','277','Healthy when arrived.',8);
Insert into ANIMAL (ANIM_ID,ANIM_NAME,ANIM_GENDER,ANIM_BREED_ID,ANIM_BIRTH_DATE,ANIM_ACQUIRED_FROM,ANIM_ARRIVAL_DATE,ANIM_DEPARTURE_DATE,ANIM_HEIGHT_ON_ARRIVAL,ANIM_WEIGHT_ON_ARRIVAL,ANIM_OTHER_DETAILS,ANIM_LIVING_ENVIRONMENT_ID) values (177,'Samuel','M          ',7,to_timestamp('06-NOV-94 12.00.00.000000000 AM','DD-MON-RR HH.MI.SS.FF AM'),'Rescued from wild.',to_timestamp('14-JUL-02 12.00.00.000000000 AM','DD-MON-RR HH.MI.SS.FF AM'),null,'27','308','Must live alone.',3);
Insert into ANIMAL (ANIM_ID,ANIM_NAME,ANIM_GENDER,ANIM_BREED_ID,ANIM_BIRTH_DATE,ANIM_ACQUIRED_FROM,ANIM_ARRIVAL_DATE,ANIM_DEPARTURE_DATE,ANIM_HEIGHT_ON_ARRIVAL,ANIM_WEIGHT_ON_ARRIVAL,ANIM_OTHER_DETAILS,ANIM_LIVING_ENVIRONMENT_ID) values (178,'Adrian','M          ',43,to_timestamp('27-FEB-06 12.00.00.000000000 AM','DD-MON-RR HH.MI.SS.FF AM'),'San Diego Zoo',to_timestamp('24-FEB-08 12.00.00.000000000 AM','DD-MON-RR HH.MI.SS.FF AM'),null,'7','289',null,3);
Insert into ANIMAL (ANIM_ID,ANIM_NAME,ANIM_GENDER,ANIM_BREED_ID,ANIM_BIRTH_DATE,ANIM_ACQUIRED_FROM,ANIM_ARRIVAL_DATE,ANIM_DEPARTURE_DATE,ANIM_HEIGHT_ON_ARRIVAL,ANIM_WEIGHT_ON_ARRIVAL,ANIM_OTHER_DETAILS,ANIM_LIVING_ENVIRONMENT_ID) values (179,'Jessica','F          ',6,to_timestamp('23-DEC-02 12.00.00.000000000 AM','DD-MON-RR HH.MI.SS.FF AM'),'Born in zoo',to_timestamp('22-JUL-06 12.00.00.000000000 AM','DD-MON-RR HH.MI.SS.FF AM'),null,'23','133','Healthy when arrived.',8);

---------------------------------------------------
--   END DATA FOR TABLE ANIMAL
---------------------------------------------------


---------------------------------------------------
--   DATA FOR TABLE ANIMAL_BREED
--   FILTER = none used
---------------------------------------------------
REM INSERTING into ANIMAL_BREED
Insert into ANIMAL_BREED (ANIM_BREED_ID,ANIM_BREED_NAME,ANIM_BREED_HABITAT,ANIM_BREED_COUNTRIES_OF_ORIGIN,ANIM_BREED_PHOTO_FILENAME,ANIM_BREED_OTHER_DETAILS) values (0,'African Buffalo','Savannah/Forest','Africa','African Buffalo.jpg','Requires water daily.');
Insert into ANIMAL_BREED (ANIM_BREED_ID,ANIM_BREED_NAME,ANIM_BREED_HABITAT,ANIM_BREED_COUNTRIES_OF_ORIGIN,ANIM_BREED_PHOTO_FILENAME,ANIM_BREED_OTHER_DETAILS) values (1,'Alligator','Freshwater Coasts','China/United States','Alligator.jpg','Large males are very territorial.');
Insert into ANIMAL_BREED (ANIM_BREED_ID,ANIM_BREED_NAME,ANIM_BREED_HABITAT,ANIM_BREED_COUNTRIES_OF_ORIGIN,ANIM_BREED_PHOTO_FILENAME,ANIM_BREED_OTHER_DETAILS) values (2,'Giant Anteater','Grasslands/Deciduous Forests/Rainforests','Central and South America','Giant Anteater.jpg','Nocturnal when near human settlements, diurnal elsewhere.');
Insert into ANIMAL_BREED (ANIM_BREED_ID,ANIM_BREED_NAME,ANIM_BREED_HABITAT,ANIM_BREED_COUNTRIES_OF_ORIGIN,ANIM_BREED_PHOTO_FILENAME,ANIM_BREED_OTHER_DETAILS) values (3,'Nine-banded Armadillo','Warm, rainy environment','North, Central and South America','Nine-banded Armadillo.jpg','Prolific diggers, sensitive to cold and can jump 3-4 feet in the air.');
Insert into ANIMAL_BREED (ANIM_BREED_ID,ANIM_BREED_NAME,ANIM_BREED_HABITAT,ANIM_BREED_COUNTRIES_OF_ORIGIN,ANIM_BREED_PHOTO_FILENAME,ANIM_BREED_OTHER_DETAILS) values (4,'Hamadryas Baboon','Semi-desert, savannas and rocky areas','From the Red Sea in Egypt to Eritrea, Ethiopia and Somalia','Hamadryas Baboon.jpg',null);
Insert into ANIMAL_BREED (ANIM_BREED_ID,ANIM_BREED_NAME,ANIM_BREED_HABITAT,ANIM_BREED_COUNTRIES_OF_ORIGIN,ANIM_BREED_PHOTO_FILENAME,ANIM_BREED_OTHER_DETAILS) values (5,'American Badger','Prairie regions.','United States, Canada, Mexico','American Badger.jpg','Prolific diggers, mainly active at night.');
Insert into ANIMAL_BREED (ANIM_BREED_ID,ANIM_BREED_NAME,ANIM_BREED_HABITAT,ANIM_BREED_COUNTRIES_OF_ORIGIN,ANIM_BREED_PHOTO_FILENAME,ANIM_BREED_OTHER_DETAILS) values (6,'Bald Eagle','Near large bodies of water.','North America','Bald Eagle.jpg','Requires old-growth and mature stands of coniferous or hardwood trees.');
Insert into ANIMAL_BREED (ANIM_BREED_ID,ANIM_BREED_NAME,ANIM_BREED_HABITAT,ANIM_BREED_COUNTRIES_OF_ORIGIN,ANIM_BREED_PHOTO_FILENAME,ANIM_BREED_OTHER_DETAILS) values (7,'Straw-colored Fruit Bat','Forest and savanna.','Africa','Straw-colored Fruit Bat.jpg',null);
Insert into ANIMAL_BREED (ANIM_BREED_ID,ANIM_BREED_NAME,ANIM_BREED_HABITAT,ANIM_BREED_COUNTRIES_OF_ORIGIN,ANIM_BREED_PHOTO_FILENAME,ANIM_BREED_OTHER_DETAILS) values (8,'North American Beaver','Lakes, streams and tidal river deltas.','North America','North American Beaver.jpg','Largest rodent in North America, semi-aquatic.');
Insert into ANIMAL_BREED (ANIM_BREED_ID,ANIM_BREED_NAME,ANIM_BREED_HABITAT,ANIM_BREED_COUNTRIES_OF_ORIGIN,ANIM_BREED_PHOTO_FILENAME,ANIM_BREED_OTHER_DETAILS) values (9,'American Black Bear','Forested regions','North America','American Black Bear.jpg','Hibernate during the colder months.');
Insert into ANIMAL_BREED (ANIM_BREED_ID,ANIM_BREED_NAME,ANIM_BREED_HABITAT,ANIM_BREED_COUNTRIES_OF_ORIGIN,ANIM_BREED_PHOTO_FILENAME,ANIM_BREED_OTHER_DETAILS) values (10,'Bobcat','Woodlands','North America','Bobcat.jpg','Prefers woodlands, but not completely necessary.  Most active during dawn and twilight.');
Insert into ANIMAL_BREED (ANIM_BREED_ID,ANIM_BREED_NAME,ANIM_BREED_HABITAT,ANIM_BREED_COUNTRIES_OF_ORIGIN,ANIM_BREED_PHOTO_FILENAME,ANIM_BREED_OTHER_DETAILS) values (11,'Dromedary Camel','Desert/Grasslands','Northern Africa/Middle East','Dromedary Camel.jpg','Reputation for being bad-tempered animals that spit and kick.  Will show displeasure by stamping its feet.');
Insert into ANIMAL_BREED (ANIM_BREED_ID,ANIM_BREED_NAME,ANIM_BREED_HABITAT,ANIM_BREED_COUNTRIES_OF_ORIGIN,ANIM_BREED_PHOTO_FILENAME,ANIM_BREED_OTHER_DETAILS) values (12,'Caribou','Holarctic','Holarctic/Above the 50th Latitude','Caribou.jpg','Also known as reindeer.  Migrate about 5,000 km per year.');
Insert into ANIMAL_BREED (ANIM_BREED_ID,ANIM_BREED_NAME,ANIM_BREED_HABITAT,ANIM_BREED_COUNTRIES_OF_ORIGIN,ANIM_BREED_PHOTO_FILENAME,ANIM_BREED_OTHER_DETAILS) values (13,'Cheetah','Grasslands/Savannahs','Africa/Middle East','Cheetah.jpg','Fastest land animal at 70 to 75 mph.  Only living species of the genus Acinonyx.');
Insert into ANIMAL_BREED (ANIM_BREED_ID,ANIM_BREED_NAME,ANIM_BREED_HABITAT,ANIM_BREED_COUNTRIES_OF_ORIGIN,ANIM_BREED_PHOTO_FILENAME,ANIM_BREED_OTHER_DETAILS) values (14,'Chimpanzee','Tropical forests/wet savannas','Western and Central Africa','Chimpanzee.jpg','Genes are the most closely related to humans of any animal.  Have been known to use tools.');
Insert into ANIMAL_BREED (ANIM_BREED_ID,ANIM_BREED_NAME,ANIM_BREED_HABITAT,ANIM_BREED_COUNTRIES_OF_ORIGIN,ANIM_BREED_PHOTO_FILENAME,ANIM_BREED_OTHER_DETAILS) values (15,'California Condor','Rocky, mountainous areas.','Southwest United States','California Condor.jpg',null);
Insert into ANIMAL_BREED (ANIM_BREED_ID,ANIM_BREED_NAME,ANIM_BREED_HABITAT,ANIM_BREED_COUNTRIES_OF_ORIGIN,ANIM_BREED_PHOTO_FILENAME,ANIM_BREED_OTHER_DETAILS) values (16,'Cougar','Dense underbrush and rocky areas.','Southwestern United States and South America','Cougar.jpg','Second largest cat in the American continents.  Attacks on humans are rare.');
Insert into ANIMAL_BREED (ANIM_BREED_ID,ANIM_BREED_NAME,ANIM_BREED_HABITAT,ANIM_BREED_COUNTRIES_OF_ORIGIN,ANIM_BREED_PHOTO_FILENAME,ANIM_BREED_OTHER_DETAILS) values (17,'Coyote','Mostly anywhere, very adaptable.','North America','Coyote.jpg','Successful in a large variety of habitats.');
Insert into ANIMAL_BREED (ANIM_BREED_ID,ANIM_BREED_NAME,ANIM_BREED_HABITAT,ANIM_BREED_COUNTRIES_OF_ORIGIN,ANIM_BREED_PHOTO_FILENAME,ANIM_BREED_OTHER_DETAILS) values (18,'Dwarf Crocodile','Tropical lowlands.','Western and Central Africa','Dwarf Crocodile.jpg','Heavily armored neck, back and tail due to its smaller size.');
Insert into ANIMAL_BREED (ANIM_BREED_ID,ANIM_BREED_NAME,ANIM_BREED_HABITAT,ANIM_BREED_COUNTRIES_OF_ORIGIN,ANIM_BREED_PHOTO_FILENAME,ANIM_BREED_OTHER_DETAILS) values (19,'White-tailed Deer','Prairie and savanna woodlands.','North America/Europe','White-tailed Deer.jpg','Fossil records suggest its basic structure has not changed in four million years.');
Insert into ANIMAL_BREED (ANIM_BREED_ID,ANIM_BREED_NAME,ANIM_BREED_HABITAT,ANIM_BREED_COUNTRIES_OF_ORIGIN,ANIM_BREED_PHOTO_FILENAME,ANIM_BREED_OTHER_DETAILS) values (20,'Dolphin','Ocean','N/A','Dolphin.jpg','Use echolocation.');
Insert into ANIMAL_BREED (ANIM_BREED_ID,ANIM_BREED_NAME,ANIM_BREED_HABITAT,ANIM_BREED_COUNTRIES_OF_ORIGIN,ANIM_BREED_PHOTO_FILENAME,ANIM_BREED_OTHER_DETAILS) values (21,'Mallard','Temperate and sub-tropical regions.','North America/Europe/Asia/Africa/New Zealand/Australia','Mallard.jpg',null);
Insert into ANIMAL_BREED (ANIM_BREED_ID,ANIM_BREED_NAME,ANIM_BREED_HABITAT,ANIM_BREED_COUNTRIES_OF_ORIGIN,ANIM_BREED_PHOTO_FILENAME,ANIM_BREED_OTHER_DETAILS) values (22,'Giant Moray Eel','Saltwater','Indo-Pacific region/Red Sea/East Africa','Giant Moray Eel.jpg','Largest Moray Eel.  Can gor to 9.8 ft in length.');
Insert into ANIMAL_BREED (ANIM_BREED_ID,ANIM_BREED_NAME,ANIM_BREED_HABITAT,ANIM_BREED_COUNTRIES_OF_ORIGIN,ANIM_BREED_PHOTO_FILENAME,ANIM_BREED_OTHER_DETAILS) values (23,'African Bush Elephant','Prairie and savanna.','Africa','African Bush Elephant.jpg','Adult African Bush Elephants have no natural predators due to their size.');
Insert into ANIMAL_BREED (ANIM_BREED_ID,ANIM_BREED_NAME,ANIM_BREED_HABITAT,ANIM_BREED_COUNTRIES_OF_ORIGIN,ANIM_BREED_PHOTO_FILENAME,ANIM_BREED_OTHER_DETAILS) values (24,'Peregrine Falcon','Arctic tundra to the tropics','Everywhere except extreme polar regions','Peregrine Falcon.jpg','Fastest animal on the planet with top speeds over 200 mph.');
Insert into ANIMAL_BREED (ANIM_BREED_ID,ANIM_BREED_NAME,ANIM_BREED_HABITAT,ANIM_BREED_COUNTRIES_OF_ORIGIN,ANIM_BREED_PHOTO_FILENAME,ANIM_BREED_OTHER_DETAILS) values (25,'American Flamingo','Saline lagoons, mudflats and coastal or inland lakes.','Galapagos Islands/Carribean','American Flamingo.jpg','Has been spotted in Florida.');
Insert into ANIMAL_BREED (ANIM_BREED_ID,ANIM_BREED_NAME,ANIM_BREED_HABITAT,ANIM_BREED_COUNTRIES_OF_ORIGIN,ANIM_BREED_PHOTO_FILENAME,ANIM_BREED_OTHER_DETAILS) values (26,'Red Fox','Almost every habitat in the northern hemisphere.','North America/Eurasia','Red Fox.jpg','Largest species within the genus Vulpes');
Insert into ANIMAL_BREED (ANIM_BREED_ID,ANIM_BREED_NAME,ANIM_BREED_HABITAT,ANIM_BREED_COUNTRIES_OF_ORIGIN,ANIM_BREED_PHOTO_FILENAME,ANIM_BREED_OTHER_DETAILS) values (27,'Red-eyed Tree Frog','Forested regions near rivers or ponds.','Southern Mexico/Central America/Northern Columbia','Red-eyed Tree Frog.jpg',null);
Insert into ANIMAL_BREED (ANIM_BREED_ID,ANIM_BREED_NAME,ANIM_BREED_HABITAT,ANIM_BREED_COUNTRIES_OF_ORIGIN,ANIM_BREED_PHOTO_FILENAME,ANIM_BREED_OTHER_DETAILS) values (28,'Thomson''''s Gazelle','Savannas and grasslands','East Africa','Thomson''''s Gazelle.jpg','Often migrate in herds wih hundreds or thousands of other gazelles.');
Insert into ANIMAL_BREED (ANIM_BREED_ID,ANIM_BREED_NAME,ANIM_BREED_HABITAT,ANIM_BREED_COUNTRIES_OF_ORIGIN,ANIM_BREED_PHOTO_FILENAME,ANIM_BREED_OTHER_DETAILS) values (29,'Giant Panda','Montainous areas with bamboo.','China','Giant Panda.jpg',null);
Insert into ANIMAL_BREED (ANIM_BREED_ID,ANIM_BREED_NAME,ANIM_BREED_HABITAT,ANIM_BREED_COUNTRIES_OF_ORIGIN,ANIM_BREED_PHOTO_FILENAME,ANIM_BREED_OTHER_DETAILS) values (30,'Giraffe','Savannas, grasslands or open woodlands.','Southeastern Africa','Giraffe.jpg','Tallest of all land animal species.');
Insert into ANIMAL_BREED (ANIM_BREED_ID,ANIM_BREED_NAME,ANIM_BREED_HABITAT,ANIM_BREED_COUNTRIES_OF_ORIGIN,ANIM_BREED_PHOTO_FILENAME,ANIM_BREED_OTHER_DETAILS) values (31,'Canada Goose','Elevated areas near water.','North America','Canada Goose.jpg','Was thought to be extinct in the 1950''''s.');
Insert into ANIMAL_BREED (ANIM_BREED_ID,ANIM_BREED_NAME,ANIM_BREED_HABITAT,ANIM_BREED_COUNTRIES_OF_ORIGIN,ANIM_BREED_PHOTO_FILENAME,ANIM_BREED_OTHER_DETAILS) values (32,'Gorilla','Tropical or subtropical forests.','Central Africa','Gorilla.jpg','Have uniquely identifying fingerprints.');
Insert into ANIMAL_BREED (ANIM_BREED_ID,ANIM_BREED_NAME,ANIM_BREED_HABITAT,ANIM_BREED_COUNTRIES_OF_ORIGIN,ANIM_BREED_PHOTO_FILENAME,ANIM_BREED_OTHER_DETAILS) values (33,'Grizzly Bear','Open landscapes near bodies of water.','North America','Grizzly Bear.jpg','Second largest animal in North America');
Insert into ANIMAL_BREED (ANIM_BREED_ID,ANIM_BREED_NAME,ANIM_BREED_HABITAT,ANIM_BREED_COUNTRIES_OF_ORIGIN,ANIM_BREED_PHOTO_FILENAME,ANIM_BREED_OTHER_DETAILS) values (34,'Osprey','Temperate and tropical regions.','All continents except Antarctica.','Osprey.jpg','Fish make up 99% of the Osprey''''s diet.');
Insert into ANIMAL_BREED (ANIM_BREED_ID,ANIM_BREED_NAME,ANIM_BREED_HABITAT,ANIM_BREED_COUNTRIES_OF_ORIGIN,ANIM_BREED_PHOTO_FILENAME,ANIM_BREED_OTHER_DETAILS) values (35,'Hippopotamus','Rivers and Lakes','Sub-Saharan Africa','Hippopotamus.jpg','Third largest mammals in the world.');
Insert into ANIMAL_BREED (ANIM_BREED_ID,ANIM_BREED_NAME,ANIM_BREED_HABITAT,ANIM_BREED_COUNTRIES_OF_ORIGIN,ANIM_BREED_PHOTO_FILENAME,ANIM_BREED_OTHER_DETAILS) values (36,'Bee Hummingbird','Temerate climates','Cuba and Isla de la Juventud','Bee Hummingbird.jpg','Smallest living bird at 2 inches in length.');
Insert into ANIMAL_BREED (ANIM_BREED_ID,ANIM_BREED_NAME,ANIM_BREED_HABITAT,ANIM_BREED_COUNTRIES_OF_ORIGIN,ANIM_BREED_PHOTO_FILENAME,ANIM_BREED_OTHER_DETAILS) values (37,'Spotted Hyena','Savannah','Africa','Spotted Hyena.jpg',null);
Insert into ANIMAL_BREED (ANIM_BREED_ID,ANIM_BREED_NAME,ANIM_BREED_HABITAT,ANIM_BREED_COUNTRIES_OF_ORIGIN,ANIM_BREED_PHOTO_FILENAME,ANIM_BREED_OTHER_DETAILS) values (38,'Jaguar','Savannas and forests.','Southern United States to Argentina','Jaguar.jpg','Jaguars are the largest cat in North America');
Insert into ANIMAL_BREED (ANIM_BREED_ID,ANIM_BREED_NAME,ANIM_BREED_HABITAT,ANIM_BREED_COUNTRIES_OF_ORIGIN,ANIM_BREED_PHOTO_FILENAME,ANIM_BREED_OTHER_DETAILS) values (39,'Western Gray Kangaroo','Grasslands near water with nearby forests.','Southern Australia','Western Gray Kangaroo.jpg','Western Gray Kangaroos can reach speeds of up to 35 mph.');
Insert into ANIMAL_BREED (ANIM_BREED_ID,ANIM_BREED_NAME,ANIM_BREED_HABITAT,ANIM_BREED_COUNTRIES_OF_ORIGIN,ANIM_BREED_PHOTO_FILENAME,ANIM_BREED_OTHER_DETAILS) values (40,'Koala','Eucalyptus woodlands','Eastern Australia','Koala.jpg','Almost never need to drink due to the moisture in the euaclyptus leaves they eat.');
Insert into ANIMAL_BREED (ANIM_BREED_ID,ANIM_BREED_NAME,ANIM_BREED_HABITAT,ANIM_BREED_COUNTRIES_OF_ORIGIN,ANIM_BREED_PHOTO_FILENAME,ANIM_BREED_OTHER_DETAILS) values (41,'Komodo Dragon','Forest and savanna.','Sunda Islands of Indonesia','Komodo Dragon.jpg','Total habitat around the size of Rhode Island.');
Insert into ANIMAL_BREED (ANIM_BREED_ID,ANIM_BREED_NAME,ANIM_BREED_HABITAT,ANIM_BREED_COUNTRIES_OF_ORIGIN,ANIM_BREED_PHOTO_FILENAME,ANIM_BREED_OTHER_DETAILS) values (42,'Ring-tailed Lemur','Scrub and spiney dessert.','Madagascar','Ring-tailed Lemur.jpg','When disputes occur in a society, female Lemurs always win.');
Insert into ANIMAL_BREED (ANIM_BREED_ID,ANIM_BREED_NAME,ANIM_BREED_HABITAT,ANIM_BREED_COUNTRIES_OF_ORIGIN,ANIM_BREED_PHOTO_FILENAME,ANIM_BREED_OTHER_DETAILS) values (43,'Leopard','Desserts, brush, grasslands and lowland forests','Most of Africa','Leopard.jpg',null);
Insert into ANIMAL_BREED (ANIM_BREED_ID,ANIM_BREED_NAME,ANIM_BREED_HABITAT,ANIM_BREED_COUNTRIES_OF_ORIGIN,ANIM_BREED_PHOTO_FILENAME,ANIM_BREED_OTHER_DETAILS) values (44,'Lion','Grasslands and semi-arid plains','Sub-Saharan Africa','Lion.jpg','An adult lion''''s roar can be heard more than 5 miles away.');
Insert into ANIMAL_BREED (ANIM_BREED_ID,ANIM_BREED_NAME,ANIM_BREED_HABITAT,ANIM_BREED_COUNTRIES_OF_ORIGIN,ANIM_BREED_PHOTO_FILENAME,ANIM_BREED_OTHER_DETAILS) values (45,'Manatee','Warm tropical or subtropical salt or fresh water rich in seagrass.','North and South America and Africa','Manatee.jpg','Average 10 ft long and 800-1200 lbs.');
Insert into ANIMAL_BREED (ANIM_BREED_ID,ANIM_BREED_NAME,ANIM_BREED_HABITAT,ANIM_BREED_COUNTRIES_OF_ORIGIN,ANIM_BREED_PHOTO_FILENAME,ANIM_BREED_OTHER_DETAILS) values (46,'Moose','Boreal and mixed deciduous forests.','North America and Northern Eurasia','Moose.jpg','Largest extant species in the deer family.');
Insert into ANIMAL_BREED (ANIM_BREED_ID,ANIM_BREED_NAME,ANIM_BREED_HABITAT,ANIM_BREED_COUNTRIES_OF_ORIGIN,ANIM_BREED_PHOTO_FILENAME,ANIM_BREED_OTHER_DETAILS) values (47,'Mountain Goat','Mountainous regions.','North America','Mountain Goat.jpg','Not actually a member of the genus Capra, like true goats.');
Insert into ANIMAL_BREED (ANIM_BREED_ID,ANIM_BREED_NAME,ANIM_BREED_HABITAT,ANIM_BREED_COUNTRIES_OF_ORIGIN,ANIM_BREED_PHOTO_FILENAME,ANIM_BREED_OTHER_DETAILS) values (48,'Bornean Orangutan','Lowland swamp and rainforest regions.','Borneo','Bornean Orangutan.jpg','Solitary by nature, unlike other great apes.');
Insert into ANIMAL_BREED (ANIM_BREED_ID,ANIM_BREED_NAME,ANIM_BREED_HABITAT,ANIM_BREED_COUNTRIES_OF_ORIGIN,ANIM_BREED_PHOTO_FILENAME,ANIM_BREED_OTHER_DETAILS) values (49,'Ostrich','Open coutnry, desert areas and dry savanna.','East Africa','Ostrich.jpg',null);
Insert into ANIMAL_BREED (ANIM_BREED_ID,ANIM_BREED_NAME,ANIM_BREED_HABITAT,ANIM_BREED_COUNTRIES_OF_ORIGIN,ANIM_BREED_PHOTO_FILENAME,ANIM_BREED_OTHER_DETAILS) values (50,'Sea Otter','Coastal waters.','North Pacific Ocean','Sea Otter.jpg','Sea otters sleep by paddling with their hindflippers on their backs.');
Insert into ANIMAL_BREED (ANIM_BREED_ID,ANIM_BREED_NAME,ANIM_BREED_HABITAT,ANIM_BREED_COUNTRIES_OF_ORIGIN,ANIM_BREED_PHOTO_FILENAME,ANIM_BREED_OTHER_DETAILS) values (51,'Great Horned Owl','Wooded and open areas','North, Central and South America.','Great Horned Owl.jpg','If discovered during the day by small birds, they will often chase away the owl.');
Insert into ANIMAL_BREED (ANIM_BREED_ID,ANIM_BREED_NAME,ANIM_BREED_HABITAT,ANIM_BREED_COUNTRIES_OF_ORIGIN,ANIM_BREED_PHOTO_FILENAME,ANIM_BREED_OTHER_DETAILS) values (52,'Brown Pelican','Coastal areas and in bays and estuaries.','From Canada to northern Peru.','Brown Pelican.jpg','Known for diving to catch fish.');
Insert into ANIMAL_BREED (ANIM_BREED_ID,ANIM_BREED_NAME,ANIM_BREED_HABITAT,ANIM_BREED_COUNTRIES_OF_ORIGIN,ANIM_BREED_PHOTO_FILENAME,ANIM_BREED_OTHER_DETAILS) values (53,'Gentoo Penguin','Antarctic and subantarctic islands and peninsulas.','Circumpolar in subantarctic and Antarctic waters.','Gentoo Penguin.jpg','Gentoos are the third largest penguin.');
Insert into ANIMAL_BREED (ANIM_BREED_ID,ANIM_BREED_NAME,ANIM_BREED_HABITAT,ANIM_BREED_COUNTRIES_OF_ORIGIN,ANIM_BREED_PHOTO_FILENAME,ANIM_BREED_OTHER_DETAILS) values (54,'Piranha','Rivers','South America','Piranha.jpg',null);
Insert into ANIMAL_BREED (ANIM_BREED_ID,ANIM_BREED_NAME,ANIM_BREED_HABITAT,ANIM_BREED_COUNTRIES_OF_ORIGIN,ANIM_BREED_PHOTO_FILENAME,ANIM_BREED_OTHER_DETAILS) values (55,'Platypus','Coastal areas.','Australia','Platypus.jpg','One of the few venomous mammals.  Has a spur on the hind foot that delivers the venom.');
Insert into ANIMAL_BREED (ANIM_BREED_ID,ANIM_BREED_NAME,ANIM_BREED_HABITAT,ANIM_BREED_COUNTRIES_OF_ORIGIN,ANIM_BREED_PHOTO_FILENAME,ANIM_BREED_OTHER_DETAILS) values (56,'Polar Bear','Arctic sea ice, water, islands and continental coastlines.','Circumpolar arctic.','Polar Bear.jpg',null);
Insert into ANIMAL_BREED (ANIM_BREED_ID,ANIM_BREED_NAME,ANIM_BREED_HABITAT,ANIM_BREED_COUNTRIES_OF_ORIGIN,ANIM_BREED_PHOTO_FILENAME,ANIM_BREED_OTHER_DETAILS) values (57,'Crested Porcupine','Scrub, grasslands and plains.','Italy, North Africa and sub-Saharan Africa.','Crested Porcupine.jpg','Largest extant species of porcupine.');
Insert into ANIMAL_BREED (ANIM_BREED_ID,ANIM_BREED_NAME,ANIM_BREED_HABITAT,ANIM_BREED_COUNTRIES_OF_ORIGIN,ANIM_BREED_PHOTO_FILENAME,ANIM_BREED_OTHER_DETAILS) values (58,'Rabbit','Dry areas with soft, sandy soil.','Every continent except Asia and Antarctica','Rabbit.jpg','Newborn rabbits are called kittens.');
Insert into ANIMAL_BREED (ANIM_BREED_ID,ANIM_BREED_NAME,ANIM_BREED_HABITAT,ANIM_BREED_COUNTRIES_OF_ORIGIN,ANIM_BREED_PHOTO_FILENAME,ANIM_BREED_OTHER_DETAILS) values (59,'Raccoon','Forested areas with underbrush and near water.','North America and Central America','Raccoon.jpg','Highly dextrous hands that is able to pick up objects.');
Insert into ANIMAL_BREED (ANIM_BREED_ID,ANIM_BREED_NAME,ANIM_BREED_HABITAT,ANIM_BREED_COUNTRIES_OF_ORIGIN,ANIM_BREED_PHOTO_FILENAME,ANIM_BREED_OTHER_DETAILS) values (60,'Black Rhinocerous','Bushy plains, rugged hills and scrub lands.','Central and South Africa','Black Rhinocerous.jpg','Rhinocerous'''' horn isn''''t a true horn.  It grows from the skin and is not attached to the skull.');
Insert into ANIMAL_BREED (ANIM_BREED_ID,ANIM_BREED_NAME,ANIM_BREED_HABITAT,ANIM_BREED_COUNTRIES_OF_ORIGIN,ANIM_BREED_PHOTO_FILENAME,ANIM_BREED_OTHER_DETAILS) values (61,'Tiger Salamander','Near water in forest and prarie areas.','North America','Tiger Salamander.jpg',null);
Insert into ANIMAL_BREED (ANIM_BREED_ID,ANIM_BREED_NAME,ANIM_BREED_HABITAT,ANIM_BREED_COUNTRIES_OF_ORIGIN,ANIM_BREED_PHOTO_FILENAME,ANIM_BREED_OTHER_DETAILS) values (62,'California Sea Lion','Rocky and sandy beaches of coastal areas.','British Columbia to northern Mexico.','California Sea Lion.jpg','Form some of the largest congregations of marine mammals.');
Insert into ANIMAL_BREED (ANIM_BREED_ID,ANIM_BREED_NAME,ANIM_BREED_HABITAT,ANIM_BREED_COUNTRIES_OF_ORIGIN,ANIM_BREED_PHOTO_FILENAME,ANIM_BREED_OTHER_DETAILS) values (63,'Hawaiian Monk Seal','Coastal areas.','Hawaiian Islands','Hawaiian Monk Seal.jpg','Have not changed much in 14 million years.');
Insert into ANIMAL_BREED (ANIM_BREED_ID,ANIM_BREED_NAME,ANIM_BREED_HABITAT,ANIM_BREED_COUNTRIES_OF_ORIGIN,ANIM_BREED_PHOTO_FILENAME,ANIM_BREED_OTHER_DETAILS) values (64,'Leopard Shark','Temperate waters that are around 4 meters in depth.','Eastern Northern Pacific','Leopard Shark.jpg','The leopard shark feeds primarily on invertibrates.');
Insert into ANIMAL_BREED (ANIM_BREED_ID,ANIM_BREED_NAME,ANIM_BREED_HABITAT,ANIM_BREED_COUNTRIES_OF_ORIGIN,ANIM_BREED_PHOTO_FILENAME,ANIM_BREED_OTHER_DETAILS) values (65,'Two-toed Sloth','Tropical forest tree canopies.','South America','Two-toed Sloth.jpg',null);
Insert into ANIMAL_BREED (ANIM_BREED_ID,ANIM_BREED_NAME,ANIM_BREED_HABITAT,ANIM_BREED_COUNTRIES_OF_ORIGIN,ANIM_BREED_PHOTO_FILENAME,ANIM_BREED_OTHER_DETAILS) values (66,'Scarlet King Snake','Pinelands, praries, fields and suburban areas.','Eastern United States','Scarlet King Snake.jpg','The scarlet king snake is known for eating other snakes.');
Insert into ANIMAL_BREED (ANIM_BREED_ID,ANIM_BREED_NAME,ANIM_BREED_HABITAT,ANIM_BREED_COUNTRIES_OF_ORIGIN,ANIM_BREED_PHOTO_FILENAME,ANIM_BREED_OTHER_DETAILS) values (67,'Bengal Tiger','Tropical jungle, brush, marsh lands and grasslands.','Bangladesh, Nepal, India, Bhuton and Burma','Bengal Tiger.jpg',null);
Insert into ANIMAL_BREED (ANIM_BREED_ID,ANIM_BREED_NAME,ANIM_BREED_HABITAT,ANIM_BREED_COUNTRIES_OF_ORIGIN,ANIM_BREED_PHOTO_FILENAME,ANIM_BREED_OTHER_DETAILS) values (68,'Marine Toad','Tropical areas with water.','Central and South America','Marine Toad.jpg','The poison from the Marine Toad can be lethal to small and medium-sized animals.');
Insert into ANIMAL_BREED (ANIM_BREED_ID,ANIM_BREED_NAME,ANIM_BREED_HABITAT,ANIM_BREED_COUNTRIES_OF_ORIGIN,ANIM_BREED_PHOTO_FILENAME,ANIM_BREED_OTHER_DETAILS) values (69,'Sea Turtle','Shallow coastal waters.','Warm and temperate seas throughout the world.','Sea Turtle.jpg','Most sea turtles are not seen for the first year of their life, known as the ""lost year"".');
Insert into ANIMAL_BREED (ANIM_BREED_ID,ANIM_BREED_NAME,ANIM_BREED_HABITAT,ANIM_BREED_COUNTRIES_OF_ORIGIN,ANIM_BREED_PHOTO_FILENAME,ANIM_BREED_OTHER_DETAILS) values (70,'Black Vulture','Woodlands and open regions.','Southeastern United States, Central and South America.','Black Vulture.jpg',null);
Insert into ANIMAL_BREED (ANIM_BREED_ID,ANIM_BREED_NAME,ANIM_BREED_HABITAT,ANIM_BREED_COUNTRIES_OF_ORIGIN,ANIM_BREED_PHOTO_FILENAME,ANIM_BREED_OTHER_DETAILS) values (71,'Walrus','Shallow coastal waters.','Arctic Sea','Walrus.jpg','Walruses spend about two thirds of their life in water.');
Insert into ANIMAL_BREED (ANIM_BREED_ID,ANIM_BREED_NAME,ANIM_BREED_HABITAT,ANIM_BREED_COUNTRIES_OF_ORIGIN,ANIM_BREED_PHOTO_FILENAME,ANIM_BREED_OTHER_DETAILS) values (72,'Warthog','Savannah and lightly forested areas.','Central Africa','Warthog.jpg','Warthogs use burrows for shelter which they enter backwards.');
Insert into ANIMAL_BREED (ANIM_BREED_ID,ANIM_BREED_NAME,ANIM_BREED_HABITAT,ANIM_BREED_COUNTRIES_OF_ORIGIN,ANIM_BREED_PHOTO_FILENAME,ANIM_BREED_OTHER_DETAILS) values (73,'Killer Whale','Coastal and offshore waters.','Oceans worldwide.','Killer Whale.jpg',null);
Insert into ANIMAL_BREED (ANIM_BREED_ID,ANIM_BREED_NAME,ANIM_BREED_HABITAT,ANIM_BREED_COUNTRIES_OF_ORIGIN,ANIM_BREED_PHOTO_FILENAME,ANIM_BREED_OTHER_DETAILS) values (74,'Eastern White-Bearded Wildebeest','Grasslands','Kenya and Tanzania','Eastern White-Bearded Wildebeest.jpg','Calfs can stand and run 3-7 minutes after birth.');
Insert into ANIMAL_BREED (ANIM_BREED_ID,ANIM_BREED_NAME,ANIM_BREED_HABITAT,ANIM_BREED_COUNTRIES_OF_ORIGIN,ANIM_BREED_PHOTO_FILENAME,ANIM_BREED_OTHER_DETAILS) values (75,'Gray Wolf','All habitats except tropical forests and arid deserts.','North America, Libya, Egypt and Eurasia','Gray Wolf.jpg','Largest natural range of any terrestial mammal.');
Insert into ANIMAL_BREED (ANIM_BREED_ID,ANIM_BREED_NAME,ANIM_BREED_HABITAT,ANIM_BREED_COUNTRIES_OF_ORIGIN,ANIM_BREED_PHOTO_FILENAME,ANIM_BREED_OTHER_DETAILS) values (76,'Zebra','Semi-arid scrub and grasslands.','Kenya and Ethiopia.','Zebra.jpg','Stripes may cause a predator to be unable to single out an individual from a group.');

---------------------------------------------------
--   END DATA FOR TABLE ANIMAL_BREED
---------------------------------------------------


---------------------------------------------------
--   DATA FOR TABLE ANIMAL_CHECKUP
--   FILTER = none used
---------------------------------------------------
REM INSERTING into ANIMAL_CHECKUP
Insert into ANIMAL_CHECKUP (ANIM_CHECKUP_DATE,ANIM_ID,ANIM_CHECKUP_HEIGHT,ANIM_CHECKUP_WEIGHT,ANIM_CHECKUP_LENGTH,ANIM_CHECKUP_GENERAL_HEALTH,ANIM_CHECKUP_OTHER_DETAILS) values (to_timestamp('16-JUN-04 12.00.00.000000000 AM','DD-MON-RR HH.MI.SS.FF AM'),115,'6','312','100','Normal','Animal appears bored.');
Insert into ANIMAL_CHECKUP (ANIM_CHECKUP_DATE,ANIM_ID,ANIM_CHECKUP_HEIGHT,ANIM_CHECKUP_WEIGHT,ANIM_CHECKUP_LENGTH,ANIM_CHECKUP_GENERAL_HEALTH,ANIM_CHECKUP_OTHER_DETAILS) values (to_timestamp('01-JUN-04 12.00.00.000000000 AM','DD-MON-RR HH.MI.SS.FF AM'),115,'2','360','91','Malnourished',' ');
Insert into ANIMAL_CHECKUP (ANIM_CHECKUP_DATE,ANIM_ID,ANIM_CHECKUP_HEIGHT,ANIM_CHECKUP_WEIGHT,ANIM_CHECKUP_LENGTH,ANIM_CHECKUP_GENERAL_HEALTH,ANIM_CHECKUP_OTHER_DETAILS) values (to_timestamp('14-MAY-09 12.00.00.000000000 AM','DD-MON-RR HH.MI.SS.FF AM'),83,'33','211','83','Ill','Animal appears very tired and sluggish.');
Insert into ANIMAL_CHECKUP (ANIM_CHECKUP_DATE,ANIM_ID,ANIM_CHECKUP_HEIGHT,ANIM_CHECKUP_WEIGHT,ANIM_CHECKUP_LENGTH,ANIM_CHECKUP_GENERAL_HEALTH,ANIM_CHECKUP_OTHER_DETAILS) values (to_timestamp('17-MAY-01 12.00.00.000000000 AM','DD-MON-RR HH.MI.SS.FF AM'),86,'19','351','29','Normal',' ');
Insert into ANIMAL_CHECKUP (ANIM_CHECKUP_DATE,ANIM_ID,ANIM_CHECKUP_HEIGHT,ANIM_CHECKUP_WEIGHT,ANIM_CHECKUP_LENGTH,ANIM_CHECKUP_GENERAL_HEALTH,ANIM_CHECKUP_OTHER_DETAILS) values (to_timestamp('06-MAY-03 12.00.00.000000000 AM','DD-MON-RR HH.MI.SS.FF AM'),40,'25','275','56','Normal','Animal appears bored.');
Insert into ANIMAL_CHECKUP (ANIM_CHECKUP_DATE,ANIM_ID,ANIM_CHECKUP_HEIGHT,ANIM_CHECKUP_WEIGHT,ANIM_CHECKUP_LENGTH,ANIM_CHECKUP_GENERAL_HEALTH,ANIM_CHECKUP_OTHER_DETAILS) values (to_timestamp('19-MAY-08 12.00.00.000000000 AM','DD-MON-RR HH.MI.SS.FF AM'),115,'2','382','98','Normal',' ');
Insert into ANIMAL_CHECKUP (ANIM_CHECKUP_DATE,ANIM_ID,ANIM_CHECKUP_HEIGHT,ANIM_CHECKUP_WEIGHT,ANIM_CHECKUP_LENGTH,ANIM_CHECKUP_GENERAL_HEALTH,ANIM_CHECKUP_OTHER_DETAILS) values (to_timestamp('04-MAY-03 12.00.00.000000000 AM','DD-MON-RR HH.MI.SS.FF AM'),92,'2','377','171','Normal','Animal is very alert and playful');
Insert into ANIMAL_CHECKUP (ANIM_CHECKUP_DATE,ANIM_ID,ANIM_CHECKUP_HEIGHT,ANIM_CHECKUP_WEIGHT,ANIM_CHECKUP_LENGTH,ANIM_CHECKUP_GENERAL_HEALTH,ANIM_CHECKUP_OTHER_DETAILS) values (to_timestamp('28-MAY-06 12.00.00.000000000 AM','DD-MON-RR HH.MI.SS.FF AM'),99,'21','189','41','Normal','Animal is very alert and playful');
Insert into ANIMAL_CHECKUP (ANIM_CHECKUP_DATE,ANIM_ID,ANIM_CHECKUP_HEIGHT,ANIM_CHECKUP_WEIGHT,ANIM_CHECKUP_LENGTH,ANIM_CHECKUP_GENERAL_HEALTH,ANIM_CHECKUP_OTHER_DETAILS) values (to_timestamp('20-MAY-08 12.00.00.000000000 AM','DD-MON-RR HH.MI.SS.FF AM'),17,'3','185','13','Normal','Animal is very alert and playful');
Insert into ANIMAL_CHECKUP (ANIM_CHECKUP_DATE,ANIM_ID,ANIM_CHECKUP_HEIGHT,ANIM_CHECKUP_WEIGHT,ANIM_CHECKUP_LENGTH,ANIM_CHECKUP_GENERAL_HEALTH,ANIM_CHECKUP_OTHER_DETAILS) values (to_timestamp('06-MAY-09 12.00.00.000000000 AM','DD-MON-RR HH.MI.SS.FF AM'),83,'28','257','93','Normal',' ');
Insert into ANIMAL_CHECKUP (ANIM_CHECKUP_DATE,ANIM_ID,ANIM_CHECKUP_HEIGHT,ANIM_CHECKUP_WEIGHT,ANIM_CHECKUP_LENGTH,ANIM_CHECKUP_GENERAL_HEALTH,ANIM_CHECKUP_OTHER_DETAILS) values (to_timestamp('30-MAY-02 12.00.00.000000000 AM','DD-MON-RR HH.MI.SS.FF AM'),32,'14','212','81','Normal','Animal is very alert and playful');
Insert into ANIMAL_CHECKUP (ANIM_CHECKUP_DATE,ANIM_ID,ANIM_CHECKUP_HEIGHT,ANIM_CHECKUP_WEIGHT,ANIM_CHECKUP_LENGTH,ANIM_CHECKUP_GENERAL_HEALTH,ANIM_CHECKUP_OTHER_DETAILS) values (to_timestamp('11-MAY-04 12.00.00.000000000 AM','DD-MON-RR HH.MI.SS.FF AM'),99,'18','192','42','Normal',' ');
Insert into ANIMAL_CHECKUP (ANIM_CHECKUP_DATE,ANIM_ID,ANIM_CHECKUP_HEIGHT,ANIM_CHECKUP_WEIGHT,ANIM_CHECKUP_LENGTH,ANIM_CHECKUP_GENERAL_HEALTH,ANIM_CHECKUP_OTHER_DETAILS) values (to_timestamp('12-MAY-00 12.00.00.000000000 AM','DD-MON-RR HH.MI.SS.FF AM'),20,'3','-25','47','Normal',' ');
Insert into ANIMAL_CHECKUP (ANIM_CHECKUP_DATE,ANIM_ID,ANIM_CHECKUP_HEIGHT,ANIM_CHECKUP_WEIGHT,ANIM_CHECKUP_LENGTH,ANIM_CHECKUP_GENERAL_HEALTH,ANIM_CHECKUP_OTHER_DETAILS) values (to_timestamp('28-MAY-04 12.00.00.000000000 AM','DD-MON-RR HH.MI.SS.FF AM'),139,'14','279','127','Normal','Animal has poor dental hygiene');
Insert into ANIMAL_CHECKUP (ANIM_CHECKUP_DATE,ANIM_ID,ANIM_CHECKUP_HEIGHT,ANIM_CHECKUP_WEIGHT,ANIM_CHECKUP_LENGTH,ANIM_CHECKUP_GENERAL_HEALTH,ANIM_CHECKUP_OTHER_DETAILS) values (to_timestamp('01-MAY-06 12.00.00.000000000 AM','DD-MON-RR HH.MI.SS.FF AM'),190,'22','209','186','Normal',' ');
Insert into ANIMAL_CHECKUP (ANIM_CHECKUP_DATE,ANIM_ID,ANIM_CHECKUP_HEIGHT,ANIM_CHECKUP_WEIGHT,ANIM_CHECKUP_LENGTH,ANIM_CHECKUP_GENERAL_HEALTH,ANIM_CHECKUP_OTHER_DETAILS) values (to_timestamp('27-JUN-04 12.00.00.000000000 AM','DD-MON-RR HH.MI.SS.FF AM'),180,'18','17','68','Ill','Gums are swollen and inflamed.');
Insert into ANIMAL_CHECKUP (ANIM_CHECKUP_DATE,ANIM_ID,ANIM_CHECKUP_HEIGHT,ANIM_CHECKUP_WEIGHT,ANIM_CHECKUP_LENGTH,ANIM_CHECKUP_GENERAL_HEALTH,ANIM_CHECKUP_OTHER_DETAILS) values (to_timestamp('28-JUN-05 12.00.00.000000000 AM','DD-MON-RR HH.MI.SS.FF AM'),93,'7','218','57','Normal',' ');
Insert into ANIMAL_CHECKUP (ANIM_CHECKUP_DATE,ANIM_ID,ANIM_CHECKUP_HEIGHT,ANIM_CHECKUP_WEIGHT,ANIM_CHECKUP_LENGTH,ANIM_CHECKUP_GENERAL_HEALTH,ANIM_CHECKUP_OTHER_DETAILS) values (to_timestamp('08-JUN-05 12.00.00.000000000 AM','DD-MON-RR HH.MI.SS.FF AM'),52,'34','359','52','Normal',' ');
Insert into ANIMAL_CHECKUP (ANIM_CHECKUP_DATE,ANIM_ID,ANIM_CHECKUP_HEIGHT,ANIM_CHECKUP_WEIGHT,ANIM_CHECKUP_LENGTH,ANIM_CHECKUP_GENERAL_HEALTH,ANIM_CHECKUP_OTHER_DETAILS) values (to_timestamp('10-JUN-04 12.00.00.000000000 AM','DD-MON-RR HH.MI.SS.FF AM'),65,'6','319','64','Normal',' ');
Insert into ANIMAL_CHECKUP (ANIM_CHECKUP_DATE,ANIM_ID,ANIM_CHECKUP_HEIGHT,ANIM_CHECKUP_WEIGHT,ANIM_CHECKUP_LENGTH,ANIM_CHECKUP_GENERAL_HEALTH,ANIM_CHECKUP_OTHER_DETAILS) values (to_timestamp('26-JUN-03 12.00.00.000000000 AM','DD-MON-RR HH.MI.SS.FF AM'),54,'31','340','13','Ill','Gums are swollen and inflamed.');
Insert into ANIMAL_CHECKUP (ANIM_CHECKUP_DATE,ANIM_ID,ANIM_CHECKUP_HEIGHT,ANIM_CHECKUP_WEIGHT,ANIM_CHECKUP_LENGTH,ANIM_CHECKUP_GENERAL_HEALTH,ANIM_CHECKUP_OTHER_DETAILS) values (to_timestamp('25-JUN-04 12.00.00.000000000 AM','DD-MON-RR HH.MI.SS.FF AM'),65,'6','313','65','Normal','Animal is very alert and playful');
Insert into ANIMAL_CHECKUP (ANIM_CHECKUP_DATE,ANIM_ID,ANIM_CHECKUP_HEIGHT,ANIM_CHECKUP_WEIGHT,ANIM_CHECKUP_LENGTH,ANIM_CHECKUP_GENERAL_HEALTH,ANIM_CHECKUP_OTHER_DETAILS) values (to_timestamp('07-JUN-08 12.00.00.000000000 AM','DD-MON-RR HH.MI.SS.FF AM'),54,'29','402','12','Normal',' ');
Insert into ANIMAL_CHECKUP (ANIM_CHECKUP_DATE,ANIM_ID,ANIM_CHECKUP_HEIGHT,ANIM_CHECKUP_WEIGHT,ANIM_CHECKUP_LENGTH,ANIM_CHECKUP_GENERAL_HEALTH,ANIM_CHECKUP_OTHER_DETAILS) values (to_timestamp('17-JUN-99 12.00.00.000000000 AM','DD-MON-RR HH.MI.SS.FF AM'),5,'1','365','68','Normal',' ');
Insert into ANIMAL_CHECKUP (ANIM_CHECKUP_DATE,ANIM_ID,ANIM_CHECKUP_HEIGHT,ANIM_CHECKUP_WEIGHT,ANIM_CHECKUP_LENGTH,ANIM_CHECKUP_GENERAL_HEALTH,ANIM_CHECKUP_OTHER_DETAILS) values (to_timestamp('05-JUN-06 12.00.00.000000000 AM','DD-MON-RR HH.MI.SS.FF AM'),93,'6','224','58','Ill','Animal is vomiting daily.');
Insert into ANIMAL_CHECKUP (ANIM_CHECKUP_DATE,ANIM_ID,ANIM_CHECKUP_HEIGHT,ANIM_CHECKUP_WEIGHT,ANIM_CHECKUP_LENGTH,ANIM_CHECKUP_GENERAL_HEALTH,ANIM_CHECKUP_OTHER_DETAILS) values (to_timestamp('18-JUN-03 12.00.00.000000000 AM','DD-MON-RR HH.MI.SS.FF AM'),180,'17','41','61','Normal',' ');
Insert into ANIMAL_CHECKUP (ANIM_CHECKUP_DATE,ANIM_ID,ANIM_CHECKUP_HEIGHT,ANIM_CHECKUP_WEIGHT,ANIM_CHECKUP_LENGTH,ANIM_CHECKUP_GENERAL_HEALTH,ANIM_CHECKUP_OTHER_DETAILS) values (to_timestamp('09-JUN-05 12.00.00.000000000 AM','DD-MON-RR HH.MI.SS.FF AM'),11,'5','-4','192','Normal','Animal appears bored.');
Insert into ANIMAL_CHECKUP (ANIM_CHECKUP_DATE,ANIM_ID,ANIM_CHECKUP_HEIGHT,ANIM_CHECKUP_WEIGHT,ANIM_CHECKUP_LENGTH,ANIM_CHECKUP_GENERAL_HEALTH,ANIM_CHECKUP_OTHER_DETAILS) values (to_timestamp('08-JUN-02 12.00.00.000000000 AM','DD-MON-RR HH.MI.SS.FF AM'),10,'17','27','52','Normal',' ');
Insert into ANIMAL_CHECKUP (ANIM_CHECKUP_DATE,ANIM_ID,ANIM_CHECKUP_HEIGHT,ANIM_CHECKUP_WEIGHT,ANIM_CHECKUP_LENGTH,ANIM_CHECKUP_GENERAL_HEALTH,ANIM_CHECKUP_OTHER_DETAILS) values (to_timestamp('11-JUN-04 12.00.00.000000000 AM','DD-MON-RR HH.MI.SS.FF AM'),10,'16','30','54','Normal',' ');
Insert into ANIMAL_CHECKUP (ANIM_CHECKUP_DATE,ANIM_ID,ANIM_CHECKUP_HEIGHT,ANIM_CHECKUP_WEIGHT,ANIM_CHECKUP_LENGTH,ANIM_CHECKUP_GENERAL_HEALTH,ANIM_CHECKUP_OTHER_DETAILS) values (to_timestamp('09-JUN-02 12.00.00.000000000 AM','DD-MON-RR HH.MI.SS.FF AM'),149,'19','330','82','Normal','Animal appears bored.');
Insert into ANIMAL_CHECKUP (ANIM_CHECKUP_DATE,ANIM_ID,ANIM_CHECKUP_HEIGHT,ANIM_CHECKUP_WEIGHT,ANIM_CHECKUP_LENGTH,ANIM_CHECKUP_GENERAL_HEALTH,ANIM_CHECKUP_OTHER_DETAILS) values (to_timestamp('11-JUL-02 12.00.00.000000000 AM','DD-MON-RR HH.MI.SS.FF AM'),38,'23','329','104','Normal',' ');
Insert into ANIMAL_CHECKUP (ANIM_CHECKUP_DATE,ANIM_ID,ANIM_CHECKUP_HEIGHT,ANIM_CHECKUP_WEIGHT,ANIM_CHECKUP_LENGTH,ANIM_CHECKUP_GENERAL_HEALTH,ANIM_CHECKUP_OTHER_DETAILS) values (to_timestamp('31-JUL-00 12.00.00.000000000 AM','DD-MON-RR HH.MI.SS.FF AM'),108,'24','289','50','Ill','Animal is vomiting daily.');
Insert into ANIMAL_CHECKUP (ANIM_CHECKUP_DATE,ANIM_ID,ANIM_CHECKUP_HEIGHT,ANIM_CHECKUP_WEIGHT,ANIM_CHECKUP_LENGTH,ANIM_CHECKUP_GENERAL_HEALTH,ANIM_CHECKUP_OTHER_DETAILS) values (to_timestamp('19-JUL-06 12.00.00.000000000 AM','DD-MON-RR HH.MI.SS.FF AM'),38,'27','309','114','Normal',' ');
Insert into ANIMAL_CHECKUP (ANIM_CHECKUP_DATE,ANIM_ID,ANIM_CHECKUP_HEIGHT,ANIM_CHECKUP_WEIGHT,ANIM_CHECKUP_LENGTH,ANIM_CHECKUP_GENERAL_HEALTH,ANIM_CHECKUP_OTHER_DETAILS) values (to_timestamp('10-JUL-07 12.00.00.000000000 AM','DD-MON-RR HH.MI.SS.FF AM'),37,'8','276','4','Ill','Animal is vomiting daily.');
Insert into ANIMAL_CHECKUP (ANIM_CHECKUP_DATE,ANIM_ID,ANIM_CHECKUP_HEIGHT,ANIM_CHECKUP_WEIGHT,ANIM_CHECKUP_LENGTH,ANIM_CHECKUP_GENERAL_HEALTH,ANIM_CHECKUP_OTHER_DETAILS) values (to_timestamp('04-JUL-04 12.00.00.000000000 AM','DD-MON-RR HH.MI.SS.FF AM'),188,'9','175','57','Normal',' ');
Insert into ANIMAL_CHECKUP (ANIM_CHECKUP_DATE,ANIM_ID,ANIM_CHECKUP_HEIGHT,ANIM_CHECKUP_WEIGHT,ANIM_CHECKUP_LENGTH,ANIM_CHECKUP_GENERAL_HEALTH,ANIM_CHECKUP_OTHER_DETAILS) values (to_timestamp('17-JUL-07 12.00.00.000000000 AM','DD-MON-RR HH.MI.SS.FF AM'),175,'11','311','91','Normal','Animal appears bored.');
Insert into ANIMAL_CHECKUP (ANIM_CHECKUP_DATE,ANIM_ID,ANIM_CHECKUP_HEIGHT,ANIM_CHECKUP_WEIGHT,ANIM_CHECKUP_LENGTH,ANIM_CHECKUP_GENERAL_HEALTH,ANIM_CHECKUP_OTHER_DETAILS) values (to_timestamp('13-JUL-09 12.00.00.000000000 AM','DD-MON-RR HH.MI.SS.FF AM'),37,'10','224','-2','Normal',' ');
Insert into ANIMAL_CHECKUP (ANIM_CHECKUP_DATE,ANIM_ID,ANIM_CHECKUP_HEIGHT,ANIM_CHECKUP_WEIGHT,ANIM_CHECKUP_LENGTH,ANIM_CHECKUP_GENERAL_HEALTH,ANIM_CHECKUP_OTHER_DETAILS) values (to_timestamp('03-JUL-04 12.00.00.000000000 AM','DD-MON-RR HH.MI.SS.FF AM'),122,'5','330','134','Normal','Animal is very alert and playful');
Insert into ANIMAL_CHECKUP (ANIM_CHECKUP_DATE,ANIM_ID,ANIM_CHECKUP_HEIGHT,ANIM_CHECKUP_WEIGHT,ANIM_CHECKUP_LENGTH,ANIM_CHECKUP_GENERAL_HEALTH,ANIM_CHECKUP_OTHER_DETAILS) values (to_timestamp('01-MAR-01 12.00.00.000000000 AM','DD-MON-RR HH.MI.SS.FF AM'),58,'15','239','61','Normal',' ');
Insert into ANIMAL_CHECKUP (ANIM_CHECKUP_DATE,ANIM_ID,ANIM_CHECKUP_HEIGHT,ANIM_CHECKUP_WEIGHT,ANIM_CHECKUP_LENGTH,ANIM_CHECKUP_GENERAL_HEALTH,ANIM_CHECKUP_OTHER_DETAILS) values (to_timestamp('06-FEB-08 12.00.00.000000000 AM','DD-MON-RR HH.MI.SS.FF AM'),49,'20','52','51','Normal','Animal appears bored.');
Insert into ANIMAL_CHECKUP (ANIM_CHECKUP_DATE,ANIM_ID,ANIM_CHECKUP_HEIGHT,ANIM_CHECKUP_WEIGHT,ANIM_CHECKUP_LENGTH,ANIM_CHECKUP_GENERAL_HEALTH,ANIM_CHECKUP_OTHER_DETAILS) values (to_timestamp('28-FEB-02 12.00.00.000000000 AM','DD-MON-RR HH.MI.SS.FF AM'),9,'25','66','162','Normal',' ');
Insert into ANIMAL_CHECKUP (ANIM_CHECKUP_DATE,ANIM_ID,ANIM_CHECKUP_HEIGHT,ANIM_CHECKUP_WEIGHT,ANIM_CHECKUP_LENGTH,ANIM_CHECKUP_GENERAL_HEALTH,ANIM_CHECKUP_OTHER_DETAILS) values (to_timestamp('04-FEB-06 12.00.00.000000000 AM','DD-MON-RR HH.MI.SS.FF AM'),184,'16','286','131','Normal','Animal appears bored.');
Insert into ANIMAL_CHECKUP (ANIM_CHECKUP_DATE,ANIM_ID,ANIM_CHECKUP_HEIGHT,ANIM_CHECKUP_WEIGHT,ANIM_CHECKUP_LENGTH,ANIM_CHECKUP_GENERAL_HEALTH,ANIM_CHECKUP_OTHER_DETAILS) values (to_timestamp('14-FEB-02 12.00.00.000000000 AM','DD-MON-RR HH.MI.SS.FF AM'),77,'12','15','122','Normal',' ');
Insert into ANIMAL_CHECKUP (ANIM_CHECKUP_DATE,ANIM_ID,ANIM_CHECKUP_HEIGHT,ANIM_CHECKUP_WEIGHT,ANIM_CHECKUP_LENGTH,ANIM_CHECKUP_GENERAL_HEALTH,ANIM_CHECKUP_OTHER_DETAILS) values (to_timestamp('12-FEB-05 12.00.00.000000000 AM','DD-MON-RR HH.MI.SS.FF AM'),152,'20','343','70','Normal',' ');
Insert into ANIMAL_CHECKUP (ANIM_CHECKUP_DATE,ANIM_ID,ANIM_CHECKUP_HEIGHT,ANIM_CHECKUP_WEIGHT,ANIM_CHECKUP_LENGTH,ANIM_CHECKUP_GENERAL_HEALTH,ANIM_CHECKUP_OTHER_DETAILS) values (to_timestamp('15-FEB-04 12.00.00.000000000 AM','DD-MON-RR HH.MI.SS.FF AM'),9,'25','95','169','Normal',' ');
Insert into ANIMAL_CHECKUP (ANIM_CHECKUP_DATE,ANIM_ID,ANIM_CHECKUP_HEIGHT,ANIM_CHECKUP_WEIGHT,ANIM_CHECKUP_LENGTH,ANIM_CHECKUP_GENERAL_HEALTH,ANIM_CHECKUP_OTHER_DETAILS) values (to_timestamp('15-FEB-02 12.00.00.000000000 AM','DD-MON-RR HH.MI.SS.FF AM'),77,'14','81','120','Normal','Animal has poor dental hygiene');
Insert into ANIMAL_CHECKUP (ANIM_CHECKUP_DATE,ANIM_ID,ANIM_CHECKUP_HEIGHT,ANIM_CHECKUP_WEIGHT,ANIM_CHECKUP_LENGTH,ANIM_CHECKUP_GENERAL_HEALTH,ANIM_CHECKUP_OTHER_DETAILS) values (to_timestamp('18-FEB-06 12.00.00.000000000 AM','DD-MON-RR HH.MI.SS.FF AM'),14,'27','361','197','Normal','Animal has poor dental hygiene');
Insert into ANIMAL_CHECKUP (ANIM_CHECKUP_DATE,ANIM_ID,ANIM_CHECKUP_HEIGHT,ANIM_CHECKUP_WEIGHT,ANIM_CHECKUP_LENGTH,ANIM_CHECKUP_GENERAL_HEALTH,ANIM_CHECKUP_OTHER_DETAILS) values (to_timestamp('06-FEB-01 12.00.00.000000000 AM','DD-MON-RR HH.MI.SS.FF AM'),58,'18','247','69','Normal',' ');
Insert into ANIMAL_CHECKUP (ANIM_CHECKUP_DATE,ANIM_ID,ANIM_CHECKUP_HEIGHT,ANIM_CHECKUP_WEIGHT,ANIM_CHECKUP_LENGTH,ANIM_CHECKUP_GENERAL_HEALTH,ANIM_CHECKUP_OTHER_DETAILS) values (to_timestamp('02-FEB-07 12.00.00.000000000 AM','DD-MON-RR HH.MI.SS.FF AM'),76,'7','75','156','Normal',' ');
Insert into ANIMAL_CHECKUP (ANIM_CHECKUP_DATE,ANIM_ID,ANIM_CHECKUP_HEIGHT,ANIM_CHECKUP_WEIGHT,ANIM_CHECKUP_LENGTH,ANIM_CHECKUP_GENERAL_HEALTH,ANIM_CHECKUP_OTHER_DETAILS) values (to_timestamp('10-FEB-09 12.00.00.000000000 AM','DD-MON-RR HH.MI.SS.FF AM'),59,'30','80','50','Normal',' ');
Insert into ANIMAL_CHECKUP (ANIM_CHECKUP_DATE,ANIM_ID,ANIM_CHECKUP_HEIGHT,ANIM_CHECKUP_WEIGHT,ANIM_CHECKUP_LENGTH,ANIM_CHECKUP_GENERAL_HEALTH,ANIM_CHECKUP_OTHER_DETAILS) values (to_timestamp('03-MAR-03 12.00.00.000000000 AM','DD-MON-RR HH.MI.SS.FF AM'),55,'30','-12','172','Normal','Animal is very alert and playful');
Insert into ANIMAL_CHECKUP (ANIM_CHECKUP_DATE,ANIM_ID,ANIM_CHECKUP_HEIGHT,ANIM_CHECKUP_WEIGHT,ANIM_CHECKUP_LENGTH,ANIM_CHECKUP_GENERAL_HEALTH,ANIM_CHECKUP_OTHER_DETAILS) values (to_timestamp('03-MAR-07 12.00.00.000000000 AM','DD-MON-RR HH.MI.SS.FF AM'),63,'26','343','86','Normal',' ');
Insert into ANIMAL_CHECKUP (ANIM_CHECKUP_DATE,ANIM_ID,ANIM_CHECKUP_HEIGHT,ANIM_CHECKUP_WEIGHT,ANIM_CHECKUP_LENGTH,ANIM_CHECKUP_GENERAL_HEALTH,ANIM_CHECKUP_OTHER_DETAILS) values (to_timestamp('02-MAR-08 12.00.00.000000000 AM','DD-MON-RR HH.MI.SS.FF AM'),15,'12','103','136','Normal',' ');
Insert into ANIMAL_CHECKUP (ANIM_CHECKUP_DATE,ANIM_ID,ANIM_CHECKUP_HEIGHT,ANIM_CHECKUP_WEIGHT,ANIM_CHECKUP_LENGTH,ANIM_CHECKUP_GENERAL_HEALTH,ANIM_CHECKUP_OTHER_DETAILS) values (to_timestamp('08-MAR-04 12.00.00.000000000 AM','DD-MON-RR HH.MI.SS.FF AM'),23,'5','108','112','Normal',' ');
Insert into ANIMAL_CHECKUP (ANIM_CHECKUP_DATE,ANIM_ID,ANIM_CHECKUP_HEIGHT,ANIM_CHECKUP_WEIGHT,ANIM_CHECKUP_LENGTH,ANIM_CHECKUP_GENERAL_HEALTH,ANIM_CHECKUP_OTHER_DETAILS) values (to_timestamp('13-FEB-04 12.00.00.000000000 AM','DD-MON-RR HH.MI.SS.FF AM'),184,'14','266','130','Normal',' ');
Insert into ANIMAL_CHECKUP (ANIM_CHECKUP_DATE,ANIM_ID,ANIM_CHECKUP_HEIGHT,ANIM_CHECKUP_WEIGHT,ANIM_CHECKUP_LENGTH,ANIM_CHECKUP_GENERAL_HEALTH,ANIM_CHECKUP_OTHER_DETAILS) values (to_timestamp('16-MAR-02 12.00.00.000000000 AM','DD-MON-RR HH.MI.SS.FF AM'),100,'16','366','135','Normal',' ');
Insert into ANIMAL_CHECKUP (ANIM_CHECKUP_DATE,ANIM_ID,ANIM_CHECKUP_HEIGHT,ANIM_CHECKUP_WEIGHT,ANIM_CHECKUP_LENGTH,ANIM_CHECKUP_GENERAL_HEALTH,ANIM_CHECKUP_OTHER_DETAILS) values (to_timestamp('29-MAR-01 12.00.00.000000000 AM','DD-MON-RR HH.MI.SS.FF AM'),78,'18','251','131','Normal',' ');
Insert into ANIMAL_CHECKUP (ANIM_CHECKUP_DATE,ANIM_ID,ANIM_CHECKUP_HEIGHT,ANIM_CHECKUP_WEIGHT,ANIM_CHECKUP_LENGTH,ANIM_CHECKUP_GENERAL_HEALTH,ANIM_CHECKUP_OTHER_DETAILS) values (to_timestamp('04-MAR-07 12.00.00.000000000 AM','DD-MON-RR HH.MI.SS.FF AM'),87,'11','47','20','Ill','Animal appears very tired and sluggish.');
Insert into ANIMAL_CHECKUP (ANIM_CHECKUP_DATE,ANIM_ID,ANIM_CHECKUP_HEIGHT,ANIM_CHECKUP_WEIGHT,ANIM_CHECKUP_LENGTH,ANIM_CHECKUP_GENERAL_HEALTH,ANIM_CHECKUP_OTHER_DETAILS) values (to_timestamp('11-MAR-04 12.00.00.000000000 AM','DD-MON-RR HH.MI.SS.FF AM'),134,'1','324','45','Normal',' ');
Insert into ANIMAL_CHECKUP (ANIM_CHECKUP_DATE,ANIM_ID,ANIM_CHECKUP_HEIGHT,ANIM_CHECKUP_WEIGHT,ANIM_CHECKUP_LENGTH,ANIM_CHECKUP_GENERAL_HEALTH,ANIM_CHECKUP_OTHER_DETAILS) values (to_timestamp('12-MAR-04 12.00.00.000000000 AM','DD-MON-RR HH.MI.SS.FF AM'),133,'26','118','21','Normal','Animal appears bored.');
Insert into ANIMAL_CHECKUP (ANIM_CHECKUP_DATE,ANIM_ID,ANIM_CHECKUP_HEIGHT,ANIM_CHECKUP_WEIGHT,ANIM_CHECKUP_LENGTH,ANIM_CHECKUP_GENERAL_HEALTH,ANIM_CHECKUP_OTHER_DETAILS) values (to_timestamp('12-MAR-06 12.00.00.000000000 AM','DD-MON-RR HH.MI.SS.FF AM'),124,'6','323','135','Normal',' ');
Insert into ANIMAL_CHECKUP (ANIM_CHECKUP_DATE,ANIM_ID,ANIM_CHECKUP_HEIGHT,ANIM_CHECKUP_WEIGHT,ANIM_CHECKUP_LENGTH,ANIM_CHECKUP_GENERAL_HEALTH,ANIM_CHECKUP_OTHER_DETAILS) values (to_timestamp('16-MAR-10 12.00.00.000000000 AM','DD-MON-RR HH.MI.SS.FF AM'),155,'14','289','59','Normal',' ');
Insert into ANIMAL_CHECKUP (ANIM_CHECKUP_DATE,ANIM_ID,ANIM_CHECKUP_HEIGHT,ANIM_CHECKUP_WEIGHT,ANIM_CHECKUP_LENGTH,ANIM_CHECKUP_GENERAL_HEALTH,ANIM_CHECKUP_OTHER_DETAILS) values (to_timestamp('16-MAR-05 12.00.00.000000000 AM','DD-MON-RR HH.MI.SS.FF AM'),133,'23','123','16','Normal','Animal is very alert and playful');
Insert into ANIMAL_CHECKUP (ANIM_CHECKUP_DATE,ANIM_ID,ANIM_CHECKUP_HEIGHT,ANIM_CHECKUP_WEIGHT,ANIM_CHECKUP_LENGTH,ANIM_CHECKUP_GENERAL_HEALTH,ANIM_CHECKUP_OTHER_DETAILS) values (to_timestamp('12-FEB-02 12.00.00.000000000 AM','DD-MON-RR HH.MI.SS.FF AM'),152,'19','274','64','Normal',' ');
Insert into ANIMAL_CHECKUP (ANIM_CHECKUP_DATE,ANIM_ID,ANIM_CHECKUP_HEIGHT,ANIM_CHECKUP_WEIGHT,ANIM_CHECKUP_LENGTH,ANIM_CHECKUP_GENERAL_HEALTH,ANIM_CHECKUP_OTHER_DETAILS) values (to_timestamp('17-FEB-04 12.00.00.000000000 AM','DD-MON-RR HH.MI.SS.FF AM'),76,'6','74','154','Normal',' ');
Insert into ANIMAL_CHECKUP (ANIM_CHECKUP_DATE,ANIM_ID,ANIM_CHECKUP_HEIGHT,ANIM_CHECKUP_WEIGHT,ANIM_CHECKUP_LENGTH,ANIM_CHECKUP_GENERAL_HEALTH,ANIM_CHECKUP_OTHER_DETAILS) values (to_timestamp('21-FEB-06 12.00.00.000000000 AM','DD-MON-RR HH.MI.SS.FF AM'),14,'29','345','201','Normal',' ');
Insert into ANIMAL_CHECKUP (ANIM_CHECKUP_DATE,ANIM_ID,ANIM_CHECKUP_HEIGHT,ANIM_CHECKUP_WEIGHT,ANIM_CHECKUP_LENGTH,ANIM_CHECKUP_GENERAL_HEALTH,ANIM_CHECKUP_OTHER_DETAILS) values (to_timestamp('18-MAR-07 12.00.00.000000000 AM','DD-MON-RR HH.MI.SS.FF AM'),155,'14','336','61','Normal','Animal appears bored.');
Insert into ANIMAL_CHECKUP (ANIM_CHECKUP_DATE,ANIM_ID,ANIM_CHECKUP_HEIGHT,ANIM_CHECKUP_WEIGHT,ANIM_CHECKUP_LENGTH,ANIM_CHECKUP_GENERAL_HEALTH,ANIM_CHECKUP_OTHER_DETAILS) values (to_timestamp('24-MAR-05 12.00.00.000000000 AM','DD-MON-RR HH.MI.SS.FF AM'),128,'20','69','132','Normal',' ');
Insert into ANIMAL_CHECKUP (ANIM_CHECKUP_DATE,ANIM_ID,ANIM_CHECKUP_HEIGHT,ANIM_CHECKUP_WEIGHT,ANIM_CHECKUP_LENGTH,ANIM_CHECKUP_GENERAL_HEALTH,ANIM_CHECKUP_OTHER_DETAILS) values (to_timestamp('12-MAR-03 12.00.00.000000000 AM','DD-MON-RR HH.MI.SS.FF AM'),78,'15','223','131','Normal','Animal appears bored.');
Insert into ANIMAL_CHECKUP (ANIM_CHECKUP_DATE,ANIM_ID,ANIM_CHECKUP_HEIGHT,ANIM_CHECKUP_WEIGHT,ANIM_CHECKUP_LENGTH,ANIM_CHECKUP_GENERAL_HEALTH,ANIM_CHECKUP_OTHER_DETAILS) values (to_timestamp('28-MAR-05 12.00.00.000000000 AM','DD-MON-RR HH.MI.SS.FF AM'),105,'23','283','178','Normal','Animal appears bored.');
Insert into ANIMAL_CHECKUP (ANIM_CHECKUP_DATE,ANIM_ID,ANIM_CHECKUP_HEIGHT,ANIM_CHECKUP_WEIGHT,ANIM_CHECKUP_LENGTH,ANIM_CHECKUP_GENERAL_HEALTH,ANIM_CHECKUP_OTHER_DETAILS) values (to_timestamp('03-APR-07 12.00.00.000000000 AM','DD-MON-RR HH.MI.SS.FF AM'),1,'12','98','152','Normal',' ');
Insert into ANIMAL_CHECKUP (ANIM_CHECKUP_DATE,ANIM_ID,ANIM_CHECKUP_HEIGHT,ANIM_CHECKUP_WEIGHT,ANIM_CHECKUP_LENGTH,ANIM_CHECKUP_GENERAL_HEALTH,ANIM_CHECKUP_OTHER_DETAILS) values (to_timestamp('16-APR-06 12.00.00.000000000 AM','DD-MON-RR HH.MI.SS.FF AM'),7,'9','300','177','Normal',' ');
Insert into ANIMAL_CHECKUP (ANIM_CHECKUP_DATE,ANIM_ID,ANIM_CHECKUP_HEIGHT,ANIM_CHECKUP_WEIGHT,ANIM_CHECKUP_LENGTH,ANIM_CHECKUP_GENERAL_HEALTH,ANIM_CHECKUP_OTHER_DETAILS) values (to_timestamp('17-APR-06 12.00.00.000000000 AM','DD-MON-RR HH.MI.SS.FF AM'),98,'13','276','155','Normal',' ');
Insert into ANIMAL_CHECKUP (ANIM_CHECKUP_DATE,ANIM_ID,ANIM_CHECKUP_HEIGHT,ANIM_CHECKUP_WEIGHT,ANIM_CHECKUP_LENGTH,ANIM_CHECKUP_GENERAL_HEALTH,ANIM_CHECKUP_OTHER_DETAILS) values (to_timestamp('25-APR-05 12.00.00.000000000 AM','DD-MON-RR HH.MI.SS.FF AM'),129,'5','237','1','Normal','Animal appears bored.');
Insert into ANIMAL_CHECKUP (ANIM_CHECKUP_DATE,ANIM_ID,ANIM_CHECKUP_HEIGHT,ANIM_CHECKUP_WEIGHT,ANIM_CHECKUP_LENGTH,ANIM_CHECKUP_GENERAL_HEALTH,ANIM_CHECKUP_OTHER_DETAILS) values (to_timestamp('01-APR-06 12.00.00.000000000 AM','DD-MON-RR HH.MI.SS.FF AM'),106,'2','191','150','Normal',' ');
Insert into ANIMAL_CHECKUP (ANIM_CHECKUP_DATE,ANIM_ID,ANIM_CHECKUP_HEIGHT,ANIM_CHECKUP_WEIGHT,ANIM_CHECKUP_LENGTH,ANIM_CHECKUP_GENERAL_HEALTH,ANIM_CHECKUP_OTHER_DETAILS) values (to_timestamp('07-APR-04 12.00.00.000000000 AM','DD-MON-RR HH.MI.SS.FF AM'),96,'28','431','143','Normal',' ');
Insert into ANIMAL_CHECKUP (ANIM_CHECKUP_DATE,ANIM_ID,ANIM_CHECKUP_HEIGHT,ANIM_CHECKUP_WEIGHT,ANIM_CHECKUP_LENGTH,ANIM_CHECKUP_GENERAL_HEALTH,ANIM_CHECKUP_OTHER_DETAILS) values (to_timestamp('05-APR-05 12.00.00.000000000 AM','DD-MON-RR HH.MI.SS.FF AM'),168,'6','78','134','Normal',' ');
Insert into ANIMAL_CHECKUP (ANIM_CHECKUP_DATE,ANIM_ID,ANIM_CHECKUP_HEIGHT,ANIM_CHECKUP_WEIGHT,ANIM_CHECKUP_LENGTH,ANIM_CHECKUP_GENERAL_HEALTH,ANIM_CHECKUP_OTHER_DETAILS) values (to_timestamp('05-APR-09 12.00.00.000000000 AM','DD-MON-RR HH.MI.SS.FF AM'),1,'11','78','147','Normal','Animal appears bored.');
Insert into ANIMAL_CHECKUP (ANIM_CHECKUP_DATE,ANIM_ID,ANIM_CHECKUP_HEIGHT,ANIM_CHECKUP_WEIGHT,ANIM_CHECKUP_LENGTH,ANIM_CHECKUP_GENERAL_HEALTH,ANIM_CHECKUP_OTHER_DETAILS) values (to_timestamp('03-MAY-05 12.00.00.000000000 AM','DD-MON-RR HH.MI.SS.FF AM'),167,'29','12','66','Normal','Animal appears bored.');
Insert into ANIMAL_CHECKUP (ANIM_CHECKUP_DATE,ANIM_ID,ANIM_CHECKUP_HEIGHT,ANIM_CHECKUP_WEIGHT,ANIM_CHECKUP_LENGTH,ANIM_CHECKUP_GENERAL_HEALTH,ANIM_CHECKUP_OTHER_DETAILS) values (to_timestamp('12-MAY-10 12.00.00.000000000 AM','DD-MON-RR HH.MI.SS.FF AM'),69,'23','97','28','Normal',' ');
Insert into ANIMAL_CHECKUP (ANIM_CHECKUP_DATE,ANIM_ID,ANIM_CHECKUP_HEIGHT,ANIM_CHECKUP_WEIGHT,ANIM_CHECKUP_LENGTH,ANIM_CHECKUP_GENERAL_HEALTH,ANIM_CHECKUP_OTHER_DETAILS) values (to_timestamp('03-MAY-06 12.00.00.000000000 AM','DD-MON-RR HH.MI.SS.FF AM'),36,'23','342','101','Normal',' ');
Insert into ANIMAL_CHECKUP (ANIM_CHECKUP_DATE,ANIM_ID,ANIM_CHECKUP_HEIGHT,ANIM_CHECKUP_WEIGHT,ANIM_CHECKUP_LENGTH,ANIM_CHECKUP_GENERAL_HEALTH,ANIM_CHECKUP_OTHER_DETAILS) values (to_timestamp('20-MAY-04 12.00.00.000000000 AM','DD-MON-RR HH.MI.SS.FF AM'),46,'21','409','193','Normal','Animal is very alert and playful');
Insert into ANIMAL_CHECKUP (ANIM_CHECKUP_DATE,ANIM_ID,ANIM_CHECKUP_HEIGHT,ANIM_CHECKUP_WEIGHT,ANIM_CHECKUP_LENGTH,ANIM_CHECKUP_GENERAL_HEALTH,ANIM_CHECKUP_OTHER_DETAILS) values (to_timestamp('02-MAY-07 12.00.00.000000000 AM','DD-MON-RR HH.MI.SS.FF AM'),25,'16','230','13','Normal',' ');
Insert into ANIMAL_CHECKUP (ANIM_CHECKUP_DATE,ANIM_ID,ANIM_CHECKUP_HEIGHT,ANIM_CHECKUP_WEIGHT,ANIM_CHECKUP_LENGTH,ANIM_CHECKUP_GENERAL_HEALTH,ANIM_CHECKUP_OTHER_DETAILS) values (to_timestamp('01-MAY-09 12.00.00.000000000 AM','DD-MON-RR HH.MI.SS.FF AM'),174,'4','35','137','Normal',' ');
Insert into ANIMAL_CHECKUP (ANIM_CHECKUP_DATE,ANIM_ID,ANIM_CHECKUP_HEIGHT,ANIM_CHECKUP_WEIGHT,ANIM_CHECKUP_LENGTH,ANIM_CHECKUP_GENERAL_HEALTH,ANIM_CHECKUP_OTHER_DETAILS) values (to_timestamp('13-MAY-06 12.00.00.000000000 AM','DD-MON-RR HH.MI.SS.FF AM'),167,'28','37','62','Normal',' ');
Insert into ANIMAL_CHECKUP (ANIM_CHECKUP_DATE,ANIM_ID,ANIM_CHECKUP_HEIGHT,ANIM_CHECKUP_WEIGHT,ANIM_CHECKUP_LENGTH,ANIM_CHECKUP_GENERAL_HEALTH,ANIM_CHECKUP_OTHER_DETAILS) values (to_timestamp('31-MAY-04 12.00.00.000000000 AM','DD-MON-RR HH.MI.SS.FF AM'),99,'21','226','40','Normal',' ');
Insert into ANIMAL_CHECKUP (ANIM_CHECKUP_DATE,ANIM_ID,ANIM_CHECKUP_HEIGHT,ANIM_CHECKUP_WEIGHT,ANIM_CHECKUP_LENGTH,ANIM_CHECKUP_GENERAL_HEALTH,ANIM_CHECKUP_OTHER_DETAILS) values (to_timestamp('08-MAY-05 12.00.00.000000000 AM','DD-MON-RR HH.MI.SS.FF AM'),99,'22','160','43','Normal',' ');
Insert into ANIMAL_CHECKUP (ANIM_CHECKUP_DATE,ANIM_ID,ANIM_CHECKUP_HEIGHT,ANIM_CHECKUP_WEIGHT,ANIM_CHECKUP_LENGTH,ANIM_CHECKUP_GENERAL_HEALTH,ANIM_CHECKUP_OTHER_DETAILS) values (to_timestamp('24-JUN-06 12.00.00.000000000 AM','DD-MON-RR HH.MI.SS.FF AM'),13,'24','77','54','Normal','Animal is very alert and playful');
Insert into ANIMAL_CHECKUP (ANIM_CHECKUP_DATE,ANIM_ID,ANIM_CHECKUP_HEIGHT,ANIM_CHECKUP_WEIGHT,ANIM_CHECKUP_LENGTH,ANIM_CHECKUP_GENERAL_HEALTH,ANIM_CHECKUP_OTHER_DETAILS) values (to_timestamp('13-MAY-05 12.00.00.000000000 AM','DD-MON-RR HH.MI.SS.FF AM'),46,'22','359','193','Normal',' ');
Insert into ANIMAL_CHECKUP (ANIM_CHECKUP_DATE,ANIM_ID,ANIM_CHECKUP_HEIGHT,ANIM_CHECKUP_WEIGHT,ANIM_CHECKUP_LENGTH,ANIM_CHECKUP_GENERAL_HEALTH,ANIM_CHECKUP_OTHER_DETAILS) values (to_timestamp('22-MAY-04 12.00.00.000000000 AM','DD-MON-RR HH.MI.SS.FF AM'),32,'14','170','78','Normal','Animal is very alert and playful');
Insert into ANIMAL_CHECKUP (ANIM_CHECKUP_DATE,ANIM_ID,ANIM_CHECKUP_HEIGHT,ANIM_CHECKUP_WEIGHT,ANIM_CHECKUP_LENGTH,ANIM_CHECKUP_GENERAL_HEALTH,ANIM_CHECKUP_OTHER_DETAILS) values (to_timestamp('18-MAY-03 12.00.00.000000000 AM','DD-MON-RR HH.MI.SS.FF AM'),17,'4','114','18','Normal',' ');
Insert into ANIMAL_CHECKUP (ANIM_CHECKUP_DATE,ANIM_ID,ANIM_CHECKUP_HEIGHT,ANIM_CHECKUP_WEIGHT,ANIM_CHECKUP_LENGTH,ANIM_CHECKUP_GENERAL_HEALTH,ANIM_CHECKUP_OTHER_DETAILS) values (to_timestamp('08-MAY-07 12.00.00.000000000 AM','DD-MON-RR HH.MI.SS.FF AM'),174,'4','32','144','Normal','Animal appears bored.');
Insert into ANIMAL_CHECKUP (ANIM_CHECKUP_DATE,ANIM_ID,ANIM_CHECKUP_HEIGHT,ANIM_CHECKUP_WEIGHT,ANIM_CHECKUP_LENGTH,ANIM_CHECKUP_GENERAL_HEALTH,ANIM_CHECKUP_OTHER_DETAILS) values (to_timestamp('08-JUN-09 12.00.00.000000000 AM','DD-MON-RR HH.MI.SS.FF AM'),91,'17','50','84','Normal','Animal has poor dental hygiene');
Insert into ANIMAL_CHECKUP (ANIM_CHECKUP_DATE,ANIM_ID,ANIM_CHECKUP_HEIGHT,ANIM_CHECKUP_WEIGHT,ANIM_CHECKUP_LENGTH,ANIM_CHECKUP_GENERAL_HEALTH,ANIM_CHECKUP_OTHER_DETAILS) values (to_timestamp('27-JUN-06 12.00.00.000000000 AM','DD-MON-RR HH.MI.SS.FF AM'),65,'8','326','65','Normal',' ');
Insert into ANIMAL_CHECKUP (ANIM_CHECKUP_DATE,ANIM_ID,ANIM_CHECKUP_HEIGHT,ANIM_CHECKUP_WEIGHT,ANIM_CHECKUP_LENGTH,ANIM_CHECKUP_GENERAL_HEALTH,ANIM_CHECKUP_OTHER_DETAILS) values (to_timestamp('11-JUN-08 12.00.00.000000000 AM','DD-MON-RR HH.MI.SS.FF AM'),136,'3','134','36','Normal',' ');
Insert into ANIMAL_CHECKUP (ANIM_CHECKUP_DATE,ANIM_ID,ANIM_CHECKUP_HEIGHT,ANIM_CHECKUP_WEIGHT,ANIM_CHECKUP_LENGTH,ANIM_CHECKUP_GENERAL_HEALTH,ANIM_CHECKUP_OTHER_DETAILS) values (to_timestamp('02-JUN-07 12.00.00.000000000 AM','DD-MON-RR HH.MI.SS.FF AM'),91,'17','29','80','Normal',' ');
Insert into ANIMAL_CHECKUP (ANIM_CHECKUP_DATE,ANIM_ID,ANIM_CHECKUP_HEIGHT,ANIM_CHECKUP_WEIGHT,ANIM_CHECKUP_LENGTH,ANIM_CHECKUP_GENERAL_HEALTH,ANIM_CHECKUP_OTHER_DETAILS) values (to_timestamp('02-JUN-04 12.00.00.000000000 AM','DD-MON-RR HH.MI.SS.FF AM'),180,'19','0','67','Normal',' ');
Insert into ANIMAL_CHECKUP (ANIM_CHECKUP_DATE,ANIM_ID,ANIM_CHECKUP_HEIGHT,ANIM_CHECKUP_WEIGHT,ANIM_CHECKUP_LENGTH,ANIM_CHECKUP_GENERAL_HEALTH,ANIM_CHECKUP_OTHER_DETAILS) values (to_timestamp('10-JUN-09 12.00.00.000000000 AM','DD-MON-RR HH.MI.SS.FF AM'),11,'3','0','199','Normal',' ');
Insert into ANIMAL_CHECKUP (ANIM_CHECKUP_DATE,ANIM_ID,ANIM_CHECKUP_HEIGHT,ANIM_CHECKUP_WEIGHT,ANIM_CHECKUP_LENGTH,ANIM_CHECKUP_GENERAL_HEALTH,ANIM_CHECKUP_OTHER_DETAILS) values (to_timestamp('11-JUN-10 12.00.00.000000000 AM','DD-MON-RR HH.MI.SS.FF AM'),91,'17','26','80','Normal',' ');
Insert into ANIMAL_CHECKUP (ANIM_CHECKUP_DATE,ANIM_ID,ANIM_CHECKUP_HEIGHT,ANIM_CHECKUP_WEIGHT,ANIM_CHECKUP_LENGTH,ANIM_CHECKUP_GENERAL_HEALTH,ANIM_CHECKUP_OTHER_DETAILS) values (to_timestamp('18-JUN-03 12.00.00.000000000 AM','DD-MON-RR HH.MI.SS.FF AM'),136,'7','133','39','Normal',' ');
Insert into ANIMAL_CHECKUP (ANIM_CHECKUP_DATE,ANIM_ID,ANIM_CHECKUP_HEIGHT,ANIM_CHECKUP_WEIGHT,ANIM_CHECKUP_LENGTH,ANIM_CHECKUP_GENERAL_HEALTH,ANIM_CHECKUP_OTHER_DETAILS) values (to_timestamp('18-JUN-07 12.00.00.000000000 AM','DD-MON-RR HH.MI.SS.FF AM'),11,'4','75','189','Normal',' ');
Insert into ANIMAL_CHECKUP (ANIM_CHECKUP_DATE,ANIM_ID,ANIM_CHECKUP_HEIGHT,ANIM_CHECKUP_WEIGHT,ANIM_CHECKUP_LENGTH,ANIM_CHECKUP_GENERAL_HEALTH,ANIM_CHECKUP_OTHER_DETAILS) values (to_timestamp('26-JUN-00 12.00.00.000000000 AM','DD-MON-RR HH.MI.SS.FF AM'),10,'18','51','56','Normal',' ');
Insert into ANIMAL_CHECKUP (ANIM_CHECKUP_DATE,ANIM_ID,ANIM_CHECKUP_HEIGHT,ANIM_CHECKUP_WEIGHT,ANIM_CHECKUP_LENGTH,ANIM_CHECKUP_GENERAL_HEALTH,ANIM_CHECKUP_OTHER_DETAILS) values (to_timestamp('16-JUN-06 12.00.00.000000000 AM','DD-MON-RR HH.MI.SS.FF AM'),65,'10','296','71','Malnourished',' ');
Insert into ANIMAL_CHECKUP (ANIM_CHECKUP_DATE,ANIM_ID,ANIM_CHECKUP_HEIGHT,ANIM_CHECKUP_WEIGHT,ANIM_CHECKUP_LENGTH,ANIM_CHECKUP_GENERAL_HEALTH,ANIM_CHECKUP_OTHER_DETAILS) values (to_timestamp('27-JUN-07 12.00.00.000000000 AM','DD-MON-RR HH.MI.SS.FF AM'),142,'8','216','123','Normal',' ');
Insert into ANIMAL_CHECKUP (ANIM_CHECKUP_DATE,ANIM_ID,ANIM_CHECKUP_HEIGHT,ANIM_CHECKUP_WEIGHT,ANIM_CHECKUP_LENGTH,ANIM_CHECKUP_GENERAL_HEALTH,ANIM_CHECKUP_OTHER_DETAILS) values (to_timestamp('03-JUN-00 12.00.00.000000000 AM','DD-MON-RR HH.MI.SS.FF AM'),62,'7','336','161','Normal',' ');
Insert into ANIMAL_CHECKUP (ANIM_CHECKUP_DATE,ANIM_ID,ANIM_CHECKUP_HEIGHT,ANIM_CHECKUP_WEIGHT,ANIM_CHECKUP_LENGTH,ANIM_CHECKUP_GENERAL_HEALTH,ANIM_CHECKUP_OTHER_DETAILS) values (to_timestamp('09-JUN-09 12.00.00.000000000 AM','DD-MON-RR HH.MI.SS.FF AM'),93,'6','232','50','Normal',' ');
Insert into ANIMAL_CHECKUP (ANIM_CHECKUP_DATE,ANIM_ID,ANIM_CHECKUP_HEIGHT,ANIM_CHECKUP_WEIGHT,ANIM_CHECKUP_LENGTH,ANIM_CHECKUP_GENERAL_HEALTH,ANIM_CHECKUP_OTHER_DETAILS) values (to_timestamp('02-JUN-03 12.00.00.000000000 AM','DD-MON-RR HH.MI.SS.FF AM'),194,'30','260','148','Normal',' ');
Insert into ANIMAL_CHECKUP (ANIM_CHECKUP_DATE,ANIM_ID,ANIM_CHECKUP_HEIGHT,ANIM_CHECKUP_WEIGHT,ANIM_CHECKUP_LENGTH,ANIM_CHECKUP_GENERAL_HEALTH,ANIM_CHECKUP_OTHER_DETAILS) values (to_timestamp('22-JUN-09 12.00.00.000000000 AM','DD-MON-RR HH.MI.SS.FF AM'),45,'11','254','86','Normal','Animal is very alert and playful');
Insert into ANIMAL_CHECKUP (ANIM_CHECKUP_DATE,ANIM_ID,ANIM_CHECKUP_HEIGHT,ANIM_CHECKUP_WEIGHT,ANIM_CHECKUP_LENGTH,ANIM_CHECKUP_GENERAL_HEALTH,ANIM_CHECKUP_OTHER_DETAILS) values (to_timestamp('17-JUN-07 12.00.00.000000000 AM','DD-MON-RR HH.MI.SS.FF AM'),93,'8','273','51','Normal','Animal appears bored.');
Insert into ANIMAL_CHECKUP (ANIM_CHECKUP_DATE,ANIM_ID,ANIM_CHECKUP_HEIGHT,ANIM_CHECKUP_WEIGHT,ANIM_CHECKUP_LENGTH,ANIM_CHECKUP_GENERAL_HEALTH,ANIM_CHECKUP_OTHER_DETAILS) values (to_timestamp('25-JUN-05 12.00.00.000000000 AM','DD-MON-RR HH.MI.SS.FF AM'),146,'22','374','154','Normal',' ');
Insert into ANIMAL_CHECKUP (ANIM_CHECKUP_DATE,ANIM_ID,ANIM_CHECKUP_HEIGHT,ANIM_CHECKUP_WEIGHT,ANIM_CHECKUP_LENGTH,ANIM_CHECKUP_GENERAL_HEALTH,ANIM_CHECKUP_OTHER_DETAILS) values (to_timestamp('22-JUL-03 12.00.00.000000000 AM','DD-MON-RR HH.MI.SS.FF AM'),175,'11','252','93','Normal',' ');
Insert into ANIMAL_CHECKUP (ANIM_CHECKUP_DATE,ANIM_ID,ANIM_CHECKUP_HEIGHT,ANIM_CHECKUP_WEIGHT,ANIM_CHECKUP_LENGTH,ANIM_CHECKUP_GENERAL_HEALTH,ANIM_CHECKUP_OTHER_DETAILS) values (to_timestamp('15-JUL-02 12.00.00.000000000 AM','DD-MON-RR HH.MI.SS.FF AM'),112,'6','223','117','Normal','Animal is very alert and playful');
Insert into ANIMAL_CHECKUP (ANIM_CHECKUP_DATE,ANIM_ID,ANIM_CHECKUP_HEIGHT,ANIM_CHECKUP_WEIGHT,ANIM_CHECKUP_LENGTH,ANIM_CHECKUP_GENERAL_HEALTH,ANIM_CHECKUP_OTHER_DETAILS) values (to_timestamp('02-JUL-04 12.00.00.000000000 AM','DD-MON-RR HH.MI.SS.FF AM'),188,'9','182','53','Normal',' ');
Insert into ANIMAL_CHECKUP (ANIM_CHECKUP_DATE,ANIM_ID,ANIM_CHECKUP_HEIGHT,ANIM_CHECKUP_WEIGHT,ANIM_CHECKUP_LENGTH,ANIM_CHECKUP_GENERAL_HEALTH,ANIM_CHECKUP_OTHER_DETAILS) values (to_timestamp('06-JUL-05 12.00.00.000000000 AM','DD-MON-RR HH.MI.SS.FF AM'),181,'21','55','126','Normal',' ');
Insert into ANIMAL_CHECKUP (ANIM_CHECKUP_DATE,ANIM_ID,ANIM_CHECKUP_HEIGHT,ANIM_CHECKUP_WEIGHT,ANIM_CHECKUP_LENGTH,ANIM_CHECKUP_GENERAL_HEALTH,ANIM_CHECKUP_OTHER_DETAILS) values (to_timestamp('30-JUL-08 12.00.00.000000000 AM','DD-MON-RR HH.MI.SS.FF AM'),33,'31','343','192','Normal',' ');
Insert into ANIMAL_CHECKUP (ANIM_CHECKUP_DATE,ANIM_ID,ANIM_CHECKUP_HEIGHT,ANIM_CHECKUP_WEIGHT,ANIM_CHECKUP_LENGTH,ANIM_CHECKUP_GENERAL_HEALTH,ANIM_CHECKUP_OTHER_DETAILS) values (to_timestamp('08-JUL-04 12.00.00.000000000 AM','DD-MON-RR HH.MI.SS.FF AM'),2,'6','108','58','Malnourished',' ');
Insert into ANIMAL_CHECKUP (ANIM_CHECKUP_DATE,ANIM_ID,ANIM_CHECKUP_HEIGHT,ANIM_CHECKUP_WEIGHT,ANIM_CHECKUP_LENGTH,ANIM_CHECKUP_GENERAL_HEALTH,ANIM_CHECKUP_OTHER_DETAILS) values (to_timestamp('12-JUL-06 12.00.00.000000000 AM','DD-MON-RR HH.MI.SS.FF AM'),95,'5','4','87','Normal','Animal has poor dental hygiene');
Insert into ANIMAL_CHECKUP (ANIM_CHECKUP_DATE,ANIM_ID,ANIM_CHECKUP_HEIGHT,ANIM_CHECKUP_WEIGHT,ANIM_CHECKUP_LENGTH,ANIM_CHECKUP_GENERAL_HEALTH,ANIM_CHECKUP_OTHER_DETAILS) values (to_timestamp('18-JUL-06 12.00.00.000000000 AM','DD-MON-RR HH.MI.SS.FF AM'),95,'6','50','90','Normal',' ');
Insert into ANIMAL_CHECKUP (ANIM_CHECKUP_DATE,ANIM_ID,ANIM_CHECKUP_HEIGHT,ANIM_CHECKUP_WEIGHT,ANIM_CHECKUP_LENGTH,ANIM_CHECKUP_GENERAL_HEALTH,ANIM_CHECKUP_OTHER_DETAILS) values (to_timestamp('06-JUL-06 12.00.00.000000000 AM','DD-MON-RR HH.MI.SS.FF AM'),112,'6','201','122','Normal',' ');
Insert into ANIMAL_CHECKUP (ANIM_CHECKUP_DATE,ANIM_ID,ANIM_CHECKUP_HEIGHT,ANIM_CHECKUP_WEIGHT,ANIM_CHECKUP_LENGTH,ANIM_CHECKUP_GENERAL_HEALTH,ANIM_CHECKUP_OTHER_DETAILS) values (to_timestamp('06-JUL-05 12.00.00.000000000 AM','DD-MON-RR HH.MI.SS.FF AM'),114,'15','404','21','Normal','Animal appears bored.');
Insert into ANIMAL_CHECKUP (ANIM_CHECKUP_DATE,ANIM_ID,ANIM_CHECKUP_HEIGHT,ANIM_CHECKUP_WEIGHT,ANIM_CHECKUP_LENGTH,ANIM_CHECKUP_GENERAL_HEALTH,ANIM_CHECKUP_OTHER_DETAILS) values (to_timestamp('11-FEB-09 12.00.00.000000000 AM','DD-MON-RR HH.MI.SS.FF AM'),192,'12','49','196','Normal',' ');
Insert into ANIMAL_CHECKUP (ANIM_CHECKUP_DATE,ANIM_ID,ANIM_CHECKUP_HEIGHT,ANIM_CHECKUP_WEIGHT,ANIM_CHECKUP_LENGTH,ANIM_CHECKUP_GENERAL_HEALTH,ANIM_CHECKUP_OTHER_DETAILS) values (to_timestamp('23-FEB-04 12.00.00.000000000 AM','DD-MON-RR HH.MI.SS.FF AM'),88,'29','336','108','Normal','Animal is very alert and playful');
Insert into ANIMAL_CHECKUP (ANIM_CHECKUP_DATE,ANIM_ID,ANIM_CHECKUP_HEIGHT,ANIM_CHECKUP_WEIGHT,ANIM_CHECKUP_LENGTH,ANIM_CHECKUP_GENERAL_HEALTH,ANIM_CHECKUP_OTHER_DETAILS) values (to_timestamp('07-FEB-03 12.00.00.000000000 AM','DD-MON-RR HH.MI.SS.FF AM'),76,'4','42','152','Normal',' ');
Insert into ANIMAL_CHECKUP (ANIM_CHECKUP_DATE,ANIM_ID,ANIM_CHECKUP_HEIGHT,ANIM_CHECKUP_WEIGHT,ANIM_CHECKUP_LENGTH,ANIM_CHECKUP_GENERAL_HEALTH,ANIM_CHECKUP_OTHER_DETAILS) values (to_timestamp('06-FEB-08 12.00.00.000000000 AM','DD-MON-RR HH.MI.SS.FF AM'),192,'15','94','188','Malnourished','Animal rations should be increased by 5%');
Insert into ANIMAL_CHECKUP (ANIM_CHECKUP_DATE,ANIM_ID,ANIM_CHECKUP_HEIGHT,ANIM_CHECKUP_WEIGHT,ANIM_CHECKUP_LENGTH,ANIM_CHECKUP_GENERAL_HEALTH,ANIM_CHECKUP_OTHER_DETAILS) values (to_timestamp('22-FEB-07 12.00.00.000000000 AM','DD-MON-RR HH.MI.SS.FF AM'),59,'28','128','48','Normal',' ');
Insert into ANIMAL_CHECKUP (ANIM_CHECKUP_DATE,ANIM_ID,ANIM_CHECKUP_HEIGHT,ANIM_CHECKUP_WEIGHT,ANIM_CHECKUP_LENGTH,ANIM_CHECKUP_GENERAL_HEALTH,ANIM_CHECKUP_OTHER_DETAILS) values (to_timestamp('20-FEB-05 12.00.00.000000000 AM','DD-MON-RR HH.MI.SS.FF AM'),152,'22','295','67','Normal','Animal is very alert and playful');
Insert into ANIMAL_CHECKUP (ANIM_CHECKUP_DATE,ANIM_ID,ANIM_CHECKUP_HEIGHT,ANIM_CHECKUP_WEIGHT,ANIM_CHECKUP_LENGTH,ANIM_CHECKUP_GENERAL_HEALTH,ANIM_CHECKUP_OTHER_DETAILS) values (to_timestamp('12-MAR-05 12.00.00.000000000 AM','DD-MON-RR HH.MI.SS.FF AM'),184,'16','301','132','Normal',' ');
Insert into ANIMAL_CHECKUP (ANIM_CHECKUP_DATE,ANIM_ID,ANIM_CHECKUP_HEIGHT,ANIM_CHECKUP_WEIGHT,ANIM_CHECKUP_LENGTH,ANIM_CHECKUP_GENERAL_HEALTH,ANIM_CHECKUP_OTHER_DETAILS) values (to_timestamp('21-MAR-06 12.00.00.000000000 AM','DD-MON-RR HH.MI.SS.FF AM'),88,'29','396','106','Normal',' ');
Insert into ANIMAL_CHECKUP (ANIM_CHECKUP_DATE,ANIM_ID,ANIM_CHECKUP_HEIGHT,ANIM_CHECKUP_WEIGHT,ANIM_CHECKUP_LENGTH,ANIM_CHECKUP_GENERAL_HEALTH,ANIM_CHECKUP_OTHER_DETAILS) values (to_timestamp('03-MAR-02 12.00.00.000000000 AM','DD-MON-RR HH.MI.SS.FF AM'),76,'3','27','151','Ill','Gums are swollen and inflamed.');
Insert into ANIMAL_CHECKUP (ANIM_CHECKUP_DATE,ANIM_ID,ANIM_CHECKUP_HEIGHT,ANIM_CHECKUP_WEIGHT,ANIM_CHECKUP_LENGTH,ANIM_CHECKUP_GENERAL_HEALTH,ANIM_CHECKUP_OTHER_DETAILS) values (to_timestamp('12-MAR-07 12.00.00.000000000 AM','DD-MON-RR HH.MI.SS.FF AM'),138,'26','65','162','Normal','Animal is very alert and playful');
Insert into ANIMAL_CHECKUP (ANIM_CHECKUP_DATE,ANIM_ID,ANIM_CHECKUP_HEIGHT,ANIM_CHECKUP_WEIGHT,ANIM_CHECKUP_LENGTH,ANIM_CHECKUP_GENERAL_HEALTH,ANIM_CHECKUP_OTHER_DETAILS) values (to_timestamp('03-FEB-07 12.00.00.000000000 AM','DD-MON-RR HH.MI.SS.FF AM'),192,'14','104','189','Normal','Animal is very alert and playful');
Insert into ANIMAL_CHECKUP (ANIM_CHECKUP_DATE,ANIM_ID,ANIM_CHECKUP_HEIGHT,ANIM_CHECKUP_WEIGHT,ANIM_CHECKUP_LENGTH,ANIM_CHECKUP_GENERAL_HEALTH,ANIM_CHECKUP_OTHER_DETAILS) values (to_timestamp('28-FEB-03 12.00.00.000000000 AM','DD-MON-RR HH.MI.SS.FF AM'),79,'27','169','12','Ill',' ');
Insert into ANIMAL_CHECKUP (ANIM_CHECKUP_DATE,ANIM_ID,ANIM_CHECKUP_HEIGHT,ANIM_CHECKUP_WEIGHT,ANIM_CHECKUP_LENGTH,ANIM_CHECKUP_GENERAL_HEALTH,ANIM_CHECKUP_OTHER_DETAILS) values (to_timestamp('08-FEB-10 12.00.00.000000000 AM','DD-MON-RR HH.MI.SS.FF AM'),49,'24','75','59','Normal',' ');
Insert into ANIMAL_CHECKUP (ANIM_CHECKUP_DATE,ANIM_ID,ANIM_CHECKUP_HEIGHT,ANIM_CHECKUP_WEIGHT,ANIM_CHECKUP_LENGTH,ANIM_CHECKUP_GENERAL_HEALTH,ANIM_CHECKUP_OTHER_DETAILS) values (to_timestamp('26-MAR-01 12.00.00.000000000 AM','DD-MON-RR HH.MI.SS.FF AM'),42,'6','267','103','Normal','Animal has poor dental hygiene');
Insert into ANIMAL_CHECKUP (ANIM_CHECKUP_DATE,ANIM_ID,ANIM_CHECKUP_HEIGHT,ANIM_CHECKUP_WEIGHT,ANIM_CHECKUP_LENGTH,ANIM_CHECKUP_GENERAL_HEALTH,ANIM_CHECKUP_OTHER_DETAILS) values (to_timestamp('10-APR-07 12.00.00.000000000 AM','DD-MON-RR HH.MI.SS.FF AM'),117,'15','52','157','Normal',' ');
Insert into ANIMAL_CHECKUP (ANIM_CHECKUP_DATE,ANIM_ID,ANIM_CHECKUP_HEIGHT,ANIM_CHECKUP_WEIGHT,ANIM_CHECKUP_LENGTH,ANIM_CHECKUP_GENERAL_HEALTH,ANIM_CHECKUP_OTHER_DETAILS) values (to_timestamp('07-MAR-03 12.00.00.000000000 AM','DD-MON-RR HH.MI.SS.FF AM'),77,'13','31','118','Normal',' ');
Insert into ANIMAL_CHECKUP (ANIM_CHECKUP_DATE,ANIM_ID,ANIM_CHECKUP_HEIGHT,ANIM_CHECKUP_WEIGHT,ANIM_CHECKUP_LENGTH,ANIM_CHECKUP_GENERAL_HEALTH,ANIM_CHECKUP_OTHER_DETAILS) values (to_timestamp('17-FEB-08 12.00.00.000000000 AM','DD-MON-RR HH.MI.SS.FF AM'),101,'11','256','187','Normal',' ');
Insert into ANIMAL_CHECKUP (ANIM_CHECKUP_DATE,ANIM_ID,ANIM_CHECKUP_HEIGHT,ANIM_CHECKUP_WEIGHT,ANIM_CHECKUP_LENGTH,ANIM_CHECKUP_GENERAL_HEALTH,ANIM_CHECKUP_OTHER_DETAILS) values (to_timestamp('22-MAR-05 12.00.00.000000000 AM','DD-MON-RR HH.MI.SS.FF AM'),101,'12','273','184','Normal',' ');
Insert into ANIMAL_CHECKUP (ANIM_CHECKUP_DATE,ANIM_ID,ANIM_CHECKUP_HEIGHT,ANIM_CHECKUP_WEIGHT,ANIM_CHECKUP_LENGTH,ANIM_CHECKUP_GENERAL_HEALTH,ANIM_CHECKUP_OTHER_DETAILS) values (to_timestamp('21-MAR-06 12.00.00.000000000 AM','DD-MON-RR HH.MI.SS.FF AM'),23,'7','189','115','Normal',' ');
Insert into ANIMAL_CHECKUP (ANIM_CHECKUP_DATE,ANIM_ID,ANIM_CHECKUP_HEIGHT,ANIM_CHECKUP_WEIGHT,ANIM_CHECKUP_LENGTH,ANIM_CHECKUP_GENERAL_HEALTH,ANIM_CHECKUP_OTHER_DETAILS) values (to_timestamp('14-MAR-05 12.00.00.000000000 AM','DD-MON-RR HH.MI.SS.FF AM'),55,'32','-23','170','Normal',' ');
Insert into ANIMAL_CHECKUP (ANIM_CHECKUP_DATE,ANIM_ID,ANIM_CHECKUP_HEIGHT,ANIM_CHECKUP_WEIGHT,ANIM_CHECKUP_LENGTH,ANIM_CHECKUP_GENERAL_HEALTH,ANIM_CHECKUP_OTHER_DETAILS) values (to_timestamp('29-MAR-08 12.00.00.000000000 AM','DD-MON-RR HH.MI.SS.FF AM'),117,'14','131','161','Normal','Animal appears bored.');
Insert into ANIMAL_CHECKUP (ANIM_CHECKUP_DATE,ANIM_ID,ANIM_CHECKUP_HEIGHT,ANIM_CHECKUP_WEIGHT,ANIM_CHECKUP_LENGTH,ANIM_CHECKUP_GENERAL_HEALTH,ANIM_CHECKUP_OTHER_DETAILS) values (to_timestamp('14-MAR-03 12.00.00.000000000 AM','DD-MON-RR HH.MI.SS.FF AM'),42,'6','299','105','Normal',' ');
Insert into ANIMAL_CHECKUP (ANIM_CHECKUP_DATE,ANIM_ID,ANIM_CHECKUP_HEIGHT,ANIM_CHECKUP_WEIGHT,ANIM_CHECKUP_LENGTH,ANIM_CHECKUP_GENERAL_HEALTH,ANIM_CHECKUP_OTHER_DETAILS) values (to_timestamp('10-MAR-04 12.00.00.000000000 AM','DD-MON-RR HH.MI.SS.FF AM'),110,'32','228','165','Normal',' ');
Insert into ANIMAL_CHECKUP (ANIM_CHECKUP_DATE,ANIM_ID,ANIM_CHECKUP_HEIGHT,ANIM_CHECKUP_WEIGHT,ANIM_CHECKUP_LENGTH,ANIM_CHECKUP_GENERAL_HEALTH,ANIM_CHECKUP_OTHER_DETAILS) values (to_timestamp('04-MAR-01 12.00.00.000000000 AM','DD-MON-RR HH.MI.SS.FF AM'),55,'27','-19','174','Ill','Animal appears very tired and sluggish.');
Insert into ANIMAL_CHECKUP (ANIM_CHECKUP_DATE,ANIM_ID,ANIM_CHECKUP_HEIGHT,ANIM_CHECKUP_WEIGHT,ANIM_CHECKUP_LENGTH,ANIM_CHECKUP_GENERAL_HEALTH,ANIM_CHECKUP_OTHER_DETAILS) values (to_timestamp('12-MAR-06 12.00.00.000000000 AM','DD-MON-RR HH.MI.SS.FF AM'),110,'33','224','162','Normal','Animal appears bored.');
Insert into ANIMAL_CHECKUP (ANIM_CHECKUP_DATE,ANIM_ID,ANIM_CHECKUP_HEIGHT,ANIM_CHECKUP_WEIGHT,ANIM_CHECKUP_LENGTH,ANIM_CHECKUP_GENERAL_HEALTH,ANIM_CHECKUP_OTHER_DETAILS) values (to_timestamp('17-MAR-08 12.00.00.000000000 AM','DD-MON-RR HH.MI.SS.FF AM'),128,'24','92','124','Normal','Animal has poor dental hygiene');
Insert into ANIMAL_CHECKUP (ANIM_CHECKUP_DATE,ANIM_ID,ANIM_CHECKUP_HEIGHT,ANIM_CHECKUP_WEIGHT,ANIM_CHECKUP_LENGTH,ANIM_CHECKUP_GENERAL_HEALTH,ANIM_CHECKUP_OTHER_DETAILS) values (to_timestamp('01-MAR-03 12.00.00.000000000 AM','DD-MON-RR HH.MI.SS.FF AM'),63,'26','337','82','Malnourished',' ');
Insert into ANIMAL_CHECKUP (ANIM_CHECKUP_DATE,ANIM_ID,ANIM_CHECKUP_HEIGHT,ANIM_CHECKUP_WEIGHT,ANIM_CHECKUP_LENGTH,ANIM_CHECKUP_GENERAL_HEALTH,ANIM_CHECKUP_OTHER_DETAILS) values (to_timestamp('01-MAR-09 12.00.00.000000000 AM','DD-MON-RR HH.MI.SS.FF AM'),61,'12','116','60','Normal',' ');
Insert into ANIMAL_CHECKUP (ANIM_CHECKUP_DATE,ANIM_ID,ANIM_CHECKUP_HEIGHT,ANIM_CHECKUP_WEIGHT,ANIM_CHECKUP_LENGTH,ANIM_CHECKUP_GENERAL_HEALTH,ANIM_CHECKUP_OTHER_DETAILS) values (to_timestamp('08-MAR-05 12.00.00.000000000 AM','DD-MON-RR HH.MI.SS.FF AM'),134,'6','346','42','Normal','Animal is very alert and playful');
Insert into ANIMAL_CHECKUP (ANIM_CHECKUP_DATE,ANIM_ID,ANIM_CHECKUP_HEIGHT,ANIM_CHECKUP_WEIGHT,ANIM_CHECKUP_LENGTH,ANIM_CHECKUP_GENERAL_HEALTH,ANIM_CHECKUP_OTHER_DETAILS) values (to_timestamp('13-MAR-02 12.00.00.000000000 AM','DD-MON-RR HH.MI.SS.FF AM'),42,'5','210','99','Normal','Animal has poor dental hygiene');
Insert into ANIMAL_CHECKUP (ANIM_CHECKUP_DATE,ANIM_ID,ANIM_CHECKUP_HEIGHT,ANIM_CHECKUP_WEIGHT,ANIM_CHECKUP_LENGTH,ANIM_CHECKUP_GENERAL_HEALTH,ANIM_CHECKUP_OTHER_DETAILS) values (to_timestamp('09-MAR-07 12.00.00.000000000 AM','DD-MON-RR HH.MI.SS.FF AM'),117,'18','75','162','Normal','Animal is very alert and playful');
Insert into ANIMAL_CHECKUP (ANIM_CHECKUP_DATE,ANIM_ID,ANIM_CHECKUP_HEIGHT,ANIM_CHECKUP_WEIGHT,ANIM_CHECKUP_LENGTH,ANIM_CHECKUP_GENERAL_HEALTH,ANIM_CHECKUP_OTHER_DETAILS) values (to_timestamp('25-MAR-11 12.00.00.000000000 AM','DD-MON-RR HH.MI.SS.FF AM'),8,'8','49','176','Normal',' ');
Insert into ANIMAL_CHECKUP (ANIM_CHECKUP_DATE,ANIM_ID,ANIM_CHECKUP_HEIGHT,ANIM_CHECKUP_WEIGHT,ANIM_CHECKUP_LENGTH,ANIM_CHECKUP_GENERAL_HEALTH,ANIM_CHECKUP_OTHER_DETAILS) values (to_timestamp('24-APR-06 12.00.00.000000000 AM','DD-MON-RR HH.MI.SS.FF AM'),189,'23','305','32','Ill','Animal appears very tired and sluggish.');
Insert into ANIMAL_CHECKUP (ANIM_CHECKUP_DATE,ANIM_ID,ANIM_CHECKUP_HEIGHT,ANIM_CHECKUP_WEIGHT,ANIM_CHECKUP_LENGTH,ANIM_CHECKUP_GENERAL_HEALTH,ANIM_CHECKUP_OTHER_DETAILS) values (to_timestamp('28-MAR-06 12.00.00.000000000 AM','DD-MON-RR HH.MI.SS.FF AM'),117,'17','66','156','Normal','Animal has poor dental hygiene');
Insert into ANIMAL_CHECKUP (ANIM_CHECKUP_DATE,ANIM_ID,ANIM_CHECKUP_HEIGHT,ANIM_CHECKUP_WEIGHT,ANIM_CHECKUP_LENGTH,ANIM_CHECKUP_GENERAL_HEALTH,ANIM_CHECKUP_OTHER_DETAILS) values (to_timestamp('26-APR-08 12.00.00.000000000 AM','DD-MON-RR HH.MI.SS.FF AM'),129,'10','325','2','Normal',' ');
Insert into ANIMAL_CHECKUP (ANIM_CHECKUP_DATE,ANIM_ID,ANIM_CHECKUP_HEIGHT,ANIM_CHECKUP_WEIGHT,ANIM_CHECKUP_LENGTH,ANIM_CHECKUP_GENERAL_HEALTH,ANIM_CHECKUP_OTHER_DETAILS) values (to_timestamp('20-APR-07 12.00.00.000000000 AM','DD-MON-RR HH.MI.SS.FF AM'),98,'12','208','159','Normal',' ');
Insert into ANIMAL_CHECKUP (ANIM_CHECKUP_DATE,ANIM_ID,ANIM_CHECKUP_HEIGHT,ANIM_CHECKUP_WEIGHT,ANIM_CHECKUP_LENGTH,ANIM_CHECKUP_GENERAL_HEALTH,ANIM_CHECKUP_OTHER_DETAILS) values (to_timestamp('21-APR-09 12.00.00.000000000 AM','DD-MON-RR HH.MI.SS.FF AM'),168,'7','44','144','Normal',' ');
Insert into ANIMAL_CHECKUP (ANIM_CHECKUP_DATE,ANIM_ID,ANIM_CHECKUP_HEIGHT,ANIM_CHECKUP_WEIGHT,ANIM_CHECKUP_LENGTH,ANIM_CHECKUP_GENERAL_HEALTH,ANIM_CHECKUP_OTHER_DETAILS) values (to_timestamp('03-APR-10 12.00.00.000000000 AM','DD-MON-RR HH.MI.SS.FF AM'),26,'13','234','145','Normal',' ');
Insert into ANIMAL_CHECKUP (ANIM_CHECKUP_DATE,ANIM_ID,ANIM_CHECKUP_HEIGHT,ANIM_CHECKUP_WEIGHT,ANIM_CHECKUP_LENGTH,ANIM_CHECKUP_GENERAL_HEALTH,ANIM_CHECKUP_OTHER_DETAILS) values (to_timestamp('11-APR-07 12.00.00.000000000 AM','DD-MON-RR HH.MI.SS.FF AM'),1,'8','69','152','Normal','Animal appears bored.');
Insert into ANIMAL_CHECKUP (ANIM_CHECKUP_DATE,ANIM_ID,ANIM_CHECKUP_HEIGHT,ANIM_CHECKUP_WEIGHT,ANIM_CHECKUP_LENGTH,ANIM_CHECKUP_GENERAL_HEALTH,ANIM_CHECKUP_OTHER_DETAILS) values (to_timestamp('19-APR-10 12.00.00.000000000 AM','DD-MON-RR HH.MI.SS.FF AM'),189,'25','306','30','Normal',' ');
Insert into ANIMAL_CHECKUP (ANIM_CHECKUP_DATE,ANIM_ID,ANIM_CHECKUP_HEIGHT,ANIM_CHECKUP_WEIGHT,ANIM_CHECKUP_LENGTH,ANIM_CHECKUP_GENERAL_HEALTH,ANIM_CHECKUP_OTHER_DETAILS) values (to_timestamp('23-APR-09 12.00.00.000000000 AM','DD-MON-RR HH.MI.SS.FF AM'),98,'13','222','162','Normal','Animal appears bored.');
Insert into ANIMAL_CHECKUP (ANIM_CHECKUP_DATE,ANIM_ID,ANIM_CHECKUP_HEIGHT,ANIM_CHECKUP_WEIGHT,ANIM_CHECKUP_LENGTH,ANIM_CHECKUP_GENERAL_HEALTH,ANIM_CHECKUP_OTHER_DETAILS) values (to_timestamp('26-JUN-05 12.00.00.000000000 AM','DD-MON-RR HH.MI.SS.FF AM'),91,'15','35','86','Normal',' ');
Insert into ANIMAL_CHECKUP (ANIM_CHECKUP_DATE,ANIM_ID,ANIM_CHECKUP_HEIGHT,ANIM_CHECKUP_WEIGHT,ANIM_CHECKUP_LENGTH,ANIM_CHECKUP_GENERAL_HEALTH,ANIM_CHECKUP_OTHER_DETAILS) values (to_timestamp('10-JUN-07 12.00.00.000000000 AM','DD-MON-RR HH.MI.SS.FF AM'),141,'18','118','189','Malnourished','Animal rations should be increased by 5%');
Insert into ANIMAL_CHECKUP (ANIM_CHECKUP_DATE,ANIM_ID,ANIM_CHECKUP_HEIGHT,ANIM_CHECKUP_WEIGHT,ANIM_CHECKUP_LENGTH,ANIM_CHECKUP_GENERAL_HEALTH,ANIM_CHECKUP_OTHER_DETAILS) values (to_timestamp('12-JUN-07 12.00.00.000000000 AM','DD-MON-RR HH.MI.SS.FF AM'),16,'27','39','56','Normal','Animal has poor dental hygiene');
Insert into ANIMAL_CHECKUP (ANIM_CHECKUP_DATE,ANIM_ID,ANIM_CHECKUP_HEIGHT,ANIM_CHECKUP_WEIGHT,ANIM_CHECKUP_LENGTH,ANIM_CHECKUP_GENERAL_HEALTH,ANIM_CHECKUP_OTHER_DETAILS) values (to_timestamp('07-JUN-08 12.00.00.000000000 AM','DD-MON-RR HH.MI.SS.FF AM'),19,'9','-21','48','Normal','Animal is very alert and playful');
Insert into ANIMAL_CHECKUP (ANIM_CHECKUP_DATE,ANIM_ID,ANIM_CHECKUP_HEIGHT,ANIM_CHECKUP_WEIGHT,ANIM_CHECKUP_LENGTH,ANIM_CHECKUP_GENERAL_HEALTH,ANIM_CHECKUP_OTHER_DETAILS) values (to_timestamp('03-MAY-03 12.00.00.000000000 AM','DD-MON-RR HH.MI.SS.FF AM'),17,'0','181','20','Ill','Animal appears short of breath.');
Insert into ANIMAL_CHECKUP (ANIM_CHECKUP_DATE,ANIM_ID,ANIM_CHECKUP_HEIGHT,ANIM_CHECKUP_WEIGHT,ANIM_CHECKUP_LENGTH,ANIM_CHECKUP_GENERAL_HEALTH,ANIM_CHECKUP_OTHER_DETAILS) values (to_timestamp('27-JUN-10 12.00.00.000000000 AM','DD-MON-RR HH.MI.SS.FF AM'),153,'22','202','176','Malnourished','Animal rations should be increased by 5%');
Insert into ANIMAL_CHECKUP (ANIM_CHECKUP_DATE,ANIM_ID,ANIM_CHECKUP_HEIGHT,ANIM_CHECKUP_WEIGHT,ANIM_CHECKUP_LENGTH,ANIM_CHECKUP_GENERAL_HEALTH,ANIM_CHECKUP_OTHER_DETAILS) values (to_timestamp('17-MAY-11 12.00.00.000000000 AM','DD-MON-RR HH.MI.SS.FF AM'),183,'19','307','46','Normal',' ');
Insert into ANIMAL_CHECKUP (ANIM_CHECKUP_DATE,ANIM_ID,ANIM_CHECKUP_HEIGHT,ANIM_CHECKUP_WEIGHT,ANIM_CHECKUP_LENGTH,ANIM_CHECKUP_GENERAL_HEALTH,ANIM_CHECKUP_OTHER_DETAILS) values (to_timestamp('26-JUN-11 12.00.00.000000000 AM','DD-MON-RR HH.MI.SS.FF AM'),147,'5','93','165','Normal',' ');
Insert into ANIMAL_CHECKUP (ANIM_CHECKUP_DATE,ANIM_ID,ANIM_CHECKUP_HEIGHT,ANIM_CHECKUP_WEIGHT,ANIM_CHECKUP_LENGTH,ANIM_CHECKUP_GENERAL_HEALTH,ANIM_CHECKUP_OTHER_DETAILS) values (to_timestamp('07-JUL-07 12.00.00.000000000 AM','DD-MON-RR HH.MI.SS.FF AM'),146,'26','429','150','Normal',' ');
Insert into ANIMAL_CHECKUP (ANIM_CHECKUP_DATE,ANIM_ID,ANIM_CHECKUP_HEIGHT,ANIM_CHECKUP_WEIGHT,ANIM_CHECKUP_LENGTH,ANIM_CHECKUP_GENERAL_HEALTH,ANIM_CHECKUP_OTHER_DETAILS) values (to_timestamp('01-JUN-10 12.00.00.000000000 AM','DD-MON-RR HH.MI.SS.FF AM'),27,'24','135','100','Normal',' ');
Insert into ANIMAL_CHECKUP (ANIM_CHECKUP_DATE,ANIM_ID,ANIM_CHECKUP_HEIGHT,ANIM_CHECKUP_WEIGHT,ANIM_CHECKUP_LENGTH,ANIM_CHECKUP_GENERAL_HEALTH,ANIM_CHECKUP_OTHER_DETAILS) values (to_timestamp('02-JUN-10 12.00.00.000000000 AM','DD-MON-RR HH.MI.SS.FF AM'),68,'22','228','190','Normal',' ');
Insert into ANIMAL_CHECKUP (ANIM_CHECKUP_DATE,ANIM_ID,ANIM_CHECKUP_HEIGHT,ANIM_CHECKUP_WEIGHT,ANIM_CHECKUP_LENGTH,ANIM_CHECKUP_GENERAL_HEALTH,ANIM_CHECKUP_OTHER_DETAILS) values (to_timestamp('21-JUN-08 12.00.00.000000000 AM','DD-MON-RR HH.MI.SS.FF AM'),116,'19','175','38','Normal',' ');
Insert into ANIMAL_CHECKUP (ANIM_CHECKUP_DATE,ANIM_ID,ANIM_CHECKUP_HEIGHT,ANIM_CHECKUP_WEIGHT,ANIM_CHECKUP_LENGTH,ANIM_CHECKUP_GENERAL_HEALTH,ANIM_CHECKUP_OTHER_DETAILS) values (to_timestamp('28-JUN-07 12.00.00.000000000 AM','DD-MON-RR HH.MI.SS.FF AM'),11,'4','33','191','Normal',' ');
Insert into ANIMAL_CHECKUP (ANIM_CHECKUP_DATE,ANIM_ID,ANIM_CHECKUP_HEIGHT,ANIM_CHECKUP_WEIGHT,ANIM_CHECKUP_LENGTH,ANIM_CHECKUP_GENERAL_HEALTH,ANIM_CHECKUP_OTHER_DETAILS) values (to_timestamp('26-JUN-04 12.00.00.000000000 AM','DD-MON-RR HH.MI.SS.FF AM'),136,'8','145','34','Normal',' ');
Insert into ANIMAL_CHECKUP (ANIM_CHECKUP_DATE,ANIM_ID,ANIM_CHECKUP_HEIGHT,ANIM_CHECKUP_WEIGHT,ANIM_CHECKUP_LENGTH,ANIM_CHECKUP_GENERAL_HEALTH,ANIM_CHECKUP_OTHER_DETAILS) values (to_timestamp('06-JUN-11 12.00.00.000000000 AM','DD-MON-RR HH.MI.SS.FF AM'),141,'13','78','184','Normal','Animal has poor dental hygiene');
Insert into ANIMAL_CHECKUP (ANIM_CHECKUP_DATE,ANIM_ID,ANIM_CHECKUP_HEIGHT,ANIM_CHECKUP_WEIGHT,ANIM_CHECKUP_LENGTH,ANIM_CHECKUP_GENERAL_HEALTH,ANIM_CHECKUP_OTHER_DETAILS) values (to_timestamp('19-JUN-06 12.00.00.000000000 AM','DD-MON-RR HH.MI.SS.FF AM'),91,'20','72','79','Ill','Animal appears very tired and sluggish.');
Insert into ANIMAL_CHECKUP (ANIM_CHECKUP_DATE,ANIM_ID,ANIM_CHECKUP_HEIGHT,ANIM_CHECKUP_WEIGHT,ANIM_CHECKUP_LENGTH,ANIM_CHECKUP_GENERAL_HEALTH,ANIM_CHECKUP_OTHER_DETAILS) values (to_timestamp('08-JUL-09 12.00.00.000000000 AM','DD-MON-RR HH.MI.SS.FF AM'),114,'15','405','18','Normal','Animal is very alert and playful');
Insert into ANIMAL_CHECKUP (ANIM_CHECKUP_DATE,ANIM_ID,ANIM_CHECKUP_HEIGHT,ANIM_CHECKUP_WEIGHT,ANIM_CHECKUP_LENGTH,ANIM_CHECKUP_GENERAL_HEALTH,ANIM_CHECKUP_OTHER_DETAILS) values (to_timestamp('24-MAY-08 12.00.00.000000000 AM','DD-MON-RR HH.MI.SS.FF AM'),17,'3','123','16','Normal','Animal is very alert and playful');
Insert into ANIMAL_CHECKUP (ANIM_CHECKUP_DATE,ANIM_ID,ANIM_CHECKUP_HEIGHT,ANIM_CHECKUP_WEIGHT,ANIM_CHECKUP_LENGTH,ANIM_CHECKUP_GENERAL_HEALTH,ANIM_CHECKUP_OTHER_DETAILS) values (to_timestamp('29-JUL-07 12.00.00.000000000 AM','DD-MON-RR HH.MI.SS.FF AM'),53,'7','112','35','Normal',' ');
Insert into ANIMAL_CHECKUP (ANIM_CHECKUP_DATE,ANIM_ID,ANIM_CHECKUP_HEIGHT,ANIM_CHECKUP_WEIGHT,ANIM_CHECKUP_LENGTH,ANIM_CHECKUP_GENERAL_HEALTH,ANIM_CHECKUP_OTHER_DETAILS) values (to_timestamp('26-JUL-06 12.00.00.000000000 AM','DD-MON-RR HH.MI.SS.FF AM'),175,'13','298','89','Normal','Animal has poor dental hygiene');
Insert into ANIMAL_CHECKUP (ANIM_CHECKUP_DATE,ANIM_ID,ANIM_CHECKUP_HEIGHT,ANIM_CHECKUP_WEIGHT,ANIM_CHECKUP_LENGTH,ANIM_CHECKUP_GENERAL_HEALTH,ANIM_CHECKUP_OTHER_DETAILS) values (to_timestamp('16-JUL-06 12.00.00.000000000 AM','DD-MON-RR HH.MI.SS.FF AM'),2,'4','110','59','Normal',' ');
Insert into ANIMAL_CHECKUP (ANIM_CHECKUP_DATE,ANIM_ID,ANIM_CHECKUP_HEIGHT,ANIM_CHECKUP_WEIGHT,ANIM_CHECKUP_LENGTH,ANIM_CHECKUP_GENERAL_HEALTH,ANIM_CHECKUP_OTHER_DETAILS) values (to_timestamp('31-JUL-07 12.00.00.000000000 AM','DD-MON-RR HH.MI.SS.FF AM'),127,'27','403','129','Ill','Animal is vomiting daily.');
Insert into ANIMAL_CHECKUP (ANIM_CHECKUP_DATE,ANIM_ID,ANIM_CHECKUP_HEIGHT,ANIM_CHECKUP_WEIGHT,ANIM_CHECKUP_LENGTH,ANIM_CHECKUP_GENERAL_HEALTH,ANIM_CHECKUP_OTHER_DETAILS) values (to_timestamp('27-JUL-09 12.00.00.000000000 AM','DD-MON-RR HH.MI.SS.FF AM'),158,'5','17','22','Normal','Animal is very alert and playful');
Insert into ANIMAL_CHECKUP (ANIM_CHECKUP_DATE,ANIM_ID,ANIM_CHECKUP_HEIGHT,ANIM_CHECKUP_WEIGHT,ANIM_CHECKUP_LENGTH,ANIM_CHECKUP_GENERAL_HEALTH,ANIM_CHECKUP_OTHER_DETAILS) values (to_timestamp('24-JUL-08 12.00.00.000000000 AM','DD-MON-RR HH.MI.SS.FF AM'),114,'17','342','21','Normal',' ');
Insert into ANIMAL_CHECKUP (ANIM_CHECKUP_DATE,ANIM_ID,ANIM_CHECKUP_HEIGHT,ANIM_CHECKUP_WEIGHT,ANIM_CHECKUP_LENGTH,ANIM_CHECKUP_GENERAL_HEALTH,ANIM_CHECKUP_OTHER_DETAILS) values (to_timestamp('26-JUL-06 12.00.00.000000000 AM','DD-MON-RR HH.MI.SS.FF AM'),114,'17','339','12','Normal',' ');
Insert into ANIMAL_CHECKUP (ANIM_CHECKUP_DATE,ANIM_ID,ANIM_CHECKUP_HEIGHT,ANIM_CHECKUP_WEIGHT,ANIM_CHECKUP_LENGTH,ANIM_CHECKUP_GENERAL_HEALTH,ANIM_CHECKUP_OTHER_DETAILS) values (to_timestamp('23-JUL-09 12.00.00.000000000 AM','DD-MON-RR HH.MI.SS.FF AM'),158,'2','31','25','Normal','Animal appears bored.');
Insert into ANIMAL_CHECKUP (ANIM_CHECKUP_DATE,ANIM_ID,ANIM_CHECKUP_HEIGHT,ANIM_CHECKUP_WEIGHT,ANIM_CHECKUP_LENGTH,ANIM_CHECKUP_GENERAL_HEALTH,ANIM_CHECKUP_OTHER_DETAILS) values (to_timestamp('23-JUL-08 12.00.00.000000000 AM','DD-MON-RR HH.MI.SS.FF AM'),158,'4','43','17','Normal','Animal is very alert and playful');
Insert into ANIMAL_CHECKUP (ANIM_CHECKUP_DATE,ANIM_ID,ANIM_CHECKUP_HEIGHT,ANIM_CHECKUP_WEIGHT,ANIM_CHECKUP_LENGTH,ANIM_CHECKUP_GENERAL_HEALTH,ANIM_CHECKUP_OTHER_DETAILS) values (to_timestamp('09-JUL-12 12.00.00.000000000 AM','DD-MON-RR HH.MI.SS.FF AM'),153,'20','116','176','Normal',' ');
Insert into ANIMAL_CHECKUP (ANIM_CHECKUP_DATE,ANIM_ID,ANIM_CHECKUP_HEIGHT,ANIM_CHECKUP_WEIGHT,ANIM_CHECKUP_LENGTH,ANIM_CHECKUP_GENERAL_HEALTH,ANIM_CHECKUP_OTHER_DETAILS) values (to_timestamp('12-FEB-08 12.00.00.000000000 AM','DD-MON-RR HH.MI.SS.FF AM'),18,'5','244','100','Normal','Animal appears bored.');
Insert into ANIMAL_CHECKUP (ANIM_CHECKUP_DATE,ANIM_ID,ANIM_CHECKUP_HEIGHT,ANIM_CHECKUP_WEIGHT,ANIM_CHECKUP_LENGTH,ANIM_CHECKUP_GENERAL_HEALTH,ANIM_CHECKUP_OTHER_DETAILS) values (to_timestamp('02-FEB-07 12.00.00.000000000 AM','DD-MON-RR HH.MI.SS.FF AM'),121,'17','86','105','Normal',' ');
Insert into ANIMAL_CHECKUP (ANIM_CHECKUP_DATE,ANIM_ID,ANIM_CHECKUP_HEIGHT,ANIM_CHECKUP_WEIGHT,ANIM_CHECKUP_LENGTH,ANIM_CHECKUP_GENERAL_HEALTH,ANIM_CHECKUP_OTHER_DETAILS) values (to_timestamp('16-FEB-11 12.00.00.000000000 AM','DD-MON-RR HH.MI.SS.FF AM'),121,'14','22','99','Malnourished',' ');
Insert into ANIMAL_CHECKUP (ANIM_CHECKUP_DATE,ANIM_ID,ANIM_CHECKUP_HEIGHT,ANIM_CHECKUP_WEIGHT,ANIM_CHECKUP_LENGTH,ANIM_CHECKUP_GENERAL_HEALTH,ANIM_CHECKUP_OTHER_DETAILS) values (to_timestamp('06-FEB-08 12.00.00.000000000 AM','DD-MON-RR HH.MI.SS.FF AM'),35,'27','323','19','Ill','Gums are swollen and inflamed.');
Insert into ANIMAL_CHECKUP (ANIM_CHECKUP_DATE,ANIM_ID,ANIM_CHECKUP_HEIGHT,ANIM_CHECKUP_WEIGHT,ANIM_CHECKUP_LENGTH,ANIM_CHECKUP_GENERAL_HEALTH,ANIM_CHECKUP_OTHER_DETAILS) values (to_timestamp('25-FEB-09 12.00.00.000000000 AM','DD-MON-RR HH.MI.SS.FF AM'),4,'6','263','154','Normal',' ');
Insert into ANIMAL_CHECKUP (ANIM_CHECKUP_DATE,ANIM_ID,ANIM_CHECKUP_HEIGHT,ANIM_CHECKUP_WEIGHT,ANIM_CHECKUP_LENGTH,ANIM_CHECKUP_GENERAL_HEALTH,ANIM_CHECKUP_OTHER_DETAILS) values (to_timestamp('18-FEB-10 12.00.00.000000000 AM','DD-MON-RR HH.MI.SS.FF AM'),186,'14','136','64','Ill','Gums are swollen and inflamed.');
Insert into ANIMAL_CHECKUP (ANIM_CHECKUP_DATE,ANIM_ID,ANIM_CHECKUP_HEIGHT,ANIM_CHECKUP_WEIGHT,ANIM_CHECKUP_LENGTH,ANIM_CHECKUP_GENERAL_HEALTH,ANIM_CHECKUP_OTHER_DETAILS) values (to_timestamp('19-FEB-09 12.00.00.000000000 AM','DD-MON-RR HH.MI.SS.FF AM'),148,'9','95','168','Normal','Animal is very alert and playful');
Insert into ANIMAL_CHECKUP (ANIM_CHECKUP_DATE,ANIM_ID,ANIM_CHECKUP_HEIGHT,ANIM_CHECKUP_WEIGHT,ANIM_CHECKUP_LENGTH,ANIM_CHECKUP_GENERAL_HEALTH,ANIM_CHECKUP_OTHER_DETAILS) values (to_timestamp('15-FEB-11 12.00.00.000000000 AM','DD-MON-RR HH.MI.SS.FF AM'),186,'10','186','65','Ill','Gums are swollen and inflamed.');
Insert into ANIMAL_CHECKUP (ANIM_CHECKUP_DATE,ANIM_ID,ANIM_CHECKUP_HEIGHT,ANIM_CHECKUP_WEIGHT,ANIM_CHECKUP_LENGTH,ANIM_CHECKUP_GENERAL_HEALTH,ANIM_CHECKUP_OTHER_DETAILS) values (to_timestamp('14-MAR-10 12.00.00.000000000 AM','DD-MON-RR HH.MI.SS.FF AM'),121,'14','1','99','Normal',' ');
Insert into ANIMAL_CHECKUP (ANIM_CHECKUP_DATE,ANIM_ID,ANIM_CHECKUP_HEIGHT,ANIM_CHECKUP_WEIGHT,ANIM_CHECKUP_LENGTH,ANIM_CHECKUP_GENERAL_HEALTH,ANIM_CHECKUP_OTHER_DETAILS) values (to_timestamp('23-FEB-12 12.00.00.000000000 AM','DD-MON-RR HH.MI.SS.FF AM'),29,'3','288','126','Normal',' ');
Insert into ANIMAL_CHECKUP (ANIM_CHECKUP_DATE,ANIM_ID,ANIM_CHECKUP_HEIGHT,ANIM_CHECKUP_WEIGHT,ANIM_CHECKUP_LENGTH,ANIM_CHECKUP_GENERAL_HEALTH,ANIM_CHECKUP_OTHER_DETAILS) values (to_timestamp('08-FEB-12 12.00.00.000000000 AM','DD-MON-RR HH.MI.SS.FF AM'),44,'25','173','69','Normal',' ');
Insert into ANIMAL_CHECKUP (ANIM_CHECKUP_DATE,ANIM_ID,ANIM_CHECKUP_HEIGHT,ANIM_CHECKUP_WEIGHT,ANIM_CHECKUP_LENGTH,ANIM_CHECKUP_GENERAL_HEALTH,ANIM_CHECKUP_OTHER_DETAILS) values (to_timestamp('12-FEB-13 12.00.00.000000000 AM','DD-MON-RR HH.MI.SS.FF AM'),169,'19','171','64','Normal','Animal appears bored.');
Insert into ANIMAL_CHECKUP (ANIM_CHECKUP_DATE,ANIM_ID,ANIM_CHECKUP_HEIGHT,ANIM_CHECKUP_WEIGHT,ANIM_CHECKUP_LENGTH,ANIM_CHECKUP_GENERAL_HEALTH,ANIM_CHECKUP_OTHER_DETAILS) values (to_timestamp('01-MAR-09 12.00.00.000000000 AM','DD-MON-RR HH.MI.SS.FF AM'),131,'10','91','118','Normal',' ');
Insert into ANIMAL_CHECKUP (ANIM_CHECKUP_DATE,ANIM_ID,ANIM_CHECKUP_HEIGHT,ANIM_CHECKUP_WEIGHT,ANIM_CHECKUP_LENGTH,ANIM_CHECKUP_GENERAL_HEALTH,ANIM_CHECKUP_OTHER_DETAILS) values (to_timestamp('16-FEB-06 12.00.00.000000000 AM','DD-MON-RR HH.MI.SS.FF AM'),88,'27','409','106','Normal',' ');
Insert into ANIMAL_CHECKUP (ANIM_CHECKUP_DATE,ANIM_ID,ANIM_CHECKUP_HEIGHT,ANIM_CHECKUP_WEIGHT,ANIM_CHECKUP_LENGTH,ANIM_CHECKUP_GENERAL_HEALTH,ANIM_CHECKUP_OTHER_DETAILS) values (to_timestamp('14-FEB-08 12.00.00.000000000 AM','DD-MON-RR HH.MI.SS.FF AM'),88,'25','368','111','Normal',' ');
Insert into ANIMAL_CHECKUP (ANIM_CHECKUP_DATE,ANIM_ID,ANIM_CHECKUP_HEIGHT,ANIM_CHECKUP_WEIGHT,ANIM_CHECKUP_LENGTH,ANIM_CHECKUP_GENERAL_HEALTH,ANIM_CHECKUP_OTHER_DETAILS) values (to_timestamp('01-FEB-11 12.00.00.000000000 AM','DD-MON-RR HH.MI.SS.FF AM'),162,'17','379','86','Normal',' ');
Insert into ANIMAL_CHECKUP (ANIM_CHECKUP_DATE,ANIM_ID,ANIM_CHECKUP_HEIGHT,ANIM_CHECKUP_WEIGHT,ANIM_CHECKUP_LENGTH,ANIM_CHECKUP_GENERAL_HEALTH,ANIM_CHECKUP_OTHER_DETAILS) values (to_timestamp('14-FEB-09 12.00.00.000000000 AM','DD-MON-RR HH.MI.SS.FF AM'),162,'14','398','84','Normal',' ');
Insert into ANIMAL_CHECKUP (ANIM_CHECKUP_DATE,ANIM_ID,ANIM_CHECKUP_HEIGHT,ANIM_CHECKUP_WEIGHT,ANIM_CHECKUP_LENGTH,ANIM_CHECKUP_GENERAL_HEALTH,ANIM_CHECKUP_OTHER_DETAILS) values (to_timestamp('24-MAR-13 12.00.00.000000000 AM','DD-MON-RR HH.MI.SS.FF AM'),162,'16','395','94','Normal',' ');
Insert into ANIMAL_CHECKUP (ANIM_CHECKUP_DATE,ANIM_ID,ANIM_CHECKUP_HEIGHT,ANIM_CHECKUP_WEIGHT,ANIM_CHECKUP_LENGTH,ANIM_CHECKUP_GENERAL_HEALTH,ANIM_CHECKUP_OTHER_DETAILS) values (to_timestamp('05-MAR-08 12.00.00.000000000 AM','DD-MON-RR HH.MI.SS.FF AM'),157,'17','60','76','Normal',' ');
Insert into ANIMAL_CHECKUP (ANIM_CHECKUP_DATE,ANIM_ID,ANIM_CHECKUP_HEIGHT,ANIM_CHECKUP_WEIGHT,ANIM_CHECKUP_LENGTH,ANIM_CHECKUP_GENERAL_HEALTH,ANIM_CHECKUP_OTHER_DETAILS) values (to_timestamp('05-MAR-10 12.00.00.000000000 AM','DD-MON-RR HH.MI.SS.FF AM'),155,'14','346','57','Normal','Animal appears bored.');
Insert into ANIMAL_CHECKUP (ANIM_CHECKUP_DATE,ANIM_ID,ANIM_CHECKUP_HEIGHT,ANIM_CHECKUP_WEIGHT,ANIM_CHECKUP_LENGTH,ANIM_CHECKUP_GENERAL_HEALTH,ANIM_CHECKUP_OTHER_DETAILS) values (to_timestamp('12-MAR-09 12.00.00.000000000 AM','DD-MON-RR HH.MI.SS.FF AM'),61,'11','128','63','Normal',' ');
Insert into ANIMAL_CHECKUP (ANIM_CHECKUP_DATE,ANIM_ID,ANIM_CHECKUP_HEIGHT,ANIM_CHECKUP_WEIGHT,ANIM_CHECKUP_LENGTH,ANIM_CHECKUP_GENERAL_HEALTH,ANIM_CHECKUP_OTHER_DETAILS) values (to_timestamp('18-MAR-14 12.00.00.000000000 AM','DD-MON-RR HH.MI.SS.FF AM'),84,'8','373','73','Normal','Animal has poor dental hygiene');
Insert into ANIMAL_CHECKUP (ANIM_CHECKUP_DATE,ANIM_ID,ANIM_CHECKUP_HEIGHT,ANIM_CHECKUP_WEIGHT,ANIM_CHECKUP_LENGTH,ANIM_CHECKUP_GENERAL_HEALTH,ANIM_CHECKUP_OTHER_DETAILS) values (to_timestamp('26-MAR-10 12.00.00.000000000 AM','DD-MON-RR HH.MI.SS.FF AM'),24,'5','112','146','Normal','Animal has poor dental hygiene');
Insert into ANIMAL_CHECKUP (ANIM_CHECKUP_DATE,ANIM_ID,ANIM_CHECKUP_HEIGHT,ANIM_CHECKUP_WEIGHT,ANIM_CHECKUP_LENGTH,ANIM_CHECKUP_GENERAL_HEALTH,ANIM_CHECKUP_OTHER_DETAILS) values (to_timestamp('10-MAR-05 12.00.00.000000000 AM','DD-MON-RR HH.MI.SS.FF AM'),105,'22','272','173','Normal',' ');
Insert into ANIMAL_CHECKUP (ANIM_CHECKUP_DATE,ANIM_ID,ANIM_CHECKUP_HEIGHT,ANIM_CHECKUP_WEIGHT,ANIM_CHECKUP_LENGTH,ANIM_CHECKUP_GENERAL_HEALTH,ANIM_CHECKUP_OTHER_DETAILS) values (to_timestamp('11-MAR-09 12.00.00.000000000 AM','DD-MON-RR HH.MI.SS.FF AM'),8,'9','82','177','Normal',' ');
Insert into ANIMAL_CHECKUP (ANIM_CHECKUP_DATE,ANIM_ID,ANIM_CHECKUP_HEIGHT,ANIM_CHECKUP_WEIGHT,ANIM_CHECKUP_LENGTH,ANIM_CHECKUP_GENERAL_HEALTH,ANIM_CHECKUP_OTHER_DETAILS) values (to_timestamp('06-MAR-09 12.00.00.000000000 AM','DD-MON-RR HH.MI.SS.FF AM'),157,'18','70','76','Normal','Animal appears bored.');
Insert into ANIMAL_CHECKUP (ANIM_CHECKUP_DATE,ANIM_ID,ANIM_CHECKUP_HEIGHT,ANIM_CHECKUP_WEIGHT,ANIM_CHECKUP_LENGTH,ANIM_CHECKUP_GENERAL_HEALTH,ANIM_CHECKUP_OTHER_DETAILS) values (to_timestamp('22-MAR-08 12.00.00.000000000 AM','DD-MON-RR HH.MI.SS.FF AM'),24,'0','105','150','Normal','Animal has poor dental hygiene');
Insert into ANIMAL_CHECKUP (ANIM_CHECKUP_DATE,ANIM_ID,ANIM_CHECKUP_HEIGHT,ANIM_CHECKUP_WEIGHT,ANIM_CHECKUP_LENGTH,ANIM_CHECKUP_GENERAL_HEALTH,ANIM_CHECKUP_OTHER_DETAILS) values (to_timestamp('10-MAR-09 12.00.00.000000000 AM','DD-MON-RR HH.MI.SS.FF AM'),185,'8','27','37','Ill','Gums are swollen and inflamed.');
Insert into ANIMAL_CHECKUP (ANIM_CHECKUP_DATE,ANIM_ID,ANIM_CHECKUP_HEIGHT,ANIM_CHECKUP_WEIGHT,ANIM_CHECKUP_LENGTH,ANIM_CHECKUP_GENERAL_HEALTH,ANIM_CHECKUP_OTHER_DETAILS) values (to_timestamp('18-MAR-07 12.00.00.000000000 AM','DD-MON-RR HH.MI.SS.FF AM'),8,'8','42','169','Normal',' ');
Insert into ANIMAL_CHECKUP (ANIM_CHECKUP_DATE,ANIM_ID,ANIM_CHECKUP_HEIGHT,ANIM_CHECKUP_WEIGHT,ANIM_CHECKUP_LENGTH,ANIM_CHECKUP_GENERAL_HEALTH,ANIM_CHECKUP_OTHER_DETAILS) values (to_timestamp('09-APR-11 12.00.00.000000000 AM','DD-MON-RR HH.MI.SS.FF AM'),102,'13','283','8','Normal','Animal is very alert and playful');
Insert into ANIMAL_CHECKUP (ANIM_CHECKUP_DATE,ANIM_ID,ANIM_CHECKUP_HEIGHT,ANIM_CHECKUP_WEIGHT,ANIM_CHECKUP_LENGTH,ANIM_CHECKUP_GENERAL_HEALTH,ANIM_CHECKUP_OTHER_DETAILS) values (to_timestamp('28-APR-08 12.00.00.000000000 AM','DD-MON-RR HH.MI.SS.FF AM'),106,'4','144','154','Normal',' ');
Insert into ANIMAL_CHECKUP (ANIM_CHECKUP_DATE,ANIM_ID,ANIM_CHECKUP_HEIGHT,ANIM_CHECKUP_WEIGHT,ANIM_CHECKUP_LENGTH,ANIM_CHECKUP_GENERAL_HEALTH,ANIM_CHECKUP_OTHER_DETAILS) values (to_timestamp('29-MAY-11 12.00.00.000000000 AM','DD-MON-RR HH.MI.SS.FF AM'),171,'24','135','54','Normal','Animal appears bored.');
Insert into ANIMAL_CHECKUP (ANIM_CHECKUP_DATE,ANIM_ID,ANIM_CHECKUP_HEIGHT,ANIM_CHECKUP_WEIGHT,ANIM_CHECKUP_LENGTH,ANIM_CHECKUP_GENERAL_HEALTH,ANIM_CHECKUP_OTHER_DETAILS) values (to_timestamp('16-APR-09 12.00.00.000000000 AM','DD-MON-RR HH.MI.SS.FF AM'),189,'26','302','32','Normal','Animal has poor dental hygiene');
Insert into ANIMAL_CHECKUP (ANIM_CHECKUP_DATE,ANIM_ID,ANIM_CHECKUP_HEIGHT,ANIM_CHECKUP_WEIGHT,ANIM_CHECKUP_LENGTH,ANIM_CHECKUP_GENERAL_HEALTH,ANIM_CHECKUP_OTHER_DETAILS) values (to_timestamp('27-APR-09 12.00.00.000000000 AM','DD-MON-RR HH.MI.SS.FF AM'),1,'12','148','144','Normal',' ');
Insert into ANIMAL_CHECKUP (ANIM_CHECKUP_DATE,ANIM_ID,ANIM_CHECKUP_HEIGHT,ANIM_CHECKUP_WEIGHT,ANIM_CHECKUP_LENGTH,ANIM_CHECKUP_GENERAL_HEALTH,ANIM_CHECKUP_OTHER_DETAILS) values (to_timestamp('13-APR-07 12.00.00.000000000 AM','DD-MON-RR HH.MI.SS.FF AM'),98,'13','306','162','Normal','Animal appears bored.');
Insert into ANIMAL_CHECKUP (ANIM_CHECKUP_DATE,ANIM_ID,ANIM_CHECKUP_HEIGHT,ANIM_CHECKUP_WEIGHT,ANIM_CHECKUP_LENGTH,ANIM_CHECKUP_GENERAL_HEALTH,ANIM_CHECKUP_OTHER_DETAILS) values (to_timestamp('06-APR-09 12.00.00.000000000 AM','DD-MON-RR HH.MI.SS.FF AM'),98,'15','237','154','Normal',' ');
Insert into ANIMAL_CHECKUP (ANIM_CHECKUP_DATE,ANIM_ID,ANIM_CHECKUP_HEIGHT,ANIM_CHECKUP_WEIGHT,ANIM_CHECKUP_LENGTH,ANIM_CHECKUP_GENERAL_HEALTH,ANIM_CHECKUP_OTHER_DETAILS) values (to_timestamp('04-APR-14 12.00.00.000000000 AM','DD-MON-RR HH.MI.SS.FF AM'),102,'12','292','15','Malnourished',' ');
Insert into ANIMAL_CHECKUP (ANIM_CHECKUP_DATE,ANIM_ID,ANIM_CHECKUP_HEIGHT,ANIM_CHECKUP_WEIGHT,ANIM_CHECKUP_LENGTH,ANIM_CHECKUP_GENERAL_HEALTH,ANIM_CHECKUP_OTHER_DETAILS) values (to_timestamp('29-APR-10 12.00.00.000000000 AM','DD-MON-RR HH.MI.SS.FF AM'),67,'14','139','22','Normal',' ');
Insert into ANIMAL_CHECKUP (ANIM_CHECKUP_DATE,ANIM_ID,ANIM_CHECKUP_HEIGHT,ANIM_CHECKUP_WEIGHT,ANIM_CHECKUP_LENGTH,ANIM_CHECKUP_GENERAL_HEALTH,ANIM_CHECKUP_OTHER_DETAILS) values (to_timestamp('23-APR-05 12.00.00.000000000 AM','DD-MON-RR HH.MI.SS.FF AM'),168,'7','97','135','Normal',' ');
Insert into ANIMAL_CHECKUP (ANIM_CHECKUP_DATE,ANIM_ID,ANIM_CHECKUP_HEIGHT,ANIM_CHECKUP_WEIGHT,ANIM_CHECKUP_LENGTH,ANIM_CHECKUP_GENERAL_HEALTH,ANIM_CHECKUP_OTHER_DETAILS) values (to_timestamp('17-APR-05 12.00.00.000000000 AM','DD-MON-RR HH.MI.SS.FF AM'),106,'7','122','151','Normal','Animal has poor dental hygiene');
Insert into ANIMAL_CHECKUP (ANIM_CHECKUP_DATE,ANIM_ID,ANIM_CHECKUP_HEIGHT,ANIM_CHECKUP_WEIGHT,ANIM_CHECKUP_LENGTH,ANIM_CHECKUP_GENERAL_HEALTH,ANIM_CHECKUP_OTHER_DETAILS) values (to_timestamp('01-APR-04 12.00.00.000000000 AM','DD-MON-RR HH.MI.SS.FF AM'),168,'8','43','143','Malnourished',' ');
Insert into ANIMAL_CHECKUP (ANIM_CHECKUP_DATE,ANIM_ID,ANIM_CHECKUP_HEIGHT,ANIM_CHECKUP_WEIGHT,ANIM_CHECKUP_LENGTH,ANIM_CHECKUP_GENERAL_HEALTH,ANIM_CHECKUP_OTHER_DETAILS) values (to_timestamp('30-APR-11 12.00.00.000000000 AM','DD-MON-RR HH.MI.SS.FF AM'),64,'5','350','166','Ill','Gums are swollen and inflamed.');
Insert into ANIMAL_CHECKUP (ANIM_CHECKUP_DATE,ANIM_ID,ANIM_CHECKUP_HEIGHT,ANIM_CHECKUP_WEIGHT,ANIM_CHECKUP_LENGTH,ANIM_CHECKUP_GENERAL_HEALTH,ANIM_CHECKUP_OTHER_DETAILS) values (to_timestamp('07-APR-14 12.00.00.000000000 AM','DD-MON-RR HH.MI.SS.FF AM'),97,'0','28','20','Normal',' ');
Insert into ANIMAL_CHECKUP (ANIM_CHECKUP_DATE,ANIM_ID,ANIM_CHECKUP_HEIGHT,ANIM_CHECKUP_WEIGHT,ANIM_CHECKUP_LENGTH,ANIM_CHECKUP_GENERAL_HEALTH,ANIM_CHECKUP_OTHER_DETAILS) values (to_timestamp('25-MAY-05 12.00.00.000000000 AM','DD-MON-RR HH.MI.SS.FF AM'),25,'14','327','7','Normal',' ');
Insert into ANIMAL_CHECKUP (ANIM_CHECKUP_DATE,ANIM_ID,ANIM_CHECKUP_HEIGHT,ANIM_CHECKUP_WEIGHT,ANIM_CHECKUP_LENGTH,ANIM_CHECKUP_GENERAL_HEALTH,ANIM_CHECKUP_OTHER_DETAILS) values (to_timestamp('27-MAY-07 12.00.00.000000000 AM','DD-MON-RR HH.MI.SS.FF AM'),151,'31','159','131','Normal',' ');
Insert into ANIMAL_CHECKUP (ANIM_CHECKUP_DATE,ANIM_ID,ANIM_CHECKUP_HEIGHT,ANIM_CHECKUP_WEIGHT,ANIM_CHECKUP_LENGTH,ANIM_CHECKUP_GENERAL_HEALTH,ANIM_CHECKUP_OTHER_DETAILS) values (to_timestamp('18-MAY-11 12.00.00.000000000 AM','DD-MON-RR HH.MI.SS.FF AM'),111,'22','105','47','Normal',' ');
Insert into ANIMAL_CHECKUP (ANIM_CHECKUP_DATE,ANIM_ID,ANIM_CHECKUP_HEIGHT,ANIM_CHECKUP_WEIGHT,ANIM_CHECKUP_LENGTH,ANIM_CHECKUP_GENERAL_HEALTH,ANIM_CHECKUP_OTHER_DETAILS) values (to_timestamp('31-MAY-13 12.00.00.000000000 AM','DD-MON-RR HH.MI.SS.FF AM'),182,'10','258','181','Normal',' ');
Insert into ANIMAL_CHECKUP (ANIM_CHECKUP_DATE,ANIM_ID,ANIM_CHECKUP_HEIGHT,ANIM_CHECKUP_WEIGHT,ANIM_CHECKUP_LENGTH,ANIM_CHECKUP_GENERAL_HEALTH,ANIM_CHECKUP_OTHER_DETAILS) values (to_timestamp('20-MAY-09 12.00.00.000000000 AM','DD-MON-RR HH.MI.SS.FF AM'),47,'11','192','89','Normal','Animal has poor dental hygiene');
Insert into ANIMAL_CHECKUP (ANIM_CHECKUP_DATE,ANIM_ID,ANIM_CHECKUP_HEIGHT,ANIM_CHECKUP_WEIGHT,ANIM_CHECKUP_LENGTH,ANIM_CHECKUP_GENERAL_HEALTH,ANIM_CHECKUP_OTHER_DETAILS) values (to_timestamp('24-MAY-08 12.00.00.000000000 AM','DD-MON-RR HH.MI.SS.FF AM'),47,'11','211','93','Normal',' ');
Insert into ANIMAL_CHECKUP (ANIM_CHECKUP_DATE,ANIM_ID,ANIM_CHECKUP_HEIGHT,ANIM_CHECKUP_WEIGHT,ANIM_CHECKUP_LENGTH,ANIM_CHECKUP_GENERAL_HEALTH,ANIM_CHECKUP_OTHER_DETAILS) values (to_timestamp('05-MAY-07 12.00.00.000000000 AM','DD-MON-RR HH.MI.SS.FF AM'),151,'30','212','137','Normal','Animal is very alert and playful');
Insert into ANIMAL_CHECKUP (ANIM_CHECKUP_DATE,ANIM_ID,ANIM_CHECKUP_HEIGHT,ANIM_CHECKUP_WEIGHT,ANIM_CHECKUP_LENGTH,ANIM_CHECKUP_GENERAL_HEALTH,ANIM_CHECKUP_OTHER_DETAILS) values (to_timestamp('26-MAY-04 12.00.00.000000000 AM','DD-MON-RR HH.MI.SS.FF AM'),25,'15','277','10','Normal','Animal has poor dental hygiene');
Insert into ANIMAL_CHECKUP (ANIM_CHECKUP_DATE,ANIM_ID,ANIM_CHECKUP_HEIGHT,ANIM_CHECKUP_WEIGHT,ANIM_CHECKUP_LENGTH,ANIM_CHECKUP_GENERAL_HEALTH,ANIM_CHECKUP_OTHER_DETAILS) values (to_timestamp('04-MAY-13 12.00.00.000000000 AM','DD-MON-RR HH.MI.SS.FF AM'),111,'19','135','51','Normal',' ');
Insert into ANIMAL_CHECKUP (ANIM_CHECKUP_DATE,ANIM_ID,ANIM_CHECKUP_HEIGHT,ANIM_CHECKUP_WEIGHT,ANIM_CHECKUP_LENGTH,ANIM_CHECKUP_GENERAL_HEALTH,ANIM_CHECKUP_OTHER_DETAILS) values (to_timestamp('16-MAY-08 12.00.00.000000000 AM','DD-MON-RR HH.MI.SS.FF AM'),107,'28','244','22','Normal','Animal appears bored.');
Insert into ANIMAL_CHECKUP (ANIM_CHECKUP_DATE,ANIM_ID,ANIM_CHECKUP_HEIGHT,ANIM_CHECKUP_WEIGHT,ANIM_CHECKUP_LENGTH,ANIM_CHECKUP_GENERAL_HEALTH,ANIM_CHECKUP_OTHER_DETAILS) values (to_timestamp('23-MAY-06 12.00.00.000000000 AM','DD-MON-RR HH.MI.SS.FF AM'),174,'9','79','144','Normal',' ');
Insert into ANIMAL_CHECKUP (ANIM_CHECKUP_DATE,ANIM_ID,ANIM_CHECKUP_HEIGHT,ANIM_CHECKUP_WEIGHT,ANIM_CHECKUP_LENGTH,ANIM_CHECKUP_GENERAL_HEALTH,ANIM_CHECKUP_OTHER_DETAILS) values (to_timestamp('04-MAY-12 12.00.00.000000000 AM','DD-MON-RR HH.MI.SS.FF AM'),179,'22','217','73','Normal','Animal appears bored.');
Insert into ANIMAL_CHECKUP (ANIM_CHECKUP_DATE,ANIM_ID,ANIM_CHECKUP_HEIGHT,ANIM_CHECKUP_WEIGHT,ANIM_CHECKUP_LENGTH,ANIM_CHECKUP_GENERAL_HEALTH,ANIM_CHECKUP_OTHER_DETAILS) values (to_timestamp('18-MAY-14 12.00.00.000000000 AM','DD-MON-RR HH.MI.SS.FF AM'),111,'19','164','51','Normal',' ');
Insert into ANIMAL_CHECKUP (ANIM_CHECKUP_DATE,ANIM_ID,ANIM_CHECKUP_HEIGHT,ANIM_CHECKUP_WEIGHT,ANIM_CHECKUP_LENGTH,ANIM_CHECKUP_GENERAL_HEALTH,ANIM_CHECKUP_OTHER_DETAILS) values (to_timestamp('31-MAY-13 12.00.00.000000000 AM','DD-MON-RR HH.MI.SS.FF AM'),47,'11','202','88','Normal','Animal is very alert and playful');
Insert into ANIMAL_CHECKUP (ANIM_CHECKUP_DATE,ANIM_ID,ANIM_CHECKUP_HEIGHT,ANIM_CHECKUP_WEIGHT,ANIM_CHECKUP_LENGTH,ANIM_CHECKUP_GENERAL_HEALTH,ANIM_CHECKUP_OTHER_DETAILS) values (to_timestamp('21-MAY-12 12.00.00.000000000 AM','DD-MON-RR HH.MI.SS.FF AM'),179,'21','241','73','Normal','Animal is very alert and playful');
Insert into ANIMAL_CHECKUP (ANIM_CHECKUP_DATE,ANIM_ID,ANIM_CHECKUP_HEIGHT,ANIM_CHECKUP_WEIGHT,ANIM_CHECKUP_LENGTH,ANIM_CHECKUP_GENERAL_HEALTH,ANIM_CHECKUP_OTHER_DETAILS) values (to_timestamp('04-MAY-10 12.00.00.000000000 AM','DD-MON-RR HH.MI.SS.FF AM'),13,'25','-1','51','Malnourished',' ');
Insert into ANIMAL_CHECKUP (ANIM_CHECKUP_DATE,ANIM_ID,ANIM_CHECKUP_HEIGHT,ANIM_CHECKUP_WEIGHT,ANIM_CHECKUP_LENGTH,ANIM_CHECKUP_GENERAL_HEALTH,ANIM_CHECKUP_OTHER_DETAILS) values (to_timestamp('05-JUN-09 12.00.00.000000000 AM','DD-MON-RR HH.MI.SS.FF AM'),172,'29','371','105','Normal',' ');
Insert into ANIMAL_CHECKUP (ANIM_CHECKUP_DATE,ANIM_ID,ANIM_CHECKUP_HEIGHT,ANIM_CHECKUP_WEIGHT,ANIM_CHECKUP_LENGTH,ANIM_CHECKUP_GENERAL_HEALTH,ANIM_CHECKUP_OTHER_DETAILS) values (to_timestamp('16-JUN-11 12.00.00.000000000 AM','DD-MON-RR HH.MI.SS.FF AM'),147,'9','128','172','Normal',' ');
Insert into ANIMAL_CHECKUP (ANIM_CHECKUP_DATE,ANIM_ID,ANIM_CHECKUP_HEIGHT,ANIM_CHECKUP_WEIGHT,ANIM_CHECKUP_LENGTH,ANIM_CHECKUP_GENERAL_HEALTH,ANIM_CHECKUP_OTHER_DETAILS) values (to_timestamp('02-JUN-13 12.00.00.000000000 AM','DD-MON-RR HH.MI.SS.FF AM'),143,'5','145','38','Normal',' ');
Insert into ANIMAL_CHECKUP (ANIM_CHECKUP_DATE,ANIM_ID,ANIM_CHECKUP_HEIGHT,ANIM_CHECKUP_WEIGHT,ANIM_CHECKUP_LENGTH,ANIM_CHECKUP_GENERAL_HEALTH,ANIM_CHECKUP_OTHER_DETAILS) values (to_timestamp('01-JUN-06 12.00.00.000000000 AM','DD-MON-RR HH.MI.SS.FF AM'),16,'29','45','61','Normal','Animal appears bored.');
Insert into ANIMAL_CHECKUP (ANIM_CHECKUP_DATE,ANIM_ID,ANIM_CHECKUP_HEIGHT,ANIM_CHECKUP_WEIGHT,ANIM_CHECKUP_LENGTH,ANIM_CHECKUP_GENERAL_HEALTH,ANIM_CHECKUP_OTHER_DETAILS) values (to_timestamp('14-JUN-06 12.00.00.000000000 AM','DD-MON-RR HH.MI.SS.FF AM'),176,'22','167','190','Normal',' ');
Insert into ANIMAL_CHECKUP (ANIM_CHECKUP_DATE,ANIM_ID,ANIM_CHECKUP_HEIGHT,ANIM_CHECKUP_WEIGHT,ANIM_CHECKUP_LENGTH,ANIM_CHECKUP_GENERAL_HEALTH,ANIM_CHECKUP_OTHER_DETAILS) values (to_timestamp('05-JUN-08 12.00.00.000000000 AM','DD-MON-RR HH.MI.SS.FF AM'),116,'20','188','40','Normal','Animal appears bored.');
Insert into ANIMAL_CHECKUP (ANIM_CHECKUP_DATE,ANIM_ID,ANIM_CHECKUP_HEIGHT,ANIM_CHECKUP_WEIGHT,ANIM_CHECKUP_LENGTH,ANIM_CHECKUP_GENERAL_HEALTH,ANIM_CHECKUP_OTHER_DETAILS) values (to_timestamp('14-JUN-08 12.00.00.000000000 AM','DD-MON-RR HH.MI.SS.FF AM'),178,'28','291','26','Normal',' ');
Insert into ANIMAL_CHECKUP (ANIM_CHECKUP_DATE,ANIM_ID,ANIM_CHECKUP_HEIGHT,ANIM_CHECKUP_WEIGHT,ANIM_CHECKUP_LENGTH,ANIM_CHECKUP_GENERAL_HEALTH,ANIM_CHECKUP_OTHER_DETAILS) values (to_timestamp('19-JUN-13 12.00.00.000000000 AM','DD-MON-RR HH.MI.SS.FF AM'),147,'7','87','174','Normal',' ');
Insert into ANIMAL_CHECKUP (ANIM_CHECKUP_DATE,ANIM_ID,ANIM_CHECKUP_HEIGHT,ANIM_CHECKUP_WEIGHT,ANIM_CHECKUP_LENGTH,ANIM_CHECKUP_GENERAL_HEALTH,ANIM_CHECKUP_OTHER_DETAILS) values (to_timestamp('20-JUN-08 12.00.00.000000000 AM','DD-MON-RR HH.MI.SS.FF AM'),19,'6','-8','57','Ill','Animal is vomiting daily.');
Insert into ANIMAL_CHECKUP (ANIM_CHECKUP_DATE,ANIM_ID,ANIM_CHECKUP_HEIGHT,ANIM_CHECKUP_WEIGHT,ANIM_CHECKUP_LENGTH,ANIM_CHECKUP_GENERAL_HEALTH,ANIM_CHECKUP_OTHER_DETAILS) values (to_timestamp('22-JUN-10 12.00.00.000000000 AM','DD-MON-RR HH.MI.SS.FF AM'),176,'20','174','195','Normal','Animal appears bored.');
Insert into ANIMAL_CHECKUP (ANIM_CHECKUP_DATE,ANIM_ID,ANIM_CHECKUP_HEIGHT,ANIM_CHECKUP_WEIGHT,ANIM_CHECKUP_LENGTH,ANIM_CHECKUP_GENERAL_HEALTH,ANIM_CHECKUP_OTHER_DETAILS) values (to_timestamp('27-JUN-09 12.00.00.000000000 AM','DD-MON-RR HH.MI.SS.FF AM'),45,'10','259','84','Normal','Animal appears bored.');
Insert into ANIMAL_CHECKUP (ANIM_CHECKUP_DATE,ANIM_ID,ANIM_CHECKUP_HEIGHT,ANIM_CHECKUP_WEIGHT,ANIM_CHECKUP_LENGTH,ANIM_CHECKUP_GENERAL_HEALTH,ANIM_CHECKUP_OTHER_DETAILS) values (to_timestamp('08-JUN-08 12.00.00.000000000 AM','DD-MON-RR HH.MI.SS.FF AM'),177,'6','91','191','Normal','Animal has poor dental hygiene');
Insert into ANIMAL_CHECKUP (ANIM_CHECKUP_DATE,ANIM_ID,ANIM_CHECKUP_HEIGHT,ANIM_CHECKUP_WEIGHT,ANIM_CHECKUP_LENGTH,ANIM_CHECKUP_GENERAL_HEALTH,ANIM_CHECKUP_OTHER_DETAILS) values (to_timestamp('05-JUN-11 12.00.00.000000000 AM','DD-MON-RR HH.MI.SS.FF AM'),177,'11','77','190','Normal',' ');
Insert into ANIMAL_CHECKUP (ANIM_CHECKUP_DATE,ANIM_ID,ANIM_CHECKUP_HEIGHT,ANIM_CHECKUP_WEIGHT,ANIM_CHECKUP_LENGTH,ANIM_CHECKUP_GENERAL_HEALTH,ANIM_CHECKUP_OTHER_DETAILS) values (to_timestamp('29-JUN-06 12.00.00.000000000 AM','DD-MON-RR HH.MI.SS.FF AM'),91,'16','37','80','Normal',' ');
Insert into ANIMAL_CHECKUP (ANIM_CHECKUP_DATE,ANIM_ID,ANIM_CHECKUP_HEIGHT,ANIM_CHECKUP_WEIGHT,ANIM_CHECKUP_LENGTH,ANIM_CHECKUP_GENERAL_HEALTH,ANIM_CHECKUP_OTHER_DETAILS) values (to_timestamp('30-JUN-11 12.00.00.000000000 AM','DD-MON-RR HH.MI.SS.FF AM'),153,'20','185','178','Normal',' ');
Insert into ANIMAL_CHECKUP (ANIM_CHECKUP_DATE,ANIM_ID,ANIM_CHECKUP_HEIGHT,ANIM_CHECKUP_WEIGHT,ANIM_CHECKUP_LENGTH,ANIM_CHECKUP_GENERAL_HEALTH,ANIM_CHECKUP_OTHER_DETAILS) values (to_timestamp('01-JUN-12 12.00.00.000000000 AM','DD-MON-RR HH.MI.SS.FF AM'),172,'32','427','107','Normal',' ');
Insert into ANIMAL_CHECKUP (ANIM_CHECKUP_DATE,ANIM_ID,ANIM_CHECKUP_HEIGHT,ANIM_CHECKUP_WEIGHT,ANIM_CHECKUP_LENGTH,ANIM_CHECKUP_GENERAL_HEALTH,ANIM_CHECKUP_OTHER_DETAILS) values (to_timestamp('12-JUL-07 12.00.00.000000000 AM','DD-MON-RR HH.MI.SS.FF AM'),37,'7','298','1','Ill',' ');
Insert into ANIMAL_CHECKUP (ANIM_CHECKUP_DATE,ANIM_ID,ANIM_CHECKUP_HEIGHT,ANIM_CHECKUP_WEIGHT,ANIM_CHECKUP_LENGTH,ANIM_CHECKUP_GENERAL_HEALTH,ANIM_CHECKUP_OTHER_DETAILS) values (to_timestamp('28-JUL-11 12.00.00.000000000 AM','DD-MON-RR HH.MI.SS.FF AM'),125,'20','389','13','Malnourished',' ');
Insert into ANIMAL_CHECKUP (ANIM_CHECKUP_DATE,ANIM_ID,ANIM_CHECKUP_HEIGHT,ANIM_CHECKUP_WEIGHT,ANIM_CHECKUP_LENGTH,ANIM_CHECKUP_GENERAL_HEALTH,ANIM_CHECKUP_OTHER_DETAILS) values (to_timestamp('09-JUL-11 12.00.00.000000000 AM','DD-MON-RR HH.MI.SS.FF AM'),51,'17','317','131','Normal','Animal is very alert and playful');
Insert into ANIMAL_CHECKUP (ANIM_CHECKUP_DATE,ANIM_ID,ANIM_CHECKUP_HEIGHT,ANIM_CHECKUP_WEIGHT,ANIM_CHECKUP_LENGTH,ANIM_CHECKUP_GENERAL_HEALTH,ANIM_CHECKUP_OTHER_DETAILS) values (to_timestamp('15-JUL-08 12.00.00.000000000 AM','DD-MON-RR HH.MI.SS.FF AM'),33,'32','361','194','Normal',' ');
Insert into ANIMAL_CHECKUP (ANIM_CHECKUP_DATE,ANIM_ID,ANIM_CHECKUP_HEIGHT,ANIM_CHECKUP_WEIGHT,ANIM_CHECKUP_LENGTH,ANIM_CHECKUP_GENERAL_HEALTH,ANIM_CHECKUP_OTHER_DETAILS) values (to_timestamp('04-JUL-12 12.00.00.000000000 AM','DD-MON-RR HH.MI.SS.FF AM'),125,'20','354','15','Normal',' ');
Insert into ANIMAL_CHECKUP (ANIM_CHECKUP_DATE,ANIM_ID,ANIM_CHECKUP_HEIGHT,ANIM_CHECKUP_WEIGHT,ANIM_CHECKUP_LENGTH,ANIM_CHECKUP_GENERAL_HEALTH,ANIM_CHECKUP_OTHER_DETAILS) values (to_timestamp('23-JUL-05 12.00.00.000000000 AM','DD-MON-RR HH.MI.SS.FF AM'),127,'23','434','130','Ill','Animal appears very tired and sluggish.');
Insert into ANIMAL_CHECKUP (ANIM_CHECKUP_DATE,ANIM_ID,ANIM_CHECKUP_HEIGHT,ANIM_CHECKUP_WEIGHT,ANIM_CHECKUP_LENGTH,ANIM_CHECKUP_GENERAL_HEALTH,ANIM_CHECKUP_OTHER_DETAILS) values (to_timestamp('04-JUL-11 12.00.00.000000000 AM','DD-MON-RR HH.MI.SS.FF AM'),103,'8','311','166','Normal',' ');
Insert into ANIMAL_CHECKUP (ANIM_CHECKUP_DATE,ANIM_ID,ANIM_CHECKUP_HEIGHT,ANIM_CHECKUP_WEIGHT,ANIM_CHECKUP_LENGTH,ANIM_CHECKUP_GENERAL_HEALTH,ANIM_CHECKUP_OTHER_DETAILS) values (to_timestamp('02-JUL-13 12.00.00.000000000 AM','DD-MON-RR HH.MI.SS.FF AM'),125,'18','385','14','Normal',' ');
Insert into ANIMAL_CHECKUP (ANIM_CHECKUP_DATE,ANIM_ID,ANIM_CHECKUP_HEIGHT,ANIM_CHECKUP_WEIGHT,ANIM_CHECKUP_LENGTH,ANIM_CHECKUP_GENERAL_HEALTH,ANIM_CHECKUP_OTHER_DETAILS) values (to_timestamp('17-JUL-08 12.00.00.000000000 AM','DD-MON-RR HH.MI.SS.FF AM'),114,'17','383','19','Normal',' ');
Insert into ANIMAL_CHECKUP (ANIM_CHECKUP_DATE,ANIM_ID,ANIM_CHECKUP_HEIGHT,ANIM_CHECKUP_WEIGHT,ANIM_CHECKUP_LENGTH,ANIM_CHECKUP_GENERAL_HEALTH,ANIM_CHECKUP_OTHER_DETAILS) values (to_timestamp('10-JUL-13 12.00.00.000000000 AM','DD-MON-RR HH.MI.SS.FF AM'),120,'33','370','172','Normal',' ');
Insert into ANIMAL_CHECKUP (ANIM_CHECKUP_DATE,ANIM_ID,ANIM_CHECKUP_HEIGHT,ANIM_CHECKUP_WEIGHT,ANIM_CHECKUP_LENGTH,ANIM_CHECKUP_GENERAL_HEALTH,ANIM_CHECKUP_OTHER_DETAILS) values (to_timestamp('09-JUL-06 12.00.00.000000000 AM','DD-MON-RR HH.MI.SS.FF AM'),53,'5','69','35','Malnourished','Animal rations should be increased by 10%');
Insert into ANIMAL_CHECKUP (ANIM_CHECKUP_DATE,ANIM_ID,ANIM_CHECKUP_HEIGHT,ANIM_CHECKUP_WEIGHT,ANIM_CHECKUP_LENGTH,ANIM_CHECKUP_GENERAL_HEALTH,ANIM_CHECKUP_OTHER_DETAILS) values (to_timestamp('04-JUL-09 12.00.00.000000000 AM','DD-MON-RR HH.MI.SS.FF AM'),53,'4','76','34','Normal',' ');
Insert into ANIMAL_CHECKUP (ANIM_CHECKUP_DATE,ANIM_ID,ANIM_CHECKUP_HEIGHT,ANIM_CHECKUP_WEIGHT,ANIM_CHECKUP_LENGTH,ANIM_CHECKUP_GENERAL_HEALTH,ANIM_CHECKUP_OTHER_DETAILS) values (to_timestamp('31-JUL-12 12.00.00.000000000 AM','DD-MON-RR HH.MI.SS.FF AM'),158,'1','37','17','Normal',' ');
Insert into ANIMAL_CHECKUP (ANIM_CHECKUP_DATE,ANIM_ID,ANIM_CHECKUP_HEIGHT,ANIM_CHECKUP_WEIGHT,ANIM_CHECKUP_LENGTH,ANIM_CHECKUP_GENERAL_HEALTH,ANIM_CHECKUP_OTHER_DETAILS) values (to_timestamp('18-JUL-10 12.00.00.000000000 AM','DD-MON-RR HH.MI.SS.FF AM'),120,'34','318','172','Normal',' ');
Insert into ANIMAL_CHECKUP (ANIM_CHECKUP_DATE,ANIM_ID,ANIM_CHECKUP_HEIGHT,ANIM_CHECKUP_WEIGHT,ANIM_CHECKUP_LENGTH,ANIM_CHECKUP_GENERAL_HEALTH,ANIM_CHECKUP_OTHER_DETAILS) values (to_timestamp('01-JUL-11 12.00.00.000000000 AM','DD-MON-RR HH.MI.SS.FF AM'),48,'28','220','195','Normal','Animal is very alert and playful');
Insert into ANIMAL_CHECKUP (ANIM_CHECKUP_DATE,ANIM_ID,ANIM_CHECKUP_HEIGHT,ANIM_CHECKUP_WEIGHT,ANIM_CHECKUP_LENGTH,ANIM_CHECKUP_GENERAL_HEALTH,ANIM_CHECKUP_OTHER_DETAILS) values (to_timestamp('28-JUL-04 12.00.00.000000000 AM','DD-MON-RR HH.MI.SS.FF AM'),114,'15','320','14','Malnourished',' ');
Insert into ANIMAL_CHECKUP (ANIM_CHECKUP_DATE,ANIM_ID,ANIM_CHECKUP_HEIGHT,ANIM_CHECKUP_WEIGHT,ANIM_CHECKUP_LENGTH,ANIM_CHECKUP_GENERAL_HEALTH,ANIM_CHECKUP_OTHER_DETAILS) values (to_timestamp('13-FEB-11 12.00.00.000000000 AM','DD-MON-RR HH.MI.SS.FF AM'),29,'5','270','129','Normal','Animal appears bored.');
Insert into ANIMAL_CHECKUP (ANIM_CHECKUP_DATE,ANIM_ID,ANIM_CHECKUP_HEIGHT,ANIM_CHECKUP_WEIGHT,ANIM_CHECKUP_LENGTH,ANIM_CHECKUP_GENERAL_HEALTH,ANIM_CHECKUP_OTHER_DETAILS) values (to_timestamp('20-FEB-08 12.00.00.000000000 AM','DD-MON-RR HH.MI.SS.FF AM'),4,'10','219','148','Normal',' ');
Insert into ANIMAL_CHECKUP (ANIM_CHECKUP_DATE,ANIM_ID,ANIM_CHECKUP_HEIGHT,ANIM_CHECKUP_WEIGHT,ANIM_CHECKUP_LENGTH,ANIM_CHECKUP_GENERAL_HEALTH,ANIM_CHECKUP_OTHER_DETAILS) values (to_timestamp('10-FEB-09 12.00.00.000000000 AM','DD-MON-RR HH.MI.SS.FF AM'),35,'31','241','16','Normal','Animal is very alert and playful');
Insert into ANIMAL_CHECKUP (ANIM_CHECKUP_DATE,ANIM_ID,ANIM_CHECKUP_HEIGHT,ANIM_CHECKUP_WEIGHT,ANIM_CHECKUP_LENGTH,ANIM_CHECKUP_GENERAL_HEALTH,ANIM_CHECKUP_OTHER_DETAILS) values (to_timestamp('04-FEB-07 12.00.00.000000000 AM','DD-MON-RR HH.MI.SS.FF AM'),44,'25','187','75','Ill','Animal appears very tired and sluggish.');
Insert into ANIMAL_CHECKUP (ANIM_CHECKUP_DATE,ANIM_ID,ANIM_CHECKUP_HEIGHT,ANIM_CHECKUP_WEIGHT,ANIM_CHECKUP_LENGTH,ANIM_CHECKUP_GENERAL_HEALTH,ANIM_CHECKUP_OTHER_DETAILS) values (to_timestamp('21-MAR-10 12.00.00.000000000 AM','DD-MON-RR HH.MI.SS.FF AM'),187,'29','261','155','Normal',' ');
Insert into ANIMAL_CHECKUP (ANIM_CHECKUP_DATE,ANIM_ID,ANIM_CHECKUP_HEIGHT,ANIM_CHECKUP_WEIGHT,ANIM_CHECKUP_LENGTH,ANIM_CHECKUP_GENERAL_HEALTH,ANIM_CHECKUP_OTHER_DETAILS) values (to_timestamp('27-MAR-09 12.00.00.000000000 AM','DD-MON-RR HH.MI.SS.FF AM'),0,'15','241','177','Normal',' ');
Insert into ANIMAL_CHECKUP (ANIM_CHECKUP_DATE,ANIM_ID,ANIM_CHECKUP_HEIGHT,ANIM_CHECKUP_WEIGHT,ANIM_CHECKUP_LENGTH,ANIM_CHECKUP_GENERAL_HEALTH,ANIM_CHECKUP_OTHER_DETAILS) values (to_timestamp('26-FEB-09 12.00.00.000000000 AM','DD-MON-RR HH.MI.SS.FF AM'),34,'28','361','64','Normal','Animal appears bored.');
Insert into ANIMAL_CHECKUP (ANIM_CHECKUP_DATE,ANIM_ID,ANIM_CHECKUP_HEIGHT,ANIM_CHECKUP_WEIGHT,ANIM_CHECKUP_LENGTH,ANIM_CHECKUP_GENERAL_HEALTH,ANIM_CHECKUP_OTHER_DETAILS) values (to_timestamp('14-FEB-07 12.00.00.000000000 AM','DD-MON-RR HH.MI.SS.FF AM'),148,'9','74','167','Normal','Animal is very alert and playful');
Insert into ANIMAL_CHECKUP (ANIM_CHECKUP_DATE,ANIM_ID,ANIM_CHECKUP_HEIGHT,ANIM_CHECKUP_WEIGHT,ANIM_CHECKUP_LENGTH,ANIM_CHECKUP_GENERAL_HEALTH,ANIM_CHECKUP_OTHER_DETAILS) values (to_timestamp('05-FEB-09 12.00.00.000000000 AM','DD-MON-RR HH.MI.SS.FF AM'),70,'26','416','189','Normal',' ');
Insert into ANIMAL_CHECKUP (ANIM_CHECKUP_DATE,ANIM_ID,ANIM_CHECKUP_HEIGHT,ANIM_CHECKUP_WEIGHT,ANIM_CHECKUP_LENGTH,ANIM_CHECKUP_GENERAL_HEALTH,ANIM_CHECKUP_OTHER_DETAILS) values (to_timestamp('13-FEB-08 12.00.00.000000000 AM','DD-MON-RR HH.MI.SS.FF AM'),82,'20','145','38','Normal',' ');
Insert into ANIMAL_CHECKUP (ANIM_CHECKUP_DATE,ANIM_ID,ANIM_CHECKUP_HEIGHT,ANIM_CHECKUP_WEIGHT,ANIM_CHECKUP_LENGTH,ANIM_CHECKUP_GENERAL_HEALTH,ANIM_CHECKUP_OTHER_DETAILS) values (to_timestamp('27-FEB-09 12.00.00.000000000 AM','DD-MON-RR HH.MI.SS.FF AM'),34,'28','414','58','Malnourished',' ');
Insert into ANIMAL_CHECKUP (ANIM_CHECKUP_DATE,ANIM_ID,ANIM_CHECKUP_HEIGHT,ANIM_CHECKUP_WEIGHT,ANIM_CHECKUP_LENGTH,ANIM_CHECKUP_GENERAL_HEALTH,ANIM_CHECKUP_OTHER_DETAILS) values (to_timestamp('06-FEB-06 12.00.00.000000000 AM','DD-MON-RR HH.MI.SS.FF AM'),186,'11','121','66','Normal',' ');
Insert into ANIMAL_CHECKUP (ANIM_CHECKUP_DATE,ANIM_ID,ANIM_CHECKUP_HEIGHT,ANIM_CHECKUP_WEIGHT,ANIM_CHECKUP_LENGTH,ANIM_CHECKUP_GENERAL_HEALTH,ANIM_CHECKUP_OTHER_DETAILS) values (to_timestamp('21-FEB-11 12.00.00.000000000 AM','DD-MON-RR HH.MI.SS.FF AM'),4,'7','248','152','Normal','Animal appears bored.');
Insert into ANIMAL_CHECKUP (ANIM_CHECKUP_DATE,ANIM_ID,ANIM_CHECKUP_HEIGHT,ANIM_CHECKUP_WEIGHT,ANIM_CHECKUP_LENGTH,ANIM_CHECKUP_GENERAL_HEALTH,ANIM_CHECKUP_OTHER_DETAILS) values (to_timestamp('19-MAR-11 12.00.00.000000000 AM','DD-MON-RR HH.MI.SS.FF AM'),159,'7','136','155','Normal','Animal appears bored.');
Insert into ANIMAL_CHECKUP (ANIM_CHECKUP_DATE,ANIM_ID,ANIM_CHECKUP_HEIGHT,ANIM_CHECKUP_WEIGHT,ANIM_CHECKUP_LENGTH,ANIM_CHECKUP_GENERAL_HEALTH,ANIM_CHECKUP_OTHER_DETAILS) values (to_timestamp('28-FEB-08 12.00.00.000000000 AM','DD-MON-RR HH.MI.SS.FF AM'),192,'17','101','192','Normal',' ');
Insert into ANIMAL_CHECKUP (ANIM_CHECKUP_DATE,ANIM_ID,ANIM_CHECKUP_HEIGHT,ANIM_CHECKUP_WEIGHT,ANIM_CHECKUP_LENGTH,ANIM_CHECKUP_GENERAL_HEALTH,ANIM_CHECKUP_OTHER_DETAILS) values (to_timestamp('18-FEB-09 12.00.00.000000000 AM','DD-MON-RR HH.MI.SS.FF AM'),44,'22','157','71','Normal','Animal appears bored.');
Insert into ANIMAL_CHECKUP (ANIM_CHECKUP_DATE,ANIM_ID,ANIM_CHECKUP_HEIGHT,ANIM_CHECKUP_WEIGHT,ANIM_CHECKUP_LENGTH,ANIM_CHECKUP_GENERAL_HEALTH,ANIM_CHECKUP_OTHER_DETAILS) values (to_timestamp('19-FEB-12 12.00.00.000000000 AM','DD-MON-RR HH.MI.SS.FF AM'),39,'9','31','135','Malnourished','Animal rations should be increased by 5%');
Insert into ANIMAL_CHECKUP (ANIM_CHECKUP_DATE,ANIM_ID,ANIM_CHECKUP_HEIGHT,ANIM_CHECKUP_WEIGHT,ANIM_CHECKUP_LENGTH,ANIM_CHECKUP_GENERAL_HEALTH,ANIM_CHECKUP_OTHER_DETAILS) values (to_timestamp('18-FEB-13 12.00.00.000000000 AM','DD-MON-RR HH.MI.SS.FF AM'),169,'20','103','65','Malnourished',' ');
Insert into ANIMAL_CHECKUP (ANIM_CHECKUP_DATE,ANIM_ID,ANIM_CHECKUP_HEIGHT,ANIM_CHECKUP_WEIGHT,ANIM_CHECKUP_LENGTH,ANIM_CHECKUP_GENERAL_HEALTH,ANIM_CHECKUP_OTHER_DETAILS) values (to_timestamp('21-FEB-12 12.00.00.000000000 AM','DD-MON-RR HH.MI.SS.FF AM'),187,'31','262','159','Normal',' ');
Insert into ANIMAL_CHECKUP (ANIM_CHECKUP_DATE,ANIM_ID,ANIM_CHECKUP_HEIGHT,ANIM_CHECKUP_WEIGHT,ANIM_CHECKUP_LENGTH,ANIM_CHECKUP_GENERAL_HEALTH,ANIM_CHECKUP_OTHER_DETAILS) values (to_timestamp('14-FEB-10 12.00.00.000000000 AM','DD-MON-RR HH.MI.SS.FF AM'),34,'28','350','67','Normal',' ');
Insert into ANIMAL_CHECKUP (ANIM_CHECKUP_DATE,ANIM_ID,ANIM_CHECKUP_HEIGHT,ANIM_CHECKUP_WEIGHT,ANIM_CHECKUP_LENGTH,ANIM_CHECKUP_GENERAL_HEALTH,ANIM_CHECKUP_OTHER_DETAILS) values (to_timestamp('21-MAR-07 12.00.00.000000000 AM','DD-MON-RR HH.MI.SS.FF AM'),94,'28','253','174','Normal',' ');
Insert into ANIMAL_CHECKUP (ANIM_CHECKUP_DATE,ANIM_ID,ANIM_CHECKUP_HEIGHT,ANIM_CHECKUP_WEIGHT,ANIM_CHECKUP_LENGTH,ANIM_CHECKUP_GENERAL_HEALTH,ANIM_CHECKUP_OTHER_DETAILS) values (to_timestamp('07-FEB-13 12.00.00.000000000 AM','DD-MON-RR HH.MI.SS.FF AM'),159,'3','104','145','Normal',' ');
Insert into ANIMAL_CHECKUP (ANIM_CHECKUP_DATE,ANIM_ID,ANIM_CHECKUP_HEIGHT,ANIM_CHECKUP_WEIGHT,ANIM_CHECKUP_LENGTH,ANIM_CHECKUP_GENERAL_HEALTH,ANIM_CHECKUP_OTHER_DETAILS) values (to_timestamp('05-MAR-06 12.00.00.000000000 AM','DD-MON-RR HH.MI.SS.FF AM'),8,'10','27','172','Normal','Animal is very alert and playful');
Insert into ANIMAL_CHECKUP (ANIM_CHECKUP_DATE,ANIM_ID,ANIM_CHECKUP_HEIGHT,ANIM_CHECKUP_WEIGHT,ANIM_CHECKUP_LENGTH,ANIM_CHECKUP_GENERAL_HEALTH,ANIM_CHECKUP_OTHER_DETAILS) values (to_timestamp('07-MAR-06 12.00.00.000000000 AM','DD-MON-RR HH.MI.SS.FF AM'),117,'16','119','155','Normal',' ');
Insert into ANIMAL_CHECKUP (ANIM_CHECKUP_DATE,ANIM_ID,ANIM_CHECKUP_HEIGHT,ANIM_CHECKUP_WEIGHT,ANIM_CHECKUP_LENGTH,ANIM_CHECKUP_GENERAL_HEALTH,ANIM_CHECKUP_OTHER_DETAILS) values (to_timestamp('27-MAR-05 12.00.00.000000000 AM','DD-MON-RR HH.MI.SS.FF AM'),24,'5','123','147','Normal','Animal appears bored.');
Insert into ANIMAL_CHECKUP (ANIM_CHECKUP_DATE,ANIM_ID,ANIM_CHECKUP_HEIGHT,ANIM_CHECKUP_WEIGHT,ANIM_CHECKUP_LENGTH,ANIM_CHECKUP_GENERAL_HEALTH,ANIM_CHECKUP_OTHER_DETAILS) values (to_timestamp('14-MAR-09 12.00.00.000000000 AM','DD-MON-RR HH.MI.SS.FF AM'),24,'0','136','149','Normal',' ');
Insert into ANIMAL_CHECKUP (ANIM_CHECKUP_DATE,ANIM_ID,ANIM_CHECKUP_HEIGHT,ANIM_CHECKUP_WEIGHT,ANIM_CHECKUP_LENGTH,ANIM_CHECKUP_GENERAL_HEALTH,ANIM_CHECKUP_OTHER_DETAILS) values (to_timestamp('19-MAR-09 12.00.00.000000000 AM','DD-MON-RR HH.MI.SS.FF AM'),155,'14','276','52','Normal',' ');
Insert into ANIMAL_CHECKUP (ANIM_CHECKUP_DATE,ANIM_ID,ANIM_CHECKUP_HEIGHT,ANIM_CHECKUP_WEIGHT,ANIM_CHECKUP_LENGTH,ANIM_CHECKUP_GENERAL_HEALTH,ANIM_CHECKUP_OTHER_DETAILS) values (to_timestamp('26-MAR-10 12.00.00.000000000 AM','DD-MON-RR HH.MI.SS.FF AM'),195,'14','100','67','Ill','Gums are swollen and inflamed.');
Insert into ANIMAL_CHECKUP (ANIM_CHECKUP_DATE,ANIM_ID,ANIM_CHECKUP_HEIGHT,ANIM_CHECKUP_WEIGHT,ANIM_CHECKUP_LENGTH,ANIM_CHECKUP_GENERAL_HEALTH,ANIM_CHECKUP_OTHER_DETAILS) values (to_timestamp('13-MAR-06 12.00.00.000000000 AM','DD-MON-RR HH.MI.SS.FF AM'),24,'5','86','146','Normal',' ');
Insert into ANIMAL_CHECKUP (ANIM_CHECKUP_DATE,ANIM_ID,ANIM_CHECKUP_HEIGHT,ANIM_CHECKUP_WEIGHT,ANIM_CHECKUP_LENGTH,ANIM_CHECKUP_GENERAL_HEALTH,ANIM_CHECKUP_OTHER_DETAILS) values (to_timestamp('04-MAR-14 12.00.00.000000000 AM','DD-MON-RR HH.MI.SS.FF AM'),195,'10','63','61','Normal',' ');
Insert into ANIMAL_CHECKUP (ANIM_CHECKUP_DATE,ANIM_ID,ANIM_CHECKUP_HEIGHT,ANIM_CHECKUP_WEIGHT,ANIM_CHECKUP_LENGTH,ANIM_CHECKUP_GENERAL_HEALTH,ANIM_CHECKUP_OTHER_DETAILS) values (to_timestamp('04-MAR-09 12.00.00.000000000 AM','DD-MON-RR HH.MI.SS.FF AM'),195,'11','52','64','Normal',' ');
Insert into ANIMAL_CHECKUP (ANIM_CHECKUP_DATE,ANIM_ID,ANIM_CHECKUP_HEIGHT,ANIM_CHECKUP_WEIGHT,ANIM_CHECKUP_LENGTH,ANIM_CHECKUP_GENERAL_HEALTH,ANIM_CHECKUP_OTHER_DETAILS) values (to_timestamp('08-APR-12 12.00.00.000000000 AM','DD-MON-RR HH.MI.SS.FF AM'),102,'15','267','13','Normal','Animal has poor dental hygiene');
Insert into ANIMAL_CHECKUP (ANIM_CHECKUP_DATE,ANIM_ID,ANIM_CHECKUP_HEIGHT,ANIM_CHECKUP_WEIGHT,ANIM_CHECKUP_LENGTH,ANIM_CHECKUP_GENERAL_HEALTH,ANIM_CHECKUP_OTHER_DETAILS) values (to_timestamp('23-APR-06 12.00.00.000000000 AM','DD-MON-RR HH.MI.SS.FF AM'),1,'12','149','143','Normal',' ');
Insert into ANIMAL_CHECKUP (ANIM_CHECKUP_DATE,ANIM_ID,ANIM_CHECKUP_HEIGHT,ANIM_CHECKUP_WEIGHT,ANIM_CHECKUP_LENGTH,ANIM_CHECKUP_GENERAL_HEALTH,ANIM_CHECKUP_OTHER_DETAILS) values (to_timestamp('20-APR-09 12.00.00.000000000 AM','DD-MON-RR HH.MI.SS.FF AM'),118,'27','100','172','Normal','Animal has poor dental hygiene');
Insert into ANIMAL_CHECKUP (ANIM_CHECKUP_DATE,ANIM_ID,ANIM_CHECKUP_HEIGHT,ANIM_CHECKUP_WEIGHT,ANIM_CHECKUP_LENGTH,ANIM_CHECKUP_GENERAL_HEALTH,ANIM_CHECKUP_OTHER_DETAILS) values (to_timestamp('24-APR-07 12.00.00.000000000 AM','DD-MON-RR HH.MI.SS.FF AM'),64,'5','425','168','Normal',' ');
Insert into ANIMAL_CHECKUP (ANIM_CHECKUP_DATE,ANIM_ID,ANIM_CHECKUP_HEIGHT,ANIM_CHECKUP_WEIGHT,ANIM_CHECKUP_LENGTH,ANIM_CHECKUP_GENERAL_HEALTH,ANIM_CHECKUP_OTHER_DETAILS) values (to_timestamp('03-MAY-05 12.00.00.000000000 AM','DD-MON-RR HH.MI.SS.FF AM'),40,'25','273','46','Normal',' ');
Insert into ANIMAL_CHECKUP (ANIM_CHECKUP_DATE,ANIM_ID,ANIM_CHECKUP_HEIGHT,ANIM_CHECKUP_WEIGHT,ANIM_CHECKUP_LENGTH,ANIM_CHECKUP_GENERAL_HEALTH,ANIM_CHECKUP_OTHER_DETAILS) values (to_timestamp('10-MAY-08 12.00.00.000000000 AM','DD-MON-RR HH.MI.SS.FF AM'),72,'27','277','34','Malnourished','Animal rations should be increased by 5%');
Insert into ANIMAL_CHECKUP (ANIM_CHECKUP_DATE,ANIM_ID,ANIM_CHECKUP_HEIGHT,ANIM_CHECKUP_WEIGHT,ANIM_CHECKUP_LENGTH,ANIM_CHECKUP_GENERAL_HEALTH,ANIM_CHECKUP_OTHER_DETAILS) values (to_timestamp('19-JUN-06 12.00.00.000000000 AM','DD-MON-RR HH.MI.SS.FF AM'),17,'5','152','19','Normal',' ');
Insert into ANIMAL_CHECKUP (ANIM_CHECKUP_DATE,ANIM_ID,ANIM_CHECKUP_HEIGHT,ANIM_CHECKUP_WEIGHT,ANIM_CHECKUP_LENGTH,ANIM_CHECKUP_GENERAL_HEALTH,ANIM_CHECKUP_OTHER_DETAILS) values (to_timestamp('17-MAY-05 12.00.00.000000000 AM','DD-MON-RR HH.MI.SS.FF AM'),174,'5','5','140','Normal',' ');
Insert into ANIMAL_CHECKUP (ANIM_CHECKUP_DATE,ANIM_ID,ANIM_CHECKUP_HEIGHT,ANIM_CHECKUP_WEIGHT,ANIM_CHECKUP_LENGTH,ANIM_CHECKUP_GENERAL_HEALTH,ANIM_CHECKUP_OTHER_DETAILS) values (to_timestamp('22-MAY-04 12.00.00.000000000 AM','DD-MON-RR HH.MI.SS.FF AM'),115,'3','391','98','Normal',' ');
Insert into ANIMAL_CHECKUP (ANIM_CHECKUP_DATE,ANIM_ID,ANIM_CHECKUP_HEIGHT,ANIM_CHECKUP_WEIGHT,ANIM_CHECKUP_LENGTH,ANIM_CHECKUP_GENERAL_HEALTH,ANIM_CHECKUP_OTHER_DETAILS) values (to_timestamp('31-MAY-08 12.00.00.000000000 AM','DD-MON-RR HH.MI.SS.FF AM'),50,'33','315','5','Malnourished','Animal rations should be increased by 10%');
Insert into ANIMAL_CHECKUP (ANIM_CHECKUP_DATE,ANIM_ID,ANIM_CHECKUP_HEIGHT,ANIM_CHECKUP_WEIGHT,ANIM_CHECKUP_LENGTH,ANIM_CHECKUP_GENERAL_HEALTH,ANIM_CHECKUP_OTHER_DETAILS) values (to_timestamp('28-MAY-04 12.00.00.000000000 AM','DD-MON-RR HH.MI.SS.FF AM'),40,'26','238','51','Normal',' ');
Insert into ANIMAL_CHECKUP (ANIM_CHECKUP_DATE,ANIM_ID,ANIM_CHECKUP_HEIGHT,ANIM_CHECKUP_WEIGHT,ANIM_CHECKUP_LENGTH,ANIM_CHECKUP_GENERAL_HEALTH,ANIM_CHECKUP_OTHER_DETAILS) values (to_timestamp('07-MAY-10 12.00.00.000000000 AM','DD-MON-RR HH.MI.SS.FF AM'),69,'18','125','26','Normal',' ');
Insert into ANIMAL_CHECKUP (ANIM_CHECKUP_DATE,ANIM_ID,ANIM_CHECKUP_HEIGHT,ANIM_CHECKUP_WEIGHT,ANIM_CHECKUP_LENGTH,ANIM_CHECKUP_GENERAL_HEALTH,ANIM_CHECKUP_OTHER_DETAILS) values (to_timestamp('01-MAY-11 12.00.00.000000000 AM','DD-MON-RR HH.MI.SS.FF AM'),72,'29','289','35','Normal','Animal has poor dental hygiene');
Insert into ANIMAL_CHECKUP (ANIM_CHECKUP_DATE,ANIM_ID,ANIM_CHECKUP_HEIGHT,ANIM_CHECKUP_WEIGHT,ANIM_CHECKUP_LENGTH,ANIM_CHECKUP_GENERAL_HEALTH,ANIM_CHECKUP_OTHER_DETAILS) values (to_timestamp('15-MAY-09 12.00.00.000000000 AM','DD-MON-RR HH.MI.SS.FF AM'),36,'21','358','104','Normal',' ');
Insert into ANIMAL_CHECKUP (ANIM_CHECKUP_DATE,ANIM_ID,ANIM_CHECKUP_HEIGHT,ANIM_CHECKUP_WEIGHT,ANIM_CHECKUP_LENGTH,ANIM_CHECKUP_GENERAL_HEALTH,ANIM_CHECKUP_OTHER_DETAILS) values (to_timestamp('12-MAY-06 12.00.00.000000000 AM','DD-MON-RR HH.MI.SS.FF AM'),83,'30','219','85','Normal',' ');
Insert into ANIMAL_CHECKUP (ANIM_CHECKUP_DATE,ANIM_ID,ANIM_CHECKUP_HEIGHT,ANIM_CHECKUP_WEIGHT,ANIM_CHECKUP_LENGTH,ANIM_CHECKUP_GENERAL_HEALTH,ANIM_CHECKUP_OTHER_DETAILS) values (to_timestamp('17-JUN-04 12.00.00.000000000 AM','DD-MON-RR HH.MI.SS.FF AM'),136,'3','225','44','Normal',' ');
Insert into ANIMAL_CHECKUP (ANIM_CHECKUP_DATE,ANIM_ID,ANIM_CHECKUP_HEIGHT,ANIM_CHECKUP_WEIGHT,ANIM_CHECKUP_LENGTH,ANIM_CHECKUP_GENERAL_HEALTH,ANIM_CHECKUP_OTHER_DETAILS) values (to_timestamp('24-JUN-07 12.00.00.000000000 AM','DD-MON-RR HH.MI.SS.FF AM'),66,'26','129','46','Normal',' ');
Insert into ANIMAL_CHECKUP (ANIM_CHECKUP_DATE,ANIM_ID,ANIM_CHECKUP_HEIGHT,ANIM_CHECKUP_WEIGHT,ANIM_CHECKUP_LENGTH,ANIM_CHECKUP_GENERAL_HEALTH,ANIM_CHECKUP_OTHER_DETAILS) values (to_timestamp('18-JUN-02 12.00.00.000000000 AM','DD-MON-RR HH.MI.SS.FF AM'),194,'29','225','149','Ill','Gums are swollen and inflamed.');
Insert into ANIMAL_CHECKUP (ANIM_CHECKUP_DATE,ANIM_ID,ANIM_CHECKUP_HEIGHT,ANIM_CHECKUP_WEIGHT,ANIM_CHECKUP_LENGTH,ANIM_CHECKUP_GENERAL_HEALTH,ANIM_CHECKUP_OTHER_DETAILS) values (to_timestamp('28-JUN-05 12.00.00.000000000 AM','DD-MON-RR HH.MI.SS.FF AM'),142,'8','208','126','Normal',' ');
Insert into ANIMAL_CHECKUP (ANIM_CHECKUP_DATE,ANIM_ID,ANIM_CHECKUP_HEIGHT,ANIM_CHECKUP_WEIGHT,ANIM_CHECKUP_LENGTH,ANIM_CHECKUP_GENERAL_HEALTH,ANIM_CHECKUP_OTHER_DETAILS) values (to_timestamp('06-JUN-02 12.00.00.000000000 AM','DD-MON-RR HH.MI.SS.FF AM'),149,'18','349','90','Normal','Animal has poor dental hygiene');
Insert into ANIMAL_CHECKUP (ANIM_CHECKUP_DATE,ANIM_ID,ANIM_CHECKUP_HEIGHT,ANIM_CHECKUP_WEIGHT,ANIM_CHECKUP_LENGTH,ANIM_CHECKUP_GENERAL_HEALTH,ANIM_CHECKUP_OTHER_DETAILS) values (to_timestamp('20-JUN-01 12.00.00.000000000 AM','DD-MON-RR HH.MI.SS.FF AM'),65,'11','252','68','Normal','Animal appears bored.');
Insert into ANIMAL_CHECKUP (ANIM_CHECKUP_DATE,ANIM_ID,ANIM_CHECKUP_HEIGHT,ANIM_CHECKUP_WEIGHT,ANIM_CHECKUP_LENGTH,ANIM_CHECKUP_GENERAL_HEALTH,ANIM_CHECKUP_OTHER_DETAILS) values (to_timestamp('24-JUN-05 12.00.00.000000000 AM','DD-MON-RR HH.MI.SS.FF AM'),54,'29','354','12','Normal',' ');
Insert into ANIMAL_CHECKUP (ANIM_CHECKUP_DATE,ANIM_ID,ANIM_CHECKUP_HEIGHT,ANIM_CHECKUP_WEIGHT,ANIM_CHECKUP_LENGTH,ANIM_CHECKUP_GENERAL_HEALTH,ANIM_CHECKUP_OTHER_DETAILS) values (to_timestamp('02-JUN-06 12.00.00.000000000 AM','DD-MON-RR HH.MI.SS.FF AM'),194,'26','235','140','Normal','Animal is very alert and playful');
Insert into ANIMAL_CHECKUP (ANIM_CHECKUP_DATE,ANIM_ID,ANIM_CHECKUP_HEIGHT,ANIM_CHECKUP_WEIGHT,ANIM_CHECKUP_LENGTH,ANIM_CHECKUP_GENERAL_HEALTH,ANIM_CHECKUP_OTHER_DETAILS) values (to_timestamp('09-JUN-08 12.00.00.000000000 AM','DD-MON-RR HH.MI.SS.FF AM'),136,'6','216','43','Malnourished','Animal rations should be increased by 5%');
Insert into ANIMAL_CHECKUP (ANIM_CHECKUP_DATE,ANIM_ID,ANIM_CHECKUP_HEIGHT,ANIM_CHECKUP_WEIGHT,ANIM_CHECKUP_LENGTH,ANIM_CHECKUP_GENERAL_HEALTH,ANIM_CHECKUP_OTHER_DETAILS) values (to_timestamp('05-JUN-06 12.00.00.000000000 AM','DD-MON-RR HH.MI.SS.FF AM'),19,'9','2','55','Malnourished','Animal rations should be increased by 10%');
Insert into ANIMAL_CHECKUP (ANIM_CHECKUP_DATE,ANIM_ID,ANIM_CHECKUP_HEIGHT,ANIM_CHECKUP_WEIGHT,ANIM_CHECKUP_LENGTH,ANIM_CHECKUP_GENERAL_HEALTH,ANIM_CHECKUP_OTHER_DETAILS) values (to_timestamp('08-JUL-05 12.00.00.000000000 AM','DD-MON-RR HH.MI.SS.FF AM'),188,'8','162','51','Normal',' ');
Insert into ANIMAL_CHECKUP (ANIM_CHECKUP_DATE,ANIM_ID,ANIM_CHECKUP_HEIGHT,ANIM_CHECKUP_WEIGHT,ANIM_CHECKUP_LENGTH,ANIM_CHECKUP_GENERAL_HEALTH,ANIM_CHECKUP_OTHER_DETAILS) values (to_timestamp('14-JUL-04 12.00.00.000000000 AM','DD-MON-RR HH.MI.SS.FF AM'),140,'29','111','189','Normal',' ');
Insert into ANIMAL_CHECKUP (ANIM_CHECKUP_DATE,ANIM_ID,ANIM_CHECKUP_HEIGHT,ANIM_CHECKUP_WEIGHT,ANIM_CHECKUP_LENGTH,ANIM_CHECKUP_GENERAL_HEALTH,ANIM_CHECKUP_OTHER_DETAILS) values (to_timestamp('18-JUL-06 12.00.00.000000000 AM','DD-MON-RR HH.MI.SS.FF AM'),33,'30','418','198','Normal','Animal appears bored.');
Insert into ANIMAL_CHECKUP (ANIM_CHECKUP_DATE,ANIM_ID,ANIM_CHECKUP_HEIGHT,ANIM_CHECKUP_WEIGHT,ANIM_CHECKUP_LENGTH,ANIM_CHECKUP_GENERAL_HEALTH,ANIM_CHECKUP_OTHER_DETAILS) values (to_timestamp('29-JUL-05 12.00.00.000000000 AM','DD-MON-RR HH.MI.SS.FF AM'),188,'10','136','54','Normal','Animal is very alert and playful');
Insert into ANIMAL_CHECKUP (ANIM_CHECKUP_DATE,ANIM_ID,ANIM_CHECKUP_HEIGHT,ANIM_CHECKUP_WEIGHT,ANIM_CHECKUP_LENGTH,ANIM_CHECKUP_GENERAL_HEALTH,ANIM_CHECKUP_OTHER_DETAILS) values (to_timestamp('21-JUL-04 12.00.00.000000000 AM','DD-MON-RR HH.MI.SS.FF AM'),114,'16','355','21','Normal',' ');
Insert into ANIMAL_CHECKUP (ANIM_CHECKUP_DATE,ANIM_ID,ANIM_CHECKUP_HEIGHT,ANIM_CHECKUP_WEIGHT,ANIM_CHECKUP_LENGTH,ANIM_CHECKUP_GENERAL_HEALTH,ANIM_CHECKUP_OTHER_DETAILS) values (to_timestamp('24-JUL-06 12.00.00.000000000 AM','DD-MON-RR HH.MI.SS.FF AM'),2,'3','102','66','Malnourished','Animal rations should be increased by 10%');
Insert into ANIMAL_CHECKUP (ANIM_CHECKUP_DATE,ANIM_ID,ANIM_CHECKUP_HEIGHT,ANIM_CHECKUP_WEIGHT,ANIM_CHECKUP_LENGTH,ANIM_CHECKUP_GENERAL_HEALTH,ANIM_CHECKUP_OTHER_DETAILS) values (to_timestamp('27-JUL-07 12.00.00.000000000 AM','DD-MON-RR HH.MI.SS.FF AM'),53,'6','94','34','Ill','Gums are swollen and inflamed.');
Insert into ANIMAL_CHECKUP (ANIM_CHECKUP_DATE,ANIM_ID,ANIM_CHECKUP_HEIGHT,ANIM_CHECKUP_WEIGHT,ANIM_CHECKUP_LENGTH,ANIM_CHECKUP_GENERAL_HEALTH,ANIM_CHECKUP_OTHER_DETAILS) values (to_timestamp('21-AUG-04 12.00.00.000000000 AM','DD-MON-RR HH.MI.SS.FF AM'),37,'10','277','6','Normal',' ');
Insert into ANIMAL_CHECKUP (ANIM_CHECKUP_DATE,ANIM_ID,ANIM_CHECKUP_HEIGHT,ANIM_CHECKUP_WEIGHT,ANIM_CHECKUP_LENGTH,ANIM_CHECKUP_GENERAL_HEALTH,ANIM_CHECKUP_OTHER_DETAILS) values (to_timestamp('22-JUN-07 12.00.00.000000000 AM','DD-MON-RR HH.MI.SS.FF AM'),141,'18','42','182','Normal',' ');
Insert into ANIMAL_CHECKUP (ANIM_CHECKUP_DATE,ANIM_ID,ANIM_CHECKUP_HEIGHT,ANIM_CHECKUP_WEIGHT,ANIM_CHECKUP_LENGTH,ANIM_CHECKUP_GENERAL_HEALTH,ANIM_CHECKUP_OTHER_DETAILS) values (to_timestamp('11-JUL-07 12.00.00.000000000 AM','DD-MON-RR HH.MI.SS.FF AM'),33,'31','355','192','Normal',' ');
Insert into ANIMAL_CHECKUP (ANIM_CHECKUP_DATE,ANIM_ID,ANIM_CHECKUP_HEIGHT,ANIM_CHECKUP_WEIGHT,ANIM_CHECKUP_LENGTH,ANIM_CHECKUP_GENERAL_HEALTH,ANIM_CHECKUP_OTHER_DETAILS) values (to_timestamp('28-JUL-04 12.00.00.000000000 AM','DD-MON-RR HH.MI.SS.FF AM'),2,'7','41','68','Normal',' ');
Insert into ANIMAL_CHECKUP (ANIM_CHECKUP_DATE,ANIM_ID,ANIM_CHECKUP_HEIGHT,ANIM_CHECKUP_WEIGHT,ANIM_CHECKUP_LENGTH,ANIM_CHECKUP_GENERAL_HEALTH,ANIM_CHECKUP_OTHER_DETAILS) values (to_timestamp('19-JUL-07 12.00.00.000000000 AM','DD-MON-RR HH.MI.SS.FF AM'),127,'26','402','131','Normal',' ');
Insert into ANIMAL_CHECKUP (ANIM_CHECKUP_DATE,ANIM_ID,ANIM_CHECKUP_HEIGHT,ANIM_CHECKUP_WEIGHT,ANIM_CHECKUP_LENGTH,ANIM_CHECKUP_GENERAL_HEALTH,ANIM_CHECKUP_OTHER_DETAILS) values (to_timestamp('23-JUL-02 12.00.00.000000000 AM','DD-MON-RR HH.MI.SS.FF AM'),112,'8','250','116','Normal','Animal appears bored.');
Insert into ANIMAL_CHECKUP (ANIM_CHECKUP_DATE,ANIM_ID,ANIM_CHECKUP_HEIGHT,ANIM_CHECKUP_WEIGHT,ANIM_CHECKUP_LENGTH,ANIM_CHECKUP_GENERAL_HEALTH,ANIM_CHECKUP_OTHER_DETAILS) values (to_timestamp('22-JUL-05 12.00.00.000000000 AM','DD-MON-RR HH.MI.SS.FF AM'),38,'25','392','112','Normal',' ');
Insert into ANIMAL_CHECKUP (ANIM_CHECKUP_DATE,ANIM_ID,ANIM_CHECKUP_HEIGHT,ANIM_CHECKUP_WEIGHT,ANIM_CHECKUP_LENGTH,ANIM_CHECKUP_GENERAL_HEALTH,ANIM_CHECKUP_OTHER_DETAILS) values (to_timestamp('06-JUL-04 12.00.00.000000000 AM','DD-MON-RR HH.MI.SS.FF AM'),175,'8','313','93','Normal',' ');
Insert into ANIMAL_CHECKUP (ANIM_CHECKUP_DATE,ANIM_ID,ANIM_CHECKUP_HEIGHT,ANIM_CHECKUP_WEIGHT,ANIM_CHECKUP_LENGTH,ANIM_CHECKUP_GENERAL_HEALTH,ANIM_CHECKUP_OTHER_DETAILS) values (to_timestamp('05-JUL-09 12.00.00.000000000 AM','DD-MON-RR HH.MI.SS.FF AM'),33,'29','387','194','Normal',' ');
Insert into ANIMAL_CHECKUP (ANIM_CHECKUP_DATE,ANIM_ID,ANIM_CHECKUP_HEIGHT,ANIM_CHECKUP_WEIGHT,ANIM_CHECKUP_LENGTH,ANIM_CHECKUP_GENERAL_HEALTH,ANIM_CHECKUP_OTHER_DETAILS) values (to_timestamp('06-FEB-06 12.00.00.000000000 AM','DD-MON-RR HH.MI.SS.FF AM'),88,'25','411','113','Malnourished','Animal rations should be increased by 5%');
Insert into ANIMAL_CHECKUP (ANIM_CHECKUP_DATE,ANIM_ID,ANIM_CHECKUP_HEIGHT,ANIM_CHECKUP_WEIGHT,ANIM_CHECKUP_LENGTH,ANIM_CHECKUP_GENERAL_HEALTH,ANIM_CHECKUP_OTHER_DETAILS) values (to_timestamp('21-FEB-06 12.00.00.000000000 AM','DD-MON-RR HH.MI.SS.FF AM'),79,'29','224','16','Normal','Animal is very alert and playful');
Insert into ANIMAL_CHECKUP (ANIM_CHECKUP_DATE,ANIM_ID,ANIM_CHECKUP_HEIGHT,ANIM_CHECKUP_WEIGHT,ANIM_CHECKUP_LENGTH,ANIM_CHECKUP_GENERAL_HEALTH,ANIM_CHECKUP_OTHER_DETAILS) values (to_timestamp('24-MAR-07 12.00.00.000000000 AM','DD-MON-RR HH.MI.SS.FF AM'),101,'8','234','181','Normal',' ');
Insert into ANIMAL_CHECKUP (ANIM_CHECKUP_DATE,ANIM_ID,ANIM_CHECKUP_HEIGHT,ANIM_CHECKUP_WEIGHT,ANIM_CHECKUP_LENGTH,ANIM_CHECKUP_GENERAL_HEALTH,ANIM_CHECKUP_OTHER_DETAILS) values (to_timestamp('20-FEB-11 12.00.00.000000000 AM','DD-MON-RR HH.MI.SS.FF AM'),186,'12','129','60','Normal','Animal appears bored.');
Insert into ANIMAL_CHECKUP (ANIM_CHECKUP_DATE,ANIM_ID,ANIM_CHECKUP_HEIGHT,ANIM_CHECKUP_WEIGHT,ANIM_CHECKUP_LENGTH,ANIM_CHECKUP_GENERAL_HEALTH,ANIM_CHECKUP_OTHER_DETAILS) values (to_timestamp('04-FEB-05 12.00.00.000000000 AM','DD-MON-RR HH.MI.SS.FF AM'),49,'20','49','56','Ill','Animal appears short of breath.');
Insert into ANIMAL_CHECKUP (ANIM_CHECKUP_DATE,ANIM_ID,ANIM_CHECKUP_HEIGHT,ANIM_CHECKUP_WEIGHT,ANIM_CHECKUP_LENGTH,ANIM_CHECKUP_GENERAL_HEALTH,ANIM_CHECKUP_OTHER_DETAILS) values (to_timestamp('19-MAR-09 12.00.00.000000000 AM','DD-MON-RR HH.MI.SS.FF AM'),185,'6','-28','39','Normal',' ');
Insert into ANIMAL_CHECKUP (ANIM_CHECKUP_DATE,ANIM_ID,ANIM_CHECKUP_HEIGHT,ANIM_CHECKUP_WEIGHT,ANIM_CHECKUP_LENGTH,ANIM_CHECKUP_GENERAL_HEALTH,ANIM_CHECKUP_OTHER_DETAILS) values (to_timestamp('05-MAR-07 12.00.00.000000000 AM','DD-MON-RR HH.MI.SS.FF AM'),105,'24','235','175','Normal',' ');
Insert into ANIMAL_CHECKUP (ANIM_CHECKUP_DATE,ANIM_ID,ANIM_CHECKUP_HEIGHT,ANIM_CHECKUP_WEIGHT,ANIM_CHECKUP_LENGTH,ANIM_CHECKUP_GENERAL_HEALTH,ANIM_CHECKUP_OTHER_DETAILS) values (to_timestamp('11-MAR-05 12.00.00.000000000 AM','DD-MON-RR HH.MI.SS.FF AM'),185,'7','17','40','Normal','Animal appears bored.');
Insert into ANIMAL_CHECKUP (ANIM_CHECKUP_DATE,ANIM_ID,ANIM_CHECKUP_HEIGHT,ANIM_CHECKUP_WEIGHT,ANIM_CHECKUP_LENGTH,ANIM_CHECKUP_GENERAL_HEALTH,ANIM_CHECKUP_OTHER_DETAILS) values (to_timestamp('14-MAR-06 12.00.00.000000000 AM','DD-MON-RR HH.MI.SS.FF AM'),105,'22','234','169','Ill','Gums are swollen and inflamed.');
Insert into ANIMAL_CHECKUP (ANIM_CHECKUP_DATE,ANIM_ID,ANIM_CHECKUP_HEIGHT,ANIM_CHECKUP_WEIGHT,ANIM_CHECKUP_LENGTH,ANIM_CHECKUP_GENERAL_HEALTH,ANIM_CHECKUP_OTHER_DETAILS) values (to_timestamp('31-MAR-08 12.00.00.000000000 AM','DD-MON-RR HH.MI.SS.FF AM'),157,'17','65','85','Normal',' ');
Insert into ANIMAL_CHECKUP (ANIM_CHECKUP_DATE,ANIM_ID,ANIM_CHECKUP_HEIGHT,ANIM_CHECKUP_WEIGHT,ANIM_CHECKUP_LENGTH,ANIM_CHECKUP_GENERAL_HEALTH,ANIM_CHECKUP_OTHER_DETAILS) values (to_timestamp('03-MAR-08 12.00.00.000000000 AM','DD-MON-RR HH.MI.SS.FF AM'),87,'14','85','17','Normal',' ');
Insert into ANIMAL_CHECKUP (ANIM_CHECKUP_DATE,ANIM_ID,ANIM_CHECKUP_HEIGHT,ANIM_CHECKUP_WEIGHT,ANIM_CHECKUP_LENGTH,ANIM_CHECKUP_GENERAL_HEALTH,ANIM_CHECKUP_OTHER_DETAILS) values (to_timestamp('26-MAR-06 12.00.00.000000000 AM','DD-MON-RR HH.MI.SS.FF AM'),87,'13','6','20','Normal',' ');
Insert into ANIMAL_CHECKUP (ANIM_CHECKUP_DATE,ANIM_ID,ANIM_CHECKUP_HEIGHT,ANIM_CHECKUP_WEIGHT,ANIM_CHECKUP_LENGTH,ANIM_CHECKUP_GENERAL_HEALTH,ANIM_CHECKUP_OTHER_DETAILS) values (to_timestamp('22-MAR-08 12.00.00.000000000 AM','DD-MON-RR HH.MI.SS.FF AM'),87,'13','-5','22','Normal',' ');
Insert into ANIMAL_CHECKUP (ANIM_CHECKUP_DATE,ANIM_ID,ANIM_CHECKUP_HEIGHT,ANIM_CHECKUP_WEIGHT,ANIM_CHECKUP_LENGTH,ANIM_CHECKUP_GENERAL_HEALTH,ANIM_CHECKUP_OTHER_DETAILS) values (to_timestamp('31-MAR-07 12.00.00.000000000 AM','DD-MON-RR HH.MI.SS.FF AM'),185,'10','-25','36','Normal','Animal has poor dental hygiene');
Insert into ANIMAL_CHECKUP (ANIM_CHECKUP_DATE,ANIM_ID,ANIM_CHECKUP_HEIGHT,ANIM_CHECKUP_WEIGHT,ANIM_CHECKUP_LENGTH,ANIM_CHECKUP_GENERAL_HEALTH,ANIM_CHECKUP_OTHER_DETAILS) values (to_timestamp('16-MAR-02 12.00.00.000000000 AM','DD-MON-RR HH.MI.SS.FF AM'),63,'26','310','77','Normal',' ');
Insert into ANIMAL_CHECKUP (ANIM_CHECKUP_DATE,ANIM_ID,ANIM_CHECKUP_HEIGHT,ANIM_CHECKUP_WEIGHT,ANIM_CHECKUP_LENGTH,ANIM_CHECKUP_GENERAL_HEALTH,ANIM_CHECKUP_OTHER_DETAILS) values (to_timestamp('11-MAR-09 12.00.00.000000000 AM','DD-MON-RR HH.MI.SS.FF AM'),94,'25','250','169','Normal',' ');
Insert into ANIMAL_CHECKUP (ANIM_CHECKUP_DATE,ANIM_ID,ANIM_CHECKUP_HEIGHT,ANIM_CHECKUP_WEIGHT,ANIM_CHECKUP_LENGTH,ANIM_CHECKUP_GENERAL_HEALTH,ANIM_CHECKUP_OTHER_DETAILS) values (to_timestamp('05-MAR-07 12.00.00.000000000 AM','DD-MON-RR HH.MI.SS.FF AM'),124,'9','324','135','Normal','Animal has poor dental hygiene');
Insert into ANIMAL_CHECKUP (ANIM_CHECKUP_DATE,ANIM_ID,ANIM_CHECKUP_HEIGHT,ANIM_CHECKUP_WEIGHT,ANIM_CHECKUP_LENGTH,ANIM_CHECKUP_GENERAL_HEALTH,ANIM_CHECKUP_OTHER_DETAILS) values (to_timestamp('18-MAR-09 12.00.00.000000000 AM','DD-MON-RR HH.MI.SS.FF AM'),132,'1','69','109','Normal','Animal is very alert and playful');
Insert into ANIMAL_CHECKUP (ANIM_CHECKUP_DATE,ANIM_ID,ANIM_CHECKUP_HEIGHT,ANIM_CHECKUP_WEIGHT,ANIM_CHECKUP_LENGTH,ANIM_CHECKUP_GENERAL_HEALTH,ANIM_CHECKUP_OTHER_DETAILS) values (to_timestamp('15-MAR-06 12.00.00.000000000 AM','DD-MON-RR HH.MI.SS.FF AM'),87,'15','4','18','Normal',' ');
Insert into ANIMAL_CHECKUP (ANIM_CHECKUP_DATE,ANIM_ID,ANIM_CHECKUP_HEIGHT,ANIM_CHECKUP_WEIGHT,ANIM_CHECKUP_LENGTH,ANIM_CHECKUP_GENERAL_HEALTH,ANIM_CHECKUP_OTHER_DETAILS) values (to_timestamp('28-MAR-04 12.00.00.000000000 AM','DD-MON-RR HH.MI.SS.FF AM'),185,'7','5','36','Normal','Animal appears bored.');
Insert into ANIMAL_CHECKUP (ANIM_CHECKUP_DATE,ANIM_ID,ANIM_CHECKUP_HEIGHT,ANIM_CHECKUP_WEIGHT,ANIM_CHECKUP_LENGTH,ANIM_CHECKUP_GENERAL_HEALTH,ANIM_CHECKUP_OTHER_DETAILS) values (to_timestamp('19-MAR-06 12.00.00.000000000 AM','DD-MON-RR HH.MI.SS.FF AM'),117,'16','89','164','Ill',' ');
Insert into ANIMAL_CHECKUP (ANIM_CHECKUP_DATE,ANIM_ID,ANIM_CHECKUP_HEIGHT,ANIM_CHECKUP_WEIGHT,ANIM_CHECKUP_LENGTH,ANIM_CHECKUP_GENERAL_HEALTH,ANIM_CHECKUP_OTHER_DETAILS) values (to_timestamp('25-APR-04 12.00.00.000000000 AM','DD-MON-RR HH.MI.SS.FF AM'),98,'15','211','163','Normal','Animal is very alert and playful');
Insert into ANIMAL_CHECKUP (ANIM_CHECKUP_DATE,ANIM_ID,ANIM_CHECKUP_HEIGHT,ANIM_CHECKUP_WEIGHT,ANIM_CHECKUP_LENGTH,ANIM_CHECKUP_GENERAL_HEALTH,ANIM_CHECKUP_OTHER_DETAILS) values (to_timestamp('14-APR-06 12.00.00.000000000 AM','DD-MON-RR HH.MI.SS.FF AM'),106,'5','120','152','Normal',' ');
Insert into ANIMAL_CHECKUP (ANIM_CHECKUP_DATE,ANIM_ID,ANIM_CHECKUP_HEIGHT,ANIM_CHECKUP_WEIGHT,ANIM_CHECKUP_LENGTH,ANIM_CHECKUP_GENERAL_HEALTH,ANIM_CHECKUP_OTHER_DETAILS) values (to_timestamp('04-APR-11 12.00.00.000000000 AM','DD-MON-RR HH.MI.SS.FF AM'),189,'25','309','33','Normal','Animal appears bored.');
Insert into ANIMAL_CHECKUP (ANIM_CHECKUP_DATE,ANIM_ID,ANIM_CHECKUP_HEIGHT,ANIM_CHECKUP_WEIGHT,ANIM_CHECKUP_LENGTH,ANIM_CHECKUP_GENERAL_HEALTH,ANIM_CHECKUP_OTHER_DETAILS) values (to_timestamp('24-APR-07 12.00.00.000000000 AM','DD-MON-RR HH.MI.SS.FF AM'),7,'12','309','183','Normal','Animal is very alert and playful');
Insert into ANIMAL_CHECKUP (ANIM_CHECKUP_DATE,ANIM_ID,ANIM_CHECKUP_HEIGHT,ANIM_CHECKUP_WEIGHT,ANIM_CHECKUP_LENGTH,ANIM_CHECKUP_GENERAL_HEALTH,ANIM_CHECKUP_OTHER_DETAILS) values (to_timestamp('22-APR-08 12.00.00.000000000 AM','DD-MON-RR HH.MI.SS.FF AM'),168,'9','66','138','Normal',' ');
Insert into ANIMAL_CHECKUP (ANIM_CHECKUP_DATE,ANIM_ID,ANIM_CHECKUP_HEIGHT,ANIM_CHECKUP_WEIGHT,ANIM_CHECKUP_LENGTH,ANIM_CHECKUP_GENERAL_HEALTH,ANIM_CHECKUP_OTHER_DETAILS) values (to_timestamp('07-MAY-12 12.00.00.000000000 AM','DD-MON-RR HH.MI.SS.FF AM'),12,'27','237','65','Normal',' ');
Insert into ANIMAL_CHECKUP (ANIM_CHECKUP_DATE,ANIM_ID,ANIM_CHECKUP_HEIGHT,ANIM_CHECKUP_WEIGHT,ANIM_CHECKUP_LENGTH,ANIM_CHECKUP_GENERAL_HEALTH,ANIM_CHECKUP_OTHER_DETAILS) values (to_timestamp('24-MAY-09 12.00.00.000000000 AM','DD-MON-RR HH.MI.SS.FF AM'),151,'32','196','136','Normal',' ');
Insert into ANIMAL_CHECKUP (ANIM_CHECKUP_DATE,ANIM_ID,ANIM_CHECKUP_HEIGHT,ANIM_CHECKUP_WEIGHT,ANIM_CHECKUP_LENGTH,ANIM_CHECKUP_GENERAL_HEALTH,ANIM_CHECKUP_OTHER_DETAILS) values (to_timestamp('03-MAY-09 12.00.00.000000000 AM','DD-MON-RR HH.MI.SS.FF AM'),64,'6','429','166','Normal','Animal has poor dental hygiene');
Insert into ANIMAL_CHECKUP (ANIM_CHECKUP_DATE,ANIM_ID,ANIM_CHECKUP_HEIGHT,ANIM_CHECKUP_WEIGHT,ANIM_CHECKUP_LENGTH,ANIM_CHECKUP_GENERAL_HEALTH,ANIM_CHECKUP_OTHER_DETAILS) values (to_timestamp('11-MAY-07 12.00.00.000000000 AM','DD-MON-RR HH.MI.SS.FF AM'),151,'33','147','136','Normal',' ');
Insert into ANIMAL_CHECKUP (ANIM_CHECKUP_DATE,ANIM_ID,ANIM_CHECKUP_HEIGHT,ANIM_CHECKUP_WEIGHT,ANIM_CHECKUP_LENGTH,ANIM_CHECKUP_GENERAL_HEALTH,ANIM_CHECKUP_OTHER_DETAILS) values (to_timestamp('12-MAY-10 12.00.00.000000000 AM','DD-MON-RR HH.MI.SS.FF AM'),36,'24','370','105','Malnourished','Animal rations should be increased by 5%');
Insert into ANIMAL_CHECKUP (ANIM_CHECKUP_DATE,ANIM_ID,ANIM_CHECKUP_HEIGHT,ANIM_CHECKUP_WEIGHT,ANIM_CHECKUP_LENGTH,ANIM_CHECKUP_GENERAL_HEALTH,ANIM_CHECKUP_OTHER_DETAILS) values (to_timestamp('15-MAY-05 12.00.00.000000000 AM','DD-MON-RR HH.MI.SS.FF AM'),92,'3','387','169','Normal',' ');
Insert into ANIMAL_CHECKUP (ANIM_CHECKUP_DATE,ANIM_ID,ANIM_CHECKUP_HEIGHT,ANIM_CHECKUP_WEIGHT,ANIM_CHECKUP_LENGTH,ANIM_CHECKUP_GENERAL_HEALTH,ANIM_CHECKUP_OTHER_DETAILS) values (to_timestamp('26-MAY-06 12.00.00.000000000 AM','DD-MON-RR HH.MI.SS.FF AM'),50,'31','372','-1','Normal',' ');
Insert into ANIMAL_CHECKUP (ANIM_CHECKUP_DATE,ANIM_ID,ANIM_CHECKUP_HEIGHT,ANIM_CHECKUP_WEIGHT,ANIM_CHECKUP_LENGTH,ANIM_CHECKUP_GENERAL_HEALTH,ANIM_CHECKUP_OTHER_DETAILS) values (to_timestamp('29-MAY-05 12.00.00.000000000 AM','DD-MON-RR HH.MI.SS.FF AM'),25,'16','232','14','Ill','Animal is vomiting daily.');
Insert into ANIMAL_CHECKUP (ANIM_CHECKUP_DATE,ANIM_ID,ANIM_CHECKUP_HEIGHT,ANIM_CHECKUP_WEIGHT,ANIM_CHECKUP_LENGTH,ANIM_CHECKUP_GENERAL_HEALTH,ANIM_CHECKUP_OTHER_DETAILS) values (to_timestamp('10-MAY-11 12.00.00.000000000 AM','DD-MON-RR HH.MI.SS.FF AM'),183,'21','300','43','Ill','Gums are swollen and inflamed.');
Insert into ANIMAL_CHECKUP (ANIM_CHECKUP_DATE,ANIM_ID,ANIM_CHECKUP_HEIGHT,ANIM_CHECKUP_WEIGHT,ANIM_CHECKUP_LENGTH,ANIM_CHECKUP_GENERAL_HEALTH,ANIM_CHECKUP_OTHER_DETAILS) values (to_timestamp('05-MAY-10 12.00.00.000000000 AM','DD-MON-RR HH.MI.SS.FF AM'),174,'8','-16','140','Normal',' ');
Insert into ANIMAL_CHECKUP (ANIM_CHECKUP_DATE,ANIM_ID,ANIM_CHECKUP_HEIGHT,ANIM_CHECKUP_WEIGHT,ANIM_CHECKUP_LENGTH,ANIM_CHECKUP_GENERAL_HEALTH,ANIM_CHECKUP_OTHER_DETAILS) values (to_timestamp('02-MAY-09 12.00.00.000000000 AM','DD-MON-RR HH.MI.SS.FF AM'),104,'6','240','97','Ill','Animal is vomiting daily.');
Insert into ANIMAL_CHECKUP (ANIM_CHECKUP_DATE,ANIM_ID,ANIM_CHECKUP_HEIGHT,ANIM_CHECKUP_WEIGHT,ANIM_CHECKUP_LENGTH,ANIM_CHECKUP_GENERAL_HEALTH,ANIM_CHECKUP_OTHER_DETAILS) values (to_timestamp('12-MAY-03 12.00.00.000000000 AM','DD-MON-RR HH.MI.SS.FF AM'),99,'22','232','43','Normal',' ');
Insert into ANIMAL_CHECKUP (ANIM_CHECKUP_DATE,ANIM_ID,ANIM_CHECKUP_HEIGHT,ANIM_CHECKUP_WEIGHT,ANIM_CHECKUP_LENGTH,ANIM_CHECKUP_GENERAL_HEALTH,ANIM_CHECKUP_OTHER_DETAILS) values (to_timestamp('03-MAY-04 12.00.00.000000000 AM','DD-MON-RR HH.MI.SS.FF AM'),40,'26','288','55','Normal','Animal is very alert and playful');
Insert into ANIMAL_CHECKUP (ANIM_CHECKUP_DATE,ANIM_ID,ANIM_CHECKUP_HEIGHT,ANIM_CHECKUP_WEIGHT,ANIM_CHECKUP_LENGTH,ANIM_CHECKUP_GENERAL_HEALTH,ANIM_CHECKUP_OTHER_DETAILS) values (to_timestamp('31-MAY-09 12.00.00.000000000 AM','DD-MON-RR HH.MI.SS.FF AM'),83,'31','220','91','Normal',' ');
Insert into ANIMAL_CHECKUP (ANIM_CHECKUP_DATE,ANIM_ID,ANIM_CHECKUP_HEIGHT,ANIM_CHECKUP_WEIGHT,ANIM_CHECKUP_LENGTH,ANIM_CHECKUP_GENERAL_HEALTH,ANIM_CHECKUP_OTHER_DETAILS) values (to_timestamp('04-MAY-07 12.00.00.000000000 AM','DD-MON-RR HH.MI.SS.FF AM'),50,'34','346','3','Ill','Gums are swollen and inflamed.');
Insert into ANIMAL_CHECKUP (ANIM_CHECKUP_DATE,ANIM_ID,ANIM_CHECKUP_HEIGHT,ANIM_CHECKUP_WEIGHT,ANIM_CHECKUP_LENGTH,ANIM_CHECKUP_GENERAL_HEALTH,ANIM_CHECKUP_OTHER_DETAILS) values (to_timestamp('24-MAY-10 12.00.00.000000000 AM','DD-MON-RR HH.MI.SS.FF AM'),107,'32','188','24','Normal',' ');
Insert into ANIMAL_CHECKUP (ANIM_CHECKUP_DATE,ANIM_ID,ANIM_CHECKUP_HEIGHT,ANIM_CHECKUP_WEIGHT,ANIM_CHECKUP_LENGTH,ANIM_CHECKUP_GENERAL_HEALTH,ANIM_CHECKUP_OTHER_DETAILS) values (to_timestamp('01-JUL-07 12.00.00.000000000 AM','DD-MON-RR HH.MI.SS.FF AM'),146,'22','394','156','Normal','Animal appears bored.');
Insert into ANIMAL_CHECKUP (ANIM_CHECKUP_DATE,ANIM_ID,ANIM_CHECKUP_HEIGHT,ANIM_CHECKUP_WEIGHT,ANIM_CHECKUP_LENGTH,ANIM_CHECKUP_GENERAL_HEALTH,ANIM_CHECKUP_OTHER_DETAILS) values (to_timestamp('05-JUN-11 12.00.00.000000000 AM','DD-MON-RR HH.MI.SS.FF AM'),176,'22','97','191','Normal',' ');
Insert into ANIMAL_CHECKUP (ANIM_CHECKUP_DATE,ANIM_ID,ANIM_CHECKUP_HEIGHT,ANIM_CHECKUP_WEIGHT,ANIM_CHECKUP_LENGTH,ANIM_CHECKUP_GENERAL_HEALTH,ANIM_CHECKUP_OTHER_DETAILS) values (to_timestamp('02-JUN-07 12.00.00.000000000 AM','DD-MON-RR HH.MI.SS.FF AM'),16,'25','-4','54','Normal','Animal has poor dental hygiene');
Insert into ANIMAL_CHECKUP (ANIM_CHECKUP_DATE,ANIM_ID,ANIM_CHECKUP_HEIGHT,ANIM_CHECKUP_WEIGHT,ANIM_CHECKUP_LENGTH,ANIM_CHECKUP_GENERAL_HEALTH,ANIM_CHECKUP_OTHER_DETAILS) values (to_timestamp('01-JUN-11 12.00.00.000000000 AM','DD-MON-RR HH.MI.SS.FF AM'),178,'28','281','22','Normal','Animal has poor dental hygiene');
Insert into ANIMAL_CHECKUP (ANIM_CHECKUP_DATE,ANIM_ID,ANIM_CHECKUP_HEIGHT,ANIM_CHECKUP_WEIGHT,ANIM_CHECKUP_LENGTH,ANIM_CHECKUP_GENERAL_HEALTH,ANIM_CHECKUP_OTHER_DETAILS) values (to_timestamp('16-JUN-04 12.00.00.000000000 AM','DD-MON-RR HH.MI.SS.FF AM'),66,'25','87','48','Normal',' ');
Insert into ANIMAL_CHECKUP (ANIM_CHECKUP_DATE,ANIM_ID,ANIM_CHECKUP_HEIGHT,ANIM_CHECKUP_WEIGHT,ANIM_CHECKUP_LENGTH,ANIM_CHECKUP_GENERAL_HEALTH,ANIM_CHECKUP_OTHER_DETAILS) values (to_timestamp('10-JUN-08 12.00.00.000000000 AM','DD-MON-RR HH.MI.SS.FF AM'),45,'6','285','85','Normal',' ');
Insert into ANIMAL_CHECKUP (ANIM_CHECKUP_DATE,ANIM_ID,ANIM_CHECKUP_HEIGHT,ANIM_CHECKUP_WEIGHT,ANIM_CHECKUP_LENGTH,ANIM_CHECKUP_GENERAL_HEALTH,ANIM_CHECKUP_OTHER_DETAILS) values (to_timestamp('20-JUN-08 12.00.00.000000000 AM','DD-MON-RR HH.MI.SS.FF AM'),54,'29','333','16','Normal','Animal has poor dental hygiene');
Insert into ANIMAL_CHECKUP (ANIM_CHECKUP_DATE,ANIM_ID,ANIM_CHECKUP_HEIGHT,ANIM_CHECKUP_WEIGHT,ANIM_CHECKUP_LENGTH,ANIM_CHECKUP_GENERAL_HEALTH,ANIM_CHECKUP_OTHER_DETAILS) values (to_timestamp('13-JUN-02 12.00.00.000000000 AM','DD-MON-RR HH.MI.SS.FF AM'),149,'19','358','89','Normal','Animal appears bored.');
Insert into ANIMAL_CHECKUP (ANIM_CHECKUP_DATE,ANIM_ID,ANIM_CHECKUP_HEIGHT,ANIM_CHECKUP_WEIGHT,ANIM_CHECKUP_LENGTH,ANIM_CHECKUP_GENERAL_HEALTH,ANIM_CHECKUP_OTHER_DETAILS) values (to_timestamp('10-JUN-10 12.00.00.000000000 AM','DD-MON-RR HH.MI.SS.FF AM'),19,'9','16','48','Normal',' ');
Insert into ANIMAL_CHECKUP (ANIM_CHECKUP_DATE,ANIM_ID,ANIM_CHECKUP_HEIGHT,ANIM_CHECKUP_WEIGHT,ANIM_CHECKUP_LENGTH,ANIM_CHECKUP_GENERAL_HEALTH,ANIM_CHECKUP_OTHER_DETAILS) values (to_timestamp('29-JUN-07 12.00.00.000000000 AM','DD-MON-RR HH.MI.SS.FF AM'),142,'5','152','119','Normal','Animal is very alert and playful');
Insert into ANIMAL_CHECKUP (ANIM_CHECKUP_DATE,ANIM_ID,ANIM_CHECKUP_HEIGHT,ANIM_CHECKUP_WEIGHT,ANIM_CHECKUP_LENGTH,ANIM_CHECKUP_GENERAL_HEALTH,ANIM_CHECKUP_OTHER_DETAILS) values (to_timestamp('01-JUN-09 12.00.00.000000000 AM','DD-MON-RR HH.MI.SS.FF AM'),153,'17','148','180','Normal',' ');
Insert into ANIMAL_CHECKUP (ANIM_CHECKUP_DATE,ANIM_ID,ANIM_CHECKUP_HEIGHT,ANIM_CHECKUP_WEIGHT,ANIM_CHECKUP_LENGTH,ANIM_CHECKUP_GENERAL_HEALTH,ANIM_CHECKUP_OTHER_DETAILS) values (to_timestamp('23-JUL-06 12.00.00.000000000 AM','DD-MON-RR HH.MI.SS.FF AM'),38,'24','348','113','Malnourished',' ');
Insert into ANIMAL_CHECKUP (ANIM_CHECKUP_DATE,ANIM_ID,ANIM_CHECKUP_HEIGHT,ANIM_CHECKUP_WEIGHT,ANIM_CHECKUP_LENGTH,ANIM_CHECKUP_GENERAL_HEALTH,ANIM_CHECKUP_OTHER_DETAILS) values (to_timestamp('19-JUL-08 12.00.00.000000000 AM','DD-MON-RR HH.MI.SS.FF AM'),95,'6','64','83','Normal',' ');
Insert into ANIMAL_CHECKUP (ANIM_CHECKUP_DATE,ANIM_ID,ANIM_CHECKUP_HEIGHT,ANIM_CHECKUP_WEIGHT,ANIM_CHECKUP_LENGTH,ANIM_CHECKUP_GENERAL_HEALTH,ANIM_CHECKUP_OTHER_DETAILS) values (to_timestamp('05-JUL-08 12.00.00.000000000 AM','DD-MON-RR HH.MI.SS.FF AM'),53,'6','149','35','Normal',' ');
Insert into ANIMAL_CHECKUP (ANIM_CHECKUP_DATE,ANIM_ID,ANIM_CHECKUP_HEIGHT,ANIM_CHECKUP_WEIGHT,ANIM_CHECKUP_LENGTH,ANIM_CHECKUP_GENERAL_HEALTH,ANIM_CHECKUP_OTHER_DETAILS) values (to_timestamp('25-JUL-05 12.00.00.000000000 AM','DD-MON-RR HH.MI.SS.FF AM'),37,'6','223','2','Ill','Animal appears very tired and sluggish.');
Insert into ANIMAL_CHECKUP (ANIM_CHECKUP_DATE,ANIM_ID,ANIM_CHECKUP_HEIGHT,ANIM_CHECKUP_WEIGHT,ANIM_CHECKUP_LENGTH,ANIM_CHECKUP_GENERAL_HEALTH,ANIM_CHECKUP_OTHER_DETAILS) values (to_timestamp('28-JUL-10 12.00.00.000000000 AM','DD-MON-RR HH.MI.SS.FF AM'),48,'28','285','203','Ill','Animal appears very tired and sluggish.');
Insert into ANIMAL_CHECKUP (ANIM_CHECKUP_DATE,ANIM_ID,ANIM_CHECKUP_HEIGHT,ANIM_CHECKUP_WEIGHT,ANIM_CHECKUP_LENGTH,ANIM_CHECKUP_GENERAL_HEALTH,ANIM_CHECKUP_OTHER_DETAILS) values (to_timestamp('20-JUN-09 12.00.00.000000000 AM','DD-MON-RR HH.MI.SS.FF AM'),141,'13','57','180','Normal',' ');
Insert into ANIMAL_CHECKUP (ANIM_CHECKUP_DATE,ANIM_ID,ANIM_CHECKUP_HEIGHT,ANIM_CHECKUP_WEIGHT,ANIM_CHECKUP_LENGTH,ANIM_CHECKUP_GENERAL_HEALTH,ANIM_CHECKUP_OTHER_DETAILS) values (to_timestamp('09-JUL-07 12.00.00.000000000 AM','DD-MON-RR HH.MI.SS.FF AM'),37,'8','285','0','Normal',' ');
Insert into ANIMAL_CHECKUP (ANIM_CHECKUP_DATE,ANIM_ID,ANIM_CHECKUP_HEIGHT,ANIM_CHECKUP_WEIGHT,ANIM_CHECKUP_LENGTH,ANIM_CHECKUP_GENERAL_HEALTH,ANIM_CHECKUP_OTHER_DETAILS) values (to_timestamp('03-JUL-05 12.00.00.000000000 AM','DD-MON-RR HH.MI.SS.FF AM'),95,'8','37','85','Ill','Animal appears very tired and sluggish.');
Insert into ANIMAL_CHECKUP (ANIM_CHECKUP_DATE,ANIM_ID,ANIM_CHECKUP_HEIGHT,ANIM_CHECKUP_WEIGHT,ANIM_CHECKUP_LENGTH,ANIM_CHECKUP_GENERAL_HEALTH,ANIM_CHECKUP_OTHER_DETAILS) values (to_timestamp('21-FEB-06 12.00.00.000000000 AM','DD-MON-RR HH.MI.SS.FF AM'),192,'17','65','186','Normal',' ');
Insert into ANIMAL_CHECKUP (ANIM_CHECKUP_DATE,ANIM_ID,ANIM_CHECKUP_HEIGHT,ANIM_CHECKUP_WEIGHT,ANIM_CHECKUP_LENGTH,ANIM_CHECKUP_GENERAL_HEALTH,ANIM_CHECKUP_OTHER_DETAILS) values (to_timestamp('17-FEB-12 12.00.00.000000000 AM','DD-MON-RR HH.MI.SS.FF AM'),34,'25','334','61','Normal',' ');
Insert into ANIMAL_CHECKUP (ANIM_CHECKUP_DATE,ANIM_ID,ANIM_CHECKUP_HEIGHT,ANIM_CHECKUP_WEIGHT,ANIM_CHECKUP_LENGTH,ANIM_CHECKUP_GENERAL_HEALTH,ANIM_CHECKUP_OTHER_DETAILS) values (to_timestamp('18-FEB-09 12.00.00.000000000 AM','DD-MON-RR HH.MI.SS.FF AM'),49,'21','78','57','Malnourished',' ');
Insert into ANIMAL_CHECKUP (ANIM_CHECKUP_DATE,ANIM_ID,ANIM_CHECKUP_HEIGHT,ANIM_CHECKUP_WEIGHT,ANIM_CHECKUP_LENGTH,ANIM_CHECKUP_GENERAL_HEALTH,ANIM_CHECKUP_OTHER_DETAILS) values (to_timestamp('03-FEB-07 12.00.00.000000000 AM','DD-MON-RR HH.MI.SS.FF AM'),88,'30','387','114','Malnourished','Animal rations should be increased by 5%');
Insert into ANIMAL_CHECKUP (ANIM_CHECKUP_DATE,ANIM_ID,ANIM_CHECKUP_HEIGHT,ANIM_CHECKUP_WEIGHT,ANIM_CHECKUP_LENGTH,ANIM_CHECKUP_GENERAL_HEALTH,ANIM_CHECKUP_OTHER_DETAILS) values (to_timestamp('28-FEB-08 12.00.00.000000000 AM','DD-MON-RR HH.MI.SS.FF AM'),35,'32','274','21','Normal',' ');
Insert into ANIMAL_CHECKUP (ANIM_CHECKUP_DATE,ANIM_ID,ANIM_CHECKUP_HEIGHT,ANIM_CHECKUP_WEIGHT,ANIM_CHECKUP_LENGTH,ANIM_CHECKUP_GENERAL_HEALTH,ANIM_CHECKUP_OTHER_DETAILS) values (to_timestamp('09-FEB-10 12.00.00.000000000 AM','DD-MON-RR HH.MI.SS.FF AM'),70,'28','405','190','Normal',' ');
Insert into ANIMAL_CHECKUP (ANIM_CHECKUP_DATE,ANIM_ID,ANIM_CHECKUP_HEIGHT,ANIM_CHECKUP_WEIGHT,ANIM_CHECKUP_LENGTH,ANIM_CHECKUP_GENERAL_HEALTH,ANIM_CHECKUP_OTHER_DETAILS) values (to_timestamp('19-FEB-11 12.00.00.000000000 AM','DD-MON-RR HH.MI.SS.FF AM'),162,'16','336','93','Normal',' ');
Insert into ANIMAL_CHECKUP (ANIM_CHECKUP_DATE,ANIM_ID,ANIM_CHECKUP_HEIGHT,ANIM_CHECKUP_WEIGHT,ANIM_CHECKUP_LENGTH,ANIM_CHECKUP_GENERAL_HEALTH,ANIM_CHECKUP_OTHER_DETAILS) values (to_timestamp('03-FEB-10 12.00.00.000000000 AM','DD-MON-RR HH.MI.SS.FF AM'),49,'23','0','58','Normal',' ');
Insert into ANIMAL_CHECKUP (ANIM_CHECKUP_DATE,ANIM_ID,ANIM_CHECKUP_HEIGHT,ANIM_CHECKUP_WEIGHT,ANIM_CHECKUP_LENGTH,ANIM_CHECKUP_GENERAL_HEALTH,ANIM_CHECKUP_OTHER_DETAILS) values (to_timestamp('29-FEB-08 12.00.00.000000000 AM','DD-MON-RR HH.MI.SS.FF AM'),35,'30','242','19','Normal',' ');
Insert into ANIMAL_CHECKUP (ANIM_CHECKUP_DATE,ANIM_ID,ANIM_CHECKUP_HEIGHT,ANIM_CHECKUP_WEIGHT,ANIM_CHECKUP_LENGTH,ANIM_CHECKUP_GENERAL_HEALTH,ANIM_CHECKUP_OTHER_DETAILS) values (to_timestamp('26-MAR-09 12.00.00.000000000 AM','DD-MON-RR HH.MI.SS.FF AM'),23,'9','166','113','Normal',' ');
Insert into ANIMAL_CHECKUP (ANIM_CHECKUP_DATE,ANIM_ID,ANIM_CHECKUP_HEIGHT,ANIM_CHECKUP_WEIGHT,ANIM_CHECKUP_LENGTH,ANIM_CHECKUP_GENERAL_HEALTH,ANIM_CHECKUP_OTHER_DETAILS) values (to_timestamp('15-MAR-07 12.00.00.000000000 AM','DD-MON-RR HH.MI.SS.FF AM'),8,'13','94','177','Normal',' ');
Insert into ANIMAL_CHECKUP (ANIM_CHECKUP_DATE,ANIM_ID,ANIM_CHECKUP_HEIGHT,ANIM_CHECKUP_WEIGHT,ANIM_CHECKUP_LENGTH,ANIM_CHECKUP_GENERAL_HEALTH,ANIM_CHECKUP_OTHER_DETAILS) values (to_timestamp('01-MAR-08 12.00.00.000000000 AM','DD-MON-RR HH.MI.SS.FF AM'),132,'1','144','117','Normal','Animal is very alert and playful');
Insert into ANIMAL_CHECKUP (ANIM_CHECKUP_DATE,ANIM_ID,ANIM_CHECKUP_HEIGHT,ANIM_CHECKUP_WEIGHT,ANIM_CHECKUP_LENGTH,ANIM_CHECKUP_GENERAL_HEALTH,ANIM_CHECKUP_OTHER_DETAILS) values (to_timestamp('26-FEB-04 12.00.00.000000000 AM','DD-MON-RR HH.MI.SS.FF AM'),101,'10','266','187','Normal','Animal appears bored.');
Insert into ANIMAL_CHECKUP (ANIM_CHECKUP_DATE,ANIM_ID,ANIM_CHECKUP_HEIGHT,ANIM_CHECKUP_WEIGHT,ANIM_CHECKUP_LENGTH,ANIM_CHECKUP_GENERAL_HEALTH,ANIM_CHECKUP_OTHER_DETAILS) values (to_timestamp('23-MAR-04 12.00.00.000000000 AM','DD-MON-RR HH.MI.SS.FF AM'),105,'21','244','171','Normal','Animal has poor dental hygiene');
Insert into ANIMAL_CHECKUP (ANIM_CHECKUP_DATE,ANIM_ID,ANIM_CHECKUP_HEIGHT,ANIM_CHECKUP_WEIGHT,ANIM_CHECKUP_LENGTH,ANIM_CHECKUP_GENERAL_HEALTH,ANIM_CHECKUP_OTHER_DETAILS) values (to_timestamp('08-MAR-08 12.00.00.000000000 AM','DD-MON-RR HH.MI.SS.FF AM'),132,'5','125','110','Normal','Animal has poor dental hygiene');
Insert into ANIMAL_CHECKUP (ANIM_CHECKUP_DATE,ANIM_ID,ANIM_CHECKUP_HEIGHT,ANIM_CHECKUP_WEIGHT,ANIM_CHECKUP_LENGTH,ANIM_CHECKUP_GENERAL_HEALTH,ANIM_CHECKUP_OTHER_DETAILS) values (to_timestamp('03-MAR-07 12.00.00.000000000 AM','DD-MON-RR HH.MI.SS.FF AM'),157,'18','76','78','Normal',' ');
Insert into ANIMAL_CHECKUP (ANIM_CHECKUP_DATE,ANIM_ID,ANIM_CHECKUP_HEIGHT,ANIM_CHECKUP_WEIGHT,ANIM_CHECKUP_LENGTH,ANIM_CHECKUP_GENERAL_HEALTH,ANIM_CHECKUP_OTHER_DETAILS) values (to_timestamp('21-MAR-09 12.00.00.000000000 AM','DD-MON-RR HH.MI.SS.FF AM'),61,'15','97','59','Normal',' ');
Insert into ANIMAL_CHECKUP (ANIM_CHECKUP_DATE,ANIM_ID,ANIM_CHECKUP_HEIGHT,ANIM_CHECKUP_WEIGHT,ANIM_CHECKUP_LENGTH,ANIM_CHECKUP_GENERAL_HEALTH,ANIM_CHECKUP_OTHER_DETAILS) values (to_timestamp('14-FEB-06 12.00.00.000000000 AM','DD-MON-RR HH.MI.SS.FF AM'),101,'7','281','183','Malnourished',' ');
Insert into ANIMAL_CHECKUP (ANIM_CHECKUP_DATE,ANIM_ID,ANIM_CHECKUP_HEIGHT,ANIM_CHECKUP_WEIGHT,ANIM_CHECKUP_LENGTH,ANIM_CHECKUP_GENERAL_HEALTH,ANIM_CHECKUP_OTHER_DETAILS) values (to_timestamp('20-MAR-05 12.00.00.000000000 AM','DD-MON-RR HH.MI.SS.FF AM'),61,'13','107','63','Normal','Animal has poor dental hygiene');
Insert into ANIMAL_CHECKUP (ANIM_CHECKUP_DATE,ANIM_ID,ANIM_CHECKUP_HEIGHT,ANIM_CHECKUP_WEIGHT,ANIM_CHECKUP_LENGTH,ANIM_CHECKUP_GENERAL_HEALTH,ANIM_CHECKUP_OTHER_DETAILS) values (to_timestamp('03-APR-08 12.00.00.000000000 AM','DD-MON-RR HH.MI.SS.FF AM'),128,'22','100','131','Ill','Gums are swollen and inflamed.');
Insert into ANIMAL_CHECKUP (ANIM_CHECKUP_DATE,ANIM_ID,ANIM_CHECKUP_HEIGHT,ANIM_CHECKUP_WEIGHT,ANIM_CHECKUP_LENGTH,ANIM_CHECKUP_GENERAL_HEALTH,ANIM_CHECKUP_OTHER_DETAILS) values (to_timestamp('02-MAR-07 12.00.00.000000000 AM','DD-MON-RR HH.MI.SS.FF AM'),185,'9','44','36','Normal',' ');
Insert into ANIMAL_CHECKUP (ANIM_CHECKUP_DATE,ANIM_ID,ANIM_CHECKUP_HEIGHT,ANIM_CHECKUP_WEIGHT,ANIM_CHECKUP_LENGTH,ANIM_CHECKUP_GENERAL_HEALTH,ANIM_CHECKUP_OTHER_DETAILS) values (to_timestamp('02-MAR-08 12.00.00.000000000 AM','DD-MON-RR HH.MI.SS.FF AM'),157,'15','142','79','Normal',' ');
Insert into ANIMAL_CHECKUP (ANIM_CHECKUP_DATE,ANIM_ID,ANIM_CHECKUP_HEIGHT,ANIM_CHECKUP_WEIGHT,ANIM_CHECKUP_LENGTH,ANIM_CHECKUP_GENERAL_HEALTH,ANIM_CHECKUP_OTHER_DETAILS) values (to_timestamp('07-MAY-08 12.00.00.000000000 AM','DD-MON-RR HH.MI.SS.FF AM'),26,'11','244','138','Normal',' ');
Insert into ANIMAL_CHECKUP (ANIM_CHECKUP_DATE,ANIM_ID,ANIM_CHECKUP_HEIGHT,ANIM_CHECKUP_WEIGHT,ANIM_CHECKUP_LENGTH,ANIM_CHECKUP_GENERAL_HEALTH,ANIM_CHECKUP_OTHER_DETAILS) values (to_timestamp('09-APR-08 12.00.00.000000000 AM','DD-MON-RR HH.MI.SS.FF AM'),168,'8','100','144','Normal',' ');
Insert into ANIMAL_CHECKUP (ANIM_CHECKUP_DATE,ANIM_ID,ANIM_CHECKUP_HEIGHT,ANIM_CHECKUP_WEIGHT,ANIM_CHECKUP_LENGTH,ANIM_CHECKUP_GENERAL_HEALTH,ANIM_CHECKUP_OTHER_DETAILS) values (to_timestamp('03-APR-06 12.00.00.000000000 AM','DD-MON-RR HH.MI.SS.FF AM'),189,'26','273','34','Normal','Animal is very alert and playful');
Insert into ANIMAL_CHECKUP (ANIM_CHECKUP_DATE,ANIM_ID,ANIM_CHECKUP_HEIGHT,ANIM_CHECKUP_WEIGHT,ANIM_CHECKUP_LENGTH,ANIM_CHECKUP_GENERAL_HEALTH,ANIM_CHECKUP_OTHER_DETAILS) values (to_timestamp('24-APR-05 12.00.00.000000000 AM','DD-MON-RR HH.MI.SS.FF AM'),106,'4','140','150','Normal',' ');
Insert into ANIMAL_CHECKUP (ANIM_CHECKUP_DATE,ANIM_ID,ANIM_CHECKUP_HEIGHT,ANIM_CHECKUP_WEIGHT,ANIM_CHECKUP_LENGTH,ANIM_CHECKUP_GENERAL_HEALTH,ANIM_CHECKUP_OTHER_DETAILS) values (to_timestamp('23-APR-09 12.00.00.000000000 AM','DD-MON-RR HH.MI.SS.FF AM'),137,'3','261','68','Normal','Animal appears bored.');
Insert into ANIMAL_CHECKUP (ANIM_CHECKUP_DATE,ANIM_ID,ANIM_CHECKUP_HEIGHT,ANIM_CHECKUP_WEIGHT,ANIM_CHECKUP_LENGTH,ANIM_CHECKUP_GENERAL_HEALTH,ANIM_CHECKUP_OTHER_DETAILS) values (to_timestamp('03-APR-10 12.00.00.000000000 AM','DD-MON-RR HH.MI.SS.FF AM'),137,'6','295','73','Normal','Animal appears bored.');
Insert into ANIMAL_CHECKUP (ANIM_CHECKUP_DATE,ANIM_ID,ANIM_CHECKUP_HEIGHT,ANIM_CHECKUP_WEIGHT,ANIM_CHECKUP_LENGTH,ANIM_CHECKUP_GENERAL_HEALTH,ANIM_CHECKUP_OTHER_DETAILS) values (to_timestamp('19-APR-10 12.00.00.000000000 AM','DD-MON-RR HH.MI.SS.FF AM'),26,'12','232','143','Normal',' ');
Insert into ANIMAL_CHECKUP (ANIM_CHECKUP_DATE,ANIM_ID,ANIM_CHECKUP_HEIGHT,ANIM_CHECKUP_WEIGHT,ANIM_CHECKUP_LENGTH,ANIM_CHECKUP_GENERAL_HEALTH,ANIM_CHECKUP_OTHER_DETAILS) values (to_timestamp('05-APR-09 12.00.00.000000000 AM','DD-MON-RR HH.MI.SS.FF AM'),117,'19','81','156','Normal','Animal appears bored.');
Insert into ANIMAL_CHECKUP (ANIM_CHECKUP_DATE,ANIM_ID,ANIM_CHECKUP_HEIGHT,ANIM_CHECKUP_WEIGHT,ANIM_CHECKUP_LENGTH,ANIM_CHECKUP_GENERAL_HEALTH,ANIM_CHECKUP_OTHER_DETAILS) values (to_timestamp('09-MAY-05 12.00.00.000000000 AM','DD-MON-RR HH.MI.SS.FF AM'),83,'33','214','89','Malnourished','Animal rations should be increased by 5%');
Insert into ANIMAL_CHECKUP (ANIM_CHECKUP_DATE,ANIM_ID,ANIM_CHECKUP_HEIGHT,ANIM_CHECKUP_WEIGHT,ANIM_CHECKUP_LENGTH,ANIM_CHECKUP_GENERAL_HEALTH,ANIM_CHECKUP_OTHER_DETAILS) values (to_timestamp('25-MAY-11 12.00.00.000000000 AM','DD-MON-RR HH.MI.SS.FF AM'),160,'7','181','43','Normal','Animal appears bored.');
Insert into ANIMAL_CHECKUP (ANIM_CHECKUP_DATE,ANIM_ID,ANIM_CHECKUP_HEIGHT,ANIM_CHECKUP_WEIGHT,ANIM_CHECKUP_LENGTH,ANIM_CHECKUP_GENERAL_HEALTH,ANIM_CHECKUP_OTHER_DETAILS) values (to_timestamp('22-MAY-07 12.00.00.000000000 AM','DD-MON-RR HH.MI.SS.FF AM'),72,'28','257','37','Normal',' ');
Insert into ANIMAL_CHECKUP (ANIM_CHECKUP_DATE,ANIM_ID,ANIM_CHECKUP_HEIGHT,ANIM_CHECKUP_WEIGHT,ANIM_CHECKUP_LENGTH,ANIM_CHECKUP_GENERAL_HEALTH,ANIM_CHECKUP_OTHER_DETAILS) values (to_timestamp('25-MAY-08 12.00.00.000000000 AM','DD-MON-RR HH.MI.SS.FF AM'),69,'21','45','26','Normal',' ');
Insert into ANIMAL_CHECKUP (ANIM_CHECKUP_DATE,ANIM_ID,ANIM_CHECKUP_HEIGHT,ANIM_CHECKUP_WEIGHT,ANIM_CHECKUP_LENGTH,ANIM_CHECKUP_GENERAL_HEALTH,ANIM_CHECKUP_OTHER_DETAILS) values (to_timestamp('29-MAY-07 12.00.00.000000000 AM','DD-MON-RR HH.MI.SS.FF AM'),104,'9','319','97','Normal',' ');
Insert into ANIMAL_CHECKUP (ANIM_CHECKUP_DATE,ANIM_ID,ANIM_CHECKUP_HEIGHT,ANIM_CHECKUP_WEIGHT,ANIM_CHECKUP_LENGTH,ANIM_CHECKUP_GENERAL_HEALTH,ANIM_CHECKUP_OTHER_DETAILS) values (to_timestamp('26-MAY-13 12.00.00.000000000 AM','DD-MON-RR HH.MI.SS.FF AM'),47,'12','213','86','Malnourished','Animal rations should be increased by 10%');
Insert into ANIMAL_CHECKUP (ANIM_CHECKUP_DATE,ANIM_ID,ANIM_CHECKUP_HEIGHT,ANIM_CHECKUP_WEIGHT,ANIM_CHECKUP_LENGTH,ANIM_CHECKUP_GENERAL_HEALTH,ANIM_CHECKUP_OTHER_DETAILS) values (to_timestamp('18-MAY-05 12.00.00.000000000 AM','DD-MON-RR HH.MI.SS.FF AM'),13,'25','5','53','Normal',' ');
Insert into ANIMAL_CHECKUP (ANIM_CHECKUP_DATE,ANIM_ID,ANIM_CHECKUP_HEIGHT,ANIM_CHECKUP_WEIGHT,ANIM_CHECKUP_LENGTH,ANIM_CHECKUP_GENERAL_HEALTH,ANIM_CHECKUP_OTHER_DETAILS) values (to_timestamp('27-MAY-12 12.00.00.000000000 AM','DD-MON-RR HH.MI.SS.FF AM'),183,'22','287','48','Normal',' ');
Insert into ANIMAL_CHECKUP (ANIM_CHECKUP_DATE,ANIM_ID,ANIM_CHECKUP_HEIGHT,ANIM_CHECKUP_WEIGHT,ANIM_CHECKUP_LENGTH,ANIM_CHECKUP_GENERAL_HEALTH,ANIM_CHECKUP_OTHER_DETAILS) values (to_timestamp('31-MAY-07 12.00.00.000000000 AM','DD-MON-RR HH.MI.SS.FF AM'),151,'32','230','131','Normal',' ');
Insert into ANIMAL_CHECKUP (ANIM_CHECKUP_DATE,ANIM_ID,ANIM_CHECKUP_HEIGHT,ANIM_CHECKUP_WEIGHT,ANIM_CHECKUP_LENGTH,ANIM_CHECKUP_GENERAL_HEALTH,ANIM_CHECKUP_OTHER_DETAILS) values (to_timestamp('10-MAY-06 12.00.00.000000000 AM','DD-MON-RR HH.MI.SS.FF AM'),64,'7','431','173','Normal',' ');
Insert into ANIMAL_CHECKUP (ANIM_CHECKUP_DATE,ANIM_ID,ANIM_CHECKUP_HEIGHT,ANIM_CHECKUP_WEIGHT,ANIM_CHECKUP_LENGTH,ANIM_CHECKUP_GENERAL_HEALTH,ANIM_CHECKUP_OTHER_DETAILS) values (to_timestamp('14-MAY-09 12.00.00.000000000 AM','DD-MON-RR HH.MI.SS.FF AM'),107,'31','203','27','Malnourished','Animal rations should be increased by 10%');
Insert into ANIMAL_CHECKUP (ANIM_CHECKUP_DATE,ANIM_ID,ANIM_CHECKUP_HEIGHT,ANIM_CHECKUP_WEIGHT,ANIM_CHECKUP_LENGTH,ANIM_CHECKUP_GENERAL_HEALTH,ANIM_CHECKUP_OTHER_DETAILS) values (to_timestamp('17-MAY-05 12.00.00.000000000 AM','DD-MON-RR HH.MI.SS.FF AM'),36,'19','325','102','Normal',' ');
Insert into ANIMAL_CHECKUP (ANIM_CHECKUP_DATE,ANIM_ID,ANIM_CHECKUP_HEIGHT,ANIM_CHECKUP_WEIGHT,ANIM_CHECKUP_LENGTH,ANIM_CHECKUP_GENERAL_HEALTH,ANIM_CHECKUP_OTHER_DETAILS) values (to_timestamp('14-MAY-08 12.00.00.000000000 AM','DD-MON-RR HH.MI.SS.FF AM'),183,'22','354','50','Normal',' ');
Insert into ANIMAL_CHECKUP (ANIM_CHECKUP_DATE,ANIM_ID,ANIM_CHECKUP_HEIGHT,ANIM_CHECKUP_WEIGHT,ANIM_CHECKUP_LENGTH,ANIM_CHECKUP_GENERAL_HEALTH,ANIM_CHECKUP_OTHER_DETAILS) values (to_timestamp('06-MAY-08 12.00.00.000000000 AM','DD-MON-RR HH.MI.SS.FF AM'),107,'30','258','25','Normal',' ');
Insert into ANIMAL_CHECKUP (ANIM_CHECKUP_DATE,ANIM_ID,ANIM_CHECKUP_HEIGHT,ANIM_CHECKUP_WEIGHT,ANIM_CHECKUP_LENGTH,ANIM_CHECKUP_GENERAL_HEALTH,ANIM_CHECKUP_OTHER_DETAILS) values (to_timestamp('30-MAY-12 12.00.00.000000000 AM','DD-MON-RR HH.MI.SS.FF AM'),179,'21','264','78','Normal',' ');
Insert into ANIMAL_CHECKUP (ANIM_CHECKUP_DATE,ANIM_ID,ANIM_CHECKUP_HEIGHT,ANIM_CHECKUP_WEIGHT,ANIM_CHECKUP_LENGTH,ANIM_CHECKUP_GENERAL_HEALTH,ANIM_CHECKUP_OTHER_DETAILS) values (to_timestamp('21-MAY-07 12.00.00.000000000 AM','DD-MON-RR HH.MI.SS.FF AM'),12,'23','268','65','Normal','Animal is very alert and playful');
Insert into ANIMAL_CHECKUP (ANIM_CHECKUP_DATE,ANIM_ID,ANIM_CHECKUP_HEIGHT,ANIM_CHECKUP_WEIGHT,ANIM_CHECKUP_LENGTH,ANIM_CHECKUP_GENERAL_HEALTH,ANIM_CHECKUP_OTHER_DETAILS) values (to_timestamp('07-MAY-08 12.00.00.000000000 AM','DD-MON-RR HH.MI.SS.FF AM'),50,'30','341','3','Normal','Animal appears bored.');
Insert into ANIMAL_CHECKUP (ANIM_CHECKUP_DATE,ANIM_ID,ANIM_CHECKUP_HEIGHT,ANIM_CHECKUP_WEIGHT,ANIM_CHECKUP_LENGTH,ANIM_CHECKUP_GENERAL_HEALTH,ANIM_CHECKUP_OTHER_DETAILS) values (to_timestamp('20-MAY-11 12.00.00.000000000 AM','DD-MON-RR HH.MI.SS.FF AM'),72,'30','262','29','Malnourished','Animal rations should be increased by 10%');
Insert into ANIMAL_CHECKUP (ANIM_CHECKUP_DATE,ANIM_ID,ANIM_CHECKUP_HEIGHT,ANIM_CHECKUP_WEIGHT,ANIM_CHECKUP_LENGTH,ANIM_CHECKUP_GENERAL_HEALTH,ANIM_CHECKUP_OTHER_DETAILS) values (to_timestamp('08-MAY-05 12.00.00.000000000 AM','DD-MON-RR HH.MI.SS.FF AM'),174,'4','55','139','Normal','Animal is very alert and playful');
Insert into ANIMAL_CHECKUP (ANIM_CHECKUP_DATE,ANIM_ID,ANIM_CHECKUP_HEIGHT,ANIM_CHECKUP_WEIGHT,ANIM_CHECKUP_LENGTH,ANIM_CHECKUP_GENERAL_HEALTH,ANIM_CHECKUP_OTHER_DETAILS) values (to_timestamp('11-MAY-04 12.00.00.000000000 AM','DD-MON-RR HH.MI.SS.FF AM'),167,'27','99','70','Normal','Animal appears bored.');
Insert into ANIMAL_CHECKUP (ANIM_CHECKUP_DATE,ANIM_ID,ANIM_CHECKUP_HEIGHT,ANIM_CHECKUP_WEIGHT,ANIM_CHECKUP_LENGTH,ANIM_CHECKUP_GENERAL_HEALTH,ANIM_CHECKUP_OTHER_DETAILS) values (to_timestamp('26-JUN-11 12.00.00.000000000 AM','DD-MON-RR HH.MI.SS.FF AM'),176,'22','115','195','Normal','Animal appears bored.');
Insert into ANIMAL_CHECKUP (ANIM_CHECKUP_DATE,ANIM_ID,ANIM_CHECKUP_HEIGHT,ANIM_CHECKUP_WEIGHT,ANIM_CHECKUP_LENGTH,ANIM_CHECKUP_GENERAL_HEALTH,ANIM_CHECKUP_OTHER_DETAILS) values (to_timestamp('16-JUN-06 12.00.00.000000000 AM','DD-MON-RR HH.MI.SS.FF AM'),66,'27','140','46','Normal',' ');
Insert into ANIMAL_CHECKUP (ANIM_CHECKUP_DATE,ANIM_ID,ANIM_CHECKUP_HEIGHT,ANIM_CHECKUP_WEIGHT,ANIM_CHECKUP_LENGTH,ANIM_CHECKUP_GENERAL_HEALTH,ANIM_CHECKUP_OTHER_DETAILS) values (to_timestamp('21-JUN-10 12.00.00.000000000 AM','DD-MON-RR HH.MI.SS.FF AM'),68,'21','175','194','Normal',' ');
Insert into ANIMAL_CHECKUP (ANIM_CHECKUP_DATE,ANIM_ID,ANIM_CHECKUP_HEIGHT,ANIM_CHECKUP_WEIGHT,ANIM_CHECKUP_LENGTH,ANIM_CHECKUP_GENERAL_HEALTH,ANIM_CHECKUP_OTHER_DETAILS) values (to_timestamp('07-FEB-03 12.00.00.000000000 AM','DD-MON-RR HH.MI.SS.FF AM'),57,'20','227','1','Normal',' ');
Insert into ANIMAL_CHECKUP (ANIM_CHECKUP_DATE,ANIM_ID,ANIM_CHECKUP_HEIGHT,ANIM_CHECKUP_WEIGHT,ANIM_CHECKUP_LENGTH,ANIM_CHECKUP_GENERAL_HEALTH,ANIM_CHECKUP_OTHER_DETAILS) values (to_timestamp('04-MAR-99 12.00.00.000000000 AM','DD-MON-RR HH.MI.SS.FF AM'),80,'25','115','158','Normal',' ');
Insert into ANIMAL_CHECKUP (ANIM_CHECKUP_DATE,ANIM_ID,ANIM_CHECKUP_HEIGHT,ANIM_CHECKUP_WEIGHT,ANIM_CHECKUP_LENGTH,ANIM_CHECKUP_GENERAL_HEALTH,ANIM_CHECKUP_OTHER_DETAILS) values (to_timestamp('03-MAR-01 12.00.00.000000000 AM','DD-MON-RR HH.MI.SS.FF AM'),156,'3','178','144','Normal',' ');
Insert into ANIMAL_CHECKUP (ANIM_CHECKUP_DATE,ANIM_ID,ANIM_CHECKUP_HEIGHT,ANIM_CHECKUP_WEIGHT,ANIM_CHECKUP_LENGTH,ANIM_CHECKUP_GENERAL_HEALTH,ANIM_CHECKUP_OTHER_DETAILS) values (to_timestamp('23-APR-01 12.00.00.000000000 AM','DD-MON-RR HH.MI.SS.FF AM'),119,'21','310','37','Ill','Animal is vomiting daily.');
Insert into ANIMAL_CHECKUP (ANIM_CHECKUP_DATE,ANIM_ID,ANIM_CHECKUP_HEIGHT,ANIM_CHECKUP_WEIGHT,ANIM_CHECKUP_LENGTH,ANIM_CHECKUP_GENERAL_HEALTH,ANIM_CHECKUP_OTHER_DETAILS) values (to_timestamp('03-MAY-98 12.00.00.000000000 AM','DD-MON-RR HH.MI.SS.FF AM'),144,'18','102','5','Normal',' ');
Insert into ANIMAL_CHECKUP (ANIM_CHECKUP_DATE,ANIM_ID,ANIM_CHECKUP_HEIGHT,ANIM_CHECKUP_WEIGHT,ANIM_CHECKUP_LENGTH,ANIM_CHECKUP_GENERAL_HEALTH,ANIM_CHECKUP_OTHER_DETAILS) values (to_timestamp('04-MAY-98 12.00.00.000000000 AM','DD-MON-RR HH.MI.SS.FF AM'),191,'14','-3','108','Normal','Animal has poor dental hygiene');
Insert into ANIMAL_CHECKUP (ANIM_CHECKUP_DATE,ANIM_ID,ANIM_CHECKUP_HEIGHT,ANIM_CHECKUP_WEIGHT,ANIM_CHECKUP_LENGTH,ANIM_CHECKUP_GENERAL_HEALTH,ANIM_CHECKUP_OTHER_DETAILS) values (to_timestamp('18-JUL-98 12.00.00.000000000 AM','DD-MON-RR HH.MI.SS.FF AM'),130,'6','284','3','Normal','Animal has poor dental hygiene');
Insert into ANIMAL_CHECKUP (ANIM_CHECKUP_DATE,ANIM_ID,ANIM_CHECKUP_HEIGHT,ANIM_CHECKUP_WEIGHT,ANIM_CHECKUP_LENGTH,ANIM_CHECKUP_GENERAL_HEALTH,ANIM_CHECKUP_OTHER_DETAILS) values (to_timestamp('20-FEB-01 12.00.00.000000000 AM','DD-MON-RR HH.MI.SS.FF AM'),173,'13','235','116','Normal','Animal has poor dental hygiene');
Insert into ANIMAL_CHECKUP (ANIM_CHECKUP_DATE,ANIM_ID,ANIM_CHECKUP_HEIGHT,ANIM_CHECKUP_WEIGHT,ANIM_CHECKUP_LENGTH,ANIM_CHECKUP_GENERAL_HEALTH,ANIM_CHECKUP_OTHER_DETAILS) values (to_timestamp('09-MAR-99 12.00.00.000000000 AM','DD-MON-RR HH.MI.SS.FF AM'),71,'2','235','186','Normal',' ');
Insert into ANIMAL_CHECKUP (ANIM_CHECKUP_DATE,ANIM_ID,ANIM_CHECKUP_HEIGHT,ANIM_CHECKUP_WEIGHT,ANIM_CHECKUP_LENGTH,ANIM_CHECKUP_GENERAL_HEALTH,ANIM_CHECKUP_OTHER_DETAILS) values (to_timestamp('31-MAR-99 12.00.00.000000000 AM','DD-MON-RR HH.MI.SS.FF AM'),154,'10','212','99','Ill','Animal is vomiting daily.');
Insert into ANIMAL_CHECKUP (ANIM_CHECKUP_DATE,ANIM_ID,ANIM_CHECKUP_HEIGHT,ANIM_CHECKUP_WEIGHT,ANIM_CHECKUP_LENGTH,ANIM_CHECKUP_GENERAL_HEALTH,ANIM_CHECKUP_OTHER_DETAILS) values (to_timestamp('04-MAR-01 12.00.00.000000000 AM','DD-MON-RR HH.MI.SS.FF AM'),154,'10','220','101','Normal',' ');
Insert into ANIMAL_CHECKUP (ANIM_CHECKUP_DATE,ANIM_ID,ANIM_CHECKUP_HEIGHT,ANIM_CHECKUP_WEIGHT,ANIM_CHECKUP_LENGTH,ANIM_CHECKUP_GENERAL_HEALTH,ANIM_CHECKUP_OTHER_DETAILS) values (to_timestamp('11-APR-00 12.00.00.000000000 AM','DD-MON-RR HH.MI.SS.FF AM'),109,'15','361','142','Normal',' ');
Insert into ANIMAL_CHECKUP (ANIM_CHECKUP_DATE,ANIM_ID,ANIM_CHECKUP_HEIGHT,ANIM_CHECKUP_WEIGHT,ANIM_CHECKUP_LENGTH,ANIM_CHECKUP_GENERAL_HEALTH,ANIM_CHECKUP_OTHER_DETAILS) values (to_timestamp('08-APR-03 12.00.00.000000000 AM','DD-MON-RR HH.MI.SS.FF AM'),166,'12','301','161','Normal',' ');
Insert into ANIMAL_CHECKUP (ANIM_CHECKUP_DATE,ANIM_ID,ANIM_CHECKUP_HEIGHT,ANIM_CHECKUP_WEIGHT,ANIM_CHECKUP_LENGTH,ANIM_CHECKUP_GENERAL_HEALTH,ANIM_CHECKUP_OTHER_DETAILS) values (to_timestamp('25-APR-00 12.00.00.000000000 AM','DD-MON-RR HH.MI.SS.FF AM'),109,'14','356','149','Normal',' ');
Insert into ANIMAL_CHECKUP (ANIM_CHECKUP_DATE,ANIM_ID,ANIM_CHECKUP_HEIGHT,ANIM_CHECKUP_WEIGHT,ANIM_CHECKUP_LENGTH,ANIM_CHECKUP_GENERAL_HEALTH,ANIM_CHECKUP_OTHER_DETAILS) values (to_timestamp('26-APR-04 12.00.00.000000000 AM','DD-MON-RR HH.MI.SS.FF AM'),123,'6','40','92','Normal',' ');
Insert into ANIMAL_CHECKUP (ANIM_CHECKUP_DATE,ANIM_ID,ANIM_CHECKUP_HEIGHT,ANIM_CHECKUP_WEIGHT,ANIM_CHECKUP_LENGTH,ANIM_CHECKUP_GENERAL_HEALTH,ANIM_CHECKUP_OTHER_DETAILS) values (to_timestamp('28-APR-00 12.00.00.000000000 AM','DD-MON-RR HH.MI.SS.FF AM'),119,'20','359','34','Normal',' ');
Insert into ANIMAL_CHECKUP (ANIM_CHECKUP_DATE,ANIM_ID,ANIM_CHECKUP_HEIGHT,ANIM_CHECKUP_WEIGHT,ANIM_CHECKUP_LENGTH,ANIM_CHECKUP_GENERAL_HEALTH,ANIM_CHECKUP_OTHER_DETAILS) values (to_timestamp('15-APR-00 12.00.00.000000000 AM','DD-MON-RR HH.MI.SS.FF AM'),81,'8','210','44','Normal',' ');
Insert into ANIMAL_CHECKUP (ANIM_CHECKUP_DATE,ANIM_ID,ANIM_CHECKUP_HEIGHT,ANIM_CHECKUP_WEIGHT,ANIM_CHECKUP_LENGTH,ANIM_CHECKUP_GENERAL_HEALTH,ANIM_CHECKUP_OTHER_DETAILS) values (to_timestamp('14-APR-02 12.00.00.000000000 AM','DD-MON-RR HH.MI.SS.FF AM'),119,'23','350','31','Normal','Animal has poor dental hygiene');
Insert into ANIMAL_CHECKUP (ANIM_CHECKUP_DATE,ANIM_ID,ANIM_CHECKUP_HEIGHT,ANIM_CHECKUP_WEIGHT,ANIM_CHECKUP_LENGTH,ANIM_CHECKUP_GENERAL_HEALTH,ANIM_CHECKUP_OTHER_DETAILS) values (to_timestamp('16-APR-04 12.00.00.000000000 AM','DD-MON-RR HH.MI.SS.FF AM'),166,'13','286','159','Normal',' ');
Insert into ANIMAL_CHECKUP (ANIM_CHECKUP_DATE,ANIM_ID,ANIM_CHECKUP_HEIGHT,ANIM_CHECKUP_WEIGHT,ANIM_CHECKUP_LENGTH,ANIM_CHECKUP_GENERAL_HEALTH,ANIM_CHECKUP_OTHER_DETAILS) values (to_timestamp('03-MAY-98 12.00.00.000000000 AM','DD-MON-RR HH.MI.SS.FF AM'),191,'13','10','107','Normal',' ');
Insert into ANIMAL_CHECKUP (ANIM_CHECKUP_DATE,ANIM_ID,ANIM_CHECKUP_HEIGHT,ANIM_CHECKUP_WEIGHT,ANIM_CHECKUP_LENGTH,ANIM_CHECKUP_GENERAL_HEALTH,ANIM_CHECKUP_OTHER_DETAILS) values (to_timestamp('11-MAY-04 12.00.00.000000000 AM','DD-MON-RR HH.MI.SS.FF AM'),161,'33','63','127','Normal','Animal appears bored.');
Insert into ANIMAL_CHECKUP (ANIM_CHECKUP_DATE,ANIM_ID,ANIM_CHECKUP_HEIGHT,ANIM_CHECKUP_WEIGHT,ANIM_CHECKUP_LENGTH,ANIM_CHECKUP_GENERAL_HEALTH,ANIM_CHECKUP_OTHER_DETAILS) values (to_timestamp('25-MAY-00 12.00.00.000000000 AM','DD-MON-RR HH.MI.SS.FF AM'),6,'9','344','75','Normal','Animal appears bored.');
Insert into ANIMAL_CHECKUP (ANIM_CHECKUP_DATE,ANIM_ID,ANIM_CHECKUP_HEIGHT,ANIM_CHECKUP_WEIGHT,ANIM_CHECKUP_LENGTH,ANIM_CHECKUP_GENERAL_HEALTH,ANIM_CHECKUP_OTHER_DETAILS) values (to_timestamp('08-MAY-98 12.00.00.000000000 AM','DD-MON-RR HH.MI.SS.FF AM'),31,'5','367','157','Normal',' ');
Insert into ANIMAL_CHECKUP (ANIM_CHECKUP_DATE,ANIM_ID,ANIM_CHECKUP_HEIGHT,ANIM_CHECKUP_WEIGHT,ANIM_CHECKUP_LENGTH,ANIM_CHECKUP_GENERAL_HEALTH,ANIM_CHECKUP_OTHER_DETAILS) values (to_timestamp('04-MAY-04 12.00.00.000000000 AM','DD-MON-RR HH.MI.SS.FF AM'),6,'7','334','77','Normal',' ');
Insert into ANIMAL_CHECKUP (ANIM_CHECKUP_DATE,ANIM_ID,ANIM_CHECKUP_HEIGHT,ANIM_CHECKUP_WEIGHT,ANIM_CHECKUP_LENGTH,ANIM_CHECKUP_GENERAL_HEALTH,ANIM_CHECKUP_OTHER_DETAILS) values (to_timestamp('09-APR-04 12.00.00.000000000 AM','DD-MON-RR HH.MI.SS.FF AM'),126,'31','34','160','Normal',' ');
Insert into ANIMAL_CHECKUP (ANIM_CHECKUP_DATE,ANIM_ID,ANIM_CHECKUP_HEIGHT,ANIM_CHECKUP_WEIGHT,ANIM_CHECKUP_LENGTH,ANIM_CHECKUP_GENERAL_HEALTH,ANIM_CHECKUP_OTHER_DETAILS) values (to_timestamp('30-APR-00 12.00.00.000000000 AM','DD-MON-RR HH.MI.SS.FF AM'),126,'28','26','169','Normal',' ');
Insert into ANIMAL_CHECKUP (ANIM_CHECKUP_DATE,ANIM_ID,ANIM_CHECKUP_HEIGHT,ANIM_CHECKUP_WEIGHT,ANIM_CHECKUP_LENGTH,ANIM_CHECKUP_GENERAL_HEALTH,ANIM_CHECKUP_OTHER_DETAILS) values (to_timestamp('31-MAY-00 12.00.00.000000000 AM','DD-MON-RR HH.MI.SS.FF AM'),31,'8','418','162','Normal',' ');
Insert into ANIMAL_CHECKUP (ANIM_CHECKUP_DATE,ANIM_ID,ANIM_CHECKUP_HEIGHT,ANIM_CHECKUP_WEIGHT,ANIM_CHECKUP_LENGTH,ANIM_CHECKUP_GENERAL_HEALTH,ANIM_CHECKUP_OTHER_DETAILS) values (to_timestamp('10-JUL-99 12.00.00.000000000 AM','DD-MON-RR HH.MI.SS.FF AM'),5,'6','421','64','Normal',' ');
Insert into ANIMAL_CHECKUP (ANIM_CHECKUP_DATE,ANIM_ID,ANIM_CHECKUP_HEIGHT,ANIM_CHECKUP_WEIGHT,ANIM_CHECKUP_LENGTH,ANIM_CHECKUP_GENERAL_HEALTH,ANIM_CHECKUP_OTHER_DETAILS) values (to_timestamp('30-JUN-01 12.00.00.000000000 AM','DD-MON-RR HH.MI.SS.FF AM'),90,'20','233','115','Normal',' ');
Insert into ANIMAL_CHECKUP (ANIM_CHECKUP_DATE,ANIM_ID,ANIM_CHECKUP_HEIGHT,ANIM_CHECKUP_WEIGHT,ANIM_CHECKUP_LENGTH,ANIM_CHECKUP_GENERAL_HEALTH,ANIM_CHECKUP_OTHER_DETAILS) values (to_timestamp('16-JUN-00 12.00.00.000000000 AM','DD-MON-RR HH.MI.SS.FF AM'),90,'22','198','114','Normal',' ');
Insert into ANIMAL_CHECKUP (ANIM_CHECKUP_DATE,ANIM_ID,ANIM_CHECKUP_HEIGHT,ANIM_CHECKUP_WEIGHT,ANIM_CHECKUP_LENGTH,ANIM_CHECKUP_GENERAL_HEALTH,ANIM_CHECKUP_OTHER_DETAILS) values (to_timestamp('30-JUN-01 12.00.00.000000000 AM','DD-MON-RR HH.MI.SS.FF AM'),3,'15','167','135','Normal',' ');
Insert into ANIMAL_CHECKUP (ANIM_CHECKUP_DATE,ANIM_ID,ANIM_CHECKUP_HEIGHT,ANIM_CHECKUP_WEIGHT,ANIM_CHECKUP_LENGTH,ANIM_CHECKUP_GENERAL_HEALTH,ANIM_CHECKUP_OTHER_DETAILS) values (to_timestamp('30-JUL-03 12.00.00.000000000 AM','DD-MON-RR HH.MI.SS.FF AM'),28,'28','214','135','Normal',' ');
Insert into ANIMAL_CHECKUP (ANIM_CHECKUP_DATE,ANIM_ID,ANIM_CHECKUP_HEIGHT,ANIM_CHECKUP_WEIGHT,ANIM_CHECKUP_LENGTH,ANIM_CHECKUP_GENERAL_HEALTH,ANIM_CHECKUP_OTHER_DETAILS) values (to_timestamp('14-JUL-00 12.00.00.000000000 AM','DD-MON-RR HH.MI.SS.FF AM'),122,'3','321','138','Ill','Animal appears very tired and sluggish.');
Insert into ANIMAL_CHECKUP (ANIM_CHECKUP_DATE,ANIM_ID,ANIM_CHECKUP_HEIGHT,ANIM_CHECKUP_WEIGHT,ANIM_CHECKUP_LENGTH,ANIM_CHECKUP_GENERAL_HEALTH,ANIM_CHECKUP_OTHER_DETAILS) values (to_timestamp('03-JUL-99 12.00.00.000000000 AM','DD-MON-RR HH.MI.SS.FF AM'),108,'25','280','51','Normal',' ');
Insert into ANIMAL_CHECKUP (ANIM_CHECKUP_DATE,ANIM_ID,ANIM_CHECKUP_HEIGHT,ANIM_CHECKUP_WEIGHT,ANIM_CHECKUP_LENGTH,ANIM_CHECKUP_GENERAL_HEALTH,ANIM_CHECKUP_OTHER_DETAILS) values (to_timestamp('04-JUL-03 12.00.00.000000000 AM','DD-MON-RR HH.MI.SS.FF AM'),28,'31','263','140','Normal',' ');
Insert into ANIMAL_CHECKUP (ANIM_CHECKUP_DATE,ANIM_ID,ANIM_CHECKUP_HEIGHT,ANIM_CHECKUP_WEIGHT,ANIM_CHECKUP_LENGTH,ANIM_CHECKUP_GENERAL_HEALTH,ANIM_CHECKUP_OTHER_DETAILS) values (to_timestamp('05-JUL-02 12.00.00.000000000 AM','DD-MON-RR HH.MI.SS.FF AM'),108,'22','328','48','Ill','Animal appears short of breath.');
Insert into ANIMAL_CHECKUP (ANIM_CHECKUP_DATE,ANIM_ID,ANIM_CHECKUP_HEIGHT,ANIM_CHECKUP_WEIGHT,ANIM_CHECKUP_LENGTH,ANIM_CHECKUP_GENERAL_HEALTH,ANIM_CHECKUP_OTHER_DETAILS) values (to_timestamp('21-JUL-00 12.00.00.000000000 AM','DD-MON-RR HH.MI.SS.FF AM'),60,'17','25','71','Ill','Animal appears short of breath.');
Insert into ANIMAL_CHECKUP (ANIM_CHECKUP_DATE,ANIM_ID,ANIM_CHECKUP_HEIGHT,ANIM_CHECKUP_WEIGHT,ANIM_CHECKUP_LENGTH,ANIM_CHECKUP_GENERAL_HEALTH,ANIM_CHECKUP_OTHER_DETAILS) values (to_timestamp('12-JUL-03 12.00.00.000000000 AM','DD-MON-RR HH.MI.SS.FF AM'),135,'26','398','103','Normal',' ');
Insert into ANIMAL_CHECKUP (ANIM_CHECKUP_DATE,ANIM_ID,ANIM_CHECKUP_HEIGHT,ANIM_CHECKUP_WEIGHT,ANIM_CHECKUP_LENGTH,ANIM_CHECKUP_GENERAL_HEALTH,ANIM_CHECKUP_OTHER_DETAILS) values (to_timestamp('17-JUL-02 12.00.00.000000000 AM','DD-MON-RR HH.MI.SS.FF AM'),135,'25','360','97','Normal',' ');
Insert into ANIMAL_CHECKUP (ANIM_CHECKUP_DATE,ANIM_ID,ANIM_CHECKUP_HEIGHT,ANIM_CHECKUP_WEIGHT,ANIM_CHECKUP_LENGTH,ANIM_CHECKUP_GENERAL_HEALTH,ANIM_CHECKUP_OTHER_DETAILS) values (to_timestamp('25-FEB-01 12.00.00.000000000 AM','DD-MON-RR HH.MI.SS.FF AM'),150,'26','167','45','Normal','Animal is very alert and playful');
Insert into ANIMAL_CHECKUP (ANIM_CHECKUP_DATE,ANIM_ID,ANIM_CHECKUP_HEIGHT,ANIM_CHECKUP_WEIGHT,ANIM_CHECKUP_LENGTH,ANIM_CHECKUP_GENERAL_HEALTH,ANIM_CHECKUP_OTHER_DETAILS) values (to_timestamp('21-FEB-00 12.00.00.000000000 AM','DD-MON-RR HH.MI.SS.FF AM'),9,'23','121','162','Normal',' ');
Insert into ANIMAL_CHECKUP (ANIM_CHECKUP_DATE,ANIM_ID,ANIM_CHECKUP_HEIGHT,ANIM_CHECKUP_WEIGHT,ANIM_CHECKUP_LENGTH,ANIM_CHECKUP_GENERAL_HEALTH,ANIM_CHECKUP_OTHER_DETAILS) values (to_timestamp('22-FEB-05 12.00.00.000000000 AM','DD-MON-RR HH.MI.SS.FF AM'),100,'14','373','133','Normal','Animal appears bored.');
Insert into ANIMAL_CHECKUP (ANIM_CHECKUP_DATE,ANIM_ID,ANIM_CHECKUP_HEIGHT,ANIM_CHECKUP_WEIGHT,ANIM_CHECKUP_LENGTH,ANIM_CHECKUP_GENERAL_HEALTH,ANIM_CHECKUP_OTHER_DETAILS) values (to_timestamp('07-FEB-99 12.00.00.000000000 AM','DD-MON-RR HH.MI.SS.FF AM'),57,'18','292','8','Normal','Animal is very alert and playful');
Insert into ANIMAL_CHECKUP (ANIM_CHECKUP_DATE,ANIM_ID,ANIM_CHECKUP_HEIGHT,ANIM_CHECKUP_WEIGHT,ANIM_CHECKUP_LENGTH,ANIM_CHECKUP_GENERAL_HEALTH,ANIM_CHECKUP_OTHER_DETAILS) values (to_timestamp('27-MAR-00 12.00.00.000000000 AM','DD-MON-RR HH.MI.SS.FF AM'),156,'4','199','151','Normal',' ');
Insert into ANIMAL_CHECKUP (ANIM_CHECKUP_DATE,ANIM_ID,ANIM_CHECKUP_HEIGHT,ANIM_CHECKUP_WEIGHT,ANIM_CHECKUP_LENGTH,ANIM_CHECKUP_GENERAL_HEALTH,ANIM_CHECKUP_OTHER_DETAILS) values (to_timestamp('08-MAR-99 12.00.00.000000000 AM','DD-MON-RR HH.MI.SS.FF AM'),154,'11','212','106','Normal',' ');
Insert into ANIMAL_CHECKUP (ANIM_CHECKUP_DATE,ANIM_ID,ANIM_CHECKUP_HEIGHT,ANIM_CHECKUP_WEIGHT,ANIM_CHECKUP_LENGTH,ANIM_CHECKUP_GENERAL_HEALTH,ANIM_CHECKUP_OTHER_DETAILS) values (to_timestamp('10-APR-01 12.00.00.000000000 AM','DD-MON-RR HH.MI.SS.FF AM'),126,'28','99','167','Normal',' ');
Insert into ANIMAL_CHECKUP (ANIM_CHECKUP_DATE,ANIM_ID,ANIM_CHECKUP_HEIGHT,ANIM_CHECKUP_WEIGHT,ANIM_CHECKUP_LENGTH,ANIM_CHECKUP_GENERAL_HEALTH,ANIM_CHECKUP_OTHER_DETAILS) values (to_timestamp('10-APR-03 12.00.00.000000000 AM','DD-MON-RR HH.MI.SS.FF AM'),81,'8','213','42','Normal',' ');
Insert into ANIMAL_CHECKUP (ANIM_CHECKUP_DATE,ANIM_ID,ANIM_CHECKUP_HEIGHT,ANIM_CHECKUP_WEIGHT,ANIM_CHECKUP_LENGTH,ANIM_CHECKUP_GENERAL_HEALTH,ANIM_CHECKUP_OTHER_DETAILS) values (to_timestamp('27-APR-03 12.00.00.000000000 AM','DD-MON-RR HH.MI.SS.FF AM'),109,'18','348','148','Normal',' ');
Insert into ANIMAL_CHECKUP (ANIM_CHECKUP_DATE,ANIM_ID,ANIM_CHECKUP_HEIGHT,ANIM_CHECKUP_WEIGHT,ANIM_CHECKUP_LENGTH,ANIM_CHECKUP_GENERAL_HEALTH,ANIM_CHECKUP_OTHER_DETAILS) values (to_timestamp('30-APR-02 12.00.00.000000000 AM','DD-MON-RR HH.MI.SS.FF AM'),109,'16','433','146','Normal',' ');
Insert into ANIMAL_CHECKUP (ANIM_CHECKUP_DATE,ANIM_ID,ANIM_CHECKUP_HEIGHT,ANIM_CHECKUP_WEIGHT,ANIM_CHECKUP_LENGTH,ANIM_CHECKUP_GENERAL_HEALTH,ANIM_CHECKUP_OTHER_DETAILS) values (to_timestamp('30-APR-99 12.00.00.000000000 AM','DD-MON-RR HH.MI.SS.FF AM'),109,'18','373','148','Normal',' ');
Insert into ANIMAL_CHECKUP (ANIM_CHECKUP_DATE,ANIM_ID,ANIM_CHECKUP_HEIGHT,ANIM_CHECKUP_WEIGHT,ANIM_CHECKUP_LENGTH,ANIM_CHECKUP_GENERAL_HEALTH,ANIM_CHECKUP_OTHER_DETAILS) values (to_timestamp('10-APR-04 12.00.00.000000000 AM','DD-MON-RR HH.MI.SS.FF AM'),81,'4','232','47','Normal','Animal has poor dental hygiene');
Insert into ANIMAL_CHECKUP (ANIM_CHECKUP_DATE,ANIM_ID,ANIM_CHECKUP_HEIGHT,ANIM_CHECKUP_WEIGHT,ANIM_CHECKUP_LENGTH,ANIM_CHECKUP_GENERAL_HEALTH,ANIM_CHECKUP_OTHER_DETAILS) values (to_timestamp('01-APR-01 12.00.00.000000000 AM','DD-MON-RR HH.MI.SS.FF AM'),74,'7','284','89','Normal',' ');
Insert into ANIMAL_CHECKUP (ANIM_CHECKUP_DATE,ANIM_ID,ANIM_CHECKUP_HEIGHT,ANIM_CHECKUP_WEIGHT,ANIM_CHECKUP_LENGTH,ANIM_CHECKUP_GENERAL_HEALTH,ANIM_CHECKUP_OTHER_DETAILS) values (to_timestamp('21-JUN-01 12.00.00.000000000 AM','DD-MON-RR HH.MI.SS.FF AM'),161,'29','77','121','Normal',' ');
Insert into ANIMAL_CHECKUP (ANIM_CHECKUP_DATE,ANIM_ID,ANIM_CHECKUP_HEIGHT,ANIM_CHECKUP_WEIGHT,ANIM_CHECKUP_LENGTH,ANIM_CHECKUP_GENERAL_HEALTH,ANIM_CHECKUP_OTHER_DETAILS) values (to_timestamp('09-MAY-01 12.00.00.000000000 AM','DD-MON-RR HH.MI.SS.FF AM'),144,'19','140','11','Normal',' ');
Insert into ANIMAL_CHECKUP (ANIM_CHECKUP_DATE,ANIM_ID,ANIM_CHECKUP_HEIGHT,ANIM_CHECKUP_WEIGHT,ANIM_CHECKUP_LENGTH,ANIM_CHECKUP_GENERAL_HEALTH,ANIM_CHECKUP_OTHER_DETAILS) values (to_timestamp('02-MAY-01 12.00.00.000000000 AM','DD-MON-RR HH.MI.SS.FF AM'),20,'6','24','51','Normal',' ');
Insert into ANIMAL_CHECKUP (ANIM_CHECKUP_DATE,ANIM_ID,ANIM_CHECKUP_HEIGHT,ANIM_CHECKUP_WEIGHT,ANIM_CHECKUP_LENGTH,ANIM_CHECKUP_GENERAL_HEALTH,ANIM_CHECKUP_OTHER_DETAILS) values (to_timestamp('15-MAY-00 12.00.00.000000000 AM','DD-MON-RR HH.MI.SS.FF AM'),86,'19','267','31','Normal',' ');
Insert into ANIMAL_CHECKUP (ANIM_CHECKUP_DATE,ANIM_ID,ANIM_CHECKUP_HEIGHT,ANIM_CHECKUP_WEIGHT,ANIM_CHECKUP_LENGTH,ANIM_CHECKUP_GENERAL_HEALTH,ANIM_CHECKUP_OTHER_DETAILS) values (to_timestamp('04-MAY-01 12.00.00.000000000 AM','DD-MON-RR HH.MI.SS.FF AM'),46,'17','403','189','Normal',' ');
Insert into ANIMAL_CHECKUP (ANIM_CHECKUP_DATE,ANIM_ID,ANIM_CHECKUP_HEIGHT,ANIM_CHECKUP_WEIGHT,ANIM_CHECKUP_LENGTH,ANIM_CHECKUP_GENERAL_HEALTH,ANIM_CHECKUP_OTHER_DETAILS) values (to_timestamp('15-MAY-00 12.00.00.000000000 AM','DD-MON-RR HH.MI.SS.FF AM'),144,'21','109','5','Normal',' ');
Insert into ANIMAL_CHECKUP (ANIM_CHECKUP_DATE,ANIM_ID,ANIM_CHECKUP_HEIGHT,ANIM_CHECKUP_WEIGHT,ANIM_CHECKUP_LENGTH,ANIM_CHECKUP_GENERAL_HEALTH,ANIM_CHECKUP_OTHER_DETAILS) values (to_timestamp('14-JUN-04 12.00.00.000000000 AM','DD-MON-RR HH.MI.SS.FF AM'),90,'24','243','108','Normal',' ');
Insert into ANIMAL_CHECKUP (ANIM_CHECKUP_DATE,ANIM_ID,ANIM_CHECKUP_HEIGHT,ANIM_CHECKUP_WEIGHT,ANIM_CHECKUP_LENGTH,ANIM_CHECKUP_GENERAL_HEALTH,ANIM_CHECKUP_OTHER_DETAILS) values (to_timestamp('25-JUN-00 12.00.00.000000000 AM','DD-MON-RR HH.MI.SS.FF AM'),145,'21','115','146','Normal',' ');
Insert into ANIMAL_CHECKUP (ANIM_CHECKUP_DATE,ANIM_ID,ANIM_CHECKUP_HEIGHT,ANIM_CHECKUP_WEIGHT,ANIM_CHECKUP_LENGTH,ANIM_CHECKUP_GENERAL_HEALTH,ANIM_CHECKUP_OTHER_DETAILS) values (to_timestamp('29-JUN-02 12.00.00.000000000 AM','DD-MON-RR HH.MI.SS.FF AM'),164,'13','189','62','Normal','Animal is very alert and playful');
Insert into ANIMAL_CHECKUP (ANIM_CHECKUP_DATE,ANIM_ID,ANIM_CHECKUP_HEIGHT,ANIM_CHECKUP_WEIGHT,ANIM_CHECKUP_LENGTH,ANIM_CHECKUP_GENERAL_HEALTH,ANIM_CHECKUP_OTHER_DETAILS) values (to_timestamp('15-JUL-99 12.00.00.000000000 AM','DD-MON-RR HH.MI.SS.FF AM'),60,'21','54','63','Malnourished','Animal rations should be increased by 10%');
Insert into ANIMAL_CHECKUP (ANIM_CHECKUP_DATE,ANIM_ID,ANIM_CHECKUP_HEIGHT,ANIM_CHECKUP_WEIGHT,ANIM_CHECKUP_LENGTH,ANIM_CHECKUP_GENERAL_HEALTH,ANIM_CHECKUP_OTHER_DETAILS) values (to_timestamp('29-JUL-01 12.00.00.000000000 AM','DD-MON-RR HH.MI.SS.FF AM'),165,'13','66','80','Normal',' ');
Insert into ANIMAL_CHECKUP (ANIM_CHECKUP_DATE,ANIM_ID,ANIM_CHECKUP_HEIGHT,ANIM_CHECKUP_WEIGHT,ANIM_CHECKUP_LENGTH,ANIM_CHECKUP_GENERAL_HEALTH,ANIM_CHECKUP_OTHER_DETAILS) values (to_timestamp('01-JUL-98 12.00.00.000000000 AM','DD-MON-RR HH.MI.SS.FF AM'),60,'17','66','63','Normal',' ');
Insert into ANIMAL_CHECKUP (ANIM_CHECKUP_DATE,ANIM_ID,ANIM_CHECKUP_HEIGHT,ANIM_CHECKUP_WEIGHT,ANIM_CHECKUP_LENGTH,ANIM_CHECKUP_GENERAL_HEALTH,ANIM_CHECKUP_OTHER_DETAILS) values (to_timestamp('16-FEB-01 12.00.00.000000000 AM','DD-MON-RR HH.MI.SS.FF AM'),173,'16','255','118','Normal',' ');
Insert into ANIMAL_CHECKUP (ANIM_CHECKUP_DATE,ANIM_ID,ANIM_CHECKUP_HEIGHT,ANIM_CHECKUP_WEIGHT,ANIM_CHECKUP_LENGTH,ANIM_CHECKUP_GENERAL_HEALTH,ANIM_CHECKUP_OTHER_DETAILS) values (to_timestamp('04-MAR-03 12.00.00.000000000 AM','DD-MON-RR HH.MI.SS.FF AM'),14,'25','350','194','Normal','Animal is very alert and playful');
Insert into ANIMAL_CHECKUP (ANIM_CHECKUP_DATE,ANIM_ID,ANIM_CHECKUP_HEIGHT,ANIM_CHECKUP_WEIGHT,ANIM_CHECKUP_LENGTH,ANIM_CHECKUP_GENERAL_HEALTH,ANIM_CHECKUP_OTHER_DETAILS) values (to_timestamp('24-FEB-05 12.00.00.000000000 AM','DD-MON-RR HH.MI.SS.FF AM'),9,'23','104','160','Normal',' ');
Insert into ANIMAL_CHECKUP (ANIM_CHECKUP_DATE,ANIM_ID,ANIM_CHECKUP_HEIGHT,ANIM_CHECKUP_WEIGHT,ANIM_CHECKUP_LENGTH,ANIM_CHECKUP_GENERAL_HEALTH,ANIM_CHECKUP_OTHER_DETAILS) values (to_timestamp('20-FEB-05 12.00.00.000000000 AM','DD-MON-RR HH.MI.SS.FF AM'),100,'13','355','140','Normal',' ');
Insert into ANIMAL_CHECKUP (ANIM_CHECKUP_DATE,ANIM_ID,ANIM_CHECKUP_HEIGHT,ANIM_CHECKUP_WEIGHT,ANIM_CHECKUP_LENGTH,ANIM_CHECKUP_GENERAL_HEALTH,ANIM_CHECKUP_OTHER_DETAILS) values (to_timestamp('03-MAR-06 12.00.00.000000000 AM','DD-MON-RR HH.MI.SS.FF AM'),77,'13','1','122','Normal',' ');
Insert into ANIMAL_CHECKUP (ANIM_CHECKUP_DATE,ANIM_ID,ANIM_CHECKUP_HEIGHT,ANIM_CHECKUP_WEIGHT,ANIM_CHECKUP_LENGTH,ANIM_CHECKUP_GENERAL_HEALTH,ANIM_CHECKUP_OTHER_DETAILS) values (to_timestamp('21-FEB-01 12.00.00.000000000 AM','DD-MON-RR HH.MI.SS.FF AM'),14,'26','354','198','Normal',' ');
Insert into ANIMAL_CHECKUP (ANIM_CHECKUP_DATE,ANIM_ID,ANIM_CHECKUP_HEIGHT,ANIM_CHECKUP_WEIGHT,ANIM_CHECKUP_LENGTH,ANIM_CHECKUP_GENERAL_HEALTH,ANIM_CHECKUP_OTHER_DETAILS) values (to_timestamp('12-FEB-01 12.00.00.000000000 AM','DD-MON-RR HH.MI.SS.FF AM'),184,'13','306','131','Normal',' ');
Insert into ANIMAL_CHECKUP (ANIM_CHECKUP_DATE,ANIM_ID,ANIM_CHECKUP_HEIGHT,ANIM_CHECKUP_WEIGHT,ANIM_CHECKUP_LENGTH,ANIM_CHECKUP_GENERAL_HEALTH,ANIM_CHECKUP_OTHER_DETAILS) values (to_timestamp('06-FEB-02 12.00.00.000000000 AM','DD-MON-RR HH.MI.SS.FF AM'),100,'16','329','131','Normal','Animal appears bored.');
Insert into ANIMAL_CHECKUP (ANIM_CHECKUP_DATE,ANIM_ID,ANIM_CHECKUP_HEIGHT,ANIM_CHECKUP_WEIGHT,ANIM_CHECKUP_LENGTH,ANIM_CHECKUP_GENERAL_HEALTH,ANIM_CHECKUP_OTHER_DETAILS) values (to_timestamp('23-FEB-02 12.00.00.000000000 AM','DD-MON-RR HH.MI.SS.FF AM'),150,'27','166','41','Normal',' ');
Insert into ANIMAL_CHECKUP (ANIM_CHECKUP_DATE,ANIM_ID,ANIM_CHECKUP_HEIGHT,ANIM_CHECKUP_WEIGHT,ANIM_CHECKUP_LENGTH,ANIM_CHECKUP_GENERAL_HEALTH,ANIM_CHECKUP_OTHER_DETAILS) values (to_timestamp('28-FEB-01 12.00.00.000000000 AM','DD-MON-RR HH.MI.SS.FF AM'),14,'26','342','192','Normal',' ');
Insert into ANIMAL_CHECKUP (ANIM_CHECKUP_DATE,ANIM_ID,ANIM_CHECKUP_HEIGHT,ANIM_CHECKUP_WEIGHT,ANIM_CHECKUP_LENGTH,ANIM_CHECKUP_GENERAL_HEALTH,ANIM_CHECKUP_OTHER_DETAILS) values (to_timestamp('26-FEB-00 12.00.00.000000000 AM','DD-MON-RR HH.MI.SS.FF AM'),9,'20','36','168','Normal',' ');
Insert into ANIMAL_CHECKUP (ANIM_CHECKUP_DATE,ANIM_ID,ANIM_CHECKUP_HEIGHT,ANIM_CHECKUP_WEIGHT,ANIM_CHECKUP_LENGTH,ANIM_CHECKUP_GENERAL_HEALTH,ANIM_CHECKUP_OTHER_DETAILS) values (to_timestamp('23-MAR-03 12.00.00.000000000 AM','DD-MON-RR HH.MI.SS.FF AM'),80,'26','111','160','Normal','Animal appears bored.');
Insert into ANIMAL_CHECKUP (ANIM_CHECKUP_DATE,ANIM_ID,ANIM_CHECKUP_HEIGHT,ANIM_CHECKUP_WEIGHT,ANIM_CHECKUP_LENGTH,ANIM_CHECKUP_GENERAL_HEALTH,ANIM_CHECKUP_OTHER_DETAILS) values (to_timestamp('11-MAR-01 12.00.00.000000000 AM','DD-MON-RR HH.MI.SS.FF AM'),156,'0','112','150','Normal',' ');
Insert into ANIMAL_CHECKUP (ANIM_CHECKUP_DATE,ANIM_ID,ANIM_CHECKUP_HEIGHT,ANIM_CHECKUP_WEIGHT,ANIM_CHECKUP_LENGTH,ANIM_CHECKUP_GENERAL_HEALTH,ANIM_CHECKUP_OTHER_DETAILS) values (to_timestamp('14-MAR-01 12.00.00.000000000 AM','DD-MON-RR HH.MI.SS.FF AM'),100,'15','352','137','Normal','Animal is very alert and playful');
Insert into ANIMAL_CHECKUP (ANIM_CHECKUP_DATE,ANIM_ID,ANIM_CHECKUP_HEIGHT,ANIM_CHECKUP_WEIGHT,ANIM_CHECKUP_LENGTH,ANIM_CHECKUP_GENERAL_HEALTH,ANIM_CHECKUP_OTHER_DETAILS) values (to_timestamp('04-MAR-02 12.00.00.000000000 AM','DD-MON-RR HH.MI.SS.FF AM'),41,'11','284','186','Normal','Animal has poor dental hygiene');
Insert into ANIMAL_CHECKUP (ANIM_CHECKUP_DATE,ANIM_ID,ANIM_CHECKUP_HEIGHT,ANIM_CHECKUP_WEIGHT,ANIM_CHECKUP_LENGTH,ANIM_CHECKUP_GENERAL_HEALTH,ANIM_CHECKUP_OTHER_DETAILS) values (to_timestamp('08-MAR-06 12.00.00.000000000 AM','DD-MON-RR HH.MI.SS.FF AM'),42,'4','263','98','Normal','Animal has poor dental hygiene');
Insert into ANIMAL_CHECKUP (ANIM_CHECKUP_DATE,ANIM_ID,ANIM_CHECKUP_HEIGHT,ANIM_CHECKUP_WEIGHT,ANIM_CHECKUP_LENGTH,ANIM_CHECKUP_GENERAL_HEALTH,ANIM_CHECKUP_OTHER_DETAILS) values (to_timestamp('07-MAR-04 12.00.00.000000000 AM','DD-MON-RR HH.MI.SS.FF AM'),41,'10','269','193','Normal',' ');
Insert into ANIMAL_CHECKUP (ANIM_CHECKUP_DATE,ANIM_ID,ANIM_CHECKUP_HEIGHT,ANIM_CHECKUP_WEIGHT,ANIM_CHECKUP_LENGTH,ANIM_CHECKUP_GENERAL_HEALTH,ANIM_CHECKUP_OTHER_DETAILS) values (to_timestamp('18-FEB-03 12.00.00.000000000 AM','DD-MON-RR HH.MI.SS.FF AM'),184,'16','215','126','Normal',' ');
Insert into ANIMAL_CHECKUP (ANIM_CHECKUP_DATE,ANIM_ID,ANIM_CHECKUP_HEIGHT,ANIM_CHECKUP_WEIGHT,ANIM_CHECKUP_LENGTH,ANIM_CHECKUP_GENERAL_HEALTH,ANIM_CHECKUP_OTHER_DETAILS) values (to_timestamp('03-FEB-00 12.00.00.000000000 AM','DD-MON-RR HH.MI.SS.FF AM'),57,'17','291','4','Normal','Animal appears bored.');
Insert into ANIMAL_CHECKUP (ANIM_CHECKUP_DATE,ANIM_ID,ANIM_CHECKUP_HEIGHT,ANIM_CHECKUP_WEIGHT,ANIM_CHECKUP_LENGTH,ANIM_CHECKUP_GENERAL_HEALTH,ANIM_CHECKUP_OTHER_DETAILS) values (to_timestamp('19-MAR-00 12.00.00.000000000 AM','DD-MON-RR HH.MI.SS.FF AM'),80,'25','62','167','Normal',' ');
Insert into ANIMAL_CHECKUP (ANIM_CHECKUP_DATE,ANIM_ID,ANIM_CHECKUP_HEIGHT,ANIM_CHECKUP_WEIGHT,ANIM_CHECKUP_LENGTH,ANIM_CHECKUP_GENERAL_HEALTH,ANIM_CHECKUP_OTHER_DETAILS) values (to_timestamp('31-MAR-03 12.00.00.000000000 AM','DD-MON-RR HH.MI.SS.FF AM'),80,'23','95','167','Normal',' ');
Insert into ANIMAL_CHECKUP (ANIM_CHECKUP_DATE,ANIM_ID,ANIM_CHECKUP_HEIGHT,ANIM_CHECKUP_WEIGHT,ANIM_CHECKUP_LENGTH,ANIM_CHECKUP_GENERAL_HEALTH,ANIM_CHECKUP_OTHER_DETAILS) values (to_timestamp('20-MAR-04 12.00.00.000000000 AM','DD-MON-RR HH.MI.SS.FF AM'),78,'17','216','133','Ill',' ');
Insert into ANIMAL_CHECKUP (ANIM_CHECKUP_DATE,ANIM_ID,ANIM_CHECKUP_HEIGHT,ANIM_CHECKUP_WEIGHT,ANIM_CHECKUP_LENGTH,ANIM_CHECKUP_GENERAL_HEALTH,ANIM_CHECKUP_OTHER_DETAILS) values (to_timestamp('08-APR-05 12.00.00.000000000 AM','DD-MON-RR HH.MI.SS.FF AM'),96,'29','352','137','Normal',' ');
Insert into ANIMAL_CHECKUP (ANIM_CHECKUP_DATE,ANIM_ID,ANIM_CHECKUP_HEIGHT,ANIM_CHECKUP_WEIGHT,ANIM_CHECKUP_LENGTH,ANIM_CHECKUP_GENERAL_HEALTH,ANIM_CHECKUP_OTHER_DETAILS) values (to_timestamp('27-APR-03 12.00.00.000000000 AM','DD-MON-RR HH.MI.SS.FF AM'),96,'28','428','137','Ill','Animal is vomiting daily.');
Insert into ANIMAL_CHECKUP (ANIM_CHECKUP_DATE,ANIM_ID,ANIM_CHECKUP_HEIGHT,ANIM_CHECKUP_WEIGHT,ANIM_CHECKUP_LENGTH,ANIM_CHECKUP_GENERAL_HEALTH,ANIM_CHECKUP_OTHER_DETAILS) values (to_timestamp('19-APR-00 12.00.00.000000000 AM','DD-MON-RR HH.MI.SS.FF AM'),163,'31','226','97','Normal',' ');
Insert into ANIMAL_CHECKUP (ANIM_CHECKUP_DATE,ANIM_ID,ANIM_CHECKUP_HEIGHT,ANIM_CHECKUP_WEIGHT,ANIM_CHECKUP_LENGTH,ANIM_CHECKUP_GENERAL_HEALTH,ANIM_CHECKUP_OTHER_DETAILS) values (to_timestamp('08-APR-05 12.00.00.000000000 AM','DD-MON-RR HH.MI.SS.FF AM'),56,'7','352','193','Normal','Animal has poor dental hygiene');
Insert into ANIMAL_CHECKUP (ANIM_CHECKUP_DATE,ANIM_ID,ANIM_CHECKUP_HEIGHT,ANIM_CHECKUP_WEIGHT,ANIM_CHECKUP_LENGTH,ANIM_CHECKUP_GENERAL_HEALTH,ANIM_CHECKUP_OTHER_DETAILS) values (to_timestamp('03-APR-02 12.00.00.000000000 AM','DD-MON-RR HH.MI.SS.FF AM'),56,'7','422','200','Normal',' ');
Insert into ANIMAL_CHECKUP (ANIM_CHECKUP_DATE,ANIM_ID,ANIM_CHECKUP_HEIGHT,ANIM_CHECKUP_WEIGHT,ANIM_CHECKUP_LENGTH,ANIM_CHECKUP_GENERAL_HEALTH,ANIM_CHECKUP_OTHER_DETAILS) values (to_timestamp('29-APR-04 12.00.00.000000000 AM','DD-MON-RR HH.MI.SS.FF AM'),74,'10','310','89','Normal','Animal appears bored.');
Insert into ANIMAL_CHECKUP (ANIM_CHECKUP_DATE,ANIM_ID,ANIM_CHECKUP_HEIGHT,ANIM_CHECKUP_WEIGHT,ANIM_CHECKUP_LENGTH,ANIM_CHECKUP_GENERAL_HEALTH,ANIM_CHECKUP_OTHER_DETAILS) values (to_timestamp('11-APR-01 12.00.00.000000000 AM','DD-MON-RR HH.MI.SS.FF AM'),96,'26','392','141','Normal',' ');
Insert into ANIMAL_CHECKUP (ANIM_CHECKUP_DATE,ANIM_ID,ANIM_CHECKUP_HEIGHT,ANIM_CHECKUP_WEIGHT,ANIM_CHECKUP_LENGTH,ANIM_CHECKUP_GENERAL_HEALTH,ANIM_CHECKUP_OTHER_DETAILS) values (to_timestamp('15-APR-04 12.00.00.000000000 AM','DD-MON-RR HH.MI.SS.FF AM'),166,'13','280','157','Normal','Animal has poor dental hygiene');
Insert into ANIMAL_CHECKUP (ANIM_CHECKUP_DATE,ANIM_ID,ANIM_CHECKUP_HEIGHT,ANIM_CHECKUP_WEIGHT,ANIM_CHECKUP_LENGTH,ANIM_CHECKUP_GENERAL_HEALTH,ANIM_CHECKUP_OTHER_DETAILS) values (to_timestamp('03-APR-02 12.00.00.000000000 AM','DD-MON-RR HH.MI.SS.FF AM'),126,'31','113','162','Normal',' ');
Insert into ANIMAL_CHECKUP (ANIM_CHECKUP_DATE,ANIM_ID,ANIM_CHECKUP_HEIGHT,ANIM_CHECKUP_WEIGHT,ANIM_CHECKUP_LENGTH,ANIM_CHECKUP_GENERAL_HEALTH,ANIM_CHECKUP_OTHER_DETAILS) values (to_timestamp('16-APR-99 12.00.00.000000000 AM','DD-MON-RR HH.MI.SS.FF AM'),163,'28','241','102','Normal',' ');
Insert into ANIMAL_CHECKUP (ANIM_CHECKUP_DATE,ANIM_ID,ANIM_CHECKUP_HEIGHT,ANIM_CHECKUP_WEIGHT,ANIM_CHECKUP_LENGTH,ANIM_CHECKUP_GENERAL_HEALTH,ANIM_CHECKUP_OTHER_DETAILS) values (to_timestamp('30-APR-00 12.00.00.000000000 AM','DD-MON-RR HH.MI.SS.FF AM'),163,'32','275','104','Normal','Animal has poor dental hygiene');
Insert into ANIMAL_CHECKUP (ANIM_CHECKUP_DATE,ANIM_ID,ANIM_CHECKUP_HEIGHT,ANIM_CHECKUP_WEIGHT,ANIM_CHECKUP_LENGTH,ANIM_CHECKUP_GENERAL_HEALTH,ANIM_CHECKUP_OTHER_DETAILS) values (to_timestamp('15-MAY-97 12.00.00.000000000 AM','DD-MON-RR HH.MI.SS.FF AM'),191,'18','20','102','Normal',' ');
Insert into ANIMAL_CHECKUP (ANIM_CHECKUP_DATE,ANIM_ID,ANIM_CHECKUP_HEIGHT,ANIM_CHECKUP_WEIGHT,ANIM_CHECKUP_LENGTH,ANIM_CHECKUP_GENERAL_HEALTH,ANIM_CHECKUP_OTHER_DETAILS) values (to_timestamp('07-MAY-00 12.00.00.000000000 AM','DD-MON-RR HH.MI.SS.FF AM'),31,'5','441','161','Normal',' ');
Insert into ANIMAL_CHECKUP (ANIM_CHECKUP_DATE,ANIM_ID,ANIM_CHECKUP_HEIGHT,ANIM_CHECKUP_WEIGHT,ANIM_CHECKUP_LENGTH,ANIM_CHECKUP_GENERAL_HEALTH,ANIM_CHECKUP_OTHER_DETAILS) values (to_timestamp('01-MAY-02 12.00.00.000000000 AM','DD-MON-RR HH.MI.SS.FF AM'),161,'29','95','124','Normal','Animal appears bored.');
Insert into ANIMAL_CHECKUP (ANIM_CHECKUP_DATE,ANIM_ID,ANIM_CHECKUP_HEIGHT,ANIM_CHECKUP_WEIGHT,ANIM_CHECKUP_LENGTH,ANIM_CHECKUP_GENERAL_HEALTH,ANIM_CHECKUP_OTHER_DETAILS) values (to_timestamp('15-MAY-99 12.00.00.000000000 AM','DD-MON-RR HH.MI.SS.FF AM'),191,'16','54','109','Normal',' ');
Insert into ANIMAL_CHECKUP (ANIM_CHECKUP_DATE,ANIM_ID,ANIM_CHECKUP_HEIGHT,ANIM_CHECKUP_WEIGHT,ANIM_CHECKUP_LENGTH,ANIM_CHECKUP_GENERAL_HEALTH,ANIM_CHECKUP_OTHER_DETAILS) values (to_timestamp('17-MAY-06 12.00.00.000000000 AM','DD-MON-RR HH.MI.SS.FF AM'),113,'28','240','51','Normal',' ');
Insert into ANIMAL_CHECKUP (ANIM_CHECKUP_DATE,ANIM_ID,ANIM_CHECKUP_HEIGHT,ANIM_CHECKUP_WEIGHT,ANIM_CHECKUP_LENGTH,ANIM_CHECKUP_GENERAL_HEALTH,ANIM_CHECKUP_OTHER_DETAILS) values (to_timestamp('04-JUN-06 12.00.00.000000000 AM','DD-MON-RR HH.MI.SS.FF AM'),139,'10','289','131','Normal',' ');
Insert into ANIMAL_CHECKUP (ANIM_CHECKUP_DATE,ANIM_ID,ANIM_CHECKUP_HEIGHT,ANIM_CHECKUP_WEIGHT,ANIM_CHECKUP_LENGTH,ANIM_CHECKUP_GENERAL_HEALTH,ANIM_CHECKUP_OTHER_DETAILS) values (to_timestamp('14-MAY-99 12.00.00.000000000 AM','DD-MON-RR HH.MI.SS.FF AM'),126,'33','53','168','Normal',' ');
Insert into ANIMAL_CHECKUP (ANIM_CHECKUP_DATE,ANIM_ID,ANIM_CHECKUP_HEIGHT,ANIM_CHECKUP_WEIGHT,ANIM_CHECKUP_LENGTH,ANIM_CHECKUP_GENERAL_HEALTH,ANIM_CHECKUP_OTHER_DETAILS) values (to_timestamp('10-MAY-02 12.00.00.000000000 AM','DD-MON-RR HH.MI.SS.FF AM'),161,'29','32','124','Normal',' ');
Insert into ANIMAL_CHECKUP (ANIM_CHECKUP_DATE,ANIM_ID,ANIM_CHECKUP_HEIGHT,ANIM_CHECKUP_WEIGHT,ANIM_CHECKUP_LENGTH,ANIM_CHECKUP_GENERAL_HEALTH,ANIM_CHECKUP_OTHER_DETAILS) values (to_timestamp('11-MAY-02 12.00.00.000000000 AM','DD-MON-RR HH.MI.SS.FF AM'),113,'28','272','43','Normal',' ');
Insert into ANIMAL_CHECKUP (ANIM_CHECKUP_DATE,ANIM_ID,ANIM_CHECKUP_HEIGHT,ANIM_CHECKUP_WEIGHT,ANIM_CHECKUP_LENGTH,ANIM_CHECKUP_GENERAL_HEALTH,ANIM_CHECKUP_OTHER_DETAILS) values (to_timestamp('29-MAY-04 12.00.00.000000000 AM','DD-MON-RR HH.MI.SS.FF AM'),113,'25','224','46','Normal','Animal has poor dental hygiene');
Insert into ANIMAL_CHECKUP (ANIM_CHECKUP_DATE,ANIM_ID,ANIM_CHECKUP_HEIGHT,ANIM_CHECKUP_WEIGHT,ANIM_CHECKUP_LENGTH,ANIM_CHECKUP_GENERAL_HEALTH,ANIM_CHECKUP_OTHER_DETAILS) values (to_timestamp('15-MAY-98 12.00.00.000000000 AM','DD-MON-RR HH.MI.SS.FF AM'),31,'6','356','161','Normal','Animal has poor dental hygiene');
Insert into ANIMAL_CHECKUP (ANIM_CHECKUP_DATE,ANIM_ID,ANIM_CHECKUP_HEIGHT,ANIM_CHECKUP_WEIGHT,ANIM_CHECKUP_LENGTH,ANIM_CHECKUP_GENERAL_HEALTH,ANIM_CHECKUP_OTHER_DETAILS) values (to_timestamp('20-MAY-00 12.00.00.000000000 AM','DD-MON-RR HH.MI.SS.FF AM'),6,'6','324','81','Normal',' ');
Insert into ANIMAL_CHECKUP (ANIM_CHECKUP_DATE,ANIM_ID,ANIM_CHECKUP_HEIGHT,ANIM_CHECKUP_WEIGHT,ANIM_CHECKUP_LENGTH,ANIM_CHECKUP_GENERAL_HEALTH,ANIM_CHECKUP_OTHER_DETAILS) values (to_timestamp('21-MAY-03 12.00.00.000000000 AM','DD-MON-RR HH.MI.SS.FF AM'),139,'13','322','129','Ill','Animal appears very tired and sluggish.');
Insert into ANIMAL_CHECKUP (ANIM_CHECKUP_DATE,ANIM_ID,ANIM_CHECKUP_HEIGHT,ANIM_CHECKUP_WEIGHT,ANIM_CHECKUP_LENGTH,ANIM_CHECKUP_GENERAL_HEALTH,ANIM_CHECKUP_OTHER_DETAILS) values (to_timestamp('15-APR-02 12.00.00.000000000 AM','DD-MON-RR HH.MI.SS.FF AM'),123,'4','78','94','Normal','Animal has poor dental hygiene');
Insert into ANIMAL_CHECKUP (ANIM_CHECKUP_DATE,ANIM_ID,ANIM_CHECKUP_HEIGHT,ANIM_CHECKUP_WEIGHT,ANIM_CHECKUP_LENGTH,ANIM_CHECKUP_GENERAL_HEALTH,ANIM_CHECKUP_OTHER_DETAILS) values (to_timestamp('22-JUN-03 12.00.00.000000000 AM','DD-MON-RR HH.MI.SS.FF AM'),139,'14','281','134','Normal',' ');
Insert into ANIMAL_CHECKUP (ANIM_CHECKUP_DATE,ANIM_ID,ANIM_CHECKUP_HEIGHT,ANIM_CHECKUP_WEIGHT,ANIM_CHECKUP_LENGTH,ANIM_CHECKUP_GENERAL_HEALTH,ANIM_CHECKUP_OTHER_DETAILS) values (to_timestamp('27-MAY-04 12.00.00.000000000 AM','DD-MON-RR HH.MI.SS.FF AM'),139,'13','294','130','Normal','Animal is very alert and playful');
Insert into ANIMAL_CHECKUP (ANIM_CHECKUP_DATE,ANIM_ID,ANIM_CHECKUP_HEIGHT,ANIM_CHECKUP_WEIGHT,ANIM_CHECKUP_LENGTH,ANIM_CHECKUP_GENERAL_HEALTH,ANIM_CHECKUP_OTHER_DETAILS) values (to_timestamp('04-JUN-01 12.00.00.000000000 AM','DD-MON-RR HH.MI.SS.FF AM'),52,'31','368','58','Normal','Animal has poor dental hygiene');
Insert into ANIMAL_CHECKUP (ANIM_CHECKUP_DATE,ANIM_ID,ANIM_CHECKUP_HEIGHT,ANIM_CHECKUP_WEIGHT,ANIM_CHECKUP_LENGTH,ANIM_CHECKUP_GENERAL_HEALTH,ANIM_CHECKUP_OTHER_DETAILS) values (to_timestamp('10-JUN-01 12.00.00.000000000 AM','DD-MON-RR HH.MI.SS.FF AM'),62,'8','298','165','Normal',' ');
Insert into ANIMAL_CHECKUP (ANIM_CHECKUP_DATE,ANIM_ID,ANIM_CHECKUP_HEIGHT,ANIM_CHECKUP_WEIGHT,ANIM_CHECKUP_LENGTH,ANIM_CHECKUP_GENERAL_HEALTH,ANIM_CHECKUP_OTHER_DETAILS) values (to_timestamp('24-JUL-03 12.00.00.000000000 AM','DD-MON-RR HH.MI.SS.FF AM'),5,'4','444','61','Ill',' ');
Insert into ANIMAL_CHECKUP (ANIM_CHECKUP_DATE,ANIM_ID,ANIM_CHECKUP_HEIGHT,ANIM_CHECKUP_WEIGHT,ANIM_CHECKUP_LENGTH,ANIM_CHECKUP_GENERAL_HEALTH,ANIM_CHECKUP_OTHER_DETAILS) values (to_timestamp('04-JUN-03 12.00.00.000000000 AM','DD-MON-RR HH.MI.SS.FF AM'),52,'30','333','61','Normal',' ');
Insert into ANIMAL_CHECKUP (ANIM_CHECKUP_DATE,ANIM_ID,ANIM_CHECKUP_HEIGHT,ANIM_CHECKUP_WEIGHT,ANIM_CHECKUP_LENGTH,ANIM_CHECKUP_GENERAL_HEALTH,ANIM_CHECKUP_OTHER_DETAILS) values (to_timestamp('22-JUN-00 12.00.00.000000000 AM','DD-MON-RR HH.MI.SS.FF AM'),3,'11','90','129','Normal',' ');
Insert into ANIMAL_CHECKUP (ANIM_CHECKUP_DATE,ANIM_ID,ANIM_CHECKUP_HEIGHT,ANIM_CHECKUP_WEIGHT,ANIM_CHECKUP_LENGTH,ANIM_CHECKUP_GENERAL_HEALTH,ANIM_CHECKUP_OTHER_DETAILS) values (to_timestamp('10-JUN-03 12.00.00.000000000 AM','DD-MON-RR HH.MI.SS.FF AM'),90,'24','179','109','Malnourished',' ');
Insert into ANIMAL_CHECKUP (ANIM_CHECKUP_DATE,ANIM_ID,ANIM_CHECKUP_HEIGHT,ANIM_CHECKUP_WEIGHT,ANIM_CHECKUP_LENGTH,ANIM_CHECKUP_GENERAL_HEALTH,ANIM_CHECKUP_OTHER_DETAILS) values (to_timestamp('20-JUN-04 12.00.00.000000000 AM','DD-MON-RR HH.MI.SS.FF AM'),5,'1','355','63','Normal',' ');
Insert into ANIMAL_CHECKUP (ANIM_CHECKUP_DATE,ANIM_ID,ANIM_CHECKUP_HEIGHT,ANIM_CHECKUP_WEIGHT,ANIM_CHECKUP_LENGTH,ANIM_CHECKUP_GENERAL_HEALTH,ANIM_CHECKUP_OTHER_DETAILS) values (to_timestamp('03-JUN-02 12.00.00.000000000 AM','DD-MON-RR HH.MI.SS.FF AM'),164,'9','165','59','Ill','Animal appears very tired and sluggish.');
Insert into ANIMAL_CHECKUP (ANIM_CHECKUP_DATE,ANIM_ID,ANIM_CHECKUP_HEIGHT,ANIM_CHECKUP_WEIGHT,ANIM_CHECKUP_LENGTH,ANIM_CHECKUP_GENERAL_HEALTH,ANIM_CHECKUP_OTHER_DETAILS) values (to_timestamp('04-JUL-03 12.00.00.000000000 AM','DD-MON-RR HH.MI.SS.FF AM'),135,'23','379','102','Normal',' ');
Insert into ANIMAL_CHECKUP (ANIM_CHECKUP_DATE,ANIM_ID,ANIM_CHECKUP_HEIGHT,ANIM_CHECKUP_WEIGHT,ANIM_CHECKUP_LENGTH,ANIM_CHECKUP_GENERAL_HEALTH,ANIM_CHECKUP_OTHER_DETAILS) values (to_timestamp('23-JUL-02 12.00.00.000000000 AM','DD-MON-RR HH.MI.SS.FF AM'),28,'28','265','136','Normal',' ');
Insert into ANIMAL_CHECKUP (ANIM_CHECKUP_DATE,ANIM_ID,ANIM_CHECKUP_HEIGHT,ANIM_CHECKUP_WEIGHT,ANIM_CHECKUP_LENGTH,ANIM_CHECKUP_GENERAL_HEALTH,ANIM_CHECKUP_OTHER_DETAILS) values (to_timestamp('01-JUL-01 12.00.00.000000000 AM','DD-MON-RR HH.MI.SS.FF AM'),181,'18','72','128','Normal','Animal appears bored.');
Insert into ANIMAL_CHECKUP (ANIM_CHECKUP_DATE,ANIM_ID,ANIM_CHECKUP_HEIGHT,ANIM_CHECKUP_WEIGHT,ANIM_CHECKUP_LENGTH,ANIM_CHECKUP_GENERAL_HEALTH,ANIM_CHECKUP_OTHER_DETAILS) values (to_timestamp('14-JUL-01 12.00.00.000000000 AM','DD-MON-RR HH.MI.SS.FF AM'),188,'11','199','51','Normal','Animal is very alert and playful');
Insert into ANIMAL_CHECKUP (ANIM_CHECKUP_DATE,ANIM_ID,ANIM_CHECKUP_HEIGHT,ANIM_CHECKUP_WEIGHT,ANIM_CHECKUP_LENGTH,ANIM_CHECKUP_GENERAL_HEALTH,ANIM_CHECKUP_OTHER_DETAILS) values (to_timestamp('14-FEB-00 12.00.00.000000000 AM','DD-MON-RR HH.MI.SS.FF AM'),173,'16','251','114','Normal',' ');
Insert into ANIMAL_CHECKUP (ANIM_CHECKUP_DATE,ANIM_ID,ANIM_CHECKUP_HEIGHT,ANIM_CHECKUP_WEIGHT,ANIM_CHECKUP_LENGTH,ANIM_CHECKUP_GENERAL_HEALTH,ANIM_CHECKUP_OTHER_DETAILS) values (to_timestamp('05-FEB-01 12.00.00.000000000 AM','DD-MON-RR HH.MI.SS.FF AM'),150,'28','203','38','Normal','Animal is very alert and playful');
Insert into ANIMAL_CHECKUP (ANIM_CHECKUP_DATE,ANIM_ID,ANIM_CHECKUP_HEIGHT,ANIM_CHECKUP_WEIGHT,ANIM_CHECKUP_LENGTH,ANIM_CHECKUP_GENERAL_HEALTH,ANIM_CHECKUP_OTHER_DETAILS) values (to_timestamp('08-FEB-02 12.00.00.000000000 AM','DD-MON-RR HH.MI.SS.FF AM'),76,'4','99','152','Normal',' ');
Insert into ANIMAL_CHECKUP (ANIM_CHECKUP_DATE,ANIM_ID,ANIM_CHECKUP_HEIGHT,ANIM_CHECKUP_WEIGHT,ANIM_CHECKUP_LENGTH,ANIM_CHECKUP_GENERAL_HEALTH,ANIM_CHECKUP_OTHER_DETAILS) values (to_timestamp('08-FEB-01 12.00.00.000000000 AM','DD-MON-RR HH.MI.SS.FF AM'),58,'15','218','61','Normal','Animal has poor dental hygiene');
Insert into ANIMAL_CHECKUP (ANIM_CHECKUP_DATE,ANIM_ID,ANIM_CHECKUP_HEIGHT,ANIM_CHECKUP_WEIGHT,ANIM_CHECKUP_LENGTH,ANIM_CHECKUP_GENERAL_HEALTH,ANIM_CHECKUP_OTHER_DETAILS) values (to_timestamp('10-FEB-99 12.00.00.000000000 AM','DD-MON-RR HH.MI.SS.FF AM'),173,'15','250','112','Ill','Gums are swollen and inflamed.');
Insert into ANIMAL_CHECKUP (ANIM_CHECKUP_DATE,ANIM_ID,ANIM_CHECKUP_HEIGHT,ANIM_CHECKUP_WEIGHT,ANIM_CHECKUP_LENGTH,ANIM_CHECKUP_GENERAL_HEALTH,ANIM_CHECKUP_OTHER_DETAILS) values (to_timestamp('10-FEB-00 12.00.00.000000000 AM','DD-MON-RR HH.MI.SS.FF AM'),150,'28','228','44','Normal',' ');
Insert into ANIMAL_CHECKUP (ANIM_CHECKUP_DATE,ANIM_ID,ANIM_CHECKUP_HEIGHT,ANIM_CHECKUP_WEIGHT,ANIM_CHECKUP_LENGTH,ANIM_CHECKUP_GENERAL_HEALTH,ANIM_CHECKUP_OTHER_DETAILS) values (to_timestamp('21-FEB-05 12.00.00.000000000 AM','DD-MON-RR HH.MI.SS.FF AM'),76,'7','83','150','Normal',' ');
Insert into ANIMAL_CHECKUP (ANIM_CHECKUP_DATE,ANIM_ID,ANIM_CHECKUP_HEIGHT,ANIM_CHECKUP_WEIGHT,ANIM_CHECKUP_LENGTH,ANIM_CHECKUP_GENERAL_HEALTH,ANIM_CHECKUP_OTHER_DETAILS) values (to_timestamp('05-MAR-01 12.00.00.000000000 AM','DD-MON-RR HH.MI.SS.FF AM'),78,'16','248','130','Normal','Animal has poor dental hygiene');
Insert into ANIMAL_CHECKUP (ANIM_CHECKUP_DATE,ANIM_ID,ANIM_CHECKUP_HEIGHT,ANIM_CHECKUP_WEIGHT,ANIM_CHECKUP_LENGTH,ANIM_CHECKUP_GENERAL_HEALTH,ANIM_CHECKUP_OTHER_DETAILS) values (to_timestamp('17-MAR-06 12.00.00.000000000 AM','DD-MON-RR HH.MI.SS.FF AM'),42,'5','257','100','Normal',' ');
Insert into ANIMAL_CHECKUP (ANIM_CHECKUP_DATE,ANIM_ID,ANIM_CHECKUP_HEIGHT,ANIM_CHECKUP_WEIGHT,ANIM_CHECKUP_LENGTH,ANIM_CHECKUP_GENERAL_HEALTH,ANIM_CHECKUP_OTHER_DETAILS) values (to_timestamp('20-MAR-03 12.00.00.000000000 AM','DD-MON-RR HH.MI.SS.FF AM'),134,'6','401','44','Normal',' ');
Insert into ANIMAL_CHECKUP (ANIM_CHECKUP_DATE,ANIM_ID,ANIM_CHECKUP_HEIGHT,ANIM_CHECKUP_WEIGHT,ANIM_CHECKUP_LENGTH,ANIM_CHECKUP_GENERAL_HEALTH,ANIM_CHECKUP_OTHER_DETAILS) values (to_timestamp('04-MAR-99 12.00.00.000000000 AM','DD-MON-RR HH.MI.SS.FF AM'),71,'6','220','181','Normal','Animal appears bored.');
Insert into ANIMAL_CHECKUP (ANIM_CHECKUP_DATE,ANIM_ID,ANIM_CHECKUP_HEIGHT,ANIM_CHECKUP_WEIGHT,ANIM_CHECKUP_LENGTH,ANIM_CHECKUP_GENERAL_HEALTH,ANIM_CHECKUP_OTHER_DETAILS) values (to_timestamp('03-MAR-00 12.00.00.000000000 AM','DD-MON-RR HH.MI.SS.FF AM'),71,'2','195','190','Normal',' ');
Insert into ANIMAL_CHECKUP (ANIM_CHECKUP_DATE,ANIM_ID,ANIM_CHECKUP_HEIGHT,ANIM_CHECKUP_WEIGHT,ANIM_CHECKUP_LENGTH,ANIM_CHECKUP_GENERAL_HEALTH,ANIM_CHECKUP_OTHER_DETAILS) values (to_timestamp('17-MAR-03 12.00.00.000000000 AM','DD-MON-RR HH.MI.SS.FF AM'),55,'28','5','174','Normal',' ');
Insert into ANIMAL_CHECKUP (ANIM_CHECKUP_DATE,ANIM_ID,ANIM_CHECKUP_HEIGHT,ANIM_CHECKUP_WEIGHT,ANIM_CHECKUP_LENGTH,ANIM_CHECKUP_GENERAL_HEALTH,ANIM_CHECKUP_OTHER_DETAILS) values (to_timestamp('01-MAR-01 12.00.00.000000000 AM','DD-MON-RR HH.MI.SS.FF AM'),71,'6','234','187','Normal','Animal has poor dental hygiene');
Insert into ANIMAL_CHECKUP (ANIM_CHECKUP_DATE,ANIM_ID,ANIM_CHECKUP_HEIGHT,ANIM_CHECKUP_WEIGHT,ANIM_CHECKUP_LENGTH,ANIM_CHECKUP_GENERAL_HEALTH,ANIM_CHECKUP_OTHER_DETAILS) values (to_timestamp('22-MAR-00 12.00.00.000000000 AM','DD-MON-RR HH.MI.SS.FF AM'),57,'21','240','7','Normal',' ');
Insert into ANIMAL_CHECKUP (ANIM_CHECKUP_DATE,ANIM_ID,ANIM_CHECKUP_HEIGHT,ANIM_CHECKUP_WEIGHT,ANIM_CHECKUP_LENGTH,ANIM_CHECKUP_GENERAL_HEALTH,ANIM_CHECKUP_OTHER_DETAILS) values (to_timestamp('10-MAR-06 12.00.00.000000000 AM','DD-MON-RR HH.MI.SS.FF AM'),134,'4','323','40','Ill','Animal is vomiting daily.');
Insert into ANIMAL_CHECKUP (ANIM_CHECKUP_DATE,ANIM_ID,ANIM_CHECKUP_HEIGHT,ANIM_CHECKUP_WEIGHT,ANIM_CHECKUP_LENGTH,ANIM_CHECKUP_GENERAL_HEALTH,ANIM_CHECKUP_OTHER_DETAILS) values (to_timestamp('17-MAR-05 12.00.00.000000000 AM','DD-MON-RR HH.MI.SS.FF AM'),63,'24','308','83','Normal',' ');
Insert into ANIMAL_CHECKUP (ANIM_CHECKUP_DATE,ANIM_ID,ANIM_CHECKUP_HEIGHT,ANIM_CHECKUP_WEIGHT,ANIM_CHECKUP_LENGTH,ANIM_CHECKUP_GENERAL_HEALTH,ANIM_CHECKUP_OTHER_DETAILS) values (to_timestamp('28-MAR-01 12.00.00.000000000 AM','DD-MON-RR HH.MI.SS.FF AM'),154,'7','250','107','Normal',' ');
Insert into ANIMAL_CHECKUP (ANIM_CHECKUP_DATE,ANIM_ID,ANIM_CHECKUP_HEIGHT,ANIM_CHECKUP_WEIGHT,ANIM_CHECKUP_LENGTH,ANIM_CHECKUP_GENERAL_HEALTH,ANIM_CHECKUP_OTHER_DETAILS) values (to_timestamp('08-FEB-99 12.00.00.000000000 AM','DD-MON-RR HH.MI.SS.FF AM'),57,'17','275','5','Normal',' ');
Insert into ANIMAL_CHECKUP (ANIM_CHECKUP_DATE,ANIM_ID,ANIM_CHECKUP_HEIGHT,ANIM_CHECKUP_WEIGHT,ANIM_CHECKUP_LENGTH,ANIM_CHECKUP_GENERAL_HEALTH,ANIM_CHECKUP_OTHER_DETAILS) values (to_timestamp('03-MAR-02 12.00.00.000000000 AM','DD-MON-RR HH.MI.SS.FF AM'),156,'2','116','147','Normal',' ');
Insert into ANIMAL_CHECKUP (ANIM_CHECKUP_DATE,ANIM_ID,ANIM_CHECKUP_HEIGHT,ANIM_CHECKUP_WEIGHT,ANIM_CHECKUP_LENGTH,ANIM_CHECKUP_GENERAL_HEALTH,ANIM_CHECKUP_OTHER_DETAILS) values (to_timestamp('30-MAR-05 12.00.00.000000000 AM','DD-MON-RR HH.MI.SS.FF AM'),134,'2','381','44','Normal','Animal appears bored.');
Insert into ANIMAL_CHECKUP (ANIM_CHECKUP_DATE,ANIM_ID,ANIM_CHECKUP_HEIGHT,ANIM_CHECKUP_WEIGHT,ANIM_CHECKUP_LENGTH,ANIM_CHECKUP_GENERAL_HEALTH,ANIM_CHECKUP_OTHER_DETAILS) values (to_timestamp('18-APR-02 12.00.00.000000000 AM','DD-MON-RR HH.MI.SS.FF AM'),56,'9','381','201','Normal',' ');
Insert into ANIMAL_CHECKUP (ANIM_CHECKUP_DATE,ANIM_ID,ANIM_CHECKUP_HEIGHT,ANIM_CHECKUP_WEIGHT,ANIM_CHECKUP_LENGTH,ANIM_CHECKUP_GENERAL_HEALTH,ANIM_CHECKUP_OTHER_DETAILS) values (to_timestamp('19-APR-04 12.00.00.000000000 AM','DD-MON-RR HH.MI.SS.FF AM'),163,'27','245','103','Malnourished',' ');
Insert into ANIMAL_CHECKUP (ANIM_CHECKUP_DATE,ANIM_ID,ANIM_CHECKUP_HEIGHT,ANIM_CHECKUP_WEIGHT,ANIM_CHECKUP_LENGTH,ANIM_CHECKUP_GENERAL_HEALTH,ANIM_CHECKUP_OTHER_DETAILS) values (to_timestamp('16-APR-05 12.00.00.000000000 AM','DD-MON-RR HH.MI.SS.FF AM'),96,'28','362','142','Normal',' ');
Insert into ANIMAL_CHECKUP (ANIM_CHECKUP_DATE,ANIM_ID,ANIM_CHECKUP_HEIGHT,ANIM_CHECKUP_WEIGHT,ANIM_CHECKUP_LENGTH,ANIM_CHECKUP_GENERAL_HEALTH,ANIM_CHECKUP_OTHER_DETAILS) values (to_timestamp('17-APR-03 12.00.00.000000000 AM','DD-MON-RR HH.MI.SS.FF AM'),96,'26','353','135','Normal',' ');
Insert into ANIMAL_CHECKUP (ANIM_CHECKUP_DATE,ANIM_ID,ANIM_CHECKUP_HEIGHT,ANIM_CHECKUP_WEIGHT,ANIM_CHECKUP_LENGTH,ANIM_CHECKUP_GENERAL_HEALTH,ANIM_CHECKUP_OTHER_DETAILS) values (to_timestamp('13-APR-03 12.00.00.000000000 AM','DD-MON-RR HH.MI.SS.FF AM'),96,'26','431','140','Normal',' ');
Insert into ANIMAL_CHECKUP (ANIM_CHECKUP_DATE,ANIM_ID,ANIM_CHECKUP_HEIGHT,ANIM_CHECKUP_WEIGHT,ANIM_CHECKUP_LENGTH,ANIM_CHECKUP_GENERAL_HEALTH,ANIM_CHECKUP_OTHER_DETAILS) values (to_timestamp('12-APR-04 12.00.00.000000000 AM','DD-MON-RR HH.MI.SS.FF AM'),56,'9','411','194','Normal','Animal is very alert and playful');
Insert into ANIMAL_CHECKUP (ANIM_CHECKUP_DATE,ANIM_ID,ANIM_CHECKUP_HEIGHT,ANIM_CHECKUP_WEIGHT,ANIM_CHECKUP_LENGTH,ANIM_CHECKUP_GENERAL_HEALTH,ANIM_CHECKUP_OTHER_DETAILS) values (to_timestamp('24-MAY-00 12.00.00.000000000 AM','DD-MON-RR HH.MI.SS.FF AM'),74,'10','334','94','Malnourished',' ');
Insert into ANIMAL_CHECKUP (ANIM_CHECKUP_DATE,ANIM_ID,ANIM_CHECKUP_HEIGHT,ANIM_CHECKUP_WEIGHT,ANIM_CHECKUP_LENGTH,ANIM_CHECKUP_GENERAL_HEALTH,ANIM_CHECKUP_OTHER_DETAILS) values (to_timestamp('09-APR-05 12.00.00.000000000 AM','DD-MON-RR HH.MI.SS.FF AM'),56,'10','343','198','Normal','Animal has poor dental hygiene');
Insert into ANIMAL_CHECKUP (ANIM_CHECKUP_DATE,ANIM_ID,ANIM_CHECKUP_HEIGHT,ANIM_CHECKUP_WEIGHT,ANIM_CHECKUP_LENGTH,ANIM_CHECKUP_GENERAL_HEALTH,ANIM_CHECKUP_OTHER_DETAILS) values (to_timestamp('01-APR-04 12.00.00.000000000 AM','DD-MON-RR HH.MI.SS.FF AM'),166,'8','270','166','Normal','Animal is very alert and playful');
Insert into ANIMAL_CHECKUP (ANIM_CHECKUP_DATE,ANIM_ID,ANIM_CHECKUP_HEIGHT,ANIM_CHECKUP_WEIGHT,ANIM_CHECKUP_LENGTH,ANIM_CHECKUP_GENERAL_HEALTH,ANIM_CHECKUP_OTHER_DETAILS) values (to_timestamp('08-APR-01 12.00.00.000000000 AM','DD-MON-RR HH.MI.SS.FF AM'),81,'4','188','47','Normal',' ');
Insert into ANIMAL_CHECKUP (ANIM_CHECKUP_DATE,ANIM_ID,ANIM_CHECKUP_HEIGHT,ANIM_CHECKUP_WEIGHT,ANIM_CHECKUP_LENGTH,ANIM_CHECKUP_GENERAL_HEALTH,ANIM_CHECKUP_OTHER_DETAILS) values (to_timestamp('31-MAY-01 12.00.00.000000000 AM','DD-MON-RR HH.MI.SS.FF AM'),20,'5','-26','55','Normal','Animal appears bored.');
Insert into ANIMAL_CHECKUP (ANIM_CHECKUP_DATE,ANIM_ID,ANIM_CHECKUP_HEIGHT,ANIM_CHECKUP_WEIGHT,ANIM_CHECKUP_LENGTH,ANIM_CHECKUP_GENERAL_HEALTH,ANIM_CHECKUP_OTHER_DETAILS) values (to_timestamp('10-MAY-02 12.00.00.000000000 AM','DD-MON-RR HH.MI.SS.FF AM'),99,'22','197','43','Normal',' ');
Insert into ANIMAL_CHECKUP (ANIM_CHECKUP_DATE,ANIM_ID,ANIM_CHECKUP_HEIGHT,ANIM_CHECKUP_WEIGHT,ANIM_CHECKUP_LENGTH,ANIM_CHECKUP_GENERAL_HEALTH,ANIM_CHECKUP_OTHER_DETAILS) values (to_timestamp('27-MAY-00 12.00.00.000000000 AM','DD-MON-RR HH.MI.SS.FF AM'),31,'9','411','159','Normal',' ');
Insert into ANIMAL_CHECKUP (ANIM_CHECKUP_DATE,ANIM_ID,ANIM_CHECKUP_HEIGHT,ANIM_CHECKUP_WEIGHT,ANIM_CHECKUP_LENGTH,ANIM_CHECKUP_GENERAL_HEALTH,ANIM_CHECKUP_OTHER_DETAILS) values (to_timestamp('01-MAY-06 12.00.00.000000000 AM','DD-MON-RR HH.MI.SS.FF AM'),32,'9','210','76','Normal',' ');
Insert into ANIMAL_CHECKUP (ANIM_CHECKUP_DATE,ANIM_ID,ANIM_CHECKUP_HEIGHT,ANIM_CHECKUP_WEIGHT,ANIM_CHECKUP_LENGTH,ANIM_CHECKUP_GENERAL_HEALTH,ANIM_CHECKUP_OTHER_DETAILS) values (to_timestamp('06-APR-04 12.00.00.000000000 AM','DD-MON-RR HH.MI.SS.FF AM'),74,'8','313','91','Normal',' ');
Insert into ANIMAL_CHECKUP (ANIM_CHECKUP_DATE,ANIM_ID,ANIM_CHECKUP_HEIGHT,ANIM_CHECKUP_WEIGHT,ANIM_CHECKUP_LENGTH,ANIM_CHECKUP_GENERAL_HEALTH,ANIM_CHECKUP_OTHER_DETAILS) values (to_timestamp('13-MAY-04 12.00.00.000000000 AM','DD-MON-RR HH.MI.SS.FF AM'),32,'11','180','78','Normal','Animal appears bored.');
Insert into ANIMAL_CHECKUP (ANIM_CHECKUP_DATE,ANIM_ID,ANIM_CHECKUP_HEIGHT,ANIM_CHECKUP_WEIGHT,ANIM_CHECKUP_LENGTH,ANIM_CHECKUP_GENERAL_HEALTH,ANIM_CHECKUP_OTHER_DETAILS) values (to_timestamp('30-APR-04 12.00.00.000000000 AM','DD-MON-RR HH.MI.SS.FF AM'),21,'26','99','192','Normal','Animal is very alert and playful');
Insert into ANIMAL_CHECKUP (ANIM_CHECKUP_DATE,ANIM_ID,ANIM_CHECKUP_HEIGHT,ANIM_CHECKUP_WEIGHT,ANIM_CHECKUP_LENGTH,ANIM_CHECKUP_GENERAL_HEALTH,ANIM_CHECKUP_OTHER_DETAILS) values (to_timestamp('11-MAY-03 12.00.00.000000000 AM','DD-MON-RR HH.MI.SS.FF AM'),139,'10','338','127','Normal','Animal appears bored.');
Insert into ANIMAL_CHECKUP (ANIM_CHECKUP_DATE,ANIM_ID,ANIM_CHECKUP_HEIGHT,ANIM_CHECKUP_WEIGHT,ANIM_CHECKUP_LENGTH,ANIM_CHECKUP_GENERAL_HEALTH,ANIM_CHECKUP_OTHER_DETAILS) values (to_timestamp('23-MAY-02 12.00.00.000000000 AM','DD-MON-RR HH.MI.SS.FF AM'),86,'19','297','26','Normal',' ');
Insert into ANIMAL_CHECKUP (ANIM_CHECKUP_DATE,ANIM_ID,ANIM_CHECKUP_HEIGHT,ANIM_CHECKUP_WEIGHT,ANIM_CHECKUP_LENGTH,ANIM_CHECKUP_GENERAL_HEALTH,ANIM_CHECKUP_OTHER_DETAILS) values (to_timestamp('07-MAY-06 12.00.00.000000000 AM','DD-MON-RR HH.MI.SS.FF AM'),92,'4','379','169','Normal',' ');
Insert into ANIMAL_CHECKUP (ANIM_CHECKUP_DATE,ANIM_ID,ANIM_CHECKUP_HEIGHT,ANIM_CHECKUP_WEIGHT,ANIM_CHECKUP_LENGTH,ANIM_CHECKUP_GENERAL_HEALTH,ANIM_CHECKUP_OTHER_DETAILS) values (to_timestamp('10-MAY-04 12.00.00.000000000 AM','DD-MON-RR HH.MI.SS.FF AM'),113,'29','261','49','Normal',' ');
Insert into ANIMAL_CHECKUP (ANIM_CHECKUP_DATE,ANIM_ID,ANIM_CHECKUP_HEIGHT,ANIM_CHECKUP_WEIGHT,ANIM_CHECKUP_LENGTH,ANIM_CHECKUP_GENERAL_HEALTH,ANIM_CHECKUP_OTHER_DETAILS) values (to_timestamp('25-MAY-02 12.00.00.000000000 AM','DD-MON-RR HH.MI.SS.FF AM'),46,'18','404','193','Normal',' ');
Insert into ANIMAL_CHECKUP (ANIM_CHECKUP_DATE,ANIM_ID,ANIM_CHECKUP_HEIGHT,ANIM_CHECKUP_WEIGHT,ANIM_CHECKUP_LENGTH,ANIM_CHECKUP_GENERAL_HEALTH,ANIM_CHECKUP_OTHER_DETAILS) values (to_timestamp('06-JUN-05 12.00.00.000000000 AM','DD-MON-RR HH.MI.SS.FF AM'),149,'18','417','85','Normal','Animal appears bored.');
Insert into ANIMAL_CHECKUP (ANIM_CHECKUP_DATE,ANIM_ID,ANIM_CHECKUP_HEIGHT,ANIM_CHECKUP_WEIGHT,ANIM_CHECKUP_LENGTH,ANIM_CHECKUP_GENERAL_HEALTH,ANIM_CHECKUP_OTHER_DETAILS) values (to_timestamp('19-JUN-04 12.00.00.000000000 AM','DD-MON-RR HH.MI.SS.FF AM'),3,'15','139','127','Normal',' ');
Insert into ANIMAL_CHECKUP (ANIM_CHECKUP_DATE,ANIM_ID,ANIM_CHECKUP_HEIGHT,ANIM_CHECKUP_WEIGHT,ANIM_CHECKUP_LENGTH,ANIM_CHECKUP_GENERAL_HEALTH,ANIM_CHECKUP_OTHER_DETAILS) values (to_timestamp('10-JUN-04 12.00.00.000000000 AM','DD-MON-RR HH.MI.SS.FF AM'),52,'34','331','60','Ill','Animal appears very tired and sluggish.');
Insert into ANIMAL_CHECKUP (ANIM_CHECKUP_DATE,ANIM_ID,ANIM_CHECKUP_HEIGHT,ANIM_CHECKUP_WEIGHT,ANIM_CHECKUP_LENGTH,ANIM_CHECKUP_GENERAL_HEALTH,ANIM_CHECKUP_OTHER_DETAILS) values (to_timestamp('15-JUN-06 12.00.00.000000000 AM','DD-MON-RR HH.MI.SS.FF AM'),142,'8','190','119','Normal',' ');
Insert into ANIMAL_CHECKUP (ANIM_CHECKUP_DATE,ANIM_ID,ANIM_CHECKUP_HEIGHT,ANIM_CHECKUP_WEIGHT,ANIM_CHECKUP_LENGTH,ANIM_CHECKUP_GENERAL_HEALTH,ANIM_CHECKUP_OTHER_DETAILS) values (to_timestamp('13-JUN-03 12.00.00.000000000 AM','DD-MON-RR HH.MI.SS.FF AM'),62,'4','339','160','Normal',' ');
Insert into ANIMAL_CHECKUP (ANIM_CHECKUP_DATE,ANIM_ID,ANIM_CHECKUP_HEIGHT,ANIM_CHECKUP_WEIGHT,ANIM_CHECKUP_LENGTH,ANIM_CHECKUP_GENERAL_HEALTH,ANIM_CHECKUP_OTHER_DETAILS) values (to_timestamp('02-JUN-05 12.00.00.000000000 AM','DD-MON-RR HH.MI.SS.FF AM'),52,'32','337','55','Normal',' ');
Insert into ANIMAL_CHECKUP (ANIM_CHECKUP_DATE,ANIM_ID,ANIM_CHECKUP_HEIGHT,ANIM_CHECKUP_WEIGHT,ANIM_CHECKUP_LENGTH,ANIM_CHECKUP_GENERAL_HEALTH,ANIM_CHECKUP_OTHER_DETAILS) values (to_timestamp('30-JUN-00 12.00.00.000000000 AM','DD-MON-RR HH.MI.SS.FF AM'),52,'34','316','57','Malnourished','Animal rations should be increased by 10%');
Insert into ANIMAL_CHECKUP (ANIM_CHECKUP_DATE,ANIM_ID,ANIM_CHECKUP_HEIGHT,ANIM_CHECKUP_WEIGHT,ANIM_CHECKUP_LENGTH,ANIM_CHECKUP_GENERAL_HEALTH,ANIM_CHECKUP_OTHER_DETAILS) values (to_timestamp('02-JUN-04 12.00.00.000000000 AM','DD-MON-RR HH.MI.SS.FF AM'),142,'7','210','125','Normal',' ');
Insert into ANIMAL_CHECKUP (ANIM_CHECKUP_DATE,ANIM_ID,ANIM_CHECKUP_HEIGHT,ANIM_CHECKUP_WEIGHT,ANIM_CHECKUP_LENGTH,ANIM_CHECKUP_GENERAL_HEALTH,ANIM_CHECKUP_OTHER_DETAILS) values (to_timestamp('20-JUN-04 12.00.00.000000000 AM','DD-MON-RR HH.MI.SS.FF AM'),62,'4','251','163','Normal',' ');
Insert into ANIMAL_CHECKUP (ANIM_CHECKUP_DATE,ANIM_ID,ANIM_CHECKUP_HEIGHT,ANIM_CHECKUP_WEIGHT,ANIM_CHECKUP_LENGTH,ANIM_CHECKUP_GENERAL_HEALTH,ANIM_CHECKUP_OTHER_DETAILS) values (to_timestamp('28-JUN-01 12.00.00.000000000 AM','DD-MON-RR HH.MI.SS.FF AM'),5,'2','429','67','Normal',' ');
Insert into ANIMAL_CHECKUP (ANIM_CHECKUP_DATE,ANIM_ID,ANIM_CHECKUP_HEIGHT,ANIM_CHECKUP_WEIGHT,ANIM_CHECKUP_LENGTH,ANIM_CHECKUP_GENERAL_HEALTH,ANIM_CHECKUP_OTHER_DETAILS) values (to_timestamp('27-JUN-99 12.00.00.000000000 AM','DD-MON-RR HH.MI.SS.FF AM'),5,'1','401','64','Ill','Animal appears short of breath.');
Insert into ANIMAL_CHECKUP (ANIM_CHECKUP_DATE,ANIM_ID,ANIM_CHECKUP_HEIGHT,ANIM_CHECKUP_WEIGHT,ANIM_CHECKUP_LENGTH,ANIM_CHECKUP_GENERAL_HEALTH,ANIM_CHECKUP_OTHER_DETAILS) values (to_timestamp('18-JUN-02 12.00.00.000000000 AM','DD-MON-RR HH.MI.SS.FF AM'),145,'18','151','143','Normal',' ');
Insert into ANIMAL_CHECKUP (ANIM_CHECKUP_DATE,ANIM_ID,ANIM_CHECKUP_HEIGHT,ANIM_CHECKUP_WEIGHT,ANIM_CHECKUP_LENGTH,ANIM_CHECKUP_GENERAL_HEALTH,ANIM_CHECKUP_OTHER_DETAILS) values (to_timestamp('05-JUN-03 12.00.00.000000000 AM','DD-MON-RR HH.MI.SS.FF AM'),145,'18','116','146','Normal',' ');
Insert into ANIMAL_CHECKUP (ANIM_CHECKUP_DATE,ANIM_ID,ANIM_CHECKUP_HEIGHT,ANIM_CHECKUP_WEIGHT,ANIM_CHECKUP_LENGTH,ANIM_CHECKUP_GENERAL_HEALTH,ANIM_CHECKUP_OTHER_DETAILS) values (to_timestamp('23-JUL-00 12.00.00.000000000 AM','DD-MON-RR HH.MI.SS.FF AM'),85,'8','110','6','Malnourished','Animal rations should be increased by 10%');
Insert into ANIMAL_CHECKUP (ANIM_CHECKUP_DATE,ANIM_ID,ANIM_CHECKUP_HEIGHT,ANIM_CHECKUP_WEIGHT,ANIM_CHECKUP_LENGTH,ANIM_CHECKUP_GENERAL_HEALTH,ANIM_CHECKUP_OTHER_DETAILS) values (to_timestamp('20-JUL-99 12.00.00.000000000 AM','DD-MON-RR HH.MI.SS.FF AM'),122,'1','291','141','Normal',' ');
Insert into ANIMAL_CHECKUP (ANIM_CHECKUP_DATE,ANIM_ID,ANIM_CHECKUP_HEIGHT,ANIM_CHECKUP_WEIGHT,ANIM_CHECKUP_LENGTH,ANIM_CHECKUP_GENERAL_HEALTH,ANIM_CHECKUP_OTHER_DETAILS) values (to_timestamp('29-JUL-05 12.00.00.000000000 AM','DD-MON-RR HH.MI.SS.FF AM'),181,'16','120','120','Malnourished','Animal rations should be increased by 10%');
Insert into ANIMAL_CHECKUP (ANIM_CHECKUP_DATE,ANIM_ID,ANIM_CHECKUP_HEIGHT,ANIM_CHECKUP_WEIGHT,ANIM_CHECKUP_LENGTH,ANIM_CHECKUP_GENERAL_HEALTH,ANIM_CHECKUP_OTHER_DETAILS) values (to_timestamp('12-JUL-04 12.00.00.000000000 AM','DD-MON-RR HH.MI.SS.FF AM'),38,'27','382','109','Normal','Animal is very alert and playful');
Insert into ANIMAL_CHECKUP (ANIM_CHECKUP_DATE,ANIM_ID,ANIM_CHECKUP_HEIGHT,ANIM_CHECKUP_WEIGHT,ANIM_CHECKUP_LENGTH,ANIM_CHECKUP_GENERAL_HEALTH,ANIM_CHECKUP_OTHER_DETAILS) values (to_timestamp('09-JUL-99 12.00.00.000000000 AM','DD-MON-RR HH.MI.SS.FF AM'),108,'24','312','52','Normal',' ');
Insert into ANIMAL_CHECKUP (ANIM_CHECKUP_DATE,ANIM_ID,ANIM_CHECKUP_HEIGHT,ANIM_CHECKUP_WEIGHT,ANIM_CHECKUP_LENGTH,ANIM_CHECKUP_GENERAL_HEALTH,ANIM_CHECKUP_OTHER_DETAILS) values (to_timestamp('22-JUL-00 12.00.00.000000000 AM','DD-MON-RR HH.MI.SS.FF AM'),165,'13','65','76','Normal',' ');
Insert into ANIMAL_CHECKUP (ANIM_CHECKUP_DATE,ANIM_ID,ANIM_CHECKUP_HEIGHT,ANIM_CHECKUP_WEIGHT,ANIM_CHECKUP_LENGTH,ANIM_CHECKUP_GENERAL_HEALTH,ANIM_CHECKUP_OTHER_DETAILS) values (to_timestamp('30-JUL-02 12.00.00.000000000 AM','DD-MON-RR HH.MI.SS.FF AM'),165,'13','41','79','Normal',' ');
Insert into ANIMAL_CHECKUP (ANIM_CHECKUP_DATE,ANIM_ID,ANIM_CHECKUP_HEIGHT,ANIM_CHECKUP_WEIGHT,ANIM_CHECKUP_LENGTH,ANIM_CHECKUP_GENERAL_HEALTH,ANIM_CHECKUP_OTHER_DETAILS) values (to_timestamp('26-JUL-06 12.00.00.000000000 AM','DD-MON-RR HH.MI.SS.FF AM'),112,'6','254','121','Normal','Animal appears bored.');
Insert into ANIMAL_CHECKUP (ANIM_CHECKUP_DATE,ANIM_ID,ANIM_CHECKUP_HEIGHT,ANIM_CHECKUP_WEIGHT,ANIM_CHECKUP_LENGTH,ANIM_CHECKUP_GENERAL_HEALTH,ANIM_CHECKUP_OTHER_DETAILS) values (to_timestamp('08-JUL-02 12.00.00.000000000 AM','DD-MON-RR HH.MI.SS.FF AM'),130,'8','276','-1','Normal',' ');
Insert into ANIMAL_CHECKUP (ANIM_CHECKUP_DATE,ANIM_ID,ANIM_CHECKUP_HEIGHT,ANIM_CHECKUP_WEIGHT,ANIM_CHECKUP_LENGTH,ANIM_CHECKUP_GENERAL_HEALTH,ANIM_CHECKUP_OTHER_DETAILS) values (to_timestamp('27-JUL-99 12.00.00.000000000 AM','DD-MON-RR HH.MI.SS.FF AM'),28,'27','242','136','Normal',' ');
Insert into ANIMAL_CHECKUP (ANIM_CHECKUP_DATE,ANIM_ID,ANIM_CHECKUP_HEIGHT,ANIM_CHECKUP_WEIGHT,ANIM_CHECKUP_LENGTH,ANIM_CHECKUP_GENERAL_HEALTH,ANIM_CHECKUP_OTHER_DETAILS) values (to_timestamp('05-JUL-05 12.00.00.000000000 AM','DD-MON-RR HH.MI.SS.FF AM'),181,'21','60','121','Ill','Animal is vomiting daily.');
Insert into ANIMAL_CHECKUP (ANIM_CHECKUP_DATE,ANIM_ID,ANIM_CHECKUP_HEIGHT,ANIM_CHECKUP_WEIGHT,ANIM_CHECKUP_LENGTH,ANIM_CHECKUP_GENERAL_HEALTH,ANIM_CHECKUP_OTHER_DETAILS) values (to_timestamp('24-JUL-01 12.00.00.000000000 AM','DD-MON-RR HH.MI.SS.FF AM'),28,'30','233','134','Normal',' ');
Insert into ANIMAL_CHECKUP (ANIM_CHECKUP_DATE,ANIM_ID,ANIM_CHECKUP_HEIGHT,ANIM_CHECKUP_WEIGHT,ANIM_CHECKUP_LENGTH,ANIM_CHECKUP_GENERAL_HEALTH,ANIM_CHECKUP_OTHER_DETAILS) values (to_timestamp('20-JUL-99 12.00.00.000000000 AM','DD-MON-RR HH.MI.SS.FF AM'),165,'10','61','77','Normal','Animal has poor dental hygiene');
Insert into ANIMAL_CHECKUP (ANIM_CHECKUP_DATE,ANIM_ID,ANIM_CHECKUP_HEIGHT,ANIM_CHECKUP_WEIGHT,ANIM_CHECKUP_LENGTH,ANIM_CHECKUP_GENERAL_HEALTH,ANIM_CHECKUP_OTHER_DETAILS) values (to_timestamp('15-JUL-03 12.00.00.000000000 AM','DD-MON-RR HH.MI.SS.FF AM'),28,'30','277','132','Normal','Animal has poor dental hygiene');
Insert into ANIMAL_CHECKUP (ANIM_CHECKUP_DATE,ANIM_ID,ANIM_CHECKUP_HEIGHT,ANIM_CHECKUP_WEIGHT,ANIM_CHECKUP_LENGTH,ANIM_CHECKUP_GENERAL_HEALTH,ANIM_CHECKUP_OTHER_DETAILS) values (to_timestamp('08-AUG-00 12.00.00.000000000 AM','DD-MON-RR HH.MI.SS.FF AM'),181,'19','57','123','Normal',' ');
Insert into ANIMAL_CHECKUP (ANIM_CHECKUP_DATE,ANIM_ID,ANIM_CHECKUP_HEIGHT,ANIM_CHECKUP_WEIGHT,ANIM_CHECKUP_LENGTH,ANIM_CHECKUP_GENERAL_HEALTH,ANIM_CHECKUP_OTHER_DETAILS) values (to_timestamp('10-FEB-03 12.00.00.000000000 AM','DD-MON-RR HH.MI.SS.FF AM'),58,'14','190','71','Normal',' ');
Insert into ANIMAL_CHECKUP (ANIM_CHECKUP_DATE,ANIM_ID,ANIM_CHECKUP_HEIGHT,ANIM_CHECKUP_WEIGHT,ANIM_CHECKUP_LENGTH,ANIM_CHECKUP_GENERAL_HEALTH,ANIM_CHECKUP_OTHER_DETAILS) values (to_timestamp('11-FEB-02 12.00.00.000000000 AM','DD-MON-RR HH.MI.SS.FF AM'),58,'13','269','62','Malnourished','Animal rations should be increased by 5%');
Insert into ANIMAL_CHECKUP (ANIM_CHECKUP_DATE,ANIM_ID,ANIM_CHECKUP_HEIGHT,ANIM_CHECKUP_WEIGHT,ANIM_CHECKUP_LENGTH,ANIM_CHECKUP_GENERAL_HEALTH,ANIM_CHECKUP_OTHER_DETAILS) values (to_timestamp('11-FEB-06 12.00.00.000000000 AM','DD-MON-RR HH.MI.SS.FF AM'),138,'24','124','161','Normal','Animal appears bored.');
Insert into ANIMAL_CHECKUP (ANIM_CHECKUP_DATE,ANIM_ID,ANIM_CHECKUP_HEIGHT,ANIM_CHECKUP_WEIGHT,ANIM_CHECKUP_LENGTH,ANIM_CHECKUP_GENERAL_HEALTH,ANIM_CHECKUP_OTHER_DETAILS) values (to_timestamp('07-FEB-00 12.00.00.000000000 AM','DD-MON-RR HH.MI.SS.FF AM'),57,'22','285','-2','Normal',' ');
Insert into ANIMAL_CHECKUP (ANIM_CHECKUP_DATE,ANIM_ID,ANIM_CHECKUP_HEIGHT,ANIM_CHECKUP_WEIGHT,ANIM_CHECKUP_LENGTH,ANIM_CHECKUP_GENERAL_HEALTH,ANIM_CHECKUP_OTHER_DETAILS) values (to_timestamp('02-FEB-05 12.00.00.000000000 AM','DD-MON-RR HH.MI.SS.FF AM'),14,'27','314','194','Normal',' ');
Insert into ANIMAL_CHECKUP (ANIM_CHECKUP_DATE,ANIM_ID,ANIM_CHECKUP_HEIGHT,ANIM_CHECKUP_WEIGHT,ANIM_CHECKUP_LENGTH,ANIM_CHECKUP_GENERAL_HEALTH,ANIM_CHECKUP_OTHER_DETAILS) values (to_timestamp('25-MAR-03 12.00.00.000000000 AM','DD-MON-RR HH.MI.SS.FF AM'),77,'10','-12','113','Normal',' ');
Insert into ANIMAL_CHECKUP (ANIM_CHECKUP_DATE,ANIM_ID,ANIM_CHECKUP_HEIGHT,ANIM_CHECKUP_WEIGHT,ANIM_CHECKUP_LENGTH,ANIM_CHECKUP_GENERAL_HEALTH,ANIM_CHECKUP_OTHER_DETAILS) values (to_timestamp('20-FEB-03 12.00.00.000000000 AM','DD-MON-RR HH.MI.SS.FF AM'),58,'17','205','67','Normal','Animal has poor dental hygiene');
Insert into ANIMAL_CHECKUP (ANIM_CHECKUP_DATE,ANIM_ID,ANIM_CHECKUP_HEIGHT,ANIM_CHECKUP_WEIGHT,ANIM_CHECKUP_LENGTH,ANIM_CHECKUP_GENERAL_HEALTH,ANIM_CHECKUP_OTHER_DETAILS) values (to_timestamp('20-FEB-02 12.00.00.000000000 AM','DD-MON-RR HH.MI.SS.FF AM'),150,'27','203','46','Malnourished',' ');
Insert into ANIMAL_CHECKUP (ANIM_CHECKUP_DATE,ANIM_ID,ANIM_CHECKUP_HEIGHT,ANIM_CHECKUP_WEIGHT,ANIM_CHECKUP_LENGTH,ANIM_CHECKUP_GENERAL_HEALTH,ANIM_CHECKUP_OTHER_DETAILS) values (to_timestamp('18-MAR-03 12.00.00.000000000 AM','DD-MON-RR HH.MI.SS.FF AM'),79,'25','202','6','Normal',' ');
Insert into ANIMAL_CHECKUP (ANIM_CHECKUP_DATE,ANIM_ID,ANIM_CHECKUP_HEIGHT,ANIM_CHECKUP_WEIGHT,ANIM_CHECKUP_LENGTH,ANIM_CHECKUP_GENERAL_HEALTH,ANIM_CHECKUP_OTHER_DETAILS) values (to_timestamp('04-FEB-07 12.00.00.000000000 AM','DD-MON-RR HH.MI.SS.FF AM'),79,'25','199','14','Normal',' ');
Insert into ANIMAL_CHECKUP (ANIM_CHECKUP_DATE,ANIM_ID,ANIM_CHECKUP_HEIGHT,ANIM_CHECKUP_WEIGHT,ANIM_CHECKUP_LENGTH,ANIM_CHECKUP_GENERAL_HEALTH,ANIM_CHECKUP_OTHER_DETAILS) values (to_timestamp('13-MAR-99 12.00.00.000000000 AM','DD-MON-RR HH.MI.SS.FF AM'),156,'0','152','148','Ill','Animal is vomiting daily.');
Insert into ANIMAL_CHECKUP (ANIM_CHECKUP_DATE,ANIM_ID,ANIM_CHECKUP_HEIGHT,ANIM_CHECKUP_WEIGHT,ANIM_CHECKUP_LENGTH,ANIM_CHECKUP_GENERAL_HEALTH,ANIM_CHECKUP_OTHER_DETAILS) values (to_timestamp('15-MAR-07 12.00.00.000000000 AM','DD-MON-RR HH.MI.SS.FF AM'),63,'26','332','79','Normal',' ');
Insert into ANIMAL_CHECKUP (ANIM_CHECKUP_DATE,ANIM_ID,ANIM_CHECKUP_HEIGHT,ANIM_CHECKUP_WEIGHT,ANIM_CHECKUP_LENGTH,ANIM_CHECKUP_GENERAL_HEALTH,ANIM_CHECKUP_OTHER_DETAILS) values (to_timestamp('17-MAR-03 12.00.00.000000000 AM','DD-MON-RR HH.MI.SS.FF AM'),78,'15','226','137','Ill','Animal appears very tired and sluggish.');
Insert into ANIMAL_CHECKUP (ANIM_CHECKUP_DATE,ANIM_ID,ANIM_CHECKUP_HEIGHT,ANIM_CHECKUP_WEIGHT,ANIM_CHECKUP_LENGTH,ANIM_CHECKUP_GENERAL_HEALTH,ANIM_CHECKUP_OTHER_DETAILS) values (to_timestamp('12-MAR-05 12.00.00.000000000 AM','DD-MON-RR HH.MI.SS.FF AM'),63,'26','294','85','Malnourished','Animal rations should be increased by 5%');
Insert into ANIMAL_CHECKUP (ANIM_CHECKUP_DATE,ANIM_ID,ANIM_CHECKUP_HEIGHT,ANIM_CHECKUP_WEIGHT,ANIM_CHECKUP_LENGTH,ANIM_CHECKUP_GENERAL_HEALTH,ANIM_CHECKUP_OTHER_DETAILS) values (to_timestamp('07-MAR-04 12.00.00.000000000 AM','DD-MON-RR HH.MI.SS.FF AM'),134,'5','362','48','Normal',' ');
Insert into ANIMAL_CHECKUP (ANIM_CHECKUP_DATE,ANIM_ID,ANIM_CHECKUP_HEIGHT,ANIM_CHECKUP_WEIGHT,ANIM_CHECKUP_LENGTH,ANIM_CHECKUP_GENERAL_HEALTH,ANIM_CHECKUP_OTHER_DETAILS) values (to_timestamp('12-MAR-00 12.00.00.000000000 AM','DD-MON-RR HH.MI.SS.FF AM'),154,'7','229','105','Normal',' ');
Insert into ANIMAL_CHECKUP (ANIM_CHECKUP_DATE,ANIM_ID,ANIM_CHECKUP_HEIGHT,ANIM_CHECKUP_WEIGHT,ANIM_CHECKUP_LENGTH,ANIM_CHECKUP_GENERAL_HEALTH,ANIM_CHECKUP_OTHER_DETAILS) values (to_timestamp('12-MAR-04 12.00.00.000000000 AM','DD-MON-RR HH.MI.SS.FF AM'),128,'25','25','125','Normal','Animal appears bored.');
Insert into ANIMAL_CHECKUP (ANIM_CHECKUP_DATE,ANIM_ID,ANIM_CHECKUP_HEIGHT,ANIM_CHECKUP_WEIGHT,ANIM_CHECKUP_LENGTH,ANIM_CHECKUP_GENERAL_HEALTH,ANIM_CHECKUP_OTHER_DETAILS) values (to_timestamp('26-MAR-99 12.00.00.000000000 AM','DD-MON-RR HH.MI.SS.FF AM'),89,'13','311','196','Normal',' ');
Insert into ANIMAL_CHECKUP (ANIM_CHECKUP_DATE,ANIM_ID,ANIM_CHECKUP_HEIGHT,ANIM_CHECKUP_WEIGHT,ANIM_CHECKUP_LENGTH,ANIM_CHECKUP_GENERAL_HEALTH,ANIM_CHECKUP_OTHER_DETAILS) values (to_timestamp('03-MAR-03 12.00.00.000000000 AM','DD-MON-RR HH.MI.SS.FF AM'),63,'26','307','84','Normal',' ');
Insert into ANIMAL_CHECKUP (ANIM_CHECKUP_DATE,ANIM_ID,ANIM_CHECKUP_HEIGHT,ANIM_CHECKUP_WEIGHT,ANIM_CHECKUP_LENGTH,ANIM_CHECKUP_GENERAL_HEALTH,ANIM_CHECKUP_OTHER_DETAILS) values (to_timestamp('06-MAR-00 12.00.00.000000000 AM','DD-MON-RR HH.MI.SS.FF AM'),89,'11','264','197','Normal',' ');
Insert into ANIMAL_CHECKUP (ANIM_CHECKUP_DATE,ANIM_ID,ANIM_CHECKUP_HEIGHT,ANIM_CHECKUP_WEIGHT,ANIM_CHECKUP_LENGTH,ANIM_CHECKUP_GENERAL_HEALTH,ANIM_CHECKUP_OTHER_DETAILS) values (to_timestamp('01-FEB-00 12.00.00.000000000 AM','DD-MON-RR HH.MI.SS.FF AM'),57,'20','326','5','Ill','Animal is vomiting daily.');
Insert into ANIMAL_CHECKUP (ANIM_CHECKUP_DATE,ANIM_ID,ANIM_CHECKUP_HEIGHT,ANIM_CHECKUP_WEIGHT,ANIM_CHECKUP_LENGTH,ANIM_CHECKUP_GENERAL_HEALTH,ANIM_CHECKUP_OTHER_DETAILS) values (to_timestamp('22-MAR-02 12.00.00.000000000 AM','DD-MON-RR HH.MI.SS.FF AM'),71,'4','141','188','Normal',' ');
Insert into ANIMAL_CHECKUP (ANIM_CHECKUP_DATE,ANIM_ID,ANIM_CHECKUP_HEIGHT,ANIM_CHECKUP_WEIGHT,ANIM_CHECKUP_LENGTH,ANIM_CHECKUP_GENERAL_HEALTH,ANIM_CHECKUP_OTHER_DETAILS) values (to_timestamp('10-MAR-06 12.00.00.000000000 AM','DD-MON-RR HH.MI.SS.FF AM'),110,'30','206','159','Normal','Animal is very alert and playful');
Insert into ANIMAL_CHECKUP (ANIM_CHECKUP_DATE,ANIM_ID,ANIM_CHECKUP_HEIGHT,ANIM_CHECKUP_WEIGHT,ANIM_CHECKUP_LENGTH,ANIM_CHECKUP_GENERAL_HEALTH,ANIM_CHECKUP_OTHER_DETAILS) values (to_timestamp('01-MAR-03 12.00.00.000000000 AM','DD-MON-RR HH.MI.SS.FF AM'),80,'23','106','164','Normal',' ');
Insert into ANIMAL_CHECKUP (ANIM_CHECKUP_DATE,ANIM_ID,ANIM_CHECKUP_HEIGHT,ANIM_CHECKUP_WEIGHT,ANIM_CHECKUP_LENGTH,ANIM_CHECKUP_GENERAL_HEALTH,ANIM_CHECKUP_OTHER_DETAILS) values (to_timestamp('30-MAR-98 12.00.00.000000000 AM','DD-MON-RR HH.MI.SS.FF AM'),89,'9','342','189','Normal',' ');
Insert into ANIMAL_CHECKUP (ANIM_CHECKUP_DATE,ANIM_ID,ANIM_CHECKUP_HEIGHT,ANIM_CHECKUP_WEIGHT,ANIM_CHECKUP_LENGTH,ANIM_CHECKUP_GENERAL_HEALTH,ANIM_CHECKUP_OTHER_DETAILS) values (to_timestamp('25-APR-07 12.00.00.000000000 AM','DD-MON-RR HH.MI.SS.FF AM'),7,'12','307','180','Normal',' ');
Insert into ANIMAL_CHECKUP (ANIM_CHECKUP_DATE,ANIM_ID,ANIM_CHECKUP_HEIGHT,ANIM_CHECKUP_WEIGHT,ANIM_CHECKUP_LENGTH,ANIM_CHECKUP_GENERAL_HEALTH,ANIM_CHECKUP_OTHER_DETAILS) values (to_timestamp('09-APR-04 12.00.00.000000000 AM','DD-MON-RR HH.MI.SS.FF AM'),166,'13','302','164','Normal',' ');
Insert into ANIMAL_CHECKUP (ANIM_CHECKUP_DATE,ANIM_ID,ANIM_CHECKUP_HEIGHT,ANIM_CHECKUP_WEIGHT,ANIM_CHECKUP_LENGTH,ANIM_CHECKUP_GENERAL_HEALTH,ANIM_CHECKUP_OTHER_DETAILS) values (to_timestamp('21-MAY-01 12.00.00.000000000 AM','DD-MON-RR HH.MI.SS.FF AM'),126,'30','33','168','Normal',' ');
Insert into ANIMAL_CHECKUP (ANIM_CHECKUP_DATE,ANIM_ID,ANIM_CHECKUP_HEIGHT,ANIM_CHECKUP_WEIGHT,ANIM_CHECKUP_LENGTH,ANIM_CHECKUP_GENERAL_HEALTH,ANIM_CHECKUP_OTHER_DETAILS) values (to_timestamp('01-APR-03 12.00.00.000000000 AM','DD-MON-RR HH.MI.SS.FF AM'),81,'8','206','46','Normal',' ');
Insert into ANIMAL_CHECKUP (ANIM_CHECKUP_DATE,ANIM_ID,ANIM_CHECKUP_HEIGHT,ANIM_CHECKUP_WEIGHT,ANIM_CHECKUP_LENGTH,ANIM_CHECKUP_GENERAL_HEALTH,ANIM_CHECKUP_OTHER_DETAILS) values (to_timestamp('02-APR-03 12.00.00.000000000 AM','DD-MON-RR HH.MI.SS.FF AM'),81,'5','241','47','Normal',' ');
Insert into ANIMAL_CHECKUP (ANIM_CHECKUP_DATE,ANIM_ID,ANIM_CHECKUP_HEIGHT,ANIM_CHECKUP_WEIGHT,ANIM_CHECKUP_LENGTH,ANIM_CHECKUP_GENERAL_HEALTH,ANIM_CHECKUP_OTHER_DETAILS) values (to_timestamp('18-APR-00 12.00.00.000000000 AM','DD-MON-RR HH.MI.SS.FF AM'),166,'9','320','157','Ill',' ');
Insert into ANIMAL_CHECKUP (ANIM_CHECKUP_DATE,ANIM_ID,ANIM_CHECKUP_HEIGHT,ANIM_CHECKUP_WEIGHT,ANIM_CHECKUP_LENGTH,ANIM_CHECKUP_GENERAL_HEALTH,ANIM_CHECKUP_OTHER_DETAILS) values (to_timestamp('17-APR-02 12.00.00.000000000 AM','DD-MON-RR HH.MI.SS.FF AM'),123,'3','-4','96','Normal','Animal has poor dental hygiene');
Insert into ANIMAL_CHECKUP (ANIM_CHECKUP_DATE,ANIM_ID,ANIM_CHECKUP_HEIGHT,ANIM_CHECKUP_WEIGHT,ANIM_CHECKUP_LENGTH,ANIM_CHECKUP_GENERAL_HEALTH,ANIM_CHECKUP_OTHER_DETAILS) values (to_timestamp('20-MAY-01 12.00.00.000000000 AM','DD-MON-RR HH.MI.SS.FF AM'),190,'22','165','190','Normal',' ');
Insert into ANIMAL_CHECKUP (ANIM_CHECKUP_DATE,ANIM_ID,ANIM_CHECKUP_HEIGHT,ANIM_CHECKUP_WEIGHT,ANIM_CHECKUP_LENGTH,ANIM_CHECKUP_GENERAL_HEALTH,ANIM_CHECKUP_OTHER_DETAILS) values (to_timestamp('09-MAY-01 12.00.00.000000000 AM','DD-MON-RR HH.MI.SS.FF AM'),6,'5','271','79','Normal','Animal has poor dental hygiene');
Insert into ANIMAL_CHECKUP (ANIM_CHECKUP_DATE,ANIM_ID,ANIM_CHECKUP_HEIGHT,ANIM_CHECKUP_WEIGHT,ANIM_CHECKUP_LENGTH,ANIM_CHECKUP_GENERAL_HEALTH,ANIM_CHECKUP_OTHER_DETAILS) values (to_timestamp('11-MAY-01 12.00.00.000000000 AM','DD-MON-RR HH.MI.SS.FF AM'),190,'25','199','184','Ill','Animal is vomiting daily.');
Insert into ANIMAL_CHECKUP (ANIM_CHECKUP_DATE,ANIM_ID,ANIM_CHECKUP_HEIGHT,ANIM_CHECKUP_WEIGHT,ANIM_CHECKUP_LENGTH,ANIM_CHECKUP_GENERAL_HEALTH,ANIM_CHECKUP_OTHER_DETAILS) values (to_timestamp('17-MAY-03 12.00.00.000000000 AM','DD-MON-RR HH.MI.SS.FF AM'),32,'13','196','79','Normal',' ');
Insert into ANIMAL_CHECKUP (ANIM_CHECKUP_DATE,ANIM_ID,ANIM_CHECKUP_HEIGHT,ANIM_CHECKUP_WEIGHT,ANIM_CHECKUP_LENGTH,ANIM_CHECKUP_GENERAL_HEALTH,ANIM_CHECKUP_OTHER_DETAILS) values (to_timestamp('11-MAY-07 12.00.00.000000000 AM','DD-MON-RR HH.MI.SS.FF AM'),99,'19','170','44','Normal','Animal appears bored.');
Insert into ANIMAL_CHECKUP (ANIM_CHECKUP_DATE,ANIM_ID,ANIM_CHECKUP_HEIGHT,ANIM_CHECKUP_WEIGHT,ANIM_CHECKUP_LENGTH,ANIM_CHECKUP_GENERAL_HEALTH,ANIM_CHECKUP_OTHER_DETAILS) values (to_timestamp('21-MAY-03 12.00.00.000000000 AM','DD-MON-RR HH.MI.SS.FF AM'),6,'5','337','79','Normal',' ');
Insert into ANIMAL_CHECKUP (ANIM_CHECKUP_DATE,ANIM_ID,ANIM_CHECKUP_HEIGHT,ANIM_CHECKUP_WEIGHT,ANIM_CHECKUP_LENGTH,ANIM_CHECKUP_GENERAL_HEALTH,ANIM_CHECKUP_OTHER_DETAILS) values (to_timestamp('04-MAY-02 12.00.00.000000000 AM','DD-MON-RR HH.MI.SS.FF AM'),86,'21','305','29','Normal',' ');
Insert into ANIMAL_CHECKUP (ANIM_CHECKUP_DATE,ANIM_ID,ANIM_CHECKUP_HEIGHT,ANIM_CHECKUP_WEIGHT,ANIM_CHECKUP_LENGTH,ANIM_CHECKUP_GENERAL_HEALTH,ANIM_CHECKUP_OTHER_DETAILS) values (to_timestamp('24-MAY-03 12.00.00.000000000 AM','DD-MON-RR HH.MI.SS.FF AM'),46,'21','422','191','Normal',' ');
Insert into ANIMAL_CHECKUP (ANIM_CHECKUP_DATE,ANIM_ID,ANIM_CHECKUP_HEIGHT,ANIM_CHECKUP_WEIGHT,ANIM_CHECKUP_LENGTH,ANIM_CHECKUP_GENERAL_HEALTH,ANIM_CHECKUP_OTHER_DETAILS) values (to_timestamp('23-APR-02 12.00.00.000000000 AM','DD-MON-RR HH.MI.SS.FF AM'),21,'26','106','191','Normal',' ');
Insert into ANIMAL_CHECKUP (ANIM_CHECKUP_DATE,ANIM_ID,ANIM_CHECKUP_HEIGHT,ANIM_CHECKUP_WEIGHT,ANIM_CHECKUP_LENGTH,ANIM_CHECKUP_GENERAL_HEALTH,ANIM_CHECKUP_OTHER_DETAILS) values (to_timestamp('08-MAY-02 12.00.00.000000000 AM','DD-MON-RR HH.MI.SS.FF AM'),6,'7','250','75','Normal','Animal has poor dental hygiene');
Insert into ANIMAL_CHECKUP (ANIM_CHECKUP_DATE,ANIM_ID,ANIM_CHECKUP_HEIGHT,ANIM_CHECKUP_WEIGHT,ANIM_CHECKUP_LENGTH,ANIM_CHECKUP_GENERAL_HEALTH,ANIM_CHECKUP_OTHER_DETAILS) values (to_timestamp('10-MAY-01 12.00.00.000000000 AM','DD-MON-RR HH.MI.SS.FF AM'),144,'19','80','10','Normal','Animal has poor dental hygiene');
Insert into ANIMAL_CHECKUP (ANIM_CHECKUP_DATE,ANIM_ID,ANIM_CHECKUP_HEIGHT,ANIM_CHECKUP_WEIGHT,ANIM_CHECKUP_LENGTH,ANIM_CHECKUP_GENERAL_HEALTH,ANIM_CHECKUP_OTHER_DETAILS) values (to_timestamp('16-MAY-05 12.00.00.000000000 AM','DD-MON-RR HH.MI.SS.FF AM'),17,'3','111','23','Normal','Animal is very alert and playful');
Insert into ANIMAL_CHECKUP (ANIM_CHECKUP_DATE,ANIM_ID,ANIM_CHECKUP_HEIGHT,ANIM_CHECKUP_WEIGHT,ANIM_CHECKUP_LENGTH,ANIM_CHECKUP_GENERAL_HEALTH,ANIM_CHECKUP_OTHER_DETAILS) values (to_timestamp('23-JUN-03 12.00.00.000000000 AM','DD-MON-RR HH.MI.SS.FF AM'),10,'17','31','53','Normal',' ');
Insert into ANIMAL_CHECKUP (ANIM_CHECKUP_DATE,ANIM_ID,ANIM_CHECKUP_HEIGHT,ANIM_CHECKUP_WEIGHT,ANIM_CHECKUP_LENGTH,ANIM_CHECKUP_GENERAL_HEALTH,ANIM_CHECKUP_OTHER_DETAILS) values (to_timestamp('12-JUN-99 12.00.00.000000000 AM','DD-MON-RR HH.MI.SS.FF AM'),145,'18','153','144','Normal',' ');
Insert into ANIMAL_CHECKUP (ANIM_CHECKUP_DATE,ANIM_ID,ANIM_CHECKUP_HEIGHT,ANIM_CHECKUP_WEIGHT,ANIM_CHECKUP_LENGTH,ANIM_CHECKUP_GENERAL_HEALTH,ANIM_CHECKUP_OTHER_DETAILS) values (to_timestamp('30-JUN-05 12.00.00.000000000 AM','DD-MON-RR HH.MI.SS.FF AM'),142,'8','158','125','Normal','Animal has poor dental hygiene');
Insert into ANIMAL_CHECKUP (ANIM_CHECKUP_DATE,ANIM_ID,ANIM_CHECKUP_HEIGHT,ANIM_CHECKUP_WEIGHT,ANIM_CHECKUP_LENGTH,ANIM_CHECKUP_GENERAL_HEALTH,ANIM_CHECKUP_OTHER_DETAILS) values (to_timestamp('11-JUN-03 12.00.00.000000000 AM','DD-MON-RR HH.MI.SS.FF AM'),66,'25','159','48','Normal',' ');
Insert into ANIMAL_CHECKUP (ANIM_CHECKUP_DATE,ANIM_ID,ANIM_CHECKUP_HEIGHT,ANIM_CHECKUP_WEIGHT,ANIM_CHECKUP_LENGTH,ANIM_CHECKUP_GENERAL_HEALTH,ANIM_CHECKUP_OTHER_DETAILS) values (to_timestamp('17-JUL-01 12.00.00.000000000 AM','DD-MON-RR HH.MI.SS.FF AM'),5,'3','407','70','Normal','Animal has poor dental hygiene');
Insert into ANIMAL_CHECKUP (ANIM_CHECKUP_DATE,ANIM_ID,ANIM_CHECKUP_HEIGHT,ANIM_CHECKUP_WEIGHT,ANIM_CHECKUP_LENGTH,ANIM_CHECKUP_GENERAL_HEALTH,ANIM_CHECKUP_OTHER_DETAILS) values (to_timestamp('01-JUN-06 12.00.00.000000000 AM','DD-MON-RR HH.MI.SS.FF AM'),194,'26','255','149','Normal',' ');
Insert into ANIMAL_CHECKUP (ANIM_CHECKUP_DATE,ANIM_ID,ANIM_CHECKUP_HEIGHT,ANIM_CHECKUP_WEIGHT,ANIM_CHECKUP_LENGTH,ANIM_CHECKUP_GENERAL_HEALTH,ANIM_CHECKUP_OTHER_DETAILS) values (to_timestamp('29-JUN-01 12.00.00.000000000 AM','DD-MON-RR HH.MI.SS.FF AM'),180,'19','70','62','Normal','Animal has poor dental hygiene');
Insert into ANIMAL_CHECKUP (ANIM_CHECKUP_DATE,ANIM_ID,ANIM_CHECKUP_HEIGHT,ANIM_CHECKUP_WEIGHT,ANIM_CHECKUP_LENGTH,ANIM_CHECKUP_GENERAL_HEALTH,ANIM_CHECKUP_OTHER_DETAILS) values (to_timestamp('15-JUN-03 12.00.00.000000000 AM','DD-MON-RR HH.MI.SS.FF AM'),62,'5','298','156','Normal','Animal appears bored.');
Insert into ANIMAL_CHECKUP (ANIM_CHECKUP_DATE,ANIM_ID,ANIM_CHECKUP_HEIGHT,ANIM_CHECKUP_WEIGHT,ANIM_CHECKUP_LENGTH,ANIM_CHECKUP_GENERAL_HEALTH,ANIM_CHECKUP_OTHER_DETAILS) values (to_timestamp('07-JUN-99 12.00.00.000000000 AM','DD-MON-RR HH.MI.SS.FF AM'),145,'23','103','143','Malnourished','Animal rations should be increased by 10%');
Insert into ANIMAL_CHECKUP (ANIM_CHECKUP_DATE,ANIM_ID,ANIM_CHECKUP_HEIGHT,ANIM_CHECKUP_WEIGHT,ANIM_CHECKUP_LENGTH,ANIM_CHECKUP_GENERAL_HEALTH,ANIM_CHECKUP_OTHER_DETAILS) values (to_timestamp('17-JUN-03 12.00.00.000000000 AM','DD-MON-RR HH.MI.SS.FF AM'),66,'29','170','45','Malnourished','Animal rations should be increased by 5%');
Insert into ANIMAL_CHECKUP (ANIM_CHECKUP_DATE,ANIM_ID,ANIM_CHECKUP_HEIGHT,ANIM_CHECKUP_WEIGHT,ANIM_CHECKUP_LENGTH,ANIM_CHECKUP_GENERAL_HEALTH,ANIM_CHECKUP_OTHER_DETAILS) values (to_timestamp('26-JUN-02 12.00.00.000000000 AM','DD-MON-RR HH.MI.SS.FF AM'),164,'8','156','62','Normal',' ');
Insert into ANIMAL_CHECKUP (ANIM_CHECKUP_DATE,ANIM_ID,ANIM_CHECKUP_HEIGHT,ANIM_CHECKUP_WEIGHT,ANIM_CHECKUP_LENGTH,ANIM_CHECKUP_GENERAL_HEALTH,ANIM_CHECKUP_OTHER_DETAILS) values (to_timestamp('12-JUN-04 12.00.00.000000000 AM','DD-MON-RR HH.MI.SS.FF AM'),3,'16','128','137','Normal',' ');
Insert into ANIMAL_CHECKUP (ANIM_CHECKUP_DATE,ANIM_ID,ANIM_CHECKUP_HEIGHT,ANIM_CHECKUP_WEIGHT,ANIM_CHECKUP_LENGTH,ANIM_CHECKUP_GENERAL_HEALTH,ANIM_CHECKUP_OTHER_DETAILS) values (to_timestamp('10-JUN-00 12.00.00.000000000 AM','DD-MON-RR HH.MI.SS.FF AM'),62,'5','292','155','Normal',' ');
Insert into ANIMAL_CHECKUP (ANIM_CHECKUP_DATE,ANIM_ID,ANIM_CHECKUP_HEIGHT,ANIM_CHECKUP_WEIGHT,ANIM_CHECKUP_LENGTH,ANIM_CHECKUP_GENERAL_HEALTH,ANIM_CHECKUP_OTHER_DETAILS) values (to_timestamp('23-JUN-03 12.00.00.000000000 AM','DD-MON-RR HH.MI.SS.FF AM'),145,'18','168','147','Normal',' ');
Insert into ANIMAL_CHECKUP (ANIM_CHECKUP_DATE,ANIM_ID,ANIM_CHECKUP_HEIGHT,ANIM_CHECKUP_WEIGHT,ANIM_CHECKUP_LENGTH,ANIM_CHECKUP_GENERAL_HEALTH,ANIM_CHECKUP_OTHER_DETAILS) values (to_timestamp('01-JUN-03 12.00.00.000000000 AM','DD-MON-RR HH.MI.SS.FF AM'),136,'6','170','35','Normal',' ');
Insert into ANIMAL_CHECKUP (ANIM_CHECKUP_DATE,ANIM_ID,ANIM_CHECKUP_HEIGHT,ANIM_CHECKUP_WEIGHT,ANIM_CHECKUP_LENGTH,ANIM_CHECKUP_GENERAL_HEALTH,ANIM_CHECKUP_OTHER_DETAILS) values (to_timestamp('13-JUN-08 12.00.00.000000000 AM','DD-MON-RR HH.MI.SS.FF AM'),54,'31','354','14','Ill','Animal appears very tired and sluggish.');
Insert into ANIMAL_CHECKUP (ANIM_CHECKUP_DATE,ANIM_ID,ANIM_CHECKUP_HEIGHT,ANIM_CHECKUP_WEIGHT,ANIM_CHECKUP_LENGTH,ANIM_CHECKUP_GENERAL_HEALTH,ANIM_CHECKUP_OTHER_DETAILS) values (to_timestamp('22-JUL-99 12.00.00.000000000 AM','DD-MON-RR HH.MI.SS.FF AM'),28,'27','224','141','Normal',' ');
Insert into ANIMAL_CHECKUP (ANIM_CHECKUP_DATE,ANIM_ID,ANIM_CHECKUP_HEIGHT,ANIM_CHECKUP_WEIGHT,ANIM_CHECKUP_LENGTH,ANIM_CHECKUP_GENERAL_HEALTH,ANIM_CHECKUP_OTHER_DETAILS) values (to_timestamp('17-JUL-00 12.00.00.000000000 AM','DD-MON-RR HH.MI.SS.FF AM'),108,'25','363','48','Normal','Animal is very alert and playful');
Insert into ANIMAL_CHECKUP (ANIM_CHECKUP_DATE,ANIM_ID,ANIM_CHECKUP_HEIGHT,ANIM_CHECKUP_WEIGHT,ANIM_CHECKUP_LENGTH,ANIM_CHECKUP_GENERAL_HEALTH,ANIM_CHECKUP_OTHER_DETAILS) values (to_timestamp('08-JUL-06 12.00.00.000000000 AM','DD-MON-RR HH.MI.SS.FF AM'),140,'31','157','193','Normal',' ');
Insert into ANIMAL_CHECKUP (ANIM_CHECKUP_DATE,ANIM_ID,ANIM_CHECKUP_HEIGHT,ANIM_CHECKUP_WEIGHT,ANIM_CHECKUP_LENGTH,ANIM_CHECKUP_GENERAL_HEALTH,ANIM_CHECKUP_OTHER_DETAILS) values (to_timestamp('14-JUL-02 12.00.00.000000000 AM','DD-MON-RR HH.MI.SS.FF AM'),122,'1','334','138','Normal',' ');
Insert into ANIMAL_CHECKUP (ANIM_CHECKUP_DATE,ANIM_ID,ANIM_CHECKUP_HEIGHT,ANIM_CHECKUP_WEIGHT,ANIM_CHECKUP_LENGTH,ANIM_CHECKUP_GENERAL_HEALTH,ANIM_CHECKUP_OTHER_DETAILS) values (to_timestamp('31-JUL-01 12.00.00.000000000 AM','DD-MON-RR HH.MI.SS.FF AM'),135,'24','377','101','Normal',' ');
Insert into ANIMAL_CHECKUP (ANIM_CHECKUP_DATE,ANIM_ID,ANIM_CHECKUP_HEIGHT,ANIM_CHECKUP_WEIGHT,ANIM_CHECKUP_LENGTH,ANIM_CHECKUP_GENERAL_HEALTH,ANIM_CHECKUP_OTHER_DETAILS) values (to_timestamp('31-JUL-04 12.00.00.000000000 AM','DD-MON-RR HH.MI.SS.FF AM'),175,'8','324','85','Malnourished','Animal rations should be increased by 10%');
Insert into ANIMAL_CHECKUP (ANIM_CHECKUP_DATE,ANIM_ID,ANIM_CHECKUP_HEIGHT,ANIM_CHECKUP_WEIGHT,ANIM_CHECKUP_LENGTH,ANIM_CHECKUP_GENERAL_HEALTH,ANIM_CHECKUP_OTHER_DETAILS) values (to_timestamp('02-JUL-04 12.00.00.000000000 AM','DD-MON-RR HH.MI.SS.FF AM'),85,'12','60','0','Normal','Animal is very alert and playful');
Insert into ANIMAL_CHECKUP (ANIM_CHECKUP_DATE,ANIM_ID,ANIM_CHECKUP_HEIGHT,ANIM_CHECKUP_WEIGHT,ANIM_CHECKUP_LENGTH,ANIM_CHECKUP_GENERAL_HEALTH,ANIM_CHECKUP_OTHER_DETAILS) values (to_timestamp('08-JUL-04 12.00.00.000000000 AM','DD-MON-RR HH.MI.SS.FF AM'),85,'8','64','6','Normal',' ');
Insert into ANIMAL_CHECKUP (ANIM_CHECKUP_DATE,ANIM_ID,ANIM_CHECKUP_HEIGHT,ANIM_CHECKUP_WEIGHT,ANIM_CHECKUP_LENGTH,ANIM_CHECKUP_GENERAL_HEALTH,ANIM_CHECKUP_OTHER_DETAILS) values (to_timestamp('30-JUL-03 12.00.00.000000000 AM','DD-MON-RR HH.MI.SS.FF AM'),135,'25','386','100','Normal',' ');
Insert into ANIMAL_CHECKUP (ANIM_CHECKUP_DATE,ANIM_ID,ANIM_CHECKUP_HEIGHT,ANIM_CHECKUP_WEIGHT,ANIM_CHECKUP_LENGTH,ANIM_CHECKUP_GENERAL_HEALTH,ANIM_CHECKUP_OTHER_DETAILS) values (to_timestamp('06-JUL-07 12.00.00.000000000 AM','DD-MON-RR HH.MI.SS.FF AM'),175,'10','260','89','Normal',' ');
Insert into ANIMAL_CHECKUP (ANIM_CHECKUP_DATE,ANIM_ID,ANIM_CHECKUP_HEIGHT,ANIM_CHECKUP_WEIGHT,ANIM_CHECKUP_LENGTH,ANIM_CHECKUP_GENERAL_HEALTH,ANIM_CHECKUP_OTHER_DETAILS) values (to_timestamp('22-JUL-03 12.00.00.000000000 AM','DD-MON-RR HH.MI.SS.FF AM'),165,'15','100','78','Normal',' ');
Insert into ANIMAL_CHECKUP (ANIM_CHECKUP_DATE,ANIM_ID,ANIM_CHECKUP_HEIGHT,ANIM_CHECKUP_WEIGHT,ANIM_CHECKUP_LENGTH,ANIM_CHECKUP_GENERAL_HEALTH,ANIM_CHECKUP_OTHER_DETAILS) values (to_timestamp('15-JUL-04 12.00.00.000000000 AM','DD-MON-RR HH.MI.SS.FF AM'),108,'24','290','49','Normal',' ');
Insert into ANIMAL_CHECKUP (ANIM_CHECKUP_DATE,ANIM_ID,ANIM_CHECKUP_HEIGHT,ANIM_CHECKUP_WEIGHT,ANIM_CHECKUP_LENGTH,ANIM_CHECKUP_GENERAL_HEALTH,ANIM_CHECKUP_OTHER_DETAILS) values (to_timestamp('02-JUL-08 12.00.00.000000000 AM','DD-MON-RR HH.MI.SS.FF AM'),2,'4','78','66','Normal','Animal appears bored.');
Insert into ANIMAL_CHECKUP (ANIM_CHECKUP_DATE,ANIM_ID,ANIM_CHECKUP_HEIGHT,ANIM_CHECKUP_WEIGHT,ANIM_CHECKUP_LENGTH,ANIM_CHECKUP_GENERAL_HEALTH,ANIM_CHECKUP_OTHER_DETAILS) values (to_timestamp('09-JUL-99 12.00.00.000000000 AM','DD-MON-RR HH.MI.SS.FF AM'),122,'2','262','142','Normal',' ');
Insert into ANIMAL_CHECKUP (ANIM_CHECKUP_DATE,ANIM_ID,ANIM_CHECKUP_HEIGHT,ANIM_CHECKUP_WEIGHT,ANIM_CHECKUP_LENGTH,ANIM_CHECKUP_GENERAL_HEALTH,ANIM_CHECKUP_OTHER_DETAILS) values (to_timestamp('11-JUL-07 12.00.00.000000000 AM','DD-MON-RR HH.MI.SS.FF AM'),140,'32','162','192','Normal','Animal is very alert and playful');
Insert into ANIMAL_CHECKUP (ANIM_CHECKUP_DATE,ANIM_ID,ANIM_CHECKUP_HEIGHT,ANIM_CHECKUP_WEIGHT,ANIM_CHECKUP_LENGTH,ANIM_CHECKUP_GENERAL_HEALTH,ANIM_CHECKUP_OTHER_DETAILS) values (to_timestamp('01-FEB-05 12.00.00.000000000 AM','DD-MON-RR HH.MI.SS.FF AM'),77,'13','12','122','Normal','Animal appears bored.');
Insert into ANIMAL_CHECKUP (ANIM_CHECKUP_DATE,ANIM_ID,ANIM_CHECKUP_HEIGHT,ANIM_CHECKUP_WEIGHT,ANIM_CHECKUP_LENGTH,ANIM_CHECKUP_GENERAL_HEALTH,ANIM_CHECKUP_OTHER_DETAILS) values (to_timestamp('02-FEB-07 12.00.00.000000000 AM','DD-MON-RR HH.MI.SS.FF AM'),138,'27','43','167','Normal',' ');
Insert into ANIMAL_CHECKUP (ANIM_CHECKUP_DATE,ANIM_ID,ANIM_CHECKUP_HEIGHT,ANIM_CHECKUP_WEIGHT,ANIM_CHECKUP_LENGTH,ANIM_CHECKUP_GENERAL_HEALTH,ANIM_CHECKUP_OTHER_DETAILS) values (to_timestamp('09-FEB-05 12.00.00.000000000 AM','DD-MON-RR HH.MI.SS.FF AM'),138,'29','94','168','Normal',' ');
Insert into ANIMAL_CHECKUP (ANIM_CHECKUP_DATE,ANIM_ID,ANIM_CHECKUP_HEIGHT,ANIM_CHECKUP_WEIGHT,ANIM_CHECKUP_LENGTH,ANIM_CHECKUP_GENERAL_HEALTH,ANIM_CHECKUP_OTHER_DETAILS) values (to_timestamp('18-FEB-04 12.00.00.000000000 AM','DD-MON-RR HH.MI.SS.FF AM'),9,'24','94','169','Normal',' ');
Insert into ANIMAL_CHECKUP (ANIM_CHECKUP_DATE,ANIM_ID,ANIM_CHECKUP_HEIGHT,ANIM_CHECKUP_WEIGHT,ANIM_CHECKUP_LENGTH,ANIM_CHECKUP_GENERAL_HEALTH,ANIM_CHECKUP_OTHER_DETAILS) values (to_timestamp('15-FEB-02 12.00.00.000000000 AM','DD-MON-RR HH.MI.SS.FF AM'),152,'18','279','70','Normal','Animal appears bored.');
Insert into ANIMAL_CHECKUP (ANIM_CHECKUP_DATE,ANIM_ID,ANIM_CHECKUP_HEIGHT,ANIM_CHECKUP_WEIGHT,ANIM_CHECKUP_LENGTH,ANIM_CHECKUP_GENERAL_HEALTH,ANIM_CHECKUP_OTHER_DETAILS) values (to_timestamp('03-FEB-06 12.00.00.000000000 AM','DD-MON-RR HH.MI.SS.FF AM'),138,'26','140','165','Normal',' ');
Insert into ANIMAL_CHECKUP (ANIM_CHECKUP_DATE,ANIM_ID,ANIM_CHECKUP_HEIGHT,ANIM_CHECKUP_WEIGHT,ANIM_CHECKUP_LENGTH,ANIM_CHECKUP_GENERAL_HEALTH,ANIM_CHECKUP_OTHER_DETAILS) values (to_timestamp('11-FEB-09 12.00.00.000000000 AM','DD-MON-RR HH.MI.SS.FF AM'),59,'25','76','52','Normal','Animal has poor dental hygiene');
Insert into ANIMAL_CHECKUP (ANIM_CHECKUP_DATE,ANIM_ID,ANIM_CHECKUP_HEIGHT,ANIM_CHECKUP_WEIGHT,ANIM_CHECKUP_LENGTH,ANIM_CHECKUP_GENERAL_HEALTH,ANIM_CHECKUP_OTHER_DETAILS) values (to_timestamp('09-FEB-04 12.00.00.000000000 AM','DD-MON-RR HH.MI.SS.FF AM'),173,'15','292','115','Normal',' ');
Insert into ANIMAL_CHECKUP (ANIM_CHECKUP_DATE,ANIM_ID,ANIM_CHECKUP_HEIGHT,ANIM_CHECKUP_WEIGHT,ANIM_CHECKUP_LENGTH,ANIM_CHECKUP_GENERAL_HEALTH,ANIM_CHECKUP_OTHER_DETAILS) values (to_timestamp('14-MAR-05 12.00.00.000000000 AM','DD-MON-RR HH.MI.SS.FF AM'),23,'10','106','115','Normal','Animal has poor dental hygiene');
Insert into ANIMAL_CHECKUP (ANIM_CHECKUP_DATE,ANIM_ID,ANIM_CHECKUP_HEIGHT,ANIM_CHECKUP_WEIGHT,ANIM_CHECKUP_LENGTH,ANIM_CHECKUP_GENERAL_HEALTH,ANIM_CHECKUP_OTHER_DETAILS) values (to_timestamp('05-MAR-04 12.00.00.000000000 AM','DD-MON-RR HH.MI.SS.FF AM'),23,'8','103','110','Normal',' ');
Insert into ANIMAL_CHECKUP (ANIM_CHECKUP_DATE,ANIM_ID,ANIM_CHECKUP_HEIGHT,ANIM_CHECKUP_WEIGHT,ANIM_CHECKUP_LENGTH,ANIM_CHECKUP_GENERAL_HEALTH,ANIM_CHECKUP_OTHER_DETAILS) values (to_timestamp('31-MAR-02 12.00.00.000000000 AM','DD-MON-RR HH.MI.SS.FF AM'),41,'9','311','194','Normal',' ');
Insert into ANIMAL_CHECKUP (ANIM_CHECKUP_DATE,ANIM_ID,ANIM_CHECKUP_HEIGHT,ANIM_CHECKUP_WEIGHT,ANIM_CHECKUP_LENGTH,ANIM_CHECKUP_GENERAL_HEALTH,ANIM_CHECKUP_OTHER_DETAILS) values (to_timestamp('29-MAR-03 12.00.00.000000000 AM','DD-MON-RR HH.MI.SS.FF AM'),110,'31','280','165','Normal',' ');
Insert into ANIMAL_CHECKUP (ANIM_CHECKUP_DATE,ANIM_ID,ANIM_CHECKUP_HEIGHT,ANIM_CHECKUP_WEIGHT,ANIM_CHECKUP_LENGTH,ANIM_CHECKUP_GENERAL_HEALTH,ANIM_CHECKUP_OTHER_DETAILS) values (to_timestamp('18-MAR-08 12.00.00.000000000 AM','DD-MON-RR HH.MI.SS.FF AM'),157,'15','120','79','Normal','Animal is very alert and playful');
Insert into ANIMAL_CHECKUP (ANIM_CHECKUP_DATE,ANIM_ID,ANIM_CHECKUP_HEIGHT,ANIM_CHECKUP_WEIGHT,ANIM_CHECKUP_LENGTH,ANIM_CHECKUP_GENERAL_HEALTH,ANIM_CHECKUP_OTHER_DETAILS) values (to_timestamp('31-MAR-05 12.00.00.000000000 AM','DD-MON-RR HH.MI.SS.FF AM'),134,'6','324','40','Normal',' ');
Insert into ANIMAL_CHECKUP (ANIM_CHECKUP_DATE,ANIM_ID,ANIM_CHECKUP_HEIGHT,ANIM_CHECKUP_WEIGHT,ANIM_CHECKUP_LENGTH,ANIM_CHECKUP_GENERAL_HEALTH,ANIM_CHECKUP_OTHER_DETAILS) values (to_timestamp('12-FEB-05 12.00.00.000000000 AM','DD-MON-RR HH.MI.SS.FF AM'),88,'25','355','114','Ill',' ');
Insert into ANIMAL_CHECKUP (ANIM_CHECKUP_DATE,ANIM_ID,ANIM_CHECKUP_HEIGHT,ANIM_CHECKUP_WEIGHT,ANIM_CHECKUP_LENGTH,ANIM_CHECKUP_GENERAL_HEALTH,ANIM_CHECKUP_OTHER_DETAILS) values (to_timestamp('03-MAR-04 12.00.00.000000000 AM','DD-MON-RR HH.MI.SS.FF AM'),42,'5','298','102','Malnourished','Animal rations should be increased by 5%');
Insert into ANIMAL_CHECKUP (ANIM_CHECKUP_DATE,ANIM_ID,ANIM_CHECKUP_HEIGHT,ANIM_CHECKUP_WEIGHT,ANIM_CHECKUP_LENGTH,ANIM_CHECKUP_GENERAL_HEALTH,ANIM_CHECKUP_OTHER_DETAILS) values (to_timestamp('26-MAR-04 12.00.00.000000000 AM','DD-MON-RR HH.MI.SS.FF AM'),55,'30','41','171','Malnourished','Animal rations should be increased by 10%');
Insert into ANIMAL_CHECKUP (ANIM_CHECKUP_DATE,ANIM_ID,ANIM_CHECKUP_HEIGHT,ANIM_CHECKUP_WEIGHT,ANIM_CHECKUP_LENGTH,ANIM_CHECKUP_GENERAL_HEALTH,ANIM_CHECKUP_OTHER_DETAILS) values (to_timestamp('02-MAR-07 12.00.00.000000000 AM','DD-MON-RR HH.MI.SS.FF AM'),133,'27','81','23','Normal','Animal is very alert and playful');
Insert into ANIMAL_CHECKUP (ANIM_CHECKUP_DATE,ANIM_ID,ANIM_CHECKUP_HEIGHT,ANIM_CHECKUP_WEIGHT,ANIM_CHECKUP_LENGTH,ANIM_CHECKUP_GENERAL_HEALTH,ANIM_CHECKUP_OTHER_DETAILS) values (to_timestamp('05-MAR-09 12.00.00.000000000 AM','DD-MON-RR HH.MI.SS.FF AM'),87,'10','79','18','Normal','Animal appears bored.');
Insert into ANIMAL_CHECKUP (ANIM_CHECKUP_DATE,ANIM_ID,ANIM_CHECKUP_HEIGHT,ANIM_CHECKUP_WEIGHT,ANIM_CHECKUP_LENGTH,ANIM_CHECKUP_GENERAL_HEALTH,ANIM_CHECKUP_OTHER_DETAILS) values (to_timestamp('09-MAR-07 12.00.00.000000000 AM','DD-MON-RR HH.MI.SS.FF AM'),124,'7','275','133','Normal',' ');
Insert into ANIMAL_CHECKUP (ANIM_CHECKUP_DATE,ANIM_ID,ANIM_CHECKUP_HEIGHT,ANIM_CHECKUP_WEIGHT,ANIM_CHECKUP_LENGTH,ANIM_CHECKUP_GENERAL_HEALTH,ANIM_CHECKUP_OTHER_DETAILS) values (to_timestamp('11-FEB-04 12.00.00.000000000 AM','DD-MON-RR HH.MI.SS.FF AM'),79,'24','215','16','Normal','Animal is very alert and playful');
Insert into ANIMAL_CHECKUP (ANIM_CHECKUP_DATE,ANIM_ID,ANIM_CHECKUP_HEIGHT,ANIM_CHECKUP_WEIGHT,ANIM_CHECKUP_LENGTH,ANIM_CHECKUP_GENERAL_HEALTH,ANIM_CHECKUP_OTHER_DETAILS) values (to_timestamp('05-MAR-06 12.00.00.000000000 AM','DD-MON-RR HH.MI.SS.FF AM'),55,'27','3','172','Normal',' ');
Insert into ANIMAL_CHECKUP (ANIM_CHECKUP_DATE,ANIM_ID,ANIM_CHECKUP_HEIGHT,ANIM_CHECKUP_WEIGHT,ANIM_CHECKUP_LENGTH,ANIM_CHECKUP_GENERAL_HEALTH,ANIM_CHECKUP_OTHER_DETAILS) values (to_timestamp('31-MAR-07 12.00.00.000000000 AM','DD-MON-RR HH.MI.SS.FF AM'),105,'21','286','174','Normal','Animal is very alert and playful');
Insert into ANIMAL_CHECKUP (ANIM_CHECKUP_DATE,ANIM_ID,ANIM_CHECKUP_HEIGHT,ANIM_CHECKUP_WEIGHT,ANIM_CHECKUP_LENGTH,ANIM_CHECKUP_GENERAL_HEALTH,ANIM_CHECKUP_OTHER_DETAILS) values (to_timestamp('18-MAR-09 12.00.00.000000000 AM','DD-MON-RR HH.MI.SS.FF AM'),61,'13','110','57','Normal','Animal appears bored.');
Insert into ANIMAL_CHECKUP (ANIM_CHECKUP_DATE,ANIM_ID,ANIM_CHECKUP_HEIGHT,ANIM_CHECKUP_WEIGHT,ANIM_CHECKUP_LENGTH,ANIM_CHECKUP_GENERAL_HEALTH,ANIM_CHECKUP_OTHER_DETAILS) values (to_timestamp('09-MAR-07 12.00.00.000000000 AM','DD-MON-RR HH.MI.SS.FF AM'),152,'17','319','62','Normal','Animal has poor dental hygiene');
Insert into ANIMAL_CHECKUP (ANIM_CHECKUP_DATE,ANIM_ID,ANIM_CHECKUP_HEIGHT,ANIM_CHECKUP_WEIGHT,ANIM_CHECKUP_LENGTH,ANIM_CHECKUP_GENERAL_HEALTH,ANIM_CHECKUP_OTHER_DETAILS) values (to_timestamp('01-MAR-03 12.00.00.000000000 AM','DD-MON-RR HH.MI.SS.FF AM'),78,'15','191','133','Malnourished','Animal rations should be increased by 5%');
Insert into ANIMAL_CHECKUP (ANIM_CHECKUP_DATE,ANIM_ID,ANIM_CHECKUP_HEIGHT,ANIM_CHECKUP_WEIGHT,ANIM_CHECKUP_LENGTH,ANIM_CHECKUP_GENERAL_HEALTH,ANIM_CHECKUP_OTHER_DETAILS) values (to_timestamp('16-MAR-08 12.00.00.000000000 AM','DD-MON-RR HH.MI.SS.FF AM'),23,'8','139','113','Normal',' ');
Insert into ANIMAL_CHECKUP (ANIM_CHECKUP_DATE,ANIM_ID,ANIM_CHECKUP_HEIGHT,ANIM_CHECKUP_WEIGHT,ANIM_CHECKUP_LENGTH,ANIM_CHECKUP_GENERAL_HEALTH,ANIM_CHECKUP_OTHER_DETAILS) values (to_timestamp('01-MAR-07 12.00.00.000000000 AM','DD-MON-RR HH.MI.SS.FF AM'),15,'12','159','130','Normal',' ');
Insert into ANIMAL_CHECKUP (ANIM_CHECKUP_DATE,ANIM_ID,ANIM_CHECKUP_HEIGHT,ANIM_CHECKUP_WEIGHT,ANIM_CHECKUP_LENGTH,ANIM_CHECKUP_GENERAL_HEALTH,ANIM_CHECKUP_OTHER_DETAILS) values (to_timestamp('22-MAY-99 12.00.00.000000000 AM','DD-MON-RR HH.MI.SS.FF AM'),123,'7','14','94','Normal','Animal appears bored.');
Insert into ANIMAL_CHECKUP (ANIM_CHECKUP_DATE,ANIM_ID,ANIM_CHECKUP_HEIGHT,ANIM_CHECKUP_WEIGHT,ANIM_CHECKUP_LENGTH,ANIM_CHECKUP_GENERAL_HEALTH,ANIM_CHECKUP_OTHER_DETAILS) values (to_timestamp('30-APR-01 12.00.00.000000000 AM','DD-MON-RR HH.MI.SS.FF AM'),166,'10','305','161','Normal','Animal is very alert and playful');
Insert into ANIMAL_CHECKUP (ANIM_CHECKUP_DATE,ANIM_ID,ANIM_CHECKUP_HEIGHT,ANIM_CHECKUP_WEIGHT,ANIM_CHECKUP_LENGTH,ANIM_CHECKUP_GENERAL_HEALTH,ANIM_CHECKUP_OTHER_DETAILS) values (to_timestamp('18-APR-02 12.00.00.000000000 AM','DD-MON-RR HH.MI.SS.FF AM'),7,'10','312','179','Normal','Animal has poor dental hygiene');
Insert into ANIMAL_CHECKUP (ANIM_CHECKUP_DATE,ANIM_ID,ANIM_CHECKUP_HEIGHT,ANIM_CHECKUP_WEIGHT,ANIM_CHECKUP_LENGTH,ANIM_CHECKUP_GENERAL_HEALTH,ANIM_CHECKUP_OTHER_DETAILS) values (to_timestamp('01-APR-03 12.00.00.000000000 AM','DD-MON-RR HH.MI.SS.FF AM'),56,'12','412','193','Normal','Animal is very alert and playful');
Insert into ANIMAL_CHECKUP (ANIM_CHECKUP_DATE,ANIM_ID,ANIM_CHECKUP_HEIGHT,ANIM_CHECKUP_WEIGHT,ANIM_CHECKUP_LENGTH,ANIM_CHECKUP_GENERAL_HEALTH,ANIM_CHECKUP_OTHER_DETAILS) values (to_timestamp('12-MAY-01 12.00.00.000000000 AM','DD-MON-RR HH.MI.SS.FF AM'),190,'22','206','181','Ill','Animal is vomiting daily.');
Insert into ANIMAL_CHECKUP (ANIM_CHECKUP_DATE,ANIM_ID,ANIM_CHECKUP_HEIGHT,ANIM_CHECKUP_WEIGHT,ANIM_CHECKUP_LENGTH,ANIM_CHECKUP_GENERAL_HEALTH,ANIM_CHECKUP_OTHER_DETAILS) values (to_timestamp('12-MAY-99 12.00.00.000000000 AM','DD-MON-RR HH.MI.SS.FF AM'),161,'31','102','123','Normal','Animal has poor dental hygiene');
Insert into ANIMAL_CHECKUP (ANIM_CHECKUP_DATE,ANIM_ID,ANIM_CHECKUP_HEIGHT,ANIM_CHECKUP_WEIGHT,ANIM_CHECKUP_LENGTH,ANIM_CHECKUP_GENERAL_HEALTH,ANIM_CHECKUP_OTHER_DETAILS) values (to_timestamp('21-MAY-05 12.00.00.000000000 AM','DD-MON-RR HH.MI.SS.FF AM'),83,'32','218','86','Normal',' ');
Insert into ANIMAL_CHECKUP (ANIM_CHECKUP_DATE,ANIM_ID,ANIM_CHECKUP_HEIGHT,ANIM_CHECKUP_WEIGHT,ANIM_CHECKUP_LENGTH,ANIM_CHECKUP_GENERAL_HEALTH,ANIM_CHECKUP_OTHER_DETAILS) values (to_timestamp('13-MAY-08 12.00.00.000000000 AM','DD-MON-RR HH.MI.SS.FF AM'),167,'28','44','70','Normal','Animal is very alert and playful');
Insert into ANIMAL_CHECKUP (ANIM_CHECKUP_DATE,ANIM_ID,ANIM_CHECKUP_HEIGHT,ANIM_CHECKUP_WEIGHT,ANIM_CHECKUP_LENGTH,ANIM_CHECKUP_GENERAL_HEALTH,ANIM_CHECKUP_OTHER_DETAILS) values (to_timestamp('05-MAY-07 12.00.00.000000000 AM','DD-MON-RR HH.MI.SS.FF AM'),83,'28','281','91','Normal',' ');
Insert into ANIMAL_CHECKUP (ANIM_CHECKUP_DATE,ANIM_ID,ANIM_CHECKUP_HEIGHT,ANIM_CHECKUP_WEIGHT,ANIM_CHECKUP_LENGTH,ANIM_CHECKUP_GENERAL_HEALTH,ANIM_CHECKUP_OTHER_DETAILS) values (to_timestamp('20-APR-00 12.00.00.000000000 AM','DD-MON-RR HH.MI.SS.FF AM'),74,'10','326','98','Normal','Animal appears bored.');
Insert into ANIMAL_CHECKUP (ANIM_CHECKUP_DATE,ANIM_ID,ANIM_CHECKUP_HEIGHT,ANIM_CHECKUP_WEIGHT,ANIM_CHECKUP_LENGTH,ANIM_CHECKUP_GENERAL_HEALTH,ANIM_CHECKUP_OTHER_DETAILS) values (to_timestamp('23-MAY-07 12.00.00.000000000 AM','DD-MON-RR HH.MI.SS.FF AM'),25,'17','317','15','Normal','Animal appears bored.');
Insert into ANIMAL_CHECKUP (ANIM_CHECKUP_DATE,ANIM_ID,ANIM_CHECKUP_HEIGHT,ANIM_CHECKUP_WEIGHT,ANIM_CHECKUP_LENGTH,ANIM_CHECKUP_GENERAL_HEALTH,ANIM_CHECKUP_OTHER_DETAILS) values (to_timestamp('24-MAY-04 12.00.00.000000000 AM','DD-MON-RR HH.MI.SS.FF AM'),86,'20','356','33','Normal',' ');
Insert into ANIMAL_CHECKUP (ANIM_CHECKUP_DATE,ANIM_ID,ANIM_CHECKUP_HEIGHT,ANIM_CHECKUP_WEIGHT,ANIM_CHECKUP_LENGTH,ANIM_CHECKUP_GENERAL_HEALTH,ANIM_CHECKUP_OTHER_DETAILS) values (to_timestamp('14-MAY-04 12.00.00.000000000 AM','DD-MON-RR HH.MI.SS.FF AM'),32,'13','190','76','Ill','Animal is vomiting daily.');
Insert into ANIMAL_CHECKUP (ANIM_CHECKUP_DATE,ANIM_ID,ANIM_CHECKUP_HEIGHT,ANIM_CHECKUP_WEIGHT,ANIM_CHECKUP_LENGTH,ANIM_CHECKUP_GENERAL_HEALTH,ANIM_CHECKUP_OTHER_DETAILS) values (to_timestamp('16-MAY-08 12.00.00.000000000 AM','DD-MON-RR HH.MI.SS.FF AM'),40,'24','326','46','Normal',' ');
Insert into ANIMAL_CHECKUP (ANIM_CHECKUP_DATE,ANIM_ID,ANIM_CHECKUP_HEIGHT,ANIM_CHECKUP_WEIGHT,ANIM_CHECKUP_LENGTH,ANIM_CHECKUP_GENERAL_HEALTH,ANIM_CHECKUP_OTHER_DETAILS) values (to_timestamp('23-APR-10 12.00.00.000000000 AM','DD-MON-RR HH.MI.SS.FF AM'),171,'26','195','52','Normal',' ');
Insert into ANIMAL_CHECKUP (ANIM_CHECKUP_DATE,ANIM_ID,ANIM_CHECKUP_HEIGHT,ANIM_CHECKUP_WEIGHT,ANIM_CHECKUP_LENGTH,ANIM_CHECKUP_GENERAL_HEALTH,ANIM_CHECKUP_OTHER_DETAILS) values (to_timestamp('20-APR-09 12.00.00.000000000 AM','DD-MON-RR HH.MI.SS.FF AM'),26,'12','227','147','Normal',' ');
Insert into ANIMAL_CHECKUP (ANIM_CHECKUP_DATE,ANIM_ID,ANIM_CHECKUP_HEIGHT,ANIM_CHECKUP_WEIGHT,ANIM_CHECKUP_LENGTH,ANIM_CHECKUP_GENERAL_HEALTH,ANIM_CHECKUP_OTHER_DETAILS) values (to_timestamp('14-APR-10 12.00.00.000000000 AM','DD-MON-RR HH.MI.SS.FF AM'),30,'19','188','127','Normal',' ');
Insert into ANIMAL_CHECKUP (ANIM_CHECKUP_DATE,ANIM_ID,ANIM_CHECKUP_HEIGHT,ANIM_CHECKUP_WEIGHT,ANIM_CHECKUP_LENGTH,ANIM_CHECKUP_GENERAL_HEALTH,ANIM_CHECKUP_OTHER_DETAILS) values (to_timestamp('21-MAY-10 12.00.00.000000000 AM','DD-MON-RR HH.MI.SS.FF AM'),118,'29','91','176','Normal',' ');
Insert into ANIMAL_CHECKUP (ANIM_CHECKUP_DATE,ANIM_ID,ANIM_CHECKUP_HEIGHT,ANIM_CHECKUP_WEIGHT,ANIM_CHECKUP_LENGTH,ANIM_CHECKUP_GENERAL_HEALTH,ANIM_CHECKUP_OTHER_DETAILS) values (to_timestamp('11-APR-12 12.00.00.000000000 AM','DD-MON-RR HH.MI.SS.FF AM'),67,'14','147','17','Normal',' ');
Insert into ANIMAL_CHECKUP (ANIM_CHECKUP_DATE,ANIM_ID,ANIM_CHECKUP_HEIGHT,ANIM_CHECKUP_WEIGHT,ANIM_CHECKUP_LENGTH,ANIM_CHECKUP_GENERAL_HEALTH,ANIM_CHECKUP_OTHER_DETAILS) values (to_timestamp('12-APR-12 12.00.00.000000000 AM','DD-MON-RR HH.MI.SS.FF AM'),22,'3','108','50','Normal','Animal has poor dental hygiene');
Insert into ANIMAL_CHECKUP (ANIM_CHECKUP_DATE,ANIM_ID,ANIM_CHECKUP_HEIGHT,ANIM_CHECKUP_WEIGHT,ANIM_CHECKUP_LENGTH,ANIM_CHECKUP_GENERAL_HEALTH,ANIM_CHECKUP_OTHER_DETAILS) values (to_timestamp('20-APR-13 12.00.00.000000000 AM','DD-MON-RR HH.MI.SS.FF AM'),118,'24','96','181','Normal','Animal has poor dental hygiene');
Insert into ANIMAL_CHECKUP (ANIM_CHECKUP_DATE,ANIM_ID,ANIM_CHECKUP_HEIGHT,ANIM_CHECKUP_WEIGHT,ANIM_CHECKUP_LENGTH,ANIM_CHECKUP_GENERAL_HEALTH,ANIM_CHECKUP_OTHER_DETAILS) values (to_timestamp('02-APR-07 12.00.00.000000000 AM','DD-MON-RR HH.MI.SS.FF AM'),129,'5','246','2','Normal','Animal is very alert and playful');
Insert into ANIMAL_CHECKUP (ANIM_CHECKUP_DATE,ANIM_ID,ANIM_CHECKUP_HEIGHT,ANIM_CHECKUP_WEIGHT,ANIM_CHECKUP_LENGTH,ANIM_CHECKUP_GENERAL_HEALTH,ANIM_CHECKUP_OTHER_DETAILS) values (to_timestamp('12-APR-07 12.00.00.000000000 AM','DD-MON-RR HH.MI.SS.FF AM'),1,'8','64','149','Ill','Animal appears very tired and sluggish.');
Insert into ANIMAL_CHECKUP (ANIM_CHECKUP_DATE,ANIM_ID,ANIM_CHECKUP_HEIGHT,ANIM_CHECKUP_WEIGHT,ANIM_CHECKUP_LENGTH,ANIM_CHECKUP_GENERAL_HEALTH,ANIM_CHECKUP_OTHER_DETAILS) values (to_timestamp('14-APR-08 12.00.00.000000000 AM','DD-MON-RR HH.MI.SS.FF AM'),129,'10','283','4','Normal',' ');
Insert into ANIMAL_CHECKUP (ANIM_CHECKUP_DATE,ANIM_ID,ANIM_CHECKUP_HEIGHT,ANIM_CHECKUP_WEIGHT,ANIM_CHECKUP_LENGTH,ANIM_CHECKUP_GENERAL_HEALTH,ANIM_CHECKUP_OTHER_DETAILS) values (to_timestamp('11-MAY-12 12.00.00.000000000 AM','DD-MON-RR HH.MI.SS.FF AM'),12,'28','247','60','Normal',' ');
Insert into ANIMAL_CHECKUP (ANIM_CHECKUP_DATE,ANIM_ID,ANIM_CHECKUP_HEIGHT,ANIM_CHECKUP_WEIGHT,ANIM_CHECKUP_LENGTH,ANIM_CHECKUP_GENERAL_HEALTH,ANIM_CHECKUP_OTHER_DETAILS) values (to_timestamp('20-MAY-11 12.00.00.000000000 AM','DD-MON-RR HH.MI.SS.FF AM'),12,'27','253','67','Normal',' ');
Insert into ANIMAL_CHECKUP (ANIM_CHECKUP_DATE,ANIM_ID,ANIM_CHECKUP_HEIGHT,ANIM_CHECKUP_WEIGHT,ANIM_CHECKUP_LENGTH,ANIM_CHECKUP_GENERAL_HEALTH,ANIM_CHECKUP_OTHER_DETAILS) values (to_timestamp('30-MAY-11 12.00.00.000000000 AM','DD-MON-RR HH.MI.SS.FF AM'),107,'30','247','22','Normal',' ');
Insert into ANIMAL_CHECKUP (ANIM_CHECKUP_DATE,ANIM_ID,ANIM_CHECKUP_HEIGHT,ANIM_CHECKUP_WEIGHT,ANIM_CHECKUP_LENGTH,ANIM_CHECKUP_GENERAL_HEALTH,ANIM_CHECKUP_OTHER_DETAILS) values (to_timestamp('18-JUN-05 12.00.00.000000000 AM','DD-MON-RR HH.MI.SS.FF AM'),69,'22','118','26','Normal','Animal appears bored.');
Insert into ANIMAL_CHECKUP (ANIM_CHECKUP_DATE,ANIM_ID,ANIM_CHECKUP_HEIGHT,ANIM_CHECKUP_WEIGHT,ANIM_CHECKUP_LENGTH,ANIM_CHECKUP_GENERAL_HEALTH,ANIM_CHECKUP_OTHER_DETAILS) values (to_timestamp('04-MAY-11 12.00.00.000000000 AM','DD-MON-RR HH.MI.SS.FF AM'),104,'6','303','107','Normal','Animal appears bored.');
Insert into ANIMAL_CHECKUP (ANIM_CHECKUP_DATE,ANIM_ID,ANIM_CHECKUP_HEIGHT,ANIM_CHECKUP_WEIGHT,ANIM_CHECKUP_LENGTH,ANIM_CHECKUP_GENERAL_HEALTH,ANIM_CHECKUP_OTHER_DETAILS) values (to_timestamp('05-MAY-11 12.00.00.000000000 AM','DD-MON-RR HH.MI.SS.FF AM'),72,'29','250','36','Normal',' ');
Insert into ANIMAL_CHECKUP (ANIM_CHECKUP_DATE,ANIM_ID,ANIM_CHECKUP_HEIGHT,ANIM_CHECKUP_WEIGHT,ANIM_CHECKUP_LENGTH,ANIM_CHECKUP_GENERAL_HEALTH,ANIM_CHECKUP_OTHER_DETAILS) values (to_timestamp('20-MAY-13 12.00.00.000000000 AM','DD-MON-RR HH.MI.SS.FF AM'),170,'15','98','16','Normal',' ');
Insert into ANIMAL_CHECKUP (ANIM_CHECKUP_DATE,ANIM_ID,ANIM_CHECKUP_HEIGHT,ANIM_CHECKUP_WEIGHT,ANIM_CHECKUP_LENGTH,ANIM_CHECKUP_GENERAL_HEALTH,ANIM_CHECKUP_OTHER_DETAILS) values (to_timestamp('29-JUN-07 12.00.00.000000000 AM','DD-MON-RR HH.MI.SS.FF AM'),69,'18','75','20','Normal',' ');
Insert into ANIMAL_CHECKUP (ANIM_CHECKUP_DATE,ANIM_ID,ANIM_CHECKUP_HEIGHT,ANIM_CHECKUP_WEIGHT,ANIM_CHECKUP_LENGTH,ANIM_CHECKUP_GENERAL_HEALTH,ANIM_CHECKUP_OTHER_DETAILS) values (to_timestamp('24-MAY-10 12.00.00.000000000 AM','DD-MON-RR HH.MI.SS.FF AM'),12,'23','289','62','Normal',' ');
Insert into ANIMAL_CHECKUP (ANIM_CHECKUP_DATE,ANIM_ID,ANIM_CHECKUP_HEIGHT,ANIM_CHECKUP_WEIGHT,ANIM_CHECKUP_LENGTH,ANIM_CHECKUP_GENERAL_HEALTH,ANIM_CHECKUP_OTHER_DETAILS) values (to_timestamp('18-MAY-07 12.00.00.000000000 AM','DD-MON-RR HH.MI.SS.FF AM'),36,'20','322','99','Normal','Animal is very alert and playful');
Insert into ANIMAL_CHECKUP (ANIM_CHECKUP_DATE,ANIM_ID,ANIM_CHECKUP_HEIGHT,ANIM_CHECKUP_WEIGHT,ANIM_CHECKUP_LENGTH,ANIM_CHECKUP_GENERAL_HEALTH,ANIM_CHECKUP_OTHER_DETAILS) values (to_timestamp('19-MAY-14 12.00.00.000000000 AM','DD-MON-RR HH.MI.SS.FF AM'),182,'5','335','175','Normal','Animal appears bored.');
Insert into ANIMAL_CHECKUP (ANIM_CHECKUP_DATE,ANIM_ID,ANIM_CHECKUP_HEIGHT,ANIM_CHECKUP_WEIGHT,ANIM_CHECKUP_LENGTH,ANIM_CHECKUP_GENERAL_HEALTH,ANIM_CHECKUP_OTHER_DETAILS) values (to_timestamp('18-JUN-07 12.00.00.000000000 AM','DD-MON-RR HH.MI.SS.FF AM'),19,'6','23','57','Normal',' ');
Insert into ANIMAL_CHECKUP (ANIM_CHECKUP_DATE,ANIM_ID,ANIM_CHECKUP_HEIGHT,ANIM_CHECKUP_WEIGHT,ANIM_CHECKUP_LENGTH,ANIM_CHECKUP_GENERAL_HEALTH,ANIM_CHECKUP_OTHER_DETAILS) values (to_timestamp('11-JUN-11 12.00.00.000000000 AM','DD-MON-RR HH.MI.SS.FF AM'),68,'19','262','192','Normal',' ');
Insert into ANIMAL_CHECKUP (ANIM_CHECKUP_DATE,ANIM_ID,ANIM_CHECKUP_HEIGHT,ANIM_CHECKUP_WEIGHT,ANIM_CHECKUP_LENGTH,ANIM_CHECKUP_GENERAL_HEALTH,ANIM_CHECKUP_OTHER_DETAILS) values (to_timestamp('04-JUN-09 12.00.00.000000000 AM','DD-MON-RR HH.MI.SS.FF AM'),16,'29','32','59','Normal','Animal is very alert and playful');
Insert into ANIMAL_CHECKUP (ANIM_CHECKUP_DATE,ANIM_ID,ANIM_CHECKUP_HEIGHT,ANIM_CHECKUP_WEIGHT,ANIM_CHECKUP_LENGTH,ANIM_CHECKUP_GENERAL_HEALTH,ANIM_CHECKUP_OTHER_DETAILS) values (to_timestamp('15-JUN-10 12.00.00.000000000 AM','DD-MON-RR HH.MI.SS.FF AM'),178,'30','261','18','Malnourished','Animal rations should be increased by 10%');
Insert into ANIMAL_CHECKUP (ANIM_CHECKUP_DATE,ANIM_ID,ANIM_CHECKUP_HEIGHT,ANIM_CHECKUP_WEIGHT,ANIM_CHECKUP_LENGTH,ANIM_CHECKUP_GENERAL_HEALTH,ANIM_CHECKUP_OTHER_DETAILS) values (to_timestamp('25-JUN-05 12.00.00.000000000 AM','DD-MON-RR HH.MI.SS.FF AM'),45,'7','301','84','Normal',' ');
Insert into ANIMAL_CHECKUP (ANIM_CHECKUP_DATE,ANIM_ID,ANIM_CHECKUP_HEIGHT,ANIM_CHECKUP_WEIGHT,ANIM_CHECKUP_LENGTH,ANIM_CHECKUP_GENERAL_HEALTH,ANIM_CHECKUP_OTHER_DETAILS) values (to_timestamp('06-JUN-07 12.00.00.000000000 AM','DD-MON-RR HH.MI.SS.FF AM'),19,'6','75','51','Malnourished','Animal rations should be increased by 5%');
Insert into ANIMAL_CHECKUP (ANIM_CHECKUP_DATE,ANIM_ID,ANIM_CHECKUP_HEIGHT,ANIM_CHECKUP_WEIGHT,ANIM_CHECKUP_LENGTH,ANIM_CHECKUP_GENERAL_HEALTH,ANIM_CHECKUP_OTHER_DETAILS) values (to_timestamp('05-JUN-13 12.00.00.000000000 AM','DD-MON-RR HH.MI.SS.FF AM'),73,'21','198','193','Normal',' ');
Insert into ANIMAL_CHECKUP (ANIM_CHECKUP_DATE,ANIM_ID,ANIM_CHECKUP_HEIGHT,ANIM_CHECKUP_WEIGHT,ANIM_CHECKUP_LENGTH,ANIM_CHECKUP_GENERAL_HEALTH,ANIM_CHECKUP_OTHER_DETAILS) values (to_timestamp('10-JUN-08 12.00.00.000000000 AM','DD-MON-RR HH.MI.SS.FF AM'),177,'11','92','194','Malnourished','Animal rations should be increased by 5%');
Insert into ANIMAL_CHECKUP (ANIM_CHECKUP_DATE,ANIM_ID,ANIM_CHECKUP_HEIGHT,ANIM_CHECKUP_WEIGHT,ANIM_CHECKUP_LENGTH,ANIM_CHECKUP_GENERAL_HEALTH,ANIM_CHECKUP_OTHER_DETAILS) values (to_timestamp('10-JUN-10 12.00.00.000000000 AM','DD-MON-RR HH.MI.SS.FF AM'),13,'23','70','58','Normal',' ');
Insert into ANIMAL_CHECKUP (ANIM_CHECKUP_DATE,ANIM_ID,ANIM_CHECKUP_HEIGHT,ANIM_CHECKUP_WEIGHT,ANIM_CHECKUP_LENGTH,ANIM_CHECKUP_GENERAL_HEALTH,ANIM_CHECKUP_OTHER_DETAILS) values (to_timestamp('06-JUN-09 12.00.00.000000000 AM','DD-MON-RR HH.MI.SS.FF AM'),45,'9','324','83','Normal',' ');
Insert into ANIMAL_CHECKUP (ANIM_CHECKUP_DATE,ANIM_ID,ANIM_CHECKUP_HEIGHT,ANIM_CHECKUP_WEIGHT,ANIM_CHECKUP_LENGTH,ANIM_CHECKUP_GENERAL_HEALTH,ANIM_CHECKUP_OTHER_DETAILS) values (to_timestamp('17-JUN-09 12.00.00.000000000 AM','DD-MON-RR HH.MI.SS.FF AM'),45,'6','240','85','Normal',' ');
Insert into ANIMAL_CHECKUP (ANIM_CHECKUP_DATE,ANIM_ID,ANIM_CHECKUP_HEIGHT,ANIM_CHECKUP_WEIGHT,ANIM_CHECKUP_LENGTH,ANIM_CHECKUP_GENERAL_HEALTH,ANIM_CHECKUP_OTHER_DETAILS) values (to_timestamp('20-JUN-13 12.00.00.000000000 AM','DD-MON-RR HH.MI.SS.FF AM'),27,'24','193','94','Normal',' ');
Insert into ANIMAL_CHECKUP (ANIM_CHECKUP_DATE,ANIM_ID,ANIM_CHECKUP_HEIGHT,ANIM_CHECKUP_WEIGHT,ANIM_CHECKUP_LENGTH,ANIM_CHECKUP_GENERAL_HEALTH,ANIM_CHECKUP_OTHER_DETAILS) values (to_timestamp('17-JUN-10 12.00.00.000000000 AM','DD-MON-RR HH.MI.SS.FF AM'),178,'30','270','26','Normal','Animal has poor dental hygiene');
Insert into ANIMAL_CHECKUP (ANIM_CHECKUP_DATE,ANIM_ID,ANIM_CHECKUP_HEIGHT,ANIM_CHECKUP_WEIGHT,ANIM_CHECKUP_LENGTH,ANIM_CHECKUP_GENERAL_HEALTH,ANIM_CHECKUP_OTHER_DETAILS) values (to_timestamp('04-JUL-09 12.00.00.000000000 AM','DD-MON-RR HH.MI.SS.FF AM'),103,'13','293','169','Normal','Animal is very alert and playful');
Insert into ANIMAL_CHECKUP (ANIM_CHECKUP_DATE,ANIM_ID,ANIM_CHECKUP_HEIGHT,ANIM_CHECKUP_WEIGHT,ANIM_CHECKUP_LENGTH,ANIM_CHECKUP_GENERAL_HEALTH,ANIM_CHECKUP_OTHER_DETAILS) values (to_timestamp('16-JUL-12 12.00.00.000000000 AM','DD-MON-RR HH.MI.SS.FF AM'),120,'31','371','172','Normal',' ');
Insert into ANIMAL_CHECKUP (ANIM_CHECKUP_DATE,ANIM_ID,ANIM_CHECKUP_HEIGHT,ANIM_CHECKUP_WEIGHT,ANIM_CHECKUP_LENGTH,ANIM_CHECKUP_GENERAL_HEALTH,ANIM_CHECKUP_OTHER_DETAILS) values (to_timestamp('20-JUL-14 12.00.00.000000000 AM','DD-MON-RR HH.MI.SS.FF AM'),103,'11','278','167','Normal','Animal has poor dental hygiene');
Insert into ANIMAL_CHECKUP (ANIM_CHECKUP_DATE,ANIM_ID,ANIM_CHECKUP_HEIGHT,ANIM_CHECKUP_WEIGHT,ANIM_CHECKUP_LENGTH,ANIM_CHECKUP_GENERAL_HEALTH,ANIM_CHECKUP_OTHER_DETAILS) values (to_timestamp('04-JUL-10 12.00.00.000000000 AM','DD-MON-RR HH.MI.SS.FF AM'),127,'23','427','131','Normal',' ');
Insert into ANIMAL_CHECKUP (ANIM_CHECKUP_DATE,ANIM_ID,ANIM_CHECKUP_HEIGHT,ANIM_CHECKUP_WEIGHT,ANIM_CHECKUP_LENGTH,ANIM_CHECKUP_GENERAL_HEALTH,ANIM_CHECKUP_OTHER_DETAILS) values (to_timestamp('13-JUL-06 12.00.00.000000000 AM','DD-MON-RR HH.MI.SS.FF AM'),53,'9','97','39','Normal',' ');
Insert into ANIMAL_CHECKUP (ANIM_CHECKUP_DATE,ANIM_ID,ANIM_CHECKUP_HEIGHT,ANIM_CHECKUP_WEIGHT,ANIM_CHECKUP_LENGTH,ANIM_CHECKUP_GENERAL_HEALTH,ANIM_CHECKUP_OTHER_DETAILS) values (to_timestamp('17-JUL-08 12.00.00.000000000 AM','DD-MON-RR HH.MI.SS.FF AM'),120,'30','323','177','Normal',' ');
Insert into ANIMAL_CHECKUP (ANIM_CHECKUP_DATE,ANIM_ID,ANIM_CHECKUP_HEIGHT,ANIM_CHECKUP_WEIGHT,ANIM_CHECKUP_LENGTH,ANIM_CHECKUP_GENERAL_HEALTH,ANIM_CHECKUP_OTHER_DETAILS) values (to_timestamp('23-JUL-10 12.00.00.000000000 AM','DD-MON-RR HH.MI.SS.FF AM'),33,'30','401','199','Normal',' ');
Insert into ANIMAL_CHECKUP (ANIM_CHECKUP_DATE,ANIM_ID,ANIM_CHECKUP_HEIGHT,ANIM_CHECKUP_WEIGHT,ANIM_CHECKUP_LENGTH,ANIM_CHECKUP_GENERAL_HEALTH,ANIM_CHECKUP_OTHER_DETAILS) values (to_timestamp('12-FEB-09 12.00.00.000000000 AM','DD-MON-RR HH.MI.SS.FF AM'),192,'14','89','186','Ill','Animal is vomiting daily.');
Insert into ANIMAL_CHECKUP (ANIM_CHECKUP_DATE,ANIM_ID,ANIM_CHECKUP_HEIGHT,ANIM_CHECKUP_WEIGHT,ANIM_CHECKUP_LENGTH,ANIM_CHECKUP_GENERAL_HEALTH,ANIM_CHECKUP_OTHER_DETAILS) values (to_timestamp('03-FEB-10 12.00.00.000000000 AM','DD-MON-RR HH.MI.SS.FF AM'),186,'12','188','66','Normal',' ');
Insert into ANIMAL_CHECKUP (ANIM_CHECKUP_DATE,ANIM_ID,ANIM_CHECKUP_HEIGHT,ANIM_CHECKUP_WEIGHT,ANIM_CHECKUP_LENGTH,ANIM_CHECKUP_GENERAL_HEALTH,ANIM_CHECKUP_OTHER_DETAILS) values (to_timestamp('12-FEB-10 12.00.00.000000000 AM','DD-MON-RR HH.MI.SS.FF AM'),29,'2','250','124','Malnourished',' ');
Insert into ANIMAL_CHECKUP (ANIM_CHECKUP_DATE,ANIM_ID,ANIM_CHECKUP_HEIGHT,ANIM_CHECKUP_WEIGHT,ANIM_CHECKUP_LENGTH,ANIM_CHECKUP_GENERAL_HEALTH,ANIM_CHECKUP_OTHER_DETAILS) values (to_timestamp('21-FEB-12 12.00.00.000000000 AM','DD-MON-RR HH.MI.SS.FF AM'),4,'11','263','154','Normal',' ');
Insert into ANIMAL_CHECKUP (ANIM_CHECKUP_DATE,ANIM_ID,ANIM_CHECKUP_HEIGHT,ANIM_CHECKUP_WEIGHT,ANIM_CHECKUP_LENGTH,ANIM_CHECKUP_GENERAL_HEALTH,ANIM_CHECKUP_OTHER_DETAILS) values (to_timestamp('08-FEB-11 12.00.00.000000000 AM','DD-MON-RR HH.MI.SS.FF AM'),82,'17','105','29','Normal',' ');
Insert into ANIMAL_CHECKUP (ANIM_CHECKUP_DATE,ANIM_ID,ANIM_CHECKUP_HEIGHT,ANIM_CHECKUP_WEIGHT,ANIM_CHECKUP_LENGTH,ANIM_CHECKUP_GENERAL_HEALTH,ANIM_CHECKUP_OTHER_DETAILS) values (to_timestamp('11-FEB-12 12.00.00.000000000 AM','DD-MON-RR HH.MI.SS.FF AM'),4,'11','222','149','Normal',' ');
Insert into ANIMAL_CHECKUP (ANIM_CHECKUP_DATE,ANIM_ID,ANIM_CHECKUP_HEIGHT,ANIM_CHECKUP_WEIGHT,ANIM_CHECKUP_LENGTH,ANIM_CHECKUP_GENERAL_HEALTH,ANIM_CHECKUP_OTHER_DETAILS) values (to_timestamp('26-FEB-11 12.00.00.000000000 AM','DD-MON-RR HH.MI.SS.FF AM'),82,'17','129','31','Normal','Animal is very alert and playful');
Insert into ANIMAL_CHECKUP (ANIM_CHECKUP_DATE,ANIM_ID,ANIM_CHECKUP_HEIGHT,ANIM_CHECKUP_WEIGHT,ANIM_CHECKUP_LENGTH,ANIM_CHECKUP_GENERAL_HEALTH,ANIM_CHECKUP_OTHER_DETAILS) values (to_timestamp('12-FEB-08 12.00.00.000000000 AM','DD-MON-RR HH.MI.SS.FF AM'),82,'16','113','35','Normal',' ');
Insert into ANIMAL_CHECKUP (ANIM_CHECKUP_DATE,ANIM_ID,ANIM_CHECKUP_HEIGHT,ANIM_CHECKUP_WEIGHT,ANIM_CHECKUP_LENGTH,ANIM_CHECKUP_GENERAL_HEALTH,ANIM_CHECKUP_OTHER_DETAILS) values (to_timestamp('10-FEB-10 12.00.00.000000000 AM','DD-MON-RR HH.MI.SS.FF AM'),82,'16','122','38','Normal','Animal is very alert and playful');
Insert into ANIMAL_CHECKUP (ANIM_CHECKUP_DATE,ANIM_ID,ANIM_CHECKUP_HEIGHT,ANIM_CHECKUP_WEIGHT,ANIM_CHECKUP_LENGTH,ANIM_CHECKUP_GENERAL_HEALTH,ANIM_CHECKUP_OTHER_DETAILS) values (to_timestamp('21-FEB-09 12.00.00.000000000 AM','DD-MON-RR HH.MI.SS.FF AM'),186,'14','199','61','Normal','Animal is very alert and playful');
Insert into ANIMAL_CHECKUP (ANIM_CHECKUP_DATE,ANIM_ID,ANIM_CHECKUP_HEIGHT,ANIM_CHECKUP_WEIGHT,ANIM_CHECKUP_LENGTH,ANIM_CHECKUP_GENERAL_HEALTH,ANIM_CHECKUP_OTHER_DETAILS) values (to_timestamp('14-FEB-09 12.00.00.000000000 AM','DD-MON-RR HH.MI.SS.FF AM'),169,'18','187','62','Ill','Gums are swollen and inflamed.');
Insert into ANIMAL_CHECKUP (ANIM_CHECKUP_DATE,ANIM_ID,ANIM_CHECKUP_HEIGHT,ANIM_CHECKUP_WEIGHT,ANIM_CHECKUP_LENGTH,ANIM_CHECKUP_GENERAL_HEALTH,ANIM_CHECKUP_OTHER_DETAILS) values (to_timestamp('15-FEB-11 12.00.00.000000000 AM','DD-MON-RR HH.MI.SS.FF AM'),29,'2','251','123','Normal','Animal has poor dental hygiene');
Insert into ANIMAL_CHECKUP (ANIM_CHECKUP_DATE,ANIM_ID,ANIM_CHECKUP_HEIGHT,ANIM_CHECKUP_WEIGHT,ANIM_CHECKUP_LENGTH,ANIM_CHECKUP_GENERAL_HEALTH,ANIM_CHECKUP_OTHER_DETAILS) values (to_timestamp('14-FEB-12 12.00.00.000000000 AM','DD-MON-RR HH.MI.SS.FF AM'),75,'9','99','124','Normal','Animal is very alert and playful');
Insert into ANIMAL_CHECKUP (ANIM_CHECKUP_DATE,ANIM_ID,ANIM_CHECKUP_HEIGHT,ANIM_CHECKUP_WEIGHT,ANIM_CHECKUP_LENGTH,ANIM_CHECKUP_GENERAL_HEALTH,ANIM_CHECKUP_OTHER_DETAILS) values (to_timestamp('05-FEB-13 12.00.00.000000000 AM','DD-MON-RR HH.MI.SS.FF AM'),82,'16','103','36','Normal','Animal has poor dental hygiene');
Insert into ANIMAL_CHECKUP (ANIM_CHECKUP_DATE,ANIM_ID,ANIM_CHECKUP_HEIGHT,ANIM_CHECKUP_WEIGHT,ANIM_CHECKUP_LENGTH,ANIM_CHECKUP_GENERAL_HEALTH,ANIM_CHECKUP_OTHER_DETAILS) values (to_timestamp('21-MAR-12 12.00.00.000000000 AM','DD-MON-RR HH.MI.SS.FF AM'),193,'24','113','79','Normal',' ');
Insert into ANIMAL_CHECKUP (ANIM_CHECKUP_DATE,ANIM_ID,ANIM_CHECKUP_HEIGHT,ANIM_CHECKUP_WEIGHT,ANIM_CHECKUP_LENGTH,ANIM_CHECKUP_GENERAL_HEALTH,ANIM_CHECKUP_OTHER_DETAILS) values (to_timestamp('03-MAR-13 12.00.00.000000000 AM','DD-MON-RR HH.MI.SS.FF AM'),84,'9','428','81','Normal',' ');
Insert into ANIMAL_CHECKUP (ANIM_CHECKUP_DATE,ANIM_ID,ANIM_CHECKUP_HEIGHT,ANIM_CHECKUP_WEIGHT,ANIM_CHECKUP_LENGTH,ANIM_CHECKUP_GENERAL_HEALTH,ANIM_CHECKUP_OTHER_DETAILS) values (to_timestamp('28-MAR-08 12.00.00.000000000 AM','DD-MON-RR HH.MI.SS.FF AM'),193,'25','44','82','Normal',' ');
Insert into ANIMAL_CHECKUP (ANIM_CHECKUP_DATE,ANIM_ID,ANIM_CHECKUP_HEIGHT,ANIM_CHECKUP_WEIGHT,ANIM_CHECKUP_LENGTH,ANIM_CHECKUP_GENERAL_HEALTH,ANIM_CHECKUP_OTHER_DETAILS) values (to_timestamp('09-MAR-12 12.00.00.000000000 AM','DD-MON-RR HH.MI.SS.FF AM'),132,'2','55','116','Malnourished',' ');
Insert into ANIMAL_CHECKUP (ANIM_CHECKUP_DATE,ANIM_ID,ANIM_CHECKUP_HEIGHT,ANIM_CHECKUP_WEIGHT,ANIM_CHECKUP_LENGTH,ANIM_CHECKUP_GENERAL_HEALTH,ANIM_CHECKUP_OTHER_DETAILS) values (to_timestamp('18-MAR-11 12.00.00.000000000 AM','DD-MON-RR HH.MI.SS.FF AM'),8,'11','96','170','Normal','Animal has poor dental hygiene');
Insert into ANIMAL_CHECKUP (ANIM_CHECKUP_DATE,ANIM_ID,ANIM_CHECKUP_HEIGHT,ANIM_CHECKUP_WEIGHT,ANIM_CHECKUP_LENGTH,ANIM_CHECKUP_GENERAL_HEALTH,ANIM_CHECKUP_OTHER_DETAILS) values (to_timestamp('08-MAR-09 12.00.00.000000000 AM','DD-MON-RR HH.MI.SS.FF AM'),8,'10','93','177','Normal','Animal appears bored.');
Insert into ANIMAL_CHECKUP (ANIM_CHECKUP_DATE,ANIM_ID,ANIM_CHECKUP_HEIGHT,ANIM_CHECKUP_WEIGHT,ANIM_CHECKUP_LENGTH,ANIM_CHECKUP_GENERAL_HEALTH,ANIM_CHECKUP_OTHER_DETAILS) values (to_timestamp('12-MAR-11 12.00.00.000000000 AM','DD-MON-RR HH.MI.SS.FF AM'),193,'26','109','82','Malnourished','Animal rations should be increased by 10%');
Insert into ANIMAL_CHECKUP (ANIM_CHECKUP_DATE,ANIM_ID,ANIM_CHECKUP_HEIGHT,ANIM_CHECKUP_WEIGHT,ANIM_CHECKUP_LENGTH,ANIM_CHECKUP_GENERAL_HEALTH,ANIM_CHECKUP_OTHER_DETAILS) values (to_timestamp('04-MAR-11 12.00.00.000000000 AM','DD-MON-RR HH.MI.SS.FF AM'),132,'3','61','118','Normal',' ');
Insert into ANIMAL_CHECKUP (ANIM_CHECKUP_DATE,ANIM_ID,ANIM_CHECKUP_HEIGHT,ANIM_CHECKUP_WEIGHT,ANIM_CHECKUP_LENGTH,ANIM_CHECKUP_GENERAL_HEALTH,ANIM_CHECKUP_OTHER_DETAILS) values (to_timestamp('01-MAR-12 12.00.00.000000000 AM','DD-MON-RR HH.MI.SS.FF AM'),84,'9','432','79','Normal',' ');
Insert into ANIMAL_CHECKUP (ANIM_CHECKUP_DATE,ANIM_ID,ANIM_CHECKUP_HEIGHT,ANIM_CHECKUP_WEIGHT,ANIM_CHECKUP_LENGTH,ANIM_CHECKUP_GENERAL_HEALTH,ANIM_CHECKUP_OTHER_DETAILS) values (to_timestamp('21-MAR-08 12.00.00.000000000 AM','DD-MON-RR HH.MI.SS.FF AM'),94,'25','253','174','Normal',' ');
Insert into ANIMAL_CHECKUP (ANIM_CHECKUP_DATE,ANIM_ID,ANIM_CHECKUP_HEIGHT,ANIM_CHECKUP_WEIGHT,ANIM_CHECKUP_LENGTH,ANIM_CHECKUP_GENERAL_HEALTH,ANIM_CHECKUP_OTHER_DETAILS) values (to_timestamp('24-APR-12 12.00.00.000000000 AM','DD-MON-RR HH.MI.SS.FF AM'),171,'26','135','48','Normal',' ');
Insert into ANIMAL_CHECKUP (ANIM_CHECKUP_DATE,ANIM_ID,ANIM_CHECKUP_HEIGHT,ANIM_CHECKUP_WEIGHT,ANIM_CHECKUP_LENGTH,ANIM_CHECKUP_GENERAL_HEALTH,ANIM_CHECKUP_OTHER_DETAILS) values (to_timestamp('27-APR-10 12.00.00.000000000 AM','DD-MON-RR HH.MI.SS.FF AM'),102,'14','268','7','Normal',' ');
Insert into ANIMAL_CHECKUP (ANIM_CHECKUP_DATE,ANIM_ID,ANIM_CHECKUP_HEIGHT,ANIM_CHECKUP_WEIGHT,ANIM_CHECKUP_LENGTH,ANIM_CHECKUP_GENERAL_HEALTH,ANIM_CHECKUP_OTHER_DETAILS) values (to_timestamp('07-APR-11 12.00.00.000000000 AM','DD-MON-RR HH.MI.SS.FF AM'),30,'18','162','125','Normal',' ');
Insert into ANIMAL_CHECKUP (ANIM_CHECKUP_DATE,ANIM_ID,ANIM_CHECKUP_HEIGHT,ANIM_CHECKUP_WEIGHT,ANIM_CHECKUP_LENGTH,ANIM_CHECKUP_GENERAL_HEALTH,ANIM_CHECKUP_OTHER_DETAILS) values (to_timestamp('16-APR-08 12.00.00.000000000 AM','DD-MON-RR HH.MI.SS.FF AM'),118,'24','134','181','Normal',' ');
Insert into ANIMAL_CHECKUP (ANIM_CHECKUP_DATE,ANIM_ID,ANIM_CHECKUP_HEIGHT,ANIM_CHECKUP_WEIGHT,ANIM_CHECKUP_LENGTH,ANIM_CHECKUP_GENERAL_HEALTH,ANIM_CHECKUP_OTHER_DETAILS) values (to_timestamp('24-APR-12 12.00.00.000000000 AM','DD-MON-RR HH.MI.SS.FF AM'),97,'5','126','16','Normal','Animal is very alert and playful');
Insert into ANIMAL_CHECKUP (ANIM_CHECKUP_DATE,ANIM_ID,ANIM_CHECKUP_HEIGHT,ANIM_CHECKUP_WEIGHT,ANIM_CHECKUP_LENGTH,ANIM_CHECKUP_GENERAL_HEALTH,ANIM_CHECKUP_OTHER_DETAILS) values (to_timestamp('23-MAY-09 12.00.00.000000000 AM','DD-MON-RR HH.MI.SS.FF AM'),171,'27','155','47','Normal',' ');
Insert into ANIMAL_CHECKUP (ANIM_CHECKUP_DATE,ANIM_ID,ANIM_CHECKUP_HEIGHT,ANIM_CHECKUP_WEIGHT,ANIM_CHECKUP_LENGTH,ANIM_CHECKUP_GENERAL_HEALTH,ANIM_CHECKUP_OTHER_DETAILS) values (to_timestamp('22-MAY-11 12.00.00.000000000 AM','DD-MON-RR HH.MI.SS.FF AM'),111,'17','128','47','Normal','Animal appears bored.');
Insert into ANIMAL_CHECKUP (ANIM_CHECKUP_DATE,ANIM_ID,ANIM_CHECKUP_HEIGHT,ANIM_CHECKUP_WEIGHT,ANIM_CHECKUP_LENGTH,ANIM_CHECKUP_GENERAL_HEALTH,ANIM_CHECKUP_OTHER_DETAILS) values (to_timestamp('09-MAY-10 12.00.00.000000000 AM','DD-MON-RR HH.MI.SS.FF AM'),104,'6','240','106','Normal',' ');
Insert into ANIMAL_CHECKUP (ANIM_CHECKUP_DATE,ANIM_ID,ANIM_CHECKUP_HEIGHT,ANIM_CHECKUP_WEIGHT,ANIM_CHECKUP_LENGTH,ANIM_CHECKUP_GENERAL_HEALTH,ANIM_CHECKUP_OTHER_DETAILS) values (to_timestamp('21-MAY-09 12.00.00.000000000 AM','DD-MON-RR HH.MI.SS.FF AM'),160,'4','128','41','Normal','Animal is very alert and playful');
Insert into ANIMAL_CHECKUP (ANIM_CHECKUP_DATE,ANIM_ID,ANIM_CHECKUP_HEIGHT,ANIM_CHECKUP_WEIGHT,ANIM_CHECKUP_LENGTH,ANIM_CHECKUP_GENERAL_HEALTH,ANIM_CHECKUP_OTHER_DETAILS) values (to_timestamp('11-APR-12 12.00.00.000000000 AM','DD-MON-RR HH.MI.SS.FF AM'),137,'3','289','70','Normal',' ');
Insert into ANIMAL_CHECKUP (ANIM_CHECKUP_DATE,ANIM_ID,ANIM_CHECKUP_HEIGHT,ANIM_CHECKUP_WEIGHT,ANIM_CHECKUP_LENGTH,ANIM_CHECKUP_GENERAL_HEALTH,ANIM_CHECKUP_OTHER_DETAILS) values (to_timestamp('15-MAY-13 12.00.00.000000000 AM','DD-MON-RR HH.MI.SS.FF AM'),47,'11','173','91','Normal','Animal is very alert and playful');
Insert into ANIMAL_CHECKUP (ANIM_CHECKUP_DATE,ANIM_ID,ANIM_CHECKUP_HEIGHT,ANIM_CHECKUP_WEIGHT,ANIM_CHECKUP_LENGTH,ANIM_CHECKUP_GENERAL_HEALTH,ANIM_CHECKUP_OTHER_DETAILS) values (to_timestamp('23-MAY-12 12.00.00.000000000 AM','DD-MON-RR HH.MI.SS.FF AM'),160,'6','130','42','Ill','Gums are swollen and inflamed.');
Insert into ANIMAL_CHECKUP (ANIM_CHECKUP_DATE,ANIM_ID,ANIM_CHECKUP_HEIGHT,ANIM_CHECKUP_WEIGHT,ANIM_CHECKUP_LENGTH,ANIM_CHECKUP_GENERAL_HEALTH,ANIM_CHECKUP_OTHER_DETAILS) values (to_timestamp('27-MAY-11 12.00.00.000000000 AM','DD-MON-RR HH.MI.SS.FF AM'),160,'6','188','33','Normal','Animal appears bored.');
Insert into ANIMAL_CHECKUP (ANIM_CHECKUP_DATE,ANIM_ID,ANIM_CHECKUP_HEIGHT,ANIM_CHECKUP_WEIGHT,ANIM_CHECKUP_LENGTH,ANIM_CHECKUP_GENERAL_HEALTH,ANIM_CHECKUP_OTHER_DETAILS) values (to_timestamp('26-MAY-11 12.00.00.000000000 AM','DD-MON-RR HH.MI.SS.FF AM'),12,'23','330','60','Normal',' ');
Insert into ANIMAL_CHECKUP (ANIM_CHECKUP_DATE,ANIM_ID,ANIM_CHECKUP_HEIGHT,ANIM_CHECKUP_WEIGHT,ANIM_CHECKUP_LENGTH,ANIM_CHECKUP_GENERAL_HEALTH,ANIM_CHECKUP_OTHER_DETAILS) values (to_timestamp('17-MAY-11 12.00.00.000000000 AM','DD-MON-RR HH.MI.SS.FF AM'),160,'4','129','38','Normal','Animal appears bored.');
Insert into ANIMAL_CHECKUP (ANIM_CHECKUP_DATE,ANIM_ID,ANIM_CHECKUP_HEIGHT,ANIM_CHECKUP_WEIGHT,ANIM_CHECKUP_LENGTH,ANIM_CHECKUP_GENERAL_HEALTH,ANIM_CHECKUP_OTHER_DETAILS) values (to_timestamp('04-MAY-13 12.00.00.000000000 AM','DD-MON-RR HH.MI.SS.FF AM'),179,'26','204','78','Normal',' ');
Insert into ANIMAL_CHECKUP (ANIM_CHECKUP_DATE,ANIM_ID,ANIM_CHECKUP_HEIGHT,ANIM_CHECKUP_WEIGHT,ANIM_CHECKUP_LENGTH,ANIM_CHECKUP_GENERAL_HEALTH,ANIM_CHECKUP_OTHER_DETAILS) values (to_timestamp('18-MAY-10 12.00.00.000000000 AM','DD-MON-RR HH.MI.SS.FF AM'),104,'7','311','97','Normal',' ');
Insert into ANIMAL_CHECKUP (ANIM_CHECKUP_DATE,ANIM_ID,ANIM_CHECKUP_HEIGHT,ANIM_CHECKUP_WEIGHT,ANIM_CHECKUP_LENGTH,ANIM_CHECKUP_GENERAL_HEALTH,ANIM_CHECKUP_OTHER_DETAILS) values (to_timestamp('22-MAY-11 12.00.00.000000000 AM','DD-MON-RR HH.MI.SS.FF AM'),179,'23','229','72','Normal','Animal appears bored.');
Insert into ANIMAL_CHECKUP (ANIM_CHECKUP_DATE,ANIM_ID,ANIM_CHECKUP_HEIGHT,ANIM_CHECKUP_WEIGHT,ANIM_CHECKUP_LENGTH,ANIM_CHECKUP_GENERAL_HEALTH,ANIM_CHECKUP_OTHER_DETAILS) values (to_timestamp('29-MAY-07 12.00.00.000000000 AM','DD-MON-RR HH.MI.SS.FF AM'),50,'29','339','6','Normal',' ');
Insert into ANIMAL_CHECKUP (ANIM_CHECKUP_DATE,ANIM_ID,ANIM_CHECKUP_HEIGHT,ANIM_CHECKUP_WEIGHT,ANIM_CHECKUP_LENGTH,ANIM_CHECKUP_GENERAL_HEALTH,ANIM_CHECKUP_OTHER_DETAILS) values (to_timestamp('19-MAY-07 12.00.00.000000000 AM','DD-MON-RR HH.MI.SS.FF AM'),72,'31','257','32','Normal',' ');
Insert into ANIMAL_CHECKUP (ANIM_CHECKUP_DATE,ANIM_ID,ANIM_CHECKUP_HEIGHT,ANIM_CHECKUP_WEIGHT,ANIM_CHECKUP_LENGTH,ANIM_CHECKUP_GENERAL_HEALTH,ANIM_CHECKUP_OTHER_DETAILS) values (to_timestamp('29-MAY-09 12.00.00.000000000 AM','DD-MON-RR HH.MI.SS.FF AM'),104,'7','292','107','Ill','Animal appears very tired and sluggish.');
Insert into ANIMAL_CHECKUP (ANIM_CHECKUP_DATE,ANIM_ID,ANIM_CHECKUP_HEIGHT,ANIM_CHECKUP_WEIGHT,ANIM_CHECKUP_LENGTH,ANIM_CHECKUP_GENERAL_HEALTH,ANIM_CHECKUP_OTHER_DETAILS) values (to_timestamp('17-MAY-10 12.00.00.000000000 AM','DD-MON-RR HH.MI.SS.FF AM'),151,'31','202','137','Normal',' ');
Insert into ANIMAL_CHECKUP (ANIM_CHECKUP_DATE,ANIM_ID,ANIM_CHECKUP_HEIGHT,ANIM_CHECKUP_WEIGHT,ANIM_CHECKUP_LENGTH,ANIM_CHECKUP_GENERAL_HEALTH,ANIM_CHECKUP_OTHER_DETAILS) values (to_timestamp('16-JUN-09 12.00.00.000000000 AM','DD-MON-RR HH.MI.SS.FF AM'),178,'27','209','27','Normal','Animal has poor dental hygiene');
Insert into ANIMAL_CHECKUP (ANIM_CHECKUP_DATE,ANIM_ID,ANIM_CHECKUP_HEIGHT,ANIM_CHECKUP_WEIGHT,ANIM_CHECKUP_LENGTH,ANIM_CHECKUP_GENERAL_HEALTH,ANIM_CHECKUP_OTHER_DETAILS) values (to_timestamp('25-JUN-08 12.00.00.000000000 AM','DD-MON-RR HH.MI.SS.FF AM'),178,'29','250','26','Ill',' ');
Insert into ANIMAL_CHECKUP (ANIM_CHECKUP_DATE,ANIM_ID,ANIM_CHECKUP_HEIGHT,ANIM_CHECKUP_WEIGHT,ANIM_CHECKUP_LENGTH,ANIM_CHECKUP_GENERAL_HEALTH,ANIM_CHECKUP_OTHER_DETAILS) values (to_timestamp('02-JUN-10 12.00.00.000000000 AM','DD-MON-RR HH.MI.SS.FF AM'),143,'5','143','40','Normal',' ');
Insert into ANIMAL_CHECKUP (ANIM_CHECKUP_DATE,ANIM_ID,ANIM_CHECKUP_HEIGHT,ANIM_CHECKUP_WEIGHT,ANIM_CHECKUP_LENGTH,ANIM_CHECKUP_GENERAL_HEALTH,ANIM_CHECKUP_OTHER_DETAILS) values (to_timestamp('27-JUL-08 12.00.00.000000000 AM','DD-MON-RR HH.MI.SS.FF AM'),153,'17','178','183','Normal',' ');
Insert into ANIMAL_CHECKUP (ANIM_CHECKUP_DATE,ANIM_ID,ANIM_CHECKUP_HEIGHT,ANIM_CHECKUP_WEIGHT,ANIM_CHECKUP_LENGTH,ANIM_CHECKUP_GENERAL_HEALTH,ANIM_CHECKUP_OTHER_DETAILS) values (to_timestamp('05-JUN-11 12.00.00.000000000 AM','DD-MON-RR HH.MI.SS.FF AM'),178,'29','242','19','Normal',' ');
Insert into ANIMAL_CHECKUP (ANIM_CHECKUP_DATE,ANIM_ID,ANIM_CHECKUP_HEIGHT,ANIM_CHECKUP_WEIGHT,ANIM_CHECKUP_LENGTH,ANIM_CHECKUP_GENERAL_HEALTH,ANIM_CHECKUP_OTHER_DETAILS) values (to_timestamp('15-JUN-06 12.00.00.000000000 AM','DD-MON-RR HH.MI.SS.FF AM'),16,'27','-27','56','Normal','Animal has poor dental hygiene');
Insert into ANIMAL_CHECKUP (ANIM_CHECKUP_DATE,ANIM_ID,ANIM_CHECKUP_HEIGHT,ANIM_CHECKUP_WEIGHT,ANIM_CHECKUP_LENGTH,ANIM_CHECKUP_GENERAL_HEALTH,ANIM_CHECKUP_OTHER_DETAILS) values (to_timestamp('02-JUN-13 12.00.00.000000000 AM','DD-MON-RR HH.MI.SS.FF AM'),147,'9','80','172','Normal','Animal is very alert and playful');
Insert into ANIMAL_CHECKUP (ANIM_CHECKUP_DATE,ANIM_ID,ANIM_CHECKUP_HEIGHT,ANIM_CHECKUP_WEIGHT,ANIM_CHECKUP_LENGTH,ANIM_CHECKUP_GENERAL_HEALTH,ANIM_CHECKUP_OTHER_DETAILS) values (to_timestamp('20-JUN-10 12.00.00.000000000 AM','DD-MON-RR HH.MI.SS.FF AM'),176,'17','111','185','Normal',' ');
Insert into ANIMAL_CHECKUP (ANIM_CHECKUP_DATE,ANIM_ID,ANIM_CHECKUP_HEIGHT,ANIM_CHECKUP_WEIGHT,ANIM_CHECKUP_LENGTH,ANIM_CHECKUP_GENERAL_HEALTH,ANIM_CHECKUP_OTHER_DETAILS) values (to_timestamp('29-JUN-10 12.00.00.000000000 AM','DD-MON-RR HH.MI.SS.FF AM'),27,'24','134','99','Normal','Animal is very alert and playful');
Insert into ANIMAL_CHECKUP (ANIM_CHECKUP_DATE,ANIM_ID,ANIM_CHECKUP_HEIGHT,ANIM_CHECKUP_WEIGHT,ANIM_CHECKUP_LENGTH,ANIM_CHECKUP_GENERAL_HEALTH,ANIM_CHECKUP_OTHER_DETAILS) values (to_timestamp('09-JUN-09 12.00.00.000000000 AM','DD-MON-RR HH.MI.SS.FF AM'),176,'20','88','188','Normal',' ');
Insert into ANIMAL_CHECKUP (ANIM_CHECKUP_DATE,ANIM_ID,ANIM_CHECKUP_HEIGHT,ANIM_CHECKUP_WEIGHT,ANIM_CHECKUP_LENGTH,ANIM_CHECKUP_GENERAL_HEALTH,ANIM_CHECKUP_OTHER_DETAILS) values (to_timestamp('05-JUN-13 12.00.00.000000000 AM','DD-MON-RR HH.MI.SS.FF AM'),43,'30','347','148','Normal',' ');
Insert into ANIMAL_CHECKUP (ANIM_CHECKUP_DATE,ANIM_ID,ANIM_CHECKUP_HEIGHT,ANIM_CHECKUP_WEIGHT,ANIM_CHECKUP_LENGTH,ANIM_CHECKUP_GENERAL_HEALTH,ANIM_CHECKUP_OTHER_DETAILS) values (to_timestamp('19-JUN-11 12.00.00.000000000 AM','DD-MON-RR HH.MI.SS.FF AM'),43,'28','335','144','Normal',' ');
Insert into ANIMAL_CHECKUP (ANIM_CHECKUP_DATE,ANIM_ID,ANIM_CHECKUP_HEIGHT,ANIM_CHECKUP_WEIGHT,ANIM_CHECKUP_LENGTH,ANIM_CHECKUP_GENERAL_HEALTH,ANIM_CHECKUP_OTHER_DETAILS) values (to_timestamp('04-JUN-06 12.00.00.000000000 AM','DD-MON-RR HH.MI.SS.FF AM'),19,'7','-2','50','Ill','Animal appears very tired and sluggish.');
Insert into ANIMAL_CHECKUP (ANIM_CHECKUP_DATE,ANIM_ID,ANIM_CHECKUP_HEIGHT,ANIM_CHECKUP_WEIGHT,ANIM_CHECKUP_LENGTH,ANIM_CHECKUP_GENERAL_HEALTH,ANIM_CHECKUP_OTHER_DETAILS) values (to_timestamp('11-JUL-07 12.00.00.000000000 AM','DD-MON-RR HH.MI.SS.FF AM'),48,'26','218','203','Ill','Animal appears short of breath.');
Insert into ANIMAL_CHECKUP (ANIM_CHECKUP_DATE,ANIM_ID,ANIM_CHECKUP_HEIGHT,ANIM_CHECKUP_WEIGHT,ANIM_CHECKUP_LENGTH,ANIM_CHECKUP_GENERAL_HEALTH,ANIM_CHECKUP_OTHER_DETAILS) values (to_timestamp('18-JUL-07 12.00.00.000000000 AM','DD-MON-RR HH.MI.SS.FF AM'),48,'29','288','205','Ill','Animal appears short of breath.');
Insert into ANIMAL_CHECKUP (ANIM_CHECKUP_DATE,ANIM_ID,ANIM_CHECKUP_HEIGHT,ANIM_CHECKUP_WEIGHT,ANIM_CHECKUP_LENGTH,ANIM_CHECKUP_GENERAL_HEALTH,ANIM_CHECKUP_OTHER_DETAILS) values (to_timestamp('03-JUL-09 12.00.00.000000000 AM','DD-MON-RR HH.MI.SS.FF AM'),125,'21','339','9','Normal',' ');
Insert into ANIMAL_CHECKUP (ANIM_CHECKUP_DATE,ANIM_ID,ANIM_CHECKUP_HEIGHT,ANIM_CHECKUP_WEIGHT,ANIM_CHECKUP_LENGTH,ANIM_CHECKUP_GENERAL_HEALTH,ANIM_CHECKUP_OTHER_DETAILS) values (to_timestamp('23-JUL-07 12.00.00.000000000 AM','DD-MON-RR HH.MI.SS.FF AM'),48,'26','239','203','Normal','Animal is very alert and playful');
Insert into ANIMAL_CHECKUP (ANIM_CHECKUP_DATE,ANIM_ID,ANIM_CHECKUP_HEIGHT,ANIM_CHECKUP_WEIGHT,ANIM_CHECKUP_LENGTH,ANIM_CHECKUP_GENERAL_HEALTH,ANIM_CHECKUP_OTHER_DETAILS) values (to_timestamp('29-JUL-10 12.00.00.000000000 AM','DD-MON-RR HH.MI.SS.FF AM'),120,'33','326','168','Malnourished',' ');
Insert into ANIMAL_CHECKUP (ANIM_CHECKUP_DATE,ANIM_ID,ANIM_CHECKUP_HEIGHT,ANIM_CHECKUP_WEIGHT,ANIM_CHECKUP_LENGTH,ANIM_CHECKUP_GENERAL_HEALTH,ANIM_CHECKUP_OTHER_DETAILS) values (to_timestamp('11-FEB-09 12.00.00.000000000 AM','DD-MON-RR HH.MI.SS.FF AM'),44,'23','215','70','Normal',' ');
Insert into ANIMAL_CHECKUP (ANIM_CHECKUP_DATE,ANIM_ID,ANIM_CHECKUP_HEIGHT,ANIM_CHECKUP_WEIGHT,ANIM_CHECKUP_LENGTH,ANIM_CHECKUP_GENERAL_HEALTH,ANIM_CHECKUP_OTHER_DETAILS) values (to_timestamp('17-FEB-08 12.00.00.000000000 AM','DD-MON-RR HH.MI.SS.FF AM'),34,'26','318','58','Ill','Animal is vomiting daily.');
Insert into ANIMAL_CHECKUP (ANIM_CHECKUP_DATE,ANIM_ID,ANIM_CHECKUP_HEIGHT,ANIM_CHECKUP_WEIGHT,ANIM_CHECKUP_LENGTH,ANIM_CHECKUP_GENERAL_HEALTH,ANIM_CHECKUP_OTHER_DETAILS) values (to_timestamp('20-FEB-08 12.00.00.000000000 AM','DD-MON-RR HH.MI.SS.FF AM'),34,'24','392','58','Malnourished','Animal rations should be increased by 5%');
Insert into ANIMAL_CHECKUP (ANIM_CHECKUP_DATE,ANIM_ID,ANIM_CHECKUP_HEIGHT,ANIM_CHECKUP_WEIGHT,ANIM_CHECKUP_LENGTH,ANIM_CHECKUP_GENERAL_HEALTH,ANIM_CHECKUP_OTHER_DETAILS) values (to_timestamp('20-FEB-09 12.00.00.000000000 AM','DD-MON-RR HH.MI.SS.FF AM'),131,'13','28','115','Normal',' ');
Insert into ANIMAL_CHECKUP (ANIM_CHECKUP_DATE,ANIM_ID,ANIM_CHECKUP_HEIGHT,ANIM_CHECKUP_WEIGHT,ANIM_CHECKUP_LENGTH,ANIM_CHECKUP_GENERAL_HEALTH,ANIM_CHECKUP_OTHER_DETAILS) values (to_timestamp('19-FEB-13 12.00.00.000000000 AM','DD-MON-RR HH.MI.SS.FF AM'),70,'26','373','194','Normal',' ');
Insert into ANIMAL_CHECKUP (ANIM_CHECKUP_DATE,ANIM_ID,ANIM_CHECKUP_HEIGHT,ANIM_CHECKUP_WEIGHT,ANIM_CHECKUP_LENGTH,ANIM_CHECKUP_GENERAL_HEALTH,ANIM_CHECKUP_OTHER_DETAILS) values (to_timestamp('24-FEB-13 12.00.00.000000000 AM','DD-MON-RR HH.MI.SS.FF AM'),131,'12','64','113','Normal',' ');
Insert into ANIMAL_CHECKUP (ANIM_CHECKUP_DATE,ANIM_ID,ANIM_CHECKUP_HEIGHT,ANIM_CHECKUP_WEIGHT,ANIM_CHECKUP_LENGTH,ANIM_CHECKUP_GENERAL_HEALTH,ANIM_CHECKUP_OTHER_DETAILS) values (to_timestamp('22-FEB-11 12.00.00.000000000 AM','DD-MON-RR HH.MI.SS.FF AM'),131,'14','54','112','Malnourished',' ');
Insert into ANIMAL_CHECKUP (ANIM_CHECKUP_DATE,ANIM_ID,ANIM_CHECKUP_HEIGHT,ANIM_CHECKUP_WEIGHT,ANIM_CHECKUP_LENGTH,ANIM_CHECKUP_GENERAL_HEALTH,ANIM_CHECKUP_OTHER_DETAILS) values (to_timestamp('06-FEB-09 12.00.00.000000000 AM','DD-MON-RR HH.MI.SS.FF AM'),169,'21','146','63','Normal','Animal is very alert and playful');
Insert into ANIMAL_CHECKUP (ANIM_CHECKUP_DATE,ANIM_ID,ANIM_CHECKUP_HEIGHT,ANIM_CHECKUP_WEIGHT,ANIM_CHECKUP_LENGTH,ANIM_CHECKUP_GENERAL_HEALTH,ANIM_CHECKUP_OTHER_DETAILS) values (to_timestamp('15-FEB-10 12.00.00.000000000 AM','DD-MON-RR HH.MI.SS.FF AM'),0,'16','248','183','Normal',' ');
Insert into ANIMAL_CHECKUP (ANIM_CHECKUP_DATE,ANIM_ID,ANIM_CHECKUP_HEIGHT,ANIM_CHECKUP_WEIGHT,ANIM_CHECKUP_LENGTH,ANIM_CHECKUP_GENERAL_HEALTH,ANIM_CHECKUP_OTHER_DETAILS) values (to_timestamp('23-FEB-12 12.00.00.000000000 AM','DD-MON-RR HH.MI.SS.FF AM'),4,'8','256','158','Normal','Animal appears bored.');
Insert into ANIMAL_CHECKUP (ANIM_CHECKUP_DATE,ANIM_ID,ANIM_CHECKUP_HEIGHT,ANIM_CHECKUP_WEIGHT,ANIM_CHECKUP_LENGTH,ANIM_CHECKUP_GENERAL_HEALTH,ANIM_CHECKUP_OTHER_DETAILS) values (to_timestamp('29-FEB-12 12.00.00.000000000 AM','DD-MON-RR HH.MI.SS.FF AM'),162,'16','395','94','Normal',' ');
Insert into ANIMAL_CHECKUP (ANIM_CHECKUP_DATE,ANIM_ID,ANIM_CHECKUP_HEIGHT,ANIM_CHECKUP_WEIGHT,ANIM_CHECKUP_LENGTH,ANIM_CHECKUP_GENERAL_HEALTH,ANIM_CHECKUP_OTHER_DETAILS) values (to_timestamp('08-FEB-10 12.00.00.000000000 AM','DD-MON-RR HH.MI.SS.FF AM'),35,'30','252','12','Normal',' ');
Insert into ANIMAL_CHECKUP (ANIM_CHECKUP_DATE,ANIM_ID,ANIM_CHECKUP_HEIGHT,ANIM_CHECKUP_WEIGHT,ANIM_CHECKUP_LENGTH,ANIM_CHECKUP_GENERAL_HEALTH,ANIM_CHECKUP_OTHER_DETAILS) values (to_timestamp('07-FEB-11 12.00.00.000000000 AM','DD-MON-RR HH.MI.SS.FF AM'),18,'7','228','109','Normal',' ');
Insert into ANIMAL_CHECKUP (ANIM_CHECKUP_DATE,ANIM_ID,ANIM_CHECKUP_HEIGHT,ANIM_CHECKUP_WEIGHT,ANIM_CHECKUP_LENGTH,ANIM_CHECKUP_GENERAL_HEALTH,ANIM_CHECKUP_OTHER_DETAILS) values (to_timestamp('02-FEB-13 12.00.00.000000000 AM','DD-MON-RR HH.MI.SS.FF AM'),159,'7','118','151','Normal',' ');
Insert into ANIMAL_CHECKUP (ANIM_CHECKUP_DATE,ANIM_ID,ANIM_CHECKUP_HEIGHT,ANIM_CHECKUP_WEIGHT,ANIM_CHECKUP_LENGTH,ANIM_CHECKUP_GENERAL_HEALTH,ANIM_CHECKUP_OTHER_DETAILS) values (to_timestamp('22-MAR-11 12.00.00.000000000 AM','DD-MON-RR HH.MI.SS.FF AM'),94,'29','183','176','Malnourished','Animal rations should be increased by 10%');
Insert into ANIMAL_CHECKUP (ANIM_CHECKUP_DATE,ANIM_ID,ANIM_CHECKUP_HEIGHT,ANIM_CHECKUP_WEIGHT,ANIM_CHECKUP_LENGTH,ANIM_CHECKUP_GENERAL_HEALTH,ANIM_CHECKUP_OTHER_DETAILS) values (to_timestamp('07-MAR-07 12.00.00.000000000 AM','DD-MON-RR HH.MI.SS.FF AM'),94,'29','187','175','Malnourished','Animal rations should be increased by 10%');
Insert into ANIMAL_CHECKUP (ANIM_CHECKUP_DATE,ANIM_ID,ANIM_CHECKUP_HEIGHT,ANIM_CHECKUP_WEIGHT,ANIM_CHECKUP_LENGTH,ANIM_CHECKUP_GENERAL_HEALTH,ANIM_CHECKUP_OTHER_DETAILS) values (to_timestamp('24-MAR-13 12.00.00.000000000 AM','DD-MON-RR HH.MI.SS.FF AM'),187,'31','221','153','Normal',' ');
Insert into ANIMAL_CHECKUP (ANIM_CHECKUP_DATE,ANIM_ID,ANIM_CHECKUP_HEIGHT,ANIM_CHECKUP_WEIGHT,ANIM_CHECKUP_LENGTH,ANIM_CHECKUP_GENERAL_HEALTH,ANIM_CHECKUP_OTHER_DETAILS) values (to_timestamp('04-MAR-12 12.00.00.000000000 AM','DD-MON-RR HH.MI.SS.FF AM'),94,'25','228','169','Normal',' ');
Insert into ANIMAL_CHECKUP (ANIM_CHECKUP_DATE,ANIM_ID,ANIM_CHECKUP_HEIGHT,ANIM_CHECKUP_WEIGHT,ANIM_CHECKUP_LENGTH,ANIM_CHECKUP_GENERAL_HEALTH,ANIM_CHECKUP_OTHER_DETAILS) values (to_timestamp('22-APR-13 12.00.00.000000000 AM','DD-MON-RR HH.MI.SS.FF AM'),67,'18','101','19','Normal',' ');
Insert into ANIMAL_CHECKUP (ANIM_CHECKUP_DATE,ANIM_ID,ANIM_CHECKUP_HEIGHT,ANIM_CHECKUP_WEIGHT,ANIM_CHECKUP_LENGTH,ANIM_CHECKUP_GENERAL_HEALTH,ANIM_CHECKUP_OTHER_DETAILS) values (to_timestamp('13-APR-11 12.00.00.000000000 AM','DD-MON-RR HH.MI.SS.FF AM'),118,'25','37','182','Normal',' ');
Insert into ANIMAL_CHECKUP (ANIM_CHECKUP_DATE,ANIM_ID,ANIM_CHECKUP_HEIGHT,ANIM_CHECKUP_WEIGHT,ANIM_CHECKUP_LENGTH,ANIM_CHECKUP_GENERAL_HEALTH,ANIM_CHECKUP_OTHER_DETAILS) values (to_timestamp('14-APR-08 12.00.00.000000000 AM','DD-MON-RR HH.MI.SS.FF AM'),30,'21','150','121','Normal',' ');
Insert into ANIMAL_CHECKUP (ANIM_CHECKUP_DATE,ANIM_ID,ANIM_CHECKUP_HEIGHT,ANIM_CHECKUP_WEIGHT,ANIM_CHECKUP_LENGTH,ANIM_CHECKUP_GENERAL_HEALTH,ANIM_CHECKUP_OTHER_DETAILS) values (to_timestamp('20-APR-13 12.00.00.000000000 AM','DD-MON-RR HH.MI.SS.FF AM'),22,'6','83','53','Normal',' ');
Insert into ANIMAL_CHECKUP (ANIM_CHECKUP_DATE,ANIM_ID,ANIM_CHECKUP_HEIGHT,ANIM_CHECKUP_WEIGHT,ANIM_CHECKUP_LENGTH,ANIM_CHECKUP_GENERAL_HEALTH,ANIM_CHECKUP_OTHER_DETAILS) values (to_timestamp('01-APR-13 12.00.00.000000000 AM','DD-MON-RR HH.MI.SS.FF AM'),67,'17','175','20','Malnourished',' ');
Insert into ANIMAL_CHECKUP (ANIM_CHECKUP_DATE,ANIM_ID,ANIM_CHECKUP_HEIGHT,ANIM_CHECKUP_WEIGHT,ANIM_CHECKUP_LENGTH,ANIM_CHECKUP_GENERAL_HEALTH,ANIM_CHECKUP_OTHER_DETAILS) values (to_timestamp('26-APR-15 12.00.00.000000000 AM','DD-MON-RR HH.MI.SS.FF AM'),22,'3','109','50','Normal',' ');
Insert into ANIMAL_CHECKUP (ANIM_CHECKUP_DATE,ANIM_ID,ANIM_CHECKUP_HEIGHT,ANIM_CHECKUP_WEIGHT,ANIM_CHECKUP_LENGTH,ANIM_CHECKUP_GENERAL_HEALTH,ANIM_CHECKUP_OTHER_DETAILS) values (to_timestamp('04-APR-12 12.00.00.000000000 AM','DD-MON-RR HH.MI.SS.FF AM'),97,'2','95','21','Malnourished',' ');
Insert into ANIMAL_CHECKUP (ANIM_CHECKUP_DATE,ANIM_ID,ANIM_CHECKUP_HEIGHT,ANIM_CHECKUP_WEIGHT,ANIM_CHECKUP_LENGTH,ANIM_CHECKUP_GENERAL_HEALTH,ANIM_CHECKUP_OTHER_DETAILS) values (to_timestamp('30-APR-14 12.00.00.000000000 AM','DD-MON-RR HH.MI.SS.FF AM'),97,'3','61','13','Normal',' ');
Insert into ANIMAL_CHECKUP (ANIM_CHECKUP_DATE,ANIM_ID,ANIM_CHECKUP_HEIGHT,ANIM_CHECKUP_WEIGHT,ANIM_CHECKUP_LENGTH,ANIM_CHECKUP_GENERAL_HEALTH,ANIM_CHECKUP_OTHER_DETAILS) values (to_timestamp('10-MAY-09 12.00.00.000000000 AM','DD-MON-RR HH.MI.SS.FF AM'),182,'8','302','173','Normal',' ');
Insert into ANIMAL_CHECKUP (ANIM_CHECKUP_DATE,ANIM_ID,ANIM_CHECKUP_HEIGHT,ANIM_CHECKUP_WEIGHT,ANIM_CHECKUP_LENGTH,ANIM_CHECKUP_GENERAL_HEALTH,ANIM_CHECKUP_OTHER_DETAILS) values (to_timestamp('27-MAY-11 12.00.00.000000000 AM','DD-MON-RR HH.MI.SS.FF AM'),47,'13','168','90','Normal',' ');
Insert into ANIMAL_CHECKUP (ANIM_CHECKUP_DATE,ANIM_ID,ANIM_CHECKUP_HEIGHT,ANIM_CHECKUP_WEIGHT,ANIM_CHECKUP_LENGTH,ANIM_CHECKUP_GENERAL_HEALTH,ANIM_CHECKUP_OTHER_DETAILS) values (to_timestamp('13-MAY-14 12.00.00.000000000 AM','DD-MON-RR HH.MI.SS.FF AM'),111,'19','106','51','Ill',' ');
Insert into ANIMAL_CHECKUP (ANIM_CHECKUP_DATE,ANIM_ID,ANIM_CHECKUP_HEIGHT,ANIM_CHECKUP_WEIGHT,ANIM_CHECKUP_LENGTH,ANIM_CHECKUP_GENERAL_HEALTH,ANIM_CHECKUP_OTHER_DETAILS) values (to_timestamp('29-MAY-13 12.00.00.000000000 AM','DD-MON-RR HH.MI.SS.FF AM'),170,'16','73','19','Malnourished','Animal rations should be increased by 10%');
Insert into ANIMAL_CHECKUP (ANIM_CHECKUP_DATE,ANIM_ID,ANIM_CHECKUP_HEIGHT,ANIM_CHECKUP_WEIGHT,ANIM_CHECKUP_LENGTH,ANIM_CHECKUP_GENERAL_HEALTH,ANIM_CHECKUP_OTHER_DETAILS) values (to_timestamp('21-MAY-13 12.00.00.000000000 AM','DD-MON-RR HH.MI.SS.FF AM'),170,'14','89','18','Normal','Animal is very alert and playful');
Insert into ANIMAL_CHECKUP (ANIM_CHECKUP_DATE,ANIM_ID,ANIM_CHECKUP_HEIGHT,ANIM_CHECKUP_WEIGHT,ANIM_CHECKUP_LENGTH,ANIM_CHECKUP_GENERAL_HEALTH,ANIM_CHECKUP_OTHER_DETAILS) values (to_timestamp('25-MAY-12 12.00.00.000000000 AM','DD-MON-RR HH.MI.SS.FF AM'),183,'19','296','45','Normal',' ');
Insert into ANIMAL_CHECKUP (ANIM_CHECKUP_DATE,ANIM_ID,ANIM_CHECKUP_HEIGHT,ANIM_CHECKUP_WEIGHT,ANIM_CHECKUP_LENGTH,ANIM_CHECKUP_GENERAL_HEALTH,ANIM_CHECKUP_OTHER_DETAILS) values (to_timestamp('16-MAY-11 12.00.00.000000000 AM','DD-MON-RR HH.MI.SS.FF AM'),151,'31','173','138','Normal',' ');
Insert into ANIMAL_CHECKUP (ANIM_CHECKUP_DATE,ANIM_ID,ANIM_CHECKUP_HEIGHT,ANIM_CHECKUP_WEIGHT,ANIM_CHECKUP_LENGTH,ANIM_CHECKUP_GENERAL_HEALTH,ANIM_CHECKUP_OTHER_DETAILS) values (to_timestamp('10-MAY-07 12.00.00.000000000 AM','DD-MON-RR HH.MI.SS.FF AM'),12,'25','301','61','Normal',' ');
Insert into ANIMAL_CHECKUP (ANIM_CHECKUP_DATE,ANIM_ID,ANIM_CHECKUP_HEIGHT,ANIM_CHECKUP_WEIGHT,ANIM_CHECKUP_LENGTH,ANIM_CHECKUP_GENERAL_HEALTH,ANIM_CHECKUP_OTHER_DETAILS) values (to_timestamp('16-JUN-11 12.00.00.000000000 AM','DD-MON-RR HH.MI.SS.FF AM'),43,'30','351','144','Normal',' ');
Insert into ANIMAL_CHECKUP (ANIM_CHECKUP_DATE,ANIM_ID,ANIM_CHECKUP_HEIGHT,ANIM_CHECKUP_WEIGHT,ANIM_CHECKUP_LENGTH,ANIM_CHECKUP_GENERAL_HEALTH,ANIM_CHECKUP_OTHER_DETAILS) values (to_timestamp('18-JUN-11 12.00.00.000000000 AM','DD-MON-RR HH.MI.SS.FF AM'),143,'7','103','40','Normal',' ');
Insert into ANIMAL_CHECKUP (ANIM_CHECKUP_DATE,ANIM_ID,ANIM_CHECKUP_HEIGHT,ANIM_CHECKUP_WEIGHT,ANIM_CHECKUP_LENGTH,ANIM_CHECKUP_GENERAL_HEALTH,ANIM_CHECKUP_OTHER_DETAILS) values (to_timestamp('04-JUN-10 12.00.00.000000000 AM','DD-MON-RR HH.MI.SS.FF AM'),68,'19','198','192','Normal','Animal is very alert and playful');
Insert into ANIMAL_CHECKUP (ANIM_CHECKUP_DATE,ANIM_ID,ANIM_CHECKUP_HEIGHT,ANIM_CHECKUP_WEIGHT,ANIM_CHECKUP_LENGTH,ANIM_CHECKUP_GENERAL_HEALTH,ANIM_CHECKUP_OTHER_DETAILS) values (to_timestamp('15-JUN-13 12.00.00.000000000 AM','DD-MON-RR HH.MI.SS.FF AM'),73,'16','209','192','Normal','Animal is very alert and playful');
Insert into ANIMAL_CHECKUP (ANIM_CHECKUP_DATE,ANIM_ID,ANIM_CHECKUP_HEIGHT,ANIM_CHECKUP_WEIGHT,ANIM_CHECKUP_LENGTH,ANIM_CHECKUP_GENERAL_HEALTH,ANIM_CHECKUP_OTHER_DETAILS) values (to_timestamp('13-JUN-13 12.00.00.000000000 AM','DD-MON-RR HH.MI.SS.FF AM'),68,'22','168','192','Normal',' ');
Insert into ANIMAL_CHECKUP (ANIM_CHECKUP_DATE,ANIM_ID,ANIM_CHECKUP_HEIGHT,ANIM_CHECKUP_WEIGHT,ANIM_CHECKUP_LENGTH,ANIM_CHECKUP_GENERAL_HEALTH,ANIM_CHECKUP_OTHER_DETAILS) values (to_timestamp('02-JUN-09 12.00.00.000000000 AM','DD-MON-RR HH.MI.SS.FF AM'),116,'15','180','44','Normal',' ');
Insert into ANIMAL_CHECKUP (ANIM_CHECKUP_DATE,ANIM_ID,ANIM_CHECKUP_HEIGHT,ANIM_CHECKUP_WEIGHT,ANIM_CHECKUP_LENGTH,ANIM_CHECKUP_GENERAL_HEALTH,ANIM_CHECKUP_OTHER_DETAILS) values (to_timestamp('19-JUN-13 12.00.00.000000000 AM','DD-MON-RR HH.MI.SS.FF AM'),73,'19','193','199','Normal',' ');
Insert into ANIMAL_CHECKUP (ANIM_CHECKUP_DATE,ANIM_ID,ANIM_CHECKUP_HEIGHT,ANIM_CHECKUP_WEIGHT,ANIM_CHECKUP_LENGTH,ANIM_CHECKUP_GENERAL_HEALTH,ANIM_CHECKUP_OTHER_DETAILS) values (to_timestamp('04-JUN-11 12.00.00.000000000 AM','DD-MON-RR HH.MI.SS.FF AM'),68,'24','215','192','Normal',' ');
Insert into ANIMAL_CHECKUP (ANIM_CHECKUP_DATE,ANIM_ID,ANIM_CHECKUP_HEIGHT,ANIM_CHECKUP_WEIGHT,ANIM_CHECKUP_LENGTH,ANIM_CHECKUP_GENERAL_HEALTH,ANIM_CHECKUP_OTHER_DETAILS) values (to_timestamp('17-JUL-12 12.00.00.000000000 AM','DD-MON-RR HH.MI.SS.FF AM'),125,'19','313','14','Normal',' ');
Insert into ANIMAL_CHECKUP (ANIM_CHECKUP_DATE,ANIM_ID,ANIM_CHECKUP_HEIGHT,ANIM_CHECKUP_WEIGHT,ANIM_CHECKUP_LENGTH,ANIM_CHECKUP_GENERAL_HEALTH,ANIM_CHECKUP_OTHER_DETAILS) values (to_timestamp('26-JUN-10 12.00.00.000000000 AM','DD-MON-RR HH.MI.SS.FF AM'),172,'33','435','98','Malnourished',' ');
Insert into ANIMAL_CHECKUP (ANIM_CHECKUP_DATE,ANIM_ID,ANIM_CHECKUP_HEIGHT,ANIM_CHECKUP_WEIGHT,ANIM_CHECKUP_LENGTH,ANIM_CHECKUP_GENERAL_HEALTH,ANIM_CHECKUP_OTHER_DETAILS) values (to_timestamp('03-JUL-09 12.00.00.000000000 AM','DD-MON-RR HH.MI.SS.FF AM'),51,'16','306','139','Normal',' ');
Insert into ANIMAL_CHECKUP (ANIM_CHECKUP_DATE,ANIM_ID,ANIM_CHECKUP_HEIGHT,ANIM_CHECKUP_WEIGHT,ANIM_CHECKUP_LENGTH,ANIM_CHECKUP_GENERAL_HEALTH,ANIM_CHECKUP_OTHER_DETAILS) values (to_timestamp('05-JUL-12 12.00.00.000000000 AM','DD-MON-RR HH.MI.SS.FF AM'),158,'0','-1','21','Malnourished',' ');
Insert into ANIMAL_CHECKUP (ANIM_CHECKUP_DATE,ANIM_ID,ANIM_CHECKUP_HEIGHT,ANIM_CHECKUP_WEIGHT,ANIM_CHECKUP_LENGTH,ANIM_CHECKUP_GENERAL_HEALTH,ANIM_CHECKUP_OTHER_DETAILS) values (to_timestamp('03-JUL-11 12.00.00.000000000 AM','DD-MON-RR HH.MI.SS.FF AM'),125,'18','327','16','Normal','Animal appears bored.');
Insert into ANIMAL_CHECKUP (ANIM_CHECKUP_DATE,ANIM_ID,ANIM_CHECKUP_HEIGHT,ANIM_CHECKUP_WEIGHT,ANIM_CHECKUP_LENGTH,ANIM_CHECKUP_GENERAL_HEALTH,ANIM_CHECKUP_OTHER_DETAILS) values (to_timestamp('09-JUL-09 12.00.00.000000000 AM','DD-MON-RR HH.MI.SS.FF AM'),103,'13','255','162','Normal','Animal is very alert and playful');
Insert into ANIMAL_CHECKUP (ANIM_CHECKUP_DATE,ANIM_ID,ANIM_CHECKUP_HEIGHT,ANIM_CHECKUP_WEIGHT,ANIM_CHECKUP_LENGTH,ANIM_CHECKUP_GENERAL_HEALTH,ANIM_CHECKUP_OTHER_DETAILS) values (to_timestamp('12-FEB-12 12.00.00.000000000 AM','DD-MON-RR HH.MI.SS.FF AM'),70,'26','351','189','Normal',' ');
Insert into ANIMAL_CHECKUP (ANIM_CHECKUP_DATE,ANIM_ID,ANIM_CHECKUP_HEIGHT,ANIM_CHECKUP_WEIGHT,ANIM_CHECKUP_LENGTH,ANIM_CHECKUP_GENERAL_HEALTH,ANIM_CHECKUP_OTHER_DETAILS) values (to_timestamp('19-MAR-13 12.00.00.000000000 AM','DD-MON-RR HH.MI.SS.FF AM'),159,'3','70','149','Malnourished','Animal rations should be increased by 5%');
Insert into ANIMAL_CHECKUP (ANIM_CHECKUP_DATE,ANIM_ID,ANIM_CHECKUP_HEIGHT,ANIM_CHECKUP_WEIGHT,ANIM_CHECKUP_LENGTH,ANIM_CHECKUP_GENERAL_HEALTH,ANIM_CHECKUP_OTHER_DETAILS) values (to_timestamp('11-FEB-09 12.00.00.000000000 AM','DD-MON-RR HH.MI.SS.FF AM'),75,'7','129','121','Normal','Animal has poor dental hygiene');
Insert into ANIMAL_CHECKUP (ANIM_CHECKUP_DATE,ANIM_ID,ANIM_CHECKUP_HEIGHT,ANIM_CHECKUP_WEIGHT,ANIM_CHECKUP_LENGTH,ANIM_CHECKUP_GENERAL_HEALTH,ANIM_CHECKUP_OTHER_DETAILS) values (to_timestamp('28-FEB-08 12.00.00.000000000 AM','DD-MON-RR HH.MI.SS.FF AM'),39,'13','104','143','Normal','Animal has poor dental hygiene');
Insert into ANIMAL_CHECKUP (ANIM_CHECKUP_DATE,ANIM_ID,ANIM_CHECKUP_HEIGHT,ANIM_CHECKUP_WEIGHT,ANIM_CHECKUP_LENGTH,ANIM_CHECKUP_GENERAL_HEALTH,ANIM_CHECKUP_OTHER_DETAILS) values (to_timestamp('08-MAR-09 12.00.00.000000000 AM','DD-MON-RR HH.MI.SS.FF AM'),18,'4','256','99','Ill','Gums are swollen and inflamed.');
Insert into ANIMAL_CHECKUP (ANIM_CHECKUP_DATE,ANIM_ID,ANIM_CHECKUP_HEIGHT,ANIM_CHECKUP_WEIGHT,ANIM_CHECKUP_LENGTH,ANIM_CHECKUP_GENERAL_HEALTH,ANIM_CHECKUP_OTHER_DETAILS) values (to_timestamp('16-FEB-14 12.00.00.000000000 AM','DD-MON-RR HH.MI.SS.FF AM'),75,'9','162','116','Normal',' ');
Insert into ANIMAL_CHECKUP (ANIM_CHECKUP_DATE,ANIM_ID,ANIM_CHECKUP_HEIGHT,ANIM_CHECKUP_WEIGHT,ANIM_CHECKUP_LENGTH,ANIM_CHECKUP_GENERAL_HEALTH,ANIM_CHECKUP_OTHER_DETAILS) values (to_timestamp('11-FEB-11 12.00.00.000000000 AM','DD-MON-RR HH.MI.SS.FF AM'),75,'10','121','125','Normal',' ');
Insert into ANIMAL_CHECKUP (ANIM_CHECKUP_DATE,ANIM_ID,ANIM_CHECKUP_HEIGHT,ANIM_CHECKUP_WEIGHT,ANIM_CHECKUP_LENGTH,ANIM_CHECKUP_GENERAL_HEALTH,ANIM_CHECKUP_OTHER_DETAILS) values (to_timestamp('22-MAR-11 12.00.00.000000000 AM','DD-MON-RR HH.MI.SS.FF AM'),18,'5','264','99','Normal',' ');
Insert into ANIMAL_CHECKUP (ANIM_CHECKUP_DATE,ANIM_ID,ANIM_CHECKUP_HEIGHT,ANIM_CHECKUP_WEIGHT,ANIM_CHECKUP_LENGTH,ANIM_CHECKUP_GENERAL_HEALTH,ANIM_CHECKUP_OTHER_DETAILS) values (to_timestamp('08-FEB-12 12.00.00.000000000 AM','DD-MON-RR HH.MI.SS.FF AM'),0,'14','207','176','Normal',' ');
Insert into ANIMAL_CHECKUP (ANIM_CHECKUP_DATE,ANIM_ID,ANIM_CHECKUP_HEIGHT,ANIM_CHECKUP_WEIGHT,ANIM_CHECKUP_LENGTH,ANIM_CHECKUP_GENERAL_HEALTH,ANIM_CHECKUP_OTHER_DETAILS) values (to_timestamp('20-FEB-11 12.00.00.000000000 AM','DD-MON-RR HH.MI.SS.FF AM'),39,'12','41','143','Malnourished',' ');
Insert into ANIMAL_CHECKUP (ANIM_CHECKUP_DATE,ANIM_ID,ANIM_CHECKUP_HEIGHT,ANIM_CHECKUP_WEIGHT,ANIM_CHECKUP_LENGTH,ANIM_CHECKUP_GENERAL_HEALTH,ANIM_CHECKUP_OTHER_DETAILS) values (to_timestamp('22-APR-10 12.00.00.000000000 AM','DD-MON-RR HH.MI.SS.FF AM'),84,'11','347','71','Ill','Animal is vomiting daily.');
Insert into ANIMAL_CHECKUP (ANIM_CHECKUP_DATE,ANIM_ID,ANIM_CHECKUP_HEIGHT,ANIM_CHECKUP_WEIGHT,ANIM_CHECKUP_LENGTH,ANIM_CHECKUP_GENERAL_HEALTH,ANIM_CHECKUP_OTHER_DETAILS) values (to_timestamp('27-MAR-10 12.00.00.000000000 AM','DD-MON-RR HH.MI.SS.FF AM'),195,'10','42','68','Normal',' ');
Insert into ANIMAL_CHECKUP (ANIM_CHECKUP_DATE,ANIM_ID,ANIM_CHECKUP_HEIGHT,ANIM_CHECKUP_WEIGHT,ANIM_CHECKUP_LENGTH,ANIM_CHECKUP_GENERAL_HEALTH,ANIM_CHECKUP_OTHER_DETAILS) values (to_timestamp('06-FEB-14 12.00.00.000000000 AM','DD-MON-RR HH.MI.SS.FF AM'),187,'33','234','158','Normal',' ');
Insert into ANIMAL_CHECKUP (ANIM_CHECKUP_DATE,ANIM_ID,ANIM_CHECKUP_HEIGHT,ANIM_CHECKUP_WEIGHT,ANIM_CHECKUP_LENGTH,ANIM_CHECKUP_GENERAL_HEALTH,ANIM_CHECKUP_OTHER_DETAILS) values (to_timestamp('13-MAR-12 12.00.00.000000000 AM','DD-MON-RR HH.MI.SS.FF AM'),193,'26','28','77','Normal',' ');
Insert into ANIMAL_CHECKUP (ANIM_CHECKUP_DATE,ANIM_ID,ANIM_CHECKUP_HEIGHT,ANIM_CHECKUP_WEIGHT,ANIM_CHECKUP_LENGTH,ANIM_CHECKUP_GENERAL_HEALTH,ANIM_CHECKUP_OTHER_DETAILS) values (to_timestamp('21-FEB-10 12.00.00.000000000 AM','DD-MON-RR HH.MI.SS.FF AM'),18,'4','269','106','Normal','Animal is very alert and playful');
Insert into ANIMAL_CHECKUP (ANIM_CHECKUP_DATE,ANIM_ID,ANIM_CHECKUP_HEIGHT,ANIM_CHECKUP_WEIGHT,ANIM_CHECKUP_LENGTH,ANIM_CHECKUP_GENERAL_HEALTH,ANIM_CHECKUP_OTHER_DETAILS) values (to_timestamp('13-MAR-09 12.00.00.000000000 AM','DD-MON-RR HH.MI.SS.FF AM'),193,'22','19','75','Ill',' ');
Insert into ANIMAL_CHECKUP (ANIM_CHECKUP_DATE,ANIM_ID,ANIM_CHECKUP_HEIGHT,ANIM_CHECKUP_WEIGHT,ANIM_CHECKUP_LENGTH,ANIM_CHECKUP_GENERAL_HEALTH,ANIM_CHECKUP_OTHER_DETAILS) values (to_timestamp('11-MAR-12 12.00.00.000000000 AM','DD-MON-RR HH.MI.SS.FF AM'),193,'24','56','80','Normal',' ');
Insert into ANIMAL_CHECKUP (ANIM_CHECKUP_DATE,ANIM_ID,ANIM_CHECKUP_HEIGHT,ANIM_CHECKUP_WEIGHT,ANIM_CHECKUP_LENGTH,ANIM_CHECKUP_GENERAL_HEALTH,ANIM_CHECKUP_OTHER_DETAILS) values (to_timestamp('01-APR-15 12.00.00.000000000 AM','DD-MON-RR HH.MI.SS.FF AM'),22,'1','133','49','Normal','Animal has poor dental hygiene');
Insert into ANIMAL_CHECKUP (ANIM_CHECKUP_DATE,ANIM_ID,ANIM_CHECKUP_HEIGHT,ANIM_CHECKUP_WEIGHT,ANIM_CHECKUP_LENGTH,ANIM_CHECKUP_GENERAL_HEALTH,ANIM_CHECKUP_OTHER_DETAILS) values (to_timestamp('10-APR-12 12.00.00.000000000 AM','DD-MON-RR HH.MI.SS.FF AM'),30,'20','207','123','Normal',' ');
Insert into ANIMAL_CHECKUP (ANIM_CHECKUP_DATE,ANIM_ID,ANIM_CHECKUP_HEIGHT,ANIM_CHECKUP_WEIGHT,ANIM_CHECKUP_LENGTH,ANIM_CHECKUP_GENERAL_HEALTH,ANIM_CHECKUP_OTHER_DETAILS) values (to_timestamp('25-APR-08 12.00.00.000000000 AM','DD-MON-RR HH.MI.SS.FF AM'),137,'7','232','72','Normal','Animal is very alert and playful');
Insert into ANIMAL_CHECKUP (ANIM_CHECKUP_DATE,ANIM_ID,ANIM_CHECKUP_HEIGHT,ANIM_CHECKUP_WEIGHT,ANIM_CHECKUP_LENGTH,ANIM_CHECKUP_GENERAL_HEALTH,ANIM_CHECKUP_OTHER_DETAILS) values (to_timestamp('02-APR-13 12.00.00.000000000 AM','DD-MON-RR HH.MI.SS.FF AM'),102,'14','276','12','Normal',' ');
Insert into ANIMAL_CHECKUP (ANIM_CHECKUP_DATE,ANIM_ID,ANIM_CHECKUP_HEIGHT,ANIM_CHECKUP_WEIGHT,ANIM_CHECKUP_LENGTH,ANIM_CHECKUP_GENERAL_HEALTH,ANIM_CHECKUP_OTHER_DETAILS) values (to_timestamp('10-APR-08 12.00.00.000000000 AM','DD-MON-RR HH.MI.SS.FF AM'),118,'29','42','178','Normal',' ');
Insert into ANIMAL_CHECKUP (ANIM_CHECKUP_DATE,ANIM_ID,ANIM_CHECKUP_HEIGHT,ANIM_CHECKUP_WEIGHT,ANIM_CHECKUP_LENGTH,ANIM_CHECKUP_GENERAL_HEALTH,ANIM_CHECKUP_OTHER_DETAILS) values (to_timestamp('24-APR-12 12.00.00.000000000 AM','DD-MON-RR HH.MI.SS.FF AM'),30,'22','174','125','Normal',' ');
Insert into ANIMAL_CHECKUP (ANIM_CHECKUP_DATE,ANIM_ID,ANIM_CHECKUP_HEIGHT,ANIM_CHECKUP_WEIGHT,ANIM_CHECKUP_LENGTH,ANIM_CHECKUP_GENERAL_HEALTH,ANIM_CHECKUP_OTHER_DETAILS) values (to_timestamp('20-APR-08 12.00.00.000000000 AM','DD-MON-RR HH.MI.SS.FF AM'),30,'20','149','128','Normal','Animal appears bored.');
Insert into ANIMAL_CHECKUP (ANIM_CHECKUP_DATE,ANIM_ID,ANIM_CHECKUP_HEIGHT,ANIM_CHECKUP_WEIGHT,ANIM_CHECKUP_LENGTH,ANIM_CHECKUP_GENERAL_HEALTH,ANIM_CHECKUP_OTHER_DETAILS) values (to_timestamp('13-APR-08 12.00.00.000000000 AM','DD-MON-RR HH.MI.SS.FF AM'),137,'8','241','66','Normal','Animal appears bored.');
Insert into ANIMAL_CHECKUP (ANIM_CHECKUP_DATE,ANIM_ID,ANIM_CHECKUP_HEIGHT,ANIM_CHECKUP_WEIGHT,ANIM_CHECKUP_LENGTH,ANIM_CHECKUP_GENERAL_HEALTH,ANIM_CHECKUP_OTHER_DETAILS) values (to_timestamp('18-APR-11 12.00.00.000000000 AM','DD-MON-RR HH.MI.SS.FF AM'),67,'17','147','15','Normal',' ');
Insert into ANIMAL_CHECKUP (ANIM_CHECKUP_DATE,ANIM_ID,ANIM_CHECKUP_HEIGHT,ANIM_CHECKUP_WEIGHT,ANIM_CHECKUP_LENGTH,ANIM_CHECKUP_GENERAL_HEALTH,ANIM_CHECKUP_OTHER_DETAILS) values (to_timestamp('07-MAY-11 12.00.00.000000000 AM','DD-MON-RR HH.MI.SS.FF AM'),170,'14','125','14','Normal',' ');
Insert into ANIMAL_CHECKUP (ANIM_CHECKUP_DATE,ANIM_ID,ANIM_CHECKUP_HEIGHT,ANIM_CHECKUP_WEIGHT,ANIM_CHECKUP_LENGTH,ANIM_CHECKUP_GENERAL_HEALTH,ANIM_CHECKUP_OTHER_DETAILS) values (to_timestamp('14-MAY-09 12.00.00.000000000 AM','DD-MON-RR HH.MI.SS.FF AM'),182,'10','254','172','Normal',' ');
Insert into ANIMAL_CHECKUP (ANIM_CHECKUP_DATE,ANIM_ID,ANIM_CHECKUP_HEIGHT,ANIM_CHECKUP_WEIGHT,ANIM_CHECKUP_LENGTH,ANIM_CHECKUP_GENERAL_HEALTH,ANIM_CHECKUP_OTHER_DETAILS) values (to_timestamp('07-APR-12 12.00.00.000000000 AM','DD-MON-RR HH.MI.SS.FF AM'),171,'24','159','54','Normal',' ');
Insert into ANIMAL_CHECKUP (ANIM_CHECKUP_DATE,ANIM_ID,ANIM_CHECKUP_HEIGHT,ANIM_CHECKUP_WEIGHT,ANIM_CHECKUP_LENGTH,ANIM_CHECKUP_GENERAL_HEALTH,ANIM_CHECKUP_OTHER_DETAILS) values (to_timestamp('17-MAY-10 12.00.00.000000000 AM','DD-MON-RR HH.MI.SS.FF AM'),47,'13','228','89','Normal','Animal is very alert and playful');
Insert into ANIMAL_CHECKUP (ANIM_CHECKUP_DATE,ANIM_ID,ANIM_CHECKUP_HEIGHT,ANIM_CHECKUP_WEIGHT,ANIM_CHECKUP_LENGTH,ANIM_CHECKUP_GENERAL_HEALTH,ANIM_CHECKUP_OTHER_DETAILS) values (to_timestamp('01-MAY-10 12.00.00.000000000 AM','DD-MON-RR HH.MI.SS.FF AM'),160,'5','172','35','Normal',' ');
Insert into ANIMAL_CHECKUP (ANIM_CHECKUP_DATE,ANIM_ID,ANIM_CHECKUP_HEIGHT,ANIM_CHECKUP_WEIGHT,ANIM_CHECKUP_LENGTH,ANIM_CHECKUP_GENERAL_HEALTH,ANIM_CHECKUP_OTHER_DETAILS) values (to_timestamp('06-JUN-09 12.00.00.000000000 AM','DD-MON-RR HH.MI.SS.FF AM'),43,'31','379','144','Malnourished',' ');
Insert into ANIMAL_CHECKUP (ANIM_CHECKUP_DATE,ANIM_ID,ANIM_CHECKUP_HEIGHT,ANIM_CHECKUP_WEIGHT,ANIM_CHECKUP_LENGTH,ANIM_CHECKUP_GENERAL_HEALTH,ANIM_CHECKUP_OTHER_DETAILS) values (to_timestamp('24-JUN-12 12.00.00.000000000 AM','DD-MON-RR HH.MI.SS.FF AM'),177,'6','116','200','Normal',' ');
Insert into ANIMAL_CHECKUP (ANIM_CHECKUP_DATE,ANIM_ID,ANIM_CHECKUP_HEIGHT,ANIM_CHECKUP_WEIGHT,ANIM_CHECKUP_LENGTH,ANIM_CHECKUP_GENERAL_HEALTH,ANIM_CHECKUP_OTHER_DETAILS) values (to_timestamp('04-JUN-10 12.00.00.000000000 AM','DD-MON-RR HH.MI.SS.FF AM'),116,'18','177','39','Normal','Animal is very alert and playful');
Insert into ANIMAL_CHECKUP (ANIM_CHECKUP_DATE,ANIM_ID,ANIM_CHECKUP_HEIGHT,ANIM_CHECKUP_WEIGHT,ANIM_CHECKUP_LENGTH,ANIM_CHECKUP_GENERAL_HEALTH,ANIM_CHECKUP_OTHER_DETAILS) values (to_timestamp('04-JUL-09 12.00.00.000000000 AM','DD-MON-RR HH.MI.SS.FF AM'),120,'34','306','169','Normal',' ');
Insert into ANIMAL_CHECKUP (ANIM_CHECKUP_DATE,ANIM_ID,ANIM_CHECKUP_HEIGHT,ANIM_CHECKUP_WEIGHT,ANIM_CHECKUP_LENGTH,ANIM_CHECKUP_GENERAL_HEALTH,ANIM_CHECKUP_OTHER_DETAILS) values (to_timestamp('13-FEB-13 12.00.00.000000000 AM','DD-MON-RR HH.MI.SS.FF AM'),169,'19','154','72','Normal',' ');
Insert into ANIMAL_CHECKUP (ANIM_CHECKUP_DATE,ANIM_ID,ANIM_CHECKUP_HEIGHT,ANIM_CHECKUP_WEIGHT,ANIM_CHECKUP_LENGTH,ANIM_CHECKUP_GENERAL_HEALTH,ANIM_CHECKUP_OTHER_DETAILS) values (to_timestamp('04-FEB-09 12.00.00.000000000 AM','DD-MON-RR HH.MI.SS.FF AM'),75,'9','88','122','Normal',' ');
Insert into ANIMAL_CHECKUP (ANIM_CHECKUP_DATE,ANIM_ID,ANIM_CHECKUP_HEIGHT,ANIM_CHECKUP_WEIGHT,ANIM_CHECKUP_LENGTH,ANIM_CHECKUP_GENERAL_HEALTH,ANIM_CHECKUP_OTHER_DETAILS) values (to_timestamp('23-MAR-13 12.00.00.000000000 AM','DD-MON-RR HH.MI.SS.FF AM'),195,'12','60','61','Normal',' ');
Insert into ANIMAL_CHECKUP (ANIM_CHECKUP_DATE,ANIM_ID,ANIM_CHECKUP_HEIGHT,ANIM_CHECKUP_WEIGHT,ANIM_CHECKUP_LENGTH,ANIM_CHECKUP_GENERAL_HEALTH,ANIM_CHECKUP_OTHER_DETAILS) values (to_timestamp('28-MAR-12 12.00.00.000000000 AM','DD-MON-RR HH.MI.SS.FF AM'),187,'30','292','151','Normal','Animal has poor dental hygiene');
Insert into ANIMAL_CHECKUP (ANIM_CHECKUP_DATE,ANIM_ID,ANIM_CHECKUP_HEIGHT,ANIM_CHECKUP_WEIGHT,ANIM_CHECKUP_LENGTH,ANIM_CHECKUP_GENERAL_HEALTH,ANIM_CHECKUP_OTHER_DETAILS) values (to_timestamp('18-APR-11 12.00.00.000000000 AM','DD-MON-RR HH.MI.SS.FF AM'),102,'15','323','6','Normal','Animal is very alert and playful');
Insert into ANIMAL_CHECKUP (ANIM_CHECKUP_DATE,ANIM_ID,ANIM_CHECKUP_HEIGHT,ANIM_CHECKUP_WEIGHT,ANIM_CHECKUP_LENGTH,ANIM_CHECKUP_GENERAL_HEALTH,ANIM_CHECKUP_OTHER_DETAILS) values (to_timestamp('28-APR-15 12.00.00.000000000 AM','DD-MON-RR HH.MI.SS.FF AM'),22,'4','102','52','Normal',' ');
Insert into ANIMAL_CHECKUP (ANIM_CHECKUP_DATE,ANIM_ID,ANIM_CHECKUP_HEIGHT,ANIM_CHECKUP_WEIGHT,ANIM_CHECKUP_LENGTH,ANIM_CHECKUP_GENERAL_HEALTH,ANIM_CHECKUP_OTHER_DETAILS) values (to_timestamp('03-APR-09 12.00.00.000000000 AM','DD-MON-RR HH.MI.SS.FF AM'),97,'5','89','20','Malnourished','Animal rations should be increased by 5%');
Insert into ANIMAL_CHECKUP (ANIM_CHECKUP_DATE,ANIM_ID,ANIM_CHECKUP_HEIGHT,ANIM_CHECKUP_WEIGHT,ANIM_CHECKUP_LENGTH,ANIM_CHECKUP_GENERAL_HEALTH,ANIM_CHECKUP_OTHER_DETAILS) values (to_timestamp('15-APR-09 12.00.00.000000000 AM','DD-MON-RR HH.MI.SS.FF AM'),67,'14','137','17','Normal',' ');
Insert into ANIMAL_CHECKUP (ANIM_CHECKUP_DATE,ANIM_ID,ANIM_CHECKUP_HEIGHT,ANIM_CHECKUP_WEIGHT,ANIM_CHECKUP_LENGTH,ANIM_CHECKUP_GENERAL_HEALTH,ANIM_CHECKUP_OTHER_DETAILS) values (to_timestamp('07-MAY-12 12.00.00.000000000 AM','DD-MON-RR HH.MI.SS.FF AM'),182,'5','314','171','Normal',' ');
Insert into ANIMAL_CHECKUP (ANIM_CHECKUP_DATE,ANIM_ID,ANIM_CHECKUP_HEIGHT,ANIM_CHECKUP_WEIGHT,ANIM_CHECKUP_LENGTH,ANIM_CHECKUP_GENERAL_HEALTH,ANIM_CHECKUP_OTHER_DETAILS) values (to_timestamp('28-MAY-13 12.00.00.000000000 AM','DD-MON-RR HH.MI.SS.FF AM'),182,'9','309','174','Malnourished','Animal rations should be increased by 5%');
Insert into ANIMAL_CHECKUP (ANIM_CHECKUP_DATE,ANIM_ID,ANIM_CHECKUP_HEIGHT,ANIM_CHECKUP_WEIGHT,ANIM_CHECKUP_LENGTH,ANIM_CHECKUP_GENERAL_HEALTH,ANIM_CHECKUP_OTHER_DETAILS) values (to_timestamp('26-MAY-14 12.00.00.000000000 AM','DD-MON-RR HH.MI.SS.FF AM'),111,'17','103','44','Normal',' ');
Insert into ANIMAL_CHECKUP (ANIM_CHECKUP_DATE,ANIM_ID,ANIM_CHECKUP_HEIGHT,ANIM_CHECKUP_WEIGHT,ANIM_CHECKUP_LENGTH,ANIM_CHECKUP_GENERAL_HEALTH,ANIM_CHECKUP_OTHER_DETAILS) values (to_timestamp('25-JUN-09 12.00.00.000000000 AM','DD-MON-RR HH.MI.SS.FF AM'),143,'4','187','30','Normal',' ');
Insert into ANIMAL_CHECKUP (ANIM_CHECKUP_DATE,ANIM_ID,ANIM_CHECKUP_HEIGHT,ANIM_CHECKUP_WEIGHT,ANIM_CHECKUP_LENGTH,ANIM_CHECKUP_GENERAL_HEALTH,ANIM_CHECKUP_OTHER_DETAILS) values (to_timestamp('28-JUL-14 12.00.00.000000000 AM','DD-MON-RR HH.MI.SS.FF AM'),51,'18','382','132','Normal',' ');
Insert into ANIMAL_CHECKUP (ANIM_CHECKUP_DATE,ANIM_ID,ANIM_CHECKUP_HEIGHT,ANIM_CHECKUP_WEIGHT,ANIM_CHECKUP_LENGTH,ANIM_CHECKUP_GENERAL_HEALTH,ANIM_CHECKUP_OTHER_DETAILS) values (to_timestamp('19-APR-11 12.00.00.000000000 AM','DD-MON-RR HH.MI.SS.FF AM'),22,'5','130','45','Normal','Animal has poor dental hygiene');

---------------------------------------------------
--   END DATA FOR TABLE ANIMAL_CHECKUP
---------------------------------------------------


---------------------------------------------------
--   DATA FOR TABLE ANIMAL_DIETARY_REQUIREMENTS
--   FILTER = none used
---------------------------------------------------
REM INSERTING into ANIMAL_DIETARY_REQUIREMENTS
Insert into ANIMAL_DIETARY_REQUIREMENTS (FOOD_ITEM_ID,ANIM_ID,ANIM_DIETARY_REQUIREMENTS) values (58,0,'7');
Insert into ANIMAL_DIETARY_REQUIREMENTS (FOOD_ITEM_ID,ANIM_ID,ANIM_DIETARY_REQUIREMENTS) values (61,1,'8');
Insert into ANIMAL_DIETARY_REQUIREMENTS (FOOD_ITEM_ID,ANIM_ID,ANIM_DIETARY_REQUIREMENTS) values (14,2,'4');
Insert into ANIMAL_DIETARY_REQUIREMENTS (FOOD_ITEM_ID,ANIM_ID,ANIM_DIETARY_REQUIREMENTS) values (10,3,'4');
Insert into ANIMAL_DIETARY_REQUIREMENTS (FOOD_ITEM_ID,ANIM_ID,ANIM_DIETARY_REQUIREMENTS) values (99,4,'5');
Insert into ANIMAL_DIETARY_REQUIREMENTS (FOOD_ITEM_ID,ANIM_ID,ANIM_DIETARY_REQUIREMENTS) values (4,5,'7');
Insert into ANIMAL_DIETARY_REQUIREMENTS (FOOD_ITEM_ID,ANIM_ID,ANIM_DIETARY_REQUIREMENTS) values (19,6,'10');
Insert into ANIMAL_DIETARY_REQUIREMENTS (FOOD_ITEM_ID,ANIM_ID,ANIM_DIETARY_REQUIREMENTS) values (24,7,'3');
Insert into ANIMAL_DIETARY_REQUIREMENTS (FOOD_ITEM_ID,ANIM_ID,ANIM_DIETARY_REQUIREMENTS) values (14,8,'6');
Insert into ANIMAL_DIETARY_REQUIREMENTS (FOOD_ITEM_ID,ANIM_ID,ANIM_DIETARY_REQUIREMENTS) values (80,9,'10');
Insert into ANIMAL_DIETARY_REQUIREMENTS (FOOD_ITEM_ID,ANIM_ID,ANIM_DIETARY_REQUIREMENTS) values (25,10,'5');
Insert into ANIMAL_DIETARY_REQUIREMENTS (FOOD_ITEM_ID,ANIM_ID,ANIM_DIETARY_REQUIREMENTS) values (60,11,'9');
Insert into ANIMAL_DIETARY_REQUIREMENTS (FOOD_ITEM_ID,ANIM_ID,ANIM_DIETARY_REQUIREMENTS) values (58,12,'4');
Insert into ANIMAL_DIETARY_REQUIREMENTS (FOOD_ITEM_ID,ANIM_ID,ANIM_DIETARY_REQUIREMENTS) values (15,13,'9');
Insert into ANIMAL_DIETARY_REQUIREMENTS (FOOD_ITEM_ID,ANIM_ID,ANIM_DIETARY_REQUIREMENTS) values (43,14,'9');
Insert into ANIMAL_DIETARY_REQUIREMENTS (FOOD_ITEM_ID,ANIM_ID,ANIM_DIETARY_REQUIREMENTS) values (20,15,'7');
Insert into ANIMAL_DIETARY_REQUIREMENTS (FOOD_ITEM_ID,ANIM_ID,ANIM_DIETARY_REQUIREMENTS) values (63,16,'9');
Insert into ANIMAL_DIETARY_REQUIREMENTS (FOOD_ITEM_ID,ANIM_ID,ANIM_DIETARY_REQUIREMENTS) values (20,17,'4');
Insert into ANIMAL_DIETARY_REQUIREMENTS (FOOD_ITEM_ID,ANIM_ID,ANIM_DIETARY_REQUIREMENTS) values (42,18,'4');
Insert into ANIMAL_DIETARY_REQUIREMENTS (FOOD_ITEM_ID,ANIM_ID,ANIM_DIETARY_REQUIREMENTS) values (63,19,'10');
Insert into ANIMAL_DIETARY_REQUIREMENTS (FOOD_ITEM_ID,ANIM_ID,ANIM_DIETARY_REQUIREMENTS) values (30,20,'8');
Insert into ANIMAL_DIETARY_REQUIREMENTS (FOOD_ITEM_ID,ANIM_ID,ANIM_DIETARY_REQUIREMENTS) values (38,21,'1');
Insert into ANIMAL_DIETARY_REQUIREMENTS (FOOD_ITEM_ID,ANIM_ID,ANIM_DIETARY_REQUIREMENTS) values (97,22,'1');
Insert into ANIMAL_DIETARY_REQUIREMENTS (FOOD_ITEM_ID,ANIM_ID,ANIM_DIETARY_REQUIREMENTS) values (135,23,'3');
Insert into ANIMAL_DIETARY_REQUIREMENTS (FOOD_ITEM_ID,ANIM_ID,ANIM_DIETARY_REQUIREMENTS) values (54,24,'5');
Insert into ANIMAL_DIETARY_REQUIREMENTS (FOOD_ITEM_ID,ANIM_ID,ANIM_DIETARY_REQUIREMENTS) values (2,25,'7');
Insert into ANIMAL_DIETARY_REQUIREMENTS (FOOD_ITEM_ID,ANIM_ID,ANIM_DIETARY_REQUIREMENTS) values (24,26,'8');
Insert into ANIMAL_DIETARY_REQUIREMENTS (FOOD_ITEM_ID,ANIM_ID,ANIM_DIETARY_REQUIREMENTS) values (74,27,'6');
Insert into ANIMAL_DIETARY_REQUIREMENTS (FOOD_ITEM_ID,ANIM_ID,ANIM_DIETARY_REQUIREMENTS) values (29,28,'7');
Insert into ANIMAL_DIETARY_REQUIREMENTS (FOOD_ITEM_ID,ANIM_ID,ANIM_DIETARY_REQUIREMENTS) values (66,29,'6');
Insert into ANIMAL_DIETARY_REQUIREMENTS (FOOD_ITEM_ID,ANIM_ID,ANIM_DIETARY_REQUIREMENTS) values (79,30,'5');
Insert into ANIMAL_DIETARY_REQUIREMENTS (FOOD_ITEM_ID,ANIM_ID,ANIM_DIETARY_REQUIREMENTS) values (93,31,'5');
Insert into ANIMAL_DIETARY_REQUIREMENTS (FOOD_ITEM_ID,ANIM_ID,ANIM_DIETARY_REQUIREMENTS) values (66,32,'3');
Insert into ANIMAL_DIETARY_REQUIREMENTS (FOOD_ITEM_ID,ANIM_ID,ANIM_DIETARY_REQUIREMENTS) values (23,33,'2');
Insert into ANIMAL_DIETARY_REQUIREMENTS (FOOD_ITEM_ID,ANIM_ID,ANIM_DIETARY_REQUIREMENTS) values (12,34,'7');
Insert into ANIMAL_DIETARY_REQUIREMENTS (FOOD_ITEM_ID,ANIM_ID,ANIM_DIETARY_REQUIREMENTS) values (59,35,'7');
Insert into ANIMAL_DIETARY_REQUIREMENTS (FOOD_ITEM_ID,ANIM_ID,ANIM_DIETARY_REQUIREMENTS) values (27,36,'10');
Insert into ANIMAL_DIETARY_REQUIREMENTS (FOOD_ITEM_ID,ANIM_ID,ANIM_DIETARY_REQUIREMENTS) values (77,37,'9');
Insert into ANIMAL_DIETARY_REQUIREMENTS (FOOD_ITEM_ID,ANIM_ID,ANIM_DIETARY_REQUIREMENTS) values (16,38,'2');
Insert into ANIMAL_DIETARY_REQUIREMENTS (FOOD_ITEM_ID,ANIM_ID,ANIM_DIETARY_REQUIREMENTS) values (79,39,'3');
Insert into ANIMAL_DIETARY_REQUIREMENTS (FOOD_ITEM_ID,ANIM_ID,ANIM_DIETARY_REQUIREMENTS) values (59,40,'4');
Insert into ANIMAL_DIETARY_REQUIREMENTS (FOOD_ITEM_ID,ANIM_ID,ANIM_DIETARY_REQUIREMENTS) values (97,41,'10');
Insert into ANIMAL_DIETARY_REQUIREMENTS (FOOD_ITEM_ID,ANIM_ID,ANIM_DIETARY_REQUIREMENTS) values (86,42,'2');
Insert into ANIMAL_DIETARY_REQUIREMENTS (FOOD_ITEM_ID,ANIM_ID,ANIM_DIETARY_REQUIREMENTS) values (75,43,'1');
Insert into ANIMAL_DIETARY_REQUIREMENTS (FOOD_ITEM_ID,ANIM_ID,ANIM_DIETARY_REQUIREMENTS) values (45,44,'8');
Insert into ANIMAL_DIETARY_REQUIREMENTS (FOOD_ITEM_ID,ANIM_ID,ANIM_DIETARY_REQUIREMENTS) values (75,45,'2');
Insert into ANIMAL_DIETARY_REQUIREMENTS (FOOD_ITEM_ID,ANIM_ID,ANIM_DIETARY_REQUIREMENTS) values (59,46,'7');
Insert into ANIMAL_DIETARY_REQUIREMENTS (FOOD_ITEM_ID,ANIM_ID,ANIM_DIETARY_REQUIREMENTS) values (116,47,'1');
Insert into ANIMAL_DIETARY_REQUIREMENTS (FOOD_ITEM_ID,ANIM_ID,ANIM_DIETARY_REQUIREMENTS) values (22,48,'2');
Insert into ANIMAL_DIETARY_REQUIREMENTS (FOOD_ITEM_ID,ANIM_ID,ANIM_DIETARY_REQUIREMENTS) values (30,49,'6');
Insert into ANIMAL_DIETARY_REQUIREMENTS (FOOD_ITEM_ID,ANIM_ID,ANIM_DIETARY_REQUIREMENTS) values (99,50,'9');
Insert into ANIMAL_DIETARY_REQUIREMENTS (FOOD_ITEM_ID,ANIM_ID,ANIM_DIETARY_REQUIREMENTS) values (119,51,'3');
Insert into ANIMAL_DIETARY_REQUIREMENTS (FOOD_ITEM_ID,ANIM_ID,ANIM_DIETARY_REQUIREMENTS) values (36,52,'5');
Insert into ANIMAL_DIETARY_REQUIREMENTS (FOOD_ITEM_ID,ANIM_ID,ANIM_DIETARY_REQUIREMENTS) values (38,53,'3');
Insert into ANIMAL_DIETARY_REQUIREMENTS (FOOD_ITEM_ID,ANIM_ID,ANIM_DIETARY_REQUIREMENTS) values (7,54,'10');
Insert into ANIMAL_DIETARY_REQUIREMENTS (FOOD_ITEM_ID,ANIM_ID,ANIM_DIETARY_REQUIREMENTS) values (44,55,'6');
Insert into ANIMAL_DIETARY_REQUIREMENTS (FOOD_ITEM_ID,ANIM_ID,ANIM_DIETARY_REQUIREMENTS) values (116,56,'4');
Insert into ANIMAL_DIETARY_REQUIREMENTS (FOOD_ITEM_ID,ANIM_ID,ANIM_DIETARY_REQUIREMENTS) values (8,57,'4');
Insert into ANIMAL_DIETARY_REQUIREMENTS (FOOD_ITEM_ID,ANIM_ID,ANIM_DIETARY_REQUIREMENTS) values (117,58,'9');
Insert into ANIMAL_DIETARY_REQUIREMENTS (FOOD_ITEM_ID,ANIM_ID,ANIM_DIETARY_REQUIREMENTS) values (54,59,'4');
Insert into ANIMAL_DIETARY_REQUIREMENTS (FOOD_ITEM_ID,ANIM_ID,ANIM_DIETARY_REQUIREMENTS) values (66,60,'4');
Insert into ANIMAL_DIETARY_REQUIREMENTS (FOOD_ITEM_ID,ANIM_ID,ANIM_DIETARY_REQUIREMENTS) values (14,61,'9');
Insert into ANIMAL_DIETARY_REQUIREMENTS (FOOD_ITEM_ID,ANIM_ID,ANIM_DIETARY_REQUIREMENTS) values (1,62,'4');
Insert into ANIMAL_DIETARY_REQUIREMENTS (FOOD_ITEM_ID,ANIM_ID,ANIM_DIETARY_REQUIREMENTS) values (4,63,'8');
Insert into ANIMAL_DIETARY_REQUIREMENTS (FOOD_ITEM_ID,ANIM_ID,ANIM_DIETARY_REQUIREMENTS) values (108,64,'6');
Insert into ANIMAL_DIETARY_REQUIREMENTS (FOOD_ITEM_ID,ANIM_ID,ANIM_DIETARY_REQUIREMENTS) values (15,65,'1');
Insert into ANIMAL_DIETARY_REQUIREMENTS (FOOD_ITEM_ID,ANIM_ID,ANIM_DIETARY_REQUIREMENTS) values (48,66,'2');
Insert into ANIMAL_DIETARY_REQUIREMENTS (FOOD_ITEM_ID,ANIM_ID,ANIM_DIETARY_REQUIREMENTS) values (24,67,'8');
Insert into ANIMAL_DIETARY_REQUIREMENTS (FOOD_ITEM_ID,ANIM_ID,ANIM_DIETARY_REQUIREMENTS) values (32,68,'6');
Insert into ANIMAL_DIETARY_REQUIREMENTS (FOOD_ITEM_ID,ANIM_ID,ANIM_DIETARY_REQUIREMENTS) values (35,69,'5');
Insert into ANIMAL_DIETARY_REQUIREMENTS (FOOD_ITEM_ID,ANIM_ID,ANIM_DIETARY_REQUIREMENTS) values (94,70,'4');
Insert into ANIMAL_DIETARY_REQUIREMENTS (FOOD_ITEM_ID,ANIM_ID,ANIM_DIETARY_REQUIREMENTS) values (16,71,'5');
Insert into ANIMAL_DIETARY_REQUIREMENTS (FOOD_ITEM_ID,ANIM_ID,ANIM_DIETARY_REQUIREMENTS) values (100,72,'4');
Insert into ANIMAL_DIETARY_REQUIREMENTS (FOOD_ITEM_ID,ANIM_ID,ANIM_DIETARY_REQUIREMENTS) values (76,73,'9');
Insert into ANIMAL_DIETARY_REQUIREMENTS (FOOD_ITEM_ID,ANIM_ID,ANIM_DIETARY_REQUIREMENTS) values (50,74,'9');
Insert into ANIMAL_DIETARY_REQUIREMENTS (FOOD_ITEM_ID,ANIM_ID,ANIM_DIETARY_REQUIREMENTS) values (79,75,'8');
Insert into ANIMAL_DIETARY_REQUIREMENTS (FOOD_ITEM_ID,ANIM_ID,ANIM_DIETARY_REQUIREMENTS) values (117,76,'7');
Insert into ANIMAL_DIETARY_REQUIREMENTS (FOOD_ITEM_ID,ANIM_ID,ANIM_DIETARY_REQUIREMENTS) values (79,77,'4');
Insert into ANIMAL_DIETARY_REQUIREMENTS (FOOD_ITEM_ID,ANIM_ID,ANIM_DIETARY_REQUIREMENTS) values (11,78,'1');
Insert into ANIMAL_DIETARY_REQUIREMENTS (FOOD_ITEM_ID,ANIM_ID,ANIM_DIETARY_REQUIREMENTS) values (8,79,'2');
Insert into ANIMAL_DIETARY_REQUIREMENTS (FOOD_ITEM_ID,ANIM_ID,ANIM_DIETARY_REQUIREMENTS) values (58,80,'7');
Insert into ANIMAL_DIETARY_REQUIREMENTS (FOOD_ITEM_ID,ANIM_ID,ANIM_DIETARY_REQUIREMENTS) values (40,81,'8');
Insert into ANIMAL_DIETARY_REQUIREMENTS (FOOD_ITEM_ID,ANIM_ID,ANIM_DIETARY_REQUIREMENTS) values (135,82,'3');
Insert into ANIMAL_DIETARY_REQUIREMENTS (FOOD_ITEM_ID,ANIM_ID,ANIM_DIETARY_REQUIREMENTS) values (36,83,'4');
Insert into ANIMAL_DIETARY_REQUIREMENTS (FOOD_ITEM_ID,ANIM_ID,ANIM_DIETARY_REQUIREMENTS) values (24,84,'4');
Insert into ANIMAL_DIETARY_REQUIREMENTS (FOOD_ITEM_ID,ANIM_ID,ANIM_DIETARY_REQUIREMENTS) values (10,85,'5');
Insert into ANIMAL_DIETARY_REQUIREMENTS (FOOD_ITEM_ID,ANIM_ID,ANIM_DIETARY_REQUIREMENTS) values (69,86,'10');
Insert into ANIMAL_DIETARY_REQUIREMENTS (FOOD_ITEM_ID,ANIM_ID,ANIM_DIETARY_REQUIREMENTS) values (103,87,'10');
Insert into ANIMAL_DIETARY_REQUIREMENTS (FOOD_ITEM_ID,ANIM_ID,ANIM_DIETARY_REQUIREMENTS) values (12,88,'9');
Insert into ANIMAL_DIETARY_REQUIREMENTS (FOOD_ITEM_ID,ANIM_ID,ANIM_DIETARY_REQUIREMENTS) values (27,89,'9');
Insert into ANIMAL_DIETARY_REQUIREMENTS (FOOD_ITEM_ID,ANIM_ID,ANIM_DIETARY_REQUIREMENTS) values (50,90,'10');
Insert into ANIMAL_DIETARY_REQUIREMENTS (FOOD_ITEM_ID,ANIM_ID,ANIM_DIETARY_REQUIREMENTS) values (54,91,'1');
Insert into ANIMAL_DIETARY_REQUIREMENTS (FOOD_ITEM_ID,ANIM_ID,ANIM_DIETARY_REQUIREMENTS) values (117,92,'4');
Insert into ANIMAL_DIETARY_REQUIREMENTS (FOOD_ITEM_ID,ANIM_ID,ANIM_DIETARY_REQUIREMENTS) values (81,93,'9');
Insert into ANIMAL_DIETARY_REQUIREMENTS (FOOD_ITEM_ID,ANIM_ID,ANIM_DIETARY_REQUIREMENTS) values (117,94,'7');
Insert into ANIMAL_DIETARY_REQUIREMENTS (FOOD_ITEM_ID,ANIM_ID,ANIM_DIETARY_REQUIREMENTS) values (38,95,'10');
Insert into ANIMAL_DIETARY_REQUIREMENTS (FOOD_ITEM_ID,ANIM_ID,ANIM_DIETARY_REQUIREMENTS) values (58,96,'6');
Insert into ANIMAL_DIETARY_REQUIREMENTS (FOOD_ITEM_ID,ANIM_ID,ANIM_DIETARY_REQUIREMENTS) values (44,97,'6');
Insert into ANIMAL_DIETARY_REQUIREMENTS (FOOD_ITEM_ID,ANIM_ID,ANIM_DIETARY_REQUIREMENTS) values (76,98,'7');
Insert into ANIMAL_DIETARY_REQUIREMENTS (FOOD_ITEM_ID,ANIM_ID,ANIM_DIETARY_REQUIREMENTS) values (3,99,'8');
Insert into ANIMAL_DIETARY_REQUIREMENTS (FOOD_ITEM_ID,ANIM_ID,ANIM_DIETARY_REQUIREMENTS) values (77,100,'8');
Insert into ANIMAL_DIETARY_REQUIREMENTS (FOOD_ITEM_ID,ANIM_ID,ANIM_DIETARY_REQUIREMENTS) values (135,101,'5');
Insert into ANIMAL_DIETARY_REQUIREMENTS (FOOD_ITEM_ID,ANIM_ID,ANIM_DIETARY_REQUIREMENTS) values (100,102,'3');
Insert into ANIMAL_DIETARY_REQUIREMENTS (FOOD_ITEM_ID,ANIM_ID,ANIM_DIETARY_REQUIREMENTS) values (9,103,'7');
Insert into ANIMAL_DIETARY_REQUIREMENTS (FOOD_ITEM_ID,ANIM_ID,ANIM_DIETARY_REQUIREMENTS) values (59,104,'4');
Insert into ANIMAL_DIETARY_REQUIREMENTS (FOOD_ITEM_ID,ANIM_ID,ANIM_DIETARY_REQUIREMENTS) values (104,105,'1');
Insert into ANIMAL_DIETARY_REQUIREMENTS (FOOD_ITEM_ID,ANIM_ID,ANIM_DIETARY_REQUIREMENTS) values (113,106,'2');
Insert into ANIMAL_DIETARY_REQUIREMENTS (FOOD_ITEM_ID,ANIM_ID,ANIM_DIETARY_REQUIREMENTS) values (135,107,'3');
Insert into ANIMAL_DIETARY_REQUIREMENTS (FOOD_ITEM_ID,ANIM_ID,ANIM_DIETARY_REQUIREMENTS) values (25,108,'4');
Insert into ANIMAL_DIETARY_REQUIREMENTS (FOOD_ITEM_ID,ANIM_ID,ANIM_DIETARY_REQUIREMENTS) values (16,109,'3');
Insert into ANIMAL_DIETARY_REQUIREMENTS (FOOD_ITEM_ID,ANIM_ID,ANIM_DIETARY_REQUIREMENTS) values (42,110,'8');
Insert into ANIMAL_DIETARY_REQUIREMENTS (FOOD_ITEM_ID,ANIM_ID,ANIM_DIETARY_REQUIREMENTS) values (81,111,'5');
Insert into ANIMAL_DIETARY_REQUIREMENTS (FOOD_ITEM_ID,ANIM_ID,ANIM_DIETARY_REQUIREMENTS) values (115,112,'2');
Insert into ANIMAL_DIETARY_REQUIREMENTS (FOOD_ITEM_ID,ANIM_ID,ANIM_DIETARY_REQUIREMENTS) values (38,113,'7');
Insert into ANIMAL_DIETARY_REQUIREMENTS (FOOD_ITEM_ID,ANIM_ID,ANIM_DIETARY_REQUIREMENTS) values (108,114,'3');
Insert into ANIMAL_DIETARY_REQUIREMENTS (FOOD_ITEM_ID,ANIM_ID,ANIM_DIETARY_REQUIREMENTS) values (97,115,'9');
Insert into ANIMAL_DIETARY_REQUIREMENTS (FOOD_ITEM_ID,ANIM_ID,ANIM_DIETARY_REQUIREMENTS) values (37,116,'8');
Insert into ANIMAL_DIETARY_REQUIREMENTS (FOOD_ITEM_ID,ANIM_ID,ANIM_DIETARY_REQUIREMENTS) values (127,117,'9');
Insert into ANIMAL_DIETARY_REQUIREMENTS (FOOD_ITEM_ID,ANIM_ID,ANIM_DIETARY_REQUIREMENTS) values (115,118,'4');
Insert into ANIMAL_DIETARY_REQUIREMENTS (FOOD_ITEM_ID,ANIM_ID,ANIM_DIETARY_REQUIREMENTS) values (80,119,'1');
Insert into ANIMAL_DIETARY_REQUIREMENTS (FOOD_ITEM_ID,ANIM_ID,ANIM_DIETARY_REQUIREMENTS) values (81,120,'1');
Insert into ANIMAL_DIETARY_REQUIREMENTS (FOOD_ITEM_ID,ANIM_ID,ANIM_DIETARY_REQUIREMENTS) values (43,121,'10');
Insert into ANIMAL_DIETARY_REQUIREMENTS (FOOD_ITEM_ID,ANIM_ID,ANIM_DIETARY_REQUIREMENTS) values (146,122,'7');
Insert into ANIMAL_DIETARY_REQUIREMENTS (FOOD_ITEM_ID,ANIM_ID,ANIM_DIETARY_REQUIREMENTS) values (13,123,'8');
Insert into ANIMAL_DIETARY_REQUIREMENTS (FOOD_ITEM_ID,ANIM_ID,ANIM_DIETARY_REQUIREMENTS) values (9,124,'5');
Insert into ANIMAL_DIETARY_REQUIREMENTS (FOOD_ITEM_ID,ANIM_ID,ANIM_DIETARY_REQUIREMENTS) values (62,125,'6');
Insert into ANIMAL_DIETARY_REQUIREMENTS (FOOD_ITEM_ID,ANIM_ID,ANIM_DIETARY_REQUIREMENTS) values (81,126,'6');
Insert into ANIMAL_DIETARY_REQUIREMENTS (FOOD_ITEM_ID,ANIM_ID,ANIM_DIETARY_REQUIREMENTS) values (119,127,'10');
Insert into ANIMAL_DIETARY_REQUIREMENTS (FOOD_ITEM_ID,ANIM_ID,ANIM_DIETARY_REQUIREMENTS) values (146,128,'10');
Insert into ANIMAL_DIETARY_REQUIREMENTS (FOOD_ITEM_ID,ANIM_ID,ANIM_DIETARY_REQUIREMENTS) values (97,129,'2');
Insert into ANIMAL_DIETARY_REQUIREMENTS (FOOD_ITEM_ID,ANIM_ID,ANIM_DIETARY_REQUIREMENTS) values (126,130,'2');
Insert into ANIMAL_DIETARY_REQUIREMENTS (FOOD_ITEM_ID,ANIM_ID,ANIM_DIETARY_REQUIREMENTS) values (134,131,'6');
Insert into ANIMAL_DIETARY_REQUIREMENTS (FOOD_ITEM_ID,ANIM_ID,ANIM_DIETARY_REQUIREMENTS) values (47,132,'6');
Insert into ANIMAL_DIETARY_REQUIREMENTS (FOOD_ITEM_ID,ANIM_ID,ANIM_DIETARY_REQUIREMENTS) values (121,133,'5');
Insert into ANIMAL_DIETARY_REQUIREMENTS (FOOD_ITEM_ID,ANIM_ID,ANIM_DIETARY_REQUIREMENTS) values (75,134,'9');
Insert into ANIMAL_DIETARY_REQUIREMENTS (FOOD_ITEM_ID,ANIM_ID,ANIM_DIETARY_REQUIREMENTS) values (45,135,'10');
Insert into ANIMAL_DIETARY_REQUIREMENTS (FOOD_ITEM_ID,ANIM_ID,ANIM_DIETARY_REQUIREMENTS) values (40,136,'2');
Insert into ANIMAL_DIETARY_REQUIREMENTS (FOOD_ITEM_ID,ANIM_ID,ANIM_DIETARY_REQUIREMENTS) values (10,137,'2');
Insert into ANIMAL_DIETARY_REQUIREMENTS (FOOD_ITEM_ID,ANIM_ID,ANIM_DIETARY_REQUIREMENTS) values (37,138,'7');
Insert into ANIMAL_DIETARY_REQUIREMENTS (FOOD_ITEM_ID,ANIM_ID,ANIM_DIETARY_REQUIREMENTS) values (74,139,'9');
Insert into ANIMAL_DIETARY_REQUIREMENTS (FOOD_ITEM_ID,ANIM_ID,ANIM_DIETARY_REQUIREMENTS) values (94,140,'5');
Insert into ANIMAL_DIETARY_REQUIREMENTS (FOOD_ITEM_ID,ANIM_ID,ANIM_DIETARY_REQUIREMENTS) values (81,141,'6');
Insert into ANIMAL_DIETARY_REQUIREMENTS (FOOD_ITEM_ID,ANIM_ID,ANIM_DIETARY_REQUIREMENTS) values (117,142,'6');
Insert into ANIMAL_DIETARY_REQUIREMENTS (FOOD_ITEM_ID,ANIM_ID,ANIM_DIETARY_REQUIREMENTS) values (5,143,'10');
Insert into ANIMAL_DIETARY_REQUIREMENTS (FOOD_ITEM_ID,ANIM_ID,ANIM_DIETARY_REQUIREMENTS) values (146,144,'10');
Insert into ANIMAL_DIETARY_REQUIREMENTS (FOOD_ITEM_ID,ANIM_ID,ANIM_DIETARY_REQUIREMENTS) values (112,145,'1');
Insert into ANIMAL_DIETARY_REQUIREMENTS (FOOD_ITEM_ID,ANIM_ID,ANIM_DIETARY_REQUIREMENTS) values (5,146,'4');
Insert into ANIMAL_DIETARY_REQUIREMENTS (FOOD_ITEM_ID,ANIM_ID,ANIM_DIETARY_REQUIREMENTS) values (103,147,'10');
Insert into ANIMAL_DIETARY_REQUIREMENTS (FOOD_ITEM_ID,ANIM_ID,ANIM_DIETARY_REQUIREMENTS) values (44,148,'10');
Insert into ANIMAL_DIETARY_REQUIREMENTS (FOOD_ITEM_ID,ANIM_ID,ANIM_DIETARY_REQUIREMENTS) values (14,149,'10');
Insert into ANIMAL_DIETARY_REQUIREMENTS (FOOD_ITEM_ID,ANIM_ID,ANIM_DIETARY_REQUIREMENTS) values (63,150,'4');
Insert into ANIMAL_DIETARY_REQUIREMENTS (FOOD_ITEM_ID,ANIM_ID,ANIM_DIETARY_REQUIREMENTS) values (69,151,'10');
Insert into ANIMAL_DIETARY_REQUIREMENTS (FOOD_ITEM_ID,ANIM_ID,ANIM_DIETARY_REQUIREMENTS) values (113,152,'2');
Insert into ANIMAL_DIETARY_REQUIREMENTS (FOOD_ITEM_ID,ANIM_ID,ANIM_DIETARY_REQUIREMENTS) values (9,153,'3');
Insert into ANIMAL_DIETARY_REQUIREMENTS (FOOD_ITEM_ID,ANIM_ID,ANIM_DIETARY_REQUIREMENTS) values (32,154,'10');
Insert into ANIMAL_DIETARY_REQUIREMENTS (FOOD_ITEM_ID,ANIM_ID,ANIM_DIETARY_REQUIREMENTS) values (58,155,'4');
Insert into ANIMAL_DIETARY_REQUIREMENTS (FOOD_ITEM_ID,ANIM_ID,ANIM_DIETARY_REQUIREMENTS) values (7,156,'9');
Insert into ANIMAL_DIETARY_REQUIREMENTS (FOOD_ITEM_ID,ANIM_ID,ANIM_DIETARY_REQUIREMENTS) values (145,157,'1');
Insert into ANIMAL_DIETARY_REQUIREMENTS (FOOD_ITEM_ID,ANIM_ID,ANIM_DIETARY_REQUIREMENTS) values (48,158,'8');
Insert into ANIMAL_DIETARY_REQUIREMENTS (FOOD_ITEM_ID,ANIM_ID,ANIM_DIETARY_REQUIREMENTS) values (81,159,'1');
Insert into ANIMAL_DIETARY_REQUIREMENTS (FOOD_ITEM_ID,ANIM_ID,ANIM_DIETARY_REQUIREMENTS) values (30,160,'9');
Insert into ANIMAL_DIETARY_REQUIREMENTS (FOOD_ITEM_ID,ANIM_ID,ANIM_DIETARY_REQUIREMENTS) values (94,161,'7');
Insert into ANIMAL_DIETARY_REQUIREMENTS (FOOD_ITEM_ID,ANIM_ID,ANIM_DIETARY_REQUIREMENTS) values (36,162,'5');
Insert into ANIMAL_DIETARY_REQUIREMENTS (FOOD_ITEM_ID,ANIM_ID,ANIM_DIETARY_REQUIREMENTS) values (54,163,'9');
Insert into ANIMAL_DIETARY_REQUIREMENTS (FOOD_ITEM_ID,ANIM_ID,ANIM_DIETARY_REQUIREMENTS) values (54,164,'9');
Insert into ANIMAL_DIETARY_REQUIREMENTS (FOOD_ITEM_ID,ANIM_ID,ANIM_DIETARY_REQUIREMENTS) values (10,165,'10');
Insert into ANIMAL_DIETARY_REQUIREMENTS (FOOD_ITEM_ID,ANIM_ID,ANIM_DIETARY_REQUIREMENTS) values (66,166,'10');
Insert into ANIMAL_DIETARY_REQUIREMENTS (FOOD_ITEM_ID,ANIM_ID,ANIM_DIETARY_REQUIREMENTS) values (66,167,'7');
Insert into ANIMAL_DIETARY_REQUIREMENTS (FOOD_ITEM_ID,ANIM_ID,ANIM_DIETARY_REQUIREMENTS) values (135,168,'8');
Insert into ANIMAL_DIETARY_REQUIREMENTS (FOOD_ITEM_ID,ANIM_ID,ANIM_DIETARY_REQUIREMENTS) values (27,169,'3');
Insert into ANIMAL_DIETARY_REQUIREMENTS (FOOD_ITEM_ID,ANIM_ID,ANIM_DIETARY_REQUIREMENTS) values (8,170,'5');
Insert into ANIMAL_DIETARY_REQUIREMENTS (FOOD_ITEM_ID,ANIM_ID,ANIM_DIETARY_REQUIREMENTS) values (127,171,'9');
Insert into ANIMAL_DIETARY_REQUIREMENTS (FOOD_ITEM_ID,ANIM_ID,ANIM_DIETARY_REQUIREMENTS) values (10,172,'10');
Insert into ANIMAL_DIETARY_REQUIREMENTS (FOOD_ITEM_ID,ANIM_ID,ANIM_DIETARY_REQUIREMENTS) values (36,173,'3');
Insert into ANIMAL_DIETARY_REQUIREMENTS (FOOD_ITEM_ID,ANIM_ID,ANIM_DIETARY_REQUIREMENTS) values (21,174,'10');
Insert into ANIMAL_DIETARY_REQUIREMENTS (FOOD_ITEM_ID,ANIM_ID,ANIM_DIETARY_REQUIREMENTS) values (63,175,'7');
Insert into ANIMAL_DIETARY_REQUIREMENTS (FOOD_ITEM_ID,ANIM_ID,ANIM_DIETARY_REQUIREMENTS) values (95,176,'1');
Insert into ANIMAL_DIETARY_REQUIREMENTS (FOOD_ITEM_ID,ANIM_ID,ANIM_DIETARY_REQUIREMENTS) values (97,177,'8');
Insert into ANIMAL_DIETARY_REQUIREMENTS (FOOD_ITEM_ID,ANIM_ID,ANIM_DIETARY_REQUIREMENTS) values (100,178,'9');
Insert into ANIMAL_DIETARY_REQUIREMENTS (FOOD_ITEM_ID,ANIM_ID,ANIM_DIETARY_REQUIREMENTS) values (134,179,'5');
Insert into ANIMAL_DIETARY_REQUIREMENTS (FOOD_ITEM_ID,ANIM_ID,ANIM_DIETARY_REQUIREMENTS) values (126,180,'1');
Insert into ANIMAL_DIETARY_REQUIREMENTS (FOOD_ITEM_ID,ANIM_ID,ANIM_DIETARY_REQUIREMENTS) values (20,181,'8');
Insert into ANIMAL_DIETARY_REQUIREMENTS (FOOD_ITEM_ID,ANIM_ID,ANIM_DIETARY_REQUIREMENTS) values (117,182,'8');
Insert into ANIMAL_DIETARY_REQUIREMENTS (FOOD_ITEM_ID,ANIM_ID,ANIM_DIETARY_REQUIREMENTS) values (48,183,'8');
Insert into ANIMAL_DIETARY_REQUIREMENTS (FOOD_ITEM_ID,ANIM_ID,ANIM_DIETARY_REQUIREMENTS) values (13,184,'10');
Insert into ANIMAL_DIETARY_REQUIREMENTS (FOOD_ITEM_ID,ANIM_ID,ANIM_DIETARY_REQUIREMENTS) values (62,185,'7');
Insert into ANIMAL_DIETARY_REQUIREMENTS (FOOD_ITEM_ID,ANIM_ID,ANIM_DIETARY_REQUIREMENTS) values (22,186,'6');
Insert into ANIMAL_DIETARY_REQUIREMENTS (FOOD_ITEM_ID,ANIM_ID,ANIM_DIETARY_REQUIREMENTS) values (50,187,'9');
Insert into ANIMAL_DIETARY_REQUIREMENTS (FOOD_ITEM_ID,ANIM_ID,ANIM_DIETARY_REQUIREMENTS) values (9,188,'2');
Insert into ANIMAL_DIETARY_REQUIREMENTS (FOOD_ITEM_ID,ANIM_ID,ANIM_DIETARY_REQUIREMENTS) values (19,189,'5');
Insert into ANIMAL_DIETARY_REQUIREMENTS (FOOD_ITEM_ID,ANIM_ID,ANIM_DIETARY_REQUIREMENTS) values (103,190,'1');
Insert into ANIMAL_DIETARY_REQUIREMENTS (FOOD_ITEM_ID,ANIM_ID,ANIM_DIETARY_REQUIREMENTS) values (74,191,'9');
Insert into ANIMAL_DIETARY_REQUIREMENTS (FOOD_ITEM_ID,ANIM_ID,ANIM_DIETARY_REQUIREMENTS) values (35,192,'4');
Insert into ANIMAL_DIETARY_REQUIREMENTS (FOOD_ITEM_ID,ANIM_ID,ANIM_DIETARY_REQUIREMENTS) values (59,193,'9');
Insert into ANIMAL_DIETARY_REQUIREMENTS (FOOD_ITEM_ID,ANIM_ID,ANIM_DIETARY_REQUIREMENTS) values (15,194,'2');
Insert into ANIMAL_DIETARY_REQUIREMENTS (FOOD_ITEM_ID,ANIM_ID,ANIM_DIETARY_REQUIREMENTS) values (52,195,'2');
Insert into ANIMAL_DIETARY_REQUIREMENTS (FOOD_ITEM_ID,ANIM_ID,ANIM_DIETARY_REQUIREMENTS) values (3,0,'10');
Insert into ANIMAL_DIETARY_REQUIREMENTS (FOOD_ITEM_ID,ANIM_ID,ANIM_DIETARY_REQUIREMENTS) values (21,1,'4');
Insert into ANIMAL_DIETARY_REQUIREMENTS (FOOD_ITEM_ID,ANIM_ID,ANIM_DIETARY_REQUIREMENTS) values (93,2,'10');
Insert into ANIMAL_DIETARY_REQUIREMENTS (FOOD_ITEM_ID,ANIM_ID,ANIM_DIETARY_REQUIREMENTS) values (14,3,'2');
Insert into ANIMAL_DIETARY_REQUIREMENTS (FOOD_ITEM_ID,ANIM_ID,ANIM_DIETARY_REQUIREMENTS) values (108,4,'10');
Insert into ANIMAL_DIETARY_REQUIREMENTS (FOOD_ITEM_ID,ANIM_ID,ANIM_DIETARY_REQUIREMENTS) values (121,5,'2');
Insert into ANIMAL_DIETARY_REQUIREMENTS (FOOD_ITEM_ID,ANIM_ID,ANIM_DIETARY_REQUIREMENTS) values (13,6,'7');
Insert into ANIMAL_DIETARY_REQUIREMENTS (FOOD_ITEM_ID,ANIM_ID,ANIM_DIETARY_REQUIREMENTS) values (146,7,'1');
Insert into ANIMAL_DIETARY_REQUIREMENTS (FOOD_ITEM_ID,ANIM_ID,ANIM_DIETARY_REQUIREMENTS) values (21,8,'6');
Insert into ANIMAL_DIETARY_REQUIREMENTS (FOOD_ITEM_ID,ANIM_ID,ANIM_DIETARY_REQUIREMENTS) values (40,9,'8');
Insert into ANIMAL_DIETARY_REQUIREMENTS (FOOD_ITEM_ID,ANIM_ID,ANIM_DIETARY_REQUIREMENTS) values (74,10,'6');
Insert into ANIMAL_DIETARY_REQUIREMENTS (FOOD_ITEM_ID,ANIM_ID,ANIM_DIETARY_REQUIREMENTS) values (75,11,'5');
Insert into ANIMAL_DIETARY_REQUIREMENTS (FOOD_ITEM_ID,ANIM_ID,ANIM_DIETARY_REQUIREMENTS) values (21,12,'9');
Insert into ANIMAL_DIETARY_REQUIREMENTS (FOOD_ITEM_ID,ANIM_ID,ANIM_DIETARY_REQUIREMENTS) values (115,13,'5');
Insert into ANIMAL_DIETARY_REQUIREMENTS (FOOD_ITEM_ID,ANIM_ID,ANIM_DIETARY_REQUIREMENTS) values (30,14,'1');
Insert into ANIMAL_DIETARY_REQUIREMENTS (FOOD_ITEM_ID,ANIM_ID,ANIM_DIETARY_REQUIREMENTS) values (59,15,'5');
Insert into ANIMAL_DIETARY_REQUIREMENTS (FOOD_ITEM_ID,ANIM_ID,ANIM_DIETARY_REQUIREMENTS) values (60,16,'3');
Insert into ANIMAL_DIETARY_REQUIREMENTS (FOOD_ITEM_ID,ANIM_ID,ANIM_DIETARY_REQUIREMENTS) values (74,17,'6');
Insert into ANIMAL_DIETARY_REQUIREMENTS (FOOD_ITEM_ID,ANIM_ID,ANIM_DIETARY_REQUIREMENTS) values (60,18,'8');
Insert into ANIMAL_DIETARY_REQUIREMENTS (FOOD_ITEM_ID,ANIM_ID,ANIM_DIETARY_REQUIREMENTS) values (95,20,'8');
Insert into ANIMAL_DIETARY_REQUIREMENTS (FOOD_ITEM_ID,ANIM_ID,ANIM_DIETARY_REQUIREMENTS) values (24,21,'7');
Insert into ANIMAL_DIETARY_REQUIREMENTS (FOOD_ITEM_ID,ANIM_ID,ANIM_DIETARY_REQUIREMENTS) values (42,22,'8');
Insert into ANIMAL_DIETARY_REQUIREMENTS (FOOD_ITEM_ID,ANIM_ID,ANIM_DIETARY_REQUIREMENTS) values (75,23,'1');
Insert into ANIMAL_DIETARY_REQUIREMENTS (FOOD_ITEM_ID,ANIM_ID,ANIM_DIETARY_REQUIREMENTS) values (23,24,'4');
Insert into ANIMAL_DIETARY_REQUIREMENTS (FOOD_ITEM_ID,ANIM_ID,ANIM_DIETARY_REQUIREMENTS) values (74,25,'5');
Insert into ANIMAL_DIETARY_REQUIREMENTS (FOOD_ITEM_ID,ANIM_ID,ANIM_DIETARY_REQUIREMENTS) values (69,26,'7');
Insert into ANIMAL_DIETARY_REQUIREMENTS (FOOD_ITEM_ID,ANIM_ID,ANIM_DIETARY_REQUIREMENTS) values (32,27,'6');
Insert into ANIMAL_DIETARY_REQUIREMENTS (FOOD_ITEM_ID,ANIM_ID,ANIM_DIETARY_REQUIREMENTS) values (16,28,'2');
Insert into ANIMAL_DIETARY_REQUIREMENTS (FOOD_ITEM_ID,ANIM_ID,ANIM_DIETARY_REQUIREMENTS) values (94,29,'7');
Insert into ANIMAL_DIETARY_REQUIREMENTS (FOOD_ITEM_ID,ANIM_ID,ANIM_DIETARY_REQUIREMENTS) values (8,30,'9');
Insert into ANIMAL_DIETARY_REQUIREMENTS (FOOD_ITEM_ID,ANIM_ID,ANIM_DIETARY_REQUIREMENTS) values (15,31,'7');
Insert into ANIMAL_DIETARY_REQUIREMENTS (FOOD_ITEM_ID,ANIM_ID,ANIM_DIETARY_REQUIREMENTS) values (47,32,'2');
Insert into ANIMAL_DIETARY_REQUIREMENTS (FOOD_ITEM_ID,ANIM_ID,ANIM_DIETARY_REQUIREMENTS) values (103,33,'9');
Insert into ANIMAL_DIETARY_REQUIREMENTS (FOOD_ITEM_ID,ANIM_ID,ANIM_DIETARY_REQUIREMENTS) values (22,34,'9');
Insert into ANIMAL_DIETARY_REQUIREMENTS (FOOD_ITEM_ID,ANIM_ID,ANIM_DIETARY_REQUIREMENTS) values (48,35,'7');
Insert into ANIMAL_DIETARY_REQUIREMENTS (FOOD_ITEM_ID,ANIM_ID,ANIM_DIETARY_REQUIREMENTS) values (134,36,'6');
Insert into ANIMAL_DIETARY_REQUIREMENTS (FOOD_ITEM_ID,ANIM_ID,ANIM_DIETARY_REQUIREMENTS) values (43,37,'2');
Insert into ANIMAL_DIETARY_REQUIREMENTS (FOOD_ITEM_ID,ANIM_ID,ANIM_DIETARY_REQUIREMENTS) values (48,38,'2');
Insert into ANIMAL_DIETARY_REQUIREMENTS (FOOD_ITEM_ID,ANIM_ID,ANIM_DIETARY_REQUIREMENTS) values (11,39,'10');
Insert into ANIMAL_DIETARY_REQUIREMENTS (FOOD_ITEM_ID,ANIM_ID,ANIM_DIETARY_REQUIREMENTS) values (39,40,'2');
Insert into ANIMAL_DIETARY_REQUIREMENTS (FOOD_ITEM_ID,ANIM_ID,ANIM_DIETARY_REQUIREMENTS) values (95,41,'7');
Insert into ANIMAL_DIETARY_REQUIREMENTS (FOOD_ITEM_ID,ANIM_ID,ANIM_DIETARY_REQUIREMENTS) values (127,42,'9');
Insert into ANIMAL_DIETARY_REQUIREMENTS (FOOD_ITEM_ID,ANIM_ID,ANIM_DIETARY_REQUIREMENTS) values (8,43,'7');
Insert into ANIMAL_DIETARY_REQUIREMENTS (FOOD_ITEM_ID,ANIM_ID,ANIM_DIETARY_REQUIREMENTS) values (8,44,'10');
Insert into ANIMAL_DIETARY_REQUIREMENTS (FOOD_ITEM_ID,ANIM_ID,ANIM_DIETARY_REQUIREMENTS) values (27,45,'10');
Insert into ANIMAL_DIETARY_REQUIREMENTS (FOOD_ITEM_ID,ANIM_ID,ANIM_DIETARY_REQUIREMENTS) values (58,46,'3');
Insert into ANIMAL_DIETARY_REQUIREMENTS (FOOD_ITEM_ID,ANIM_ID,ANIM_DIETARY_REQUIREMENTS) values (146,47,'10');
Insert into ANIMAL_DIETARY_REQUIREMENTS (FOOD_ITEM_ID,ANIM_ID,ANIM_DIETARY_REQUIREMENTS) values (40,48,'7');
Insert into ANIMAL_DIETARY_REQUIREMENTS (FOOD_ITEM_ID,ANIM_ID,ANIM_DIETARY_REQUIREMENTS) values (37,49,'1');
Insert into ANIMAL_DIETARY_REQUIREMENTS (FOOD_ITEM_ID,ANIM_ID,ANIM_DIETARY_REQUIREMENTS) values (95,50,'7');
Insert into ANIMAL_DIETARY_REQUIREMENTS (FOOD_ITEM_ID,ANIM_ID,ANIM_DIETARY_REQUIREMENTS) values (45,51,'7');
Insert into ANIMAL_DIETARY_REQUIREMENTS (FOOD_ITEM_ID,ANIM_ID,ANIM_DIETARY_REQUIREMENTS) values (60,52,'9');
Insert into ANIMAL_DIETARY_REQUIREMENTS (FOOD_ITEM_ID,ANIM_ID,ANIM_DIETARY_REQUIREMENTS) values (80,53,'5');
Insert into ANIMAL_DIETARY_REQUIREMENTS (FOOD_ITEM_ID,ANIM_ID,ANIM_DIETARY_REQUIREMENTS) values (60,54,'7');
Insert into ANIMAL_DIETARY_REQUIREMENTS (FOOD_ITEM_ID,ANIM_ID,ANIM_DIETARY_REQUIREMENTS) values (93,55,'4');
Insert into ANIMAL_DIETARY_REQUIREMENTS (FOOD_ITEM_ID,ANIM_ID,ANIM_DIETARY_REQUIREMENTS) values (94,56,'1');
Insert into ANIMAL_DIETARY_REQUIREMENTS (FOOD_ITEM_ID,ANIM_ID,ANIM_DIETARY_REQUIREMENTS) values (146,57,'9');
Insert into ANIMAL_DIETARY_REQUIREMENTS (FOOD_ITEM_ID,ANIM_ID,ANIM_DIETARY_REQUIREMENTS) values (47,58,'4');
Insert into ANIMAL_DIETARY_REQUIREMENTS (FOOD_ITEM_ID,ANIM_ID,ANIM_DIETARY_REQUIREMENTS) values (119,60,'1');
Insert into ANIMAL_DIETARY_REQUIREMENTS (FOOD_ITEM_ID,ANIM_ID,ANIM_DIETARY_REQUIREMENTS) values (16,61,'3');
Insert into ANIMAL_DIETARY_REQUIREMENTS (FOOD_ITEM_ID,ANIM_ID,ANIM_DIETARY_REQUIREMENTS) values (13,62,'7');
Insert into ANIMAL_DIETARY_REQUIREMENTS (FOOD_ITEM_ID,ANIM_ID,ANIM_DIETARY_REQUIREMENTS) values (43,63,'6');
Insert into ANIMAL_DIETARY_REQUIREMENTS (FOOD_ITEM_ID,ANIM_ID,ANIM_DIETARY_REQUIREMENTS) values (5,64,'3');
Insert into ANIMAL_DIETARY_REQUIREMENTS (FOOD_ITEM_ID,ANIM_ID,ANIM_DIETARY_REQUIREMENTS) values (74,65,'7');
Insert into ANIMAL_DIETARY_REQUIREMENTS (FOOD_ITEM_ID,ANIM_ID,ANIM_DIETARY_REQUIREMENTS) values (108,66,'8');
Insert into ANIMAL_DIETARY_REQUIREMENTS (FOOD_ITEM_ID,ANIM_ID,ANIM_DIETARY_REQUIREMENTS) values (30,67,'2');
Insert into ANIMAL_DIETARY_REQUIREMENTS (FOOD_ITEM_ID,ANIM_ID,ANIM_DIETARY_REQUIREMENTS) values (25,68,'10');
Insert into ANIMAL_DIETARY_REQUIREMENTS (FOOD_ITEM_ID,ANIM_ID,ANIM_DIETARY_REQUIREMENTS) values (38,69,'1');
Insert into ANIMAL_DIETARY_REQUIREMENTS (FOOD_ITEM_ID,ANIM_ID,ANIM_DIETARY_REQUIREMENTS) values (113,70,'3');
Insert into ANIMAL_DIETARY_REQUIREMENTS (FOOD_ITEM_ID,ANIM_ID,ANIM_DIETARY_REQUIREMENTS) values (40,71,'8');
Insert into ANIMAL_DIETARY_REQUIREMENTS (FOOD_ITEM_ID,ANIM_ID,ANIM_DIETARY_REQUIREMENTS) values (37,72,'3');
Insert into ANIMAL_DIETARY_REQUIREMENTS (FOOD_ITEM_ID,ANIM_ID,ANIM_DIETARY_REQUIREMENTS) values (30,73,'2');
Insert into ANIMAL_DIETARY_REQUIREMENTS (FOOD_ITEM_ID,ANIM_ID,ANIM_DIETARY_REQUIREMENTS) values (4,74,'10');
Insert into ANIMAL_DIETARY_REQUIREMENTS (FOOD_ITEM_ID,ANIM_ID,ANIM_DIETARY_REQUIREMENTS) values (61,75,'7');
Insert into ANIMAL_DIETARY_REQUIREMENTS (FOOD_ITEM_ID,ANIM_ID,ANIM_DIETARY_REQUIREMENTS) values (19,76,'2');
Insert into ANIMAL_DIETARY_REQUIREMENTS (FOOD_ITEM_ID,ANIM_ID,ANIM_DIETARY_REQUIREMENTS) values (27,77,'4');
Insert into ANIMAL_DIETARY_REQUIREMENTS (FOOD_ITEM_ID,ANIM_ID,ANIM_DIETARY_REQUIREMENTS) values (52,78,'3');
Insert into ANIMAL_DIETARY_REQUIREMENTS (FOOD_ITEM_ID,ANIM_ID,ANIM_DIETARY_REQUIREMENTS) values (22,79,'1');
Insert into ANIMAL_DIETARY_REQUIREMENTS (FOOD_ITEM_ID,ANIM_ID,ANIM_DIETARY_REQUIREMENTS) values (32,80,'5');
Insert into ANIMAL_DIETARY_REQUIREMENTS (FOOD_ITEM_ID,ANIM_ID,ANIM_DIETARY_REQUIREMENTS) values (121,81,'2');
Insert into ANIMAL_DIETARY_REQUIREMENTS (FOOD_ITEM_ID,ANIM_ID,ANIM_DIETARY_REQUIREMENTS) values (27,82,'8');
Insert into ANIMAL_DIETARY_REQUIREMENTS (FOOD_ITEM_ID,ANIM_ID,ANIM_DIETARY_REQUIREMENTS) values (75,83,'3');
Insert into ANIMAL_DIETARY_REQUIREMENTS (FOOD_ITEM_ID,ANIM_ID,ANIM_DIETARY_REQUIREMENTS) values (40,84,'3');
Insert into ANIMAL_DIETARY_REQUIREMENTS (FOOD_ITEM_ID,ANIM_ID,ANIM_DIETARY_REQUIREMENTS) values (93,85,'9');
Insert into ANIMAL_DIETARY_REQUIREMENTS (FOOD_ITEM_ID,ANIM_ID,ANIM_DIETARY_REQUIREMENTS) values (86,86,'7');
Insert into ANIMAL_DIETARY_REQUIREMENTS (FOOD_ITEM_ID,ANIM_ID,ANIM_DIETARY_REQUIREMENTS) values (5,87,'7');
Insert into ANIMAL_DIETARY_REQUIREMENTS (FOOD_ITEM_ID,ANIM_ID,ANIM_DIETARY_REQUIREMENTS) values (30,88,'7');
Insert into ANIMAL_DIETARY_REQUIREMENTS (FOOD_ITEM_ID,ANIM_ID,ANIM_DIETARY_REQUIREMENTS) values (117,89,'5');
Insert into ANIMAL_DIETARY_REQUIREMENTS (FOOD_ITEM_ID,ANIM_ID,ANIM_DIETARY_REQUIREMENTS) values (27,90,'8');
Insert into ANIMAL_DIETARY_REQUIREMENTS (FOOD_ITEM_ID,ANIM_ID,ANIM_DIETARY_REQUIREMENTS) values (74,91,'8');
Insert into ANIMAL_DIETARY_REQUIREMENTS (FOOD_ITEM_ID,ANIM_ID,ANIM_DIETARY_REQUIREMENTS) values (81,92,'7');
Insert into ANIMAL_DIETARY_REQUIREMENTS (FOOD_ITEM_ID,ANIM_ID,ANIM_DIETARY_REQUIREMENTS) values (4,93,'8');
Insert into ANIMAL_DIETARY_REQUIREMENTS (FOOD_ITEM_ID,ANIM_ID,ANIM_DIETARY_REQUIREMENTS) values (22,94,'1');
Insert into ANIMAL_DIETARY_REQUIREMENTS (FOOD_ITEM_ID,ANIM_ID,ANIM_DIETARY_REQUIREMENTS) values (95,95,'5');
Insert into ANIMAL_DIETARY_REQUIREMENTS (FOOD_ITEM_ID,ANIM_ID,ANIM_DIETARY_REQUIREMENTS) values (63,96,'10');
Insert into ANIMAL_DIETARY_REQUIREMENTS (FOOD_ITEM_ID,ANIM_ID,ANIM_DIETARY_REQUIREMENTS) values (39,97,'7');
Insert into ANIMAL_DIETARY_REQUIREMENTS (FOOD_ITEM_ID,ANIM_ID,ANIM_DIETARY_REQUIREMENTS) values (44,98,'8');
Insert into ANIMAL_DIETARY_REQUIREMENTS (FOOD_ITEM_ID,ANIM_ID,ANIM_DIETARY_REQUIREMENTS) values (5,99,'9');
Insert into ANIMAL_DIETARY_REQUIREMENTS (FOOD_ITEM_ID,ANIM_ID,ANIM_DIETARY_REQUIREMENTS) values (75,100,'8');
Insert into ANIMAL_DIETARY_REQUIREMENTS (FOOD_ITEM_ID,ANIM_ID,ANIM_DIETARY_REQUIREMENTS) values (113,101,'7');
Insert into ANIMAL_DIETARY_REQUIREMENTS (FOOD_ITEM_ID,ANIM_ID,ANIM_DIETARY_REQUIREMENTS) values (127,102,'2');
Insert into ANIMAL_DIETARY_REQUIREMENTS (FOOD_ITEM_ID,ANIM_ID,ANIM_DIETARY_REQUIREMENTS) values (103,103,'5');
Insert into ANIMAL_DIETARY_REQUIREMENTS (FOOD_ITEM_ID,ANIM_ID,ANIM_DIETARY_REQUIREMENTS) values (3,104,'5');
Insert into ANIMAL_DIETARY_REQUIREMENTS (FOOD_ITEM_ID,ANIM_ID,ANIM_DIETARY_REQUIREMENTS) values (30,105,'3');
Insert into ANIMAL_DIETARY_REQUIREMENTS (FOOD_ITEM_ID,ANIM_ID,ANIM_DIETARY_REQUIREMENTS) values (16,107,'8');
Insert into ANIMAL_DIETARY_REQUIREMENTS (FOOD_ITEM_ID,ANIM_ID,ANIM_DIETARY_REQUIREMENTS) values (59,108,'6');
Insert into ANIMAL_DIETARY_REQUIREMENTS (FOOD_ITEM_ID,ANIM_ID,ANIM_DIETARY_REQUIREMENTS) values (113,109,'5');
Insert into ANIMAL_DIETARY_REQUIREMENTS (FOOD_ITEM_ID,ANIM_ID,ANIM_DIETARY_REQUIREMENTS) values (32,110,'1');
Insert into ANIMAL_DIETARY_REQUIREMENTS (FOOD_ITEM_ID,ANIM_ID,ANIM_DIETARY_REQUIREMENTS) values (60,111,'10');
Insert into ANIMAL_DIETARY_REQUIREMENTS (FOOD_ITEM_ID,ANIM_ID,ANIM_DIETARY_REQUIREMENTS) values (104,112,'9');
Insert into ANIMAL_DIETARY_REQUIREMENTS (FOOD_ITEM_ID,ANIM_ID,ANIM_DIETARY_REQUIREMENTS) values (48,113,'5');
Insert into ANIMAL_DIETARY_REQUIREMENTS (FOOD_ITEM_ID,ANIM_ID,ANIM_DIETARY_REQUIREMENTS) values (1,114,'4');
Insert into ANIMAL_DIETARY_REQUIREMENTS (FOOD_ITEM_ID,ANIM_ID,ANIM_DIETARY_REQUIREMENTS) values (48,115,'2');
Insert into ANIMAL_DIETARY_REQUIREMENTS (FOOD_ITEM_ID,ANIM_ID,ANIM_DIETARY_REQUIREMENTS) values (23,116,'6');
Insert into ANIMAL_DIETARY_REQUIREMENTS (FOOD_ITEM_ID,ANIM_ID,ANIM_DIETARY_REQUIREMENTS) values (37,117,'7');
Insert into ANIMAL_DIETARY_REQUIREMENTS (FOOD_ITEM_ID,ANIM_ID,ANIM_DIETARY_REQUIREMENTS) values (29,118,'4');
Insert into ANIMAL_DIETARY_REQUIREMENTS (FOOD_ITEM_ID,ANIM_ID,ANIM_DIETARY_REQUIREMENTS) values (66,119,'7');
Insert into ANIMAL_DIETARY_REQUIREMENTS (FOOD_ITEM_ID,ANIM_ID,ANIM_DIETARY_REQUIREMENTS) values (119,120,'7');
Insert into ANIMAL_DIETARY_REQUIREMENTS (FOOD_ITEM_ID,ANIM_ID,ANIM_DIETARY_REQUIREMENTS) values (5,121,'4');
Insert into ANIMAL_DIETARY_REQUIREMENTS (FOOD_ITEM_ID,ANIM_ID,ANIM_DIETARY_REQUIREMENTS) values (69,122,'1');
Insert into ANIMAL_DIETARY_REQUIREMENTS (FOOD_ITEM_ID,ANIM_ID,ANIM_DIETARY_REQUIREMENTS) values (11,123,'10');
Insert into ANIMAL_DIETARY_REQUIREMENTS (FOOD_ITEM_ID,ANIM_ID,ANIM_DIETARY_REQUIREMENTS) values (61,124,'7');
Insert into ANIMAL_DIETARY_REQUIREMENTS (FOOD_ITEM_ID,ANIM_ID,ANIM_DIETARY_REQUIREMENTS) values (50,125,'1');
Insert into ANIMAL_DIETARY_REQUIREMENTS (FOOD_ITEM_ID,ANIM_ID,ANIM_DIETARY_REQUIREMENTS) values (2,126,'3');
Insert into ANIMAL_DIETARY_REQUIREMENTS (FOOD_ITEM_ID,ANIM_ID,ANIM_DIETARY_REQUIREMENTS) values (11,127,'3');
Insert into ANIMAL_DIETARY_REQUIREMENTS (FOOD_ITEM_ID,ANIM_ID,ANIM_DIETARY_REQUIREMENTS) values (134,128,'2');
Insert into ANIMAL_DIETARY_REQUIREMENTS (FOOD_ITEM_ID,ANIM_ID,ANIM_DIETARY_REQUIREMENTS) values (74,129,'6');
Insert into ANIMAL_DIETARY_REQUIREMENTS (FOOD_ITEM_ID,ANIM_ID,ANIM_DIETARY_REQUIREMENTS) values (97,130,'7');
Insert into ANIMAL_DIETARY_REQUIREMENTS (FOOD_ITEM_ID,ANIM_ID,ANIM_DIETARY_REQUIREMENTS) values (11,131,'6');
Insert into ANIMAL_DIETARY_REQUIREMENTS (FOOD_ITEM_ID,ANIM_ID,ANIM_DIETARY_REQUIREMENTS) values (116,132,'3');
Insert into ANIMAL_DIETARY_REQUIREMENTS (FOOD_ITEM_ID,ANIM_ID,ANIM_DIETARY_REQUIREMENTS) values (25,133,'3');
Insert into ANIMAL_DIETARY_REQUIREMENTS (FOOD_ITEM_ID,ANIM_ID,ANIM_DIETARY_REQUIREMENTS) values (4,134,'6');
Insert into ANIMAL_DIETARY_REQUIREMENTS (FOOD_ITEM_ID,ANIM_ID,ANIM_DIETARY_REQUIREMENTS) values (20,135,'6');
Insert into ANIMAL_DIETARY_REQUIREMENTS (FOOD_ITEM_ID,ANIM_ID,ANIM_DIETARY_REQUIREMENTS) values (94,136,'2');
Insert into ANIMAL_DIETARY_REQUIREMENTS (FOOD_ITEM_ID,ANIM_ID,ANIM_DIETARY_REQUIREMENTS) values (113,137,'10');
Insert into ANIMAL_DIETARY_REQUIREMENTS (FOOD_ITEM_ID,ANIM_ID,ANIM_DIETARY_REQUIREMENTS) values (74,138,'2');
Insert into ANIMAL_DIETARY_REQUIREMENTS (FOOD_ITEM_ID,ANIM_ID,ANIM_DIETARY_REQUIREMENTS) values (3,139,'9');
Insert into ANIMAL_DIETARY_REQUIREMENTS (FOOD_ITEM_ID,ANIM_ID,ANIM_DIETARY_REQUIREMENTS) values (62,140,'4');
Insert into ANIMAL_DIETARY_REQUIREMENTS (FOOD_ITEM_ID,ANIM_ID,ANIM_DIETARY_REQUIREMENTS) values (19,141,'1');
Insert into ANIMAL_DIETARY_REQUIREMENTS (FOOD_ITEM_ID,ANIM_ID,ANIM_DIETARY_REQUIREMENTS) values (21,142,'6');
Insert into ANIMAL_DIETARY_REQUIREMENTS (FOOD_ITEM_ID,ANIM_ID,ANIM_DIETARY_REQUIREMENTS) values (76,143,'2');
Insert into ANIMAL_DIETARY_REQUIREMENTS (FOOD_ITEM_ID,ANIM_ID,ANIM_DIETARY_REQUIREMENTS) values (94,144,'5');
Insert into ANIMAL_DIETARY_REQUIREMENTS (FOOD_ITEM_ID,ANIM_ID,ANIM_DIETARY_REQUIREMENTS) values (126,145,'5');
Insert into ANIMAL_DIETARY_REQUIREMENTS (FOOD_ITEM_ID,ANIM_ID,ANIM_DIETARY_REQUIREMENTS) values (44,146,'9');
Insert into ANIMAL_DIETARY_REQUIREMENTS (FOOD_ITEM_ID,ANIM_ID,ANIM_DIETARY_REQUIREMENTS) values (14,147,'3');
Insert into ANIMAL_DIETARY_REQUIREMENTS (FOOD_ITEM_ID,ANIM_ID,ANIM_DIETARY_REQUIREMENTS) values (60,148,'5');
Insert into ANIMAL_DIETARY_REQUIREMENTS (FOOD_ITEM_ID,ANIM_ID,ANIM_DIETARY_REQUIREMENTS) values (20,149,'2');
Insert into ANIMAL_DIETARY_REQUIREMENTS (FOOD_ITEM_ID,ANIM_ID,ANIM_DIETARY_REQUIREMENTS) values (9,150,'5');
Insert into ANIMAL_DIETARY_REQUIREMENTS (FOOD_ITEM_ID,ANIM_ID,ANIM_DIETARY_REQUIREMENTS) values (116,151,'9');
Insert into ANIMAL_DIETARY_REQUIREMENTS (FOOD_ITEM_ID,ANIM_ID,ANIM_DIETARY_REQUIREMENTS) values (47,152,'4');
Insert into ANIMAL_DIETARY_REQUIREMENTS (FOOD_ITEM_ID,ANIM_ID,ANIM_DIETARY_REQUIREMENTS) values (50,153,'9');
Insert into ANIMAL_DIETARY_REQUIREMENTS (FOOD_ITEM_ID,ANIM_ID,ANIM_DIETARY_REQUIREMENTS) values (15,154,'5');
Insert into ANIMAL_DIETARY_REQUIREMENTS (FOOD_ITEM_ID,ANIM_ID,ANIM_DIETARY_REQUIREMENTS) values (145,155,'7');
Insert into ANIMAL_DIETARY_REQUIREMENTS (FOOD_ITEM_ID,ANIM_ID,ANIM_DIETARY_REQUIREMENTS) values (43,156,'3');
Insert into ANIMAL_DIETARY_REQUIREMENTS (FOOD_ITEM_ID,ANIM_ID,ANIM_DIETARY_REQUIREMENTS) values (80,158,'4');
Insert into ANIMAL_DIETARY_REQUIREMENTS (FOOD_ITEM_ID,ANIM_ID,ANIM_DIETARY_REQUIREMENTS) values (108,159,'5');
Insert into ANIMAL_DIETARY_REQUIREMENTS (FOOD_ITEM_ID,ANIM_ID,ANIM_DIETARY_REQUIREMENTS) values (60,160,'9');
Insert into ANIMAL_DIETARY_REQUIREMENTS (FOOD_ITEM_ID,ANIM_ID,ANIM_DIETARY_REQUIREMENTS) values (66,161,'5');
Insert into ANIMAL_DIETARY_REQUIREMENTS (FOOD_ITEM_ID,ANIM_ID,ANIM_DIETARY_REQUIREMENTS) values (112,162,'9');
Insert into ANIMAL_DIETARY_REQUIREMENTS (FOOD_ITEM_ID,ANIM_ID,ANIM_DIETARY_REQUIREMENTS) values (42,163,'1');
Insert into ANIMAL_DIETARY_REQUIREMENTS (FOOD_ITEM_ID,ANIM_ID,ANIM_DIETARY_REQUIREMENTS) values (77,164,'3');
Insert into ANIMAL_DIETARY_REQUIREMENTS (FOOD_ITEM_ID,ANIM_ID,ANIM_DIETARY_REQUIREMENTS) values (112,165,'9');
Insert into ANIMAL_DIETARY_REQUIREMENTS (FOOD_ITEM_ID,ANIM_ID,ANIM_DIETARY_REQUIREMENTS) values (58,166,'7');
Insert into ANIMAL_DIETARY_REQUIREMENTS (FOOD_ITEM_ID,ANIM_ID,ANIM_DIETARY_REQUIREMENTS) values (135,167,'3');
Insert into ANIMAL_DIETARY_REQUIREMENTS (FOOD_ITEM_ID,ANIM_ID,ANIM_DIETARY_REQUIREMENTS) values (25,168,'8');
Insert into ANIMAL_DIETARY_REQUIREMENTS (FOOD_ITEM_ID,ANIM_ID,ANIM_DIETARY_REQUIREMENTS) values (35,169,'8');
Insert into ANIMAL_DIETARY_REQUIREMENTS (FOOD_ITEM_ID,ANIM_ID,ANIM_DIETARY_REQUIREMENTS) values (32,171,'1');
Insert into ANIMAL_DIETARY_REQUIREMENTS (FOOD_ITEM_ID,ANIM_ID,ANIM_DIETARY_REQUIREMENTS) values (59,172,'2');
Insert into ANIMAL_DIETARY_REQUIREMENTS (FOOD_ITEM_ID,ANIM_ID,ANIM_DIETARY_REQUIREMENTS) values (58,173,'10');
Insert into ANIMAL_DIETARY_REQUIREMENTS (FOOD_ITEM_ID,ANIM_ID,ANIM_DIETARY_REQUIREMENTS) values (19,174,'5');
Insert into ANIMAL_DIETARY_REQUIREMENTS (FOOD_ITEM_ID,ANIM_ID,ANIM_DIETARY_REQUIREMENTS) values (62,175,'10');
Insert into ANIMAL_DIETARY_REQUIREMENTS (FOOD_ITEM_ID,ANIM_ID,ANIM_DIETARY_REQUIREMENTS) values (8,176,'2');
Insert into ANIMAL_DIETARY_REQUIREMENTS (FOOD_ITEM_ID,ANIM_ID,ANIM_DIETARY_REQUIREMENTS) values (104,177,'5');
Insert into ANIMAL_DIETARY_REQUIREMENTS (FOOD_ITEM_ID,ANIM_ID,ANIM_DIETARY_REQUIREMENTS) values (47,178,'7');
Insert into ANIMAL_DIETARY_REQUIREMENTS (FOOD_ITEM_ID,ANIM_ID,ANIM_DIETARY_REQUIREMENTS) values (9,179,'8');
Insert into ANIMAL_DIETARY_REQUIREMENTS (FOOD_ITEM_ID,ANIM_ID,ANIM_DIETARY_REQUIREMENTS) values (134,180,'8');
Insert into ANIMAL_DIETARY_REQUIREMENTS (FOOD_ITEM_ID,ANIM_ID,ANIM_DIETARY_REQUIREMENTS) values (80,181,'5');
Insert into ANIMAL_DIETARY_REQUIREMENTS (FOOD_ITEM_ID,ANIM_ID,ANIM_DIETARY_REQUIREMENTS) values (42,182,'2');
Insert into ANIMAL_DIETARY_REQUIREMENTS (FOOD_ITEM_ID,ANIM_ID,ANIM_DIETARY_REQUIREMENTS) values (44,186,'6');
Insert into ANIMAL_DIETARY_REQUIREMENTS (FOOD_ITEM_ID,ANIM_ID,ANIM_DIETARY_REQUIREMENTS) values (52,187,'4');
Insert into ANIMAL_DIETARY_REQUIREMENTS (FOOD_ITEM_ID,ANIM_ID,ANIM_DIETARY_REQUIREMENTS) values (69,188,'2');
Insert into ANIMAL_DIETARY_REQUIREMENTS (FOOD_ITEM_ID,ANIM_ID,ANIM_DIETARY_REQUIREMENTS) values (4,189,'2');
Insert into ANIMAL_DIETARY_REQUIREMENTS (FOOD_ITEM_ID,ANIM_ID,ANIM_DIETARY_REQUIREMENTS) values (30,190,'7');
Insert into ANIMAL_DIETARY_REQUIREMENTS (FOOD_ITEM_ID,ANIM_ID,ANIM_DIETARY_REQUIREMENTS) values (65,191,'7');
Insert into ANIMAL_DIETARY_REQUIREMENTS (FOOD_ITEM_ID,ANIM_ID,ANIM_DIETARY_REQUIREMENTS) values (47,192,'8');
Insert into ANIMAL_DIETARY_REQUIREMENTS (FOOD_ITEM_ID,ANIM_ID,ANIM_DIETARY_REQUIREMENTS) values (1,193,'7');
Insert into ANIMAL_DIETARY_REQUIREMENTS (FOOD_ITEM_ID,ANIM_ID,ANIM_DIETARY_REQUIREMENTS) values (75,194,'5');
Insert into ANIMAL_DIETARY_REQUIREMENTS (FOOD_ITEM_ID,ANIM_ID,ANIM_DIETARY_REQUIREMENTS) values (25,195,'5');

---------------------------------------------------
--   END DATA FOR TABLE ANIMAL_DIETARY_REQUIREMENTS
---------------------------------------------------


---------------------------------------------------
--   DATA FOR TABLE ANIMAL_LIVING_ENVIRONMENT
--   FILTER = none used
---------------------------------------------------
REM INSERTING into ANIMAL_LIVING_ENVIRONMENT
Insert into ANIMAL_LIVING_ENVIRONMENT (ANIM_LIVING_ENVIRONMENT_ID,ANIM_LIVING_ENVIRONMENT_TYPE) values (1,'Tropical');
Insert into ANIMAL_LIVING_ENVIRONMENT (ANIM_LIVING_ENVIRONMENT_ID,ANIM_LIVING_ENVIRONMENT_TYPE) values (2,'Grasslands');
Insert into ANIMAL_LIVING_ENVIRONMENT (ANIM_LIVING_ENVIRONMENT_ID,ANIM_LIVING_ENVIRONMENT_TYPE) values (3,'Savannah');
Insert into ANIMAL_LIVING_ENVIRONMENT (ANIM_LIVING_ENVIRONMENT_ID,ANIM_LIVING_ENVIRONMENT_TYPE) values (4,'Arctic');
Insert into ANIMAL_LIVING_ENVIRONMENT (ANIM_LIVING_ENVIRONMENT_ID,ANIM_LIVING_ENVIRONMENT_TYPE) values (5,'Prairie');
Insert into ANIMAL_LIVING_ENVIRONMENT (ANIM_LIVING_ENVIRONMENT_ID,ANIM_LIVING_ENVIRONMENT_TYPE) values (6,'Lake');
Insert into ANIMAL_LIVING_ENVIRONMENT (ANIM_LIVING_ENVIRONMENT_ID,ANIM_LIVING_ENVIRONMENT_TYPE) values (7,'River');
Insert into ANIMAL_LIVING_ENVIRONMENT (ANIM_LIVING_ENVIRONMENT_ID,ANIM_LIVING_ENVIRONMENT_TYPE) values (8,'Forest');
Insert into ANIMAL_LIVING_ENVIRONMENT (ANIM_LIVING_ENVIRONMENT_ID,ANIM_LIVING_ENVIRONMENT_TYPE) values (9,'Desert');

---------------------------------------------------
--   END DATA FOR TABLE ANIMAL_LIVING_ENVIRONMENT
---------------------------------------------------


---------------------------------------------------
--   DATA FOR TABLE ASSOCIATION
--   FILTER = none used
---------------------------------------------------
REM INSERTING into ASSOCIATION
Insert into ASSOCIATION (ASSOC_ID,ASSOC_NAME) values (805,'American College of Veterinary Pharmacists');
Insert into ASSOCIATION (ASSOC_ID,ASSOC_NAME) values (813,'American Veterinary Medical Association');
Insert into ASSOCIATION (ASSOC_ID,ASSOC_NAME) values (815,'Veterinary Cancer Society');
Insert into ASSOCIATION (ASSOC_ID,ASSOC_NAME) values (821,'Veterinary Emergency null Care Society');
Insert into ASSOCIATION (ASSOC_ID,ASSOC_NAME) values (833,'Orthopedic Foundation for Animals');
Insert into ASSOCIATION (ASSOC_ID,ASSOC_NAME) values (859,'North American Veterinary Technician Association');
Insert into ASSOCIATION (ASSOC_ID,ASSOC_NAME) values (863,'Association of Veterinary Technician Educators');
Insert into ASSOCIATION (ASSOC_ID,ASSOC_NAME) values (882,'American Heartworm Society');
Insert into ASSOCIATION (ASSOC_ID,ASSOC_NAME) values (887,'American College of Veterinary Surgeons');

---------------------------------------------------
--   END DATA FOR TABLE ASSOCIATION
---------------------------------------------------


---------------------------------------------------
--   DATA FOR TABLE CORPORATE_SPONSOR
--   FILTER = none used
---------------------------------------------------
REM INSERTING into CORPORATE_SPONSOR
Insert into CORPORATE_SPONSOR (SPON_ID,ZOO_ID,SPON_COMPANY_NAME,SPON_DATE_DONATED,SPON_START_DATE,SPON_END_DATE) values (310,1000,'Target',to_timestamp('15-FEB-07 12.00.00.000000000 AM','DD-MON-RR HH.MI.SS.FF AM'),to_timestamp('20-FEB-07 12.00.00.000000000 AM','DD-MON-RR HH.MI.SS.FF AM'),to_timestamp('15-MAR-07 12.00.00.000000000 AM','DD-MON-RR HH.MI.SS.FF AM'));
Insert into CORPORATE_SPONSOR (SPON_ID,ZOO_ID,SPON_COMPANY_NAME,SPON_DATE_DONATED,SPON_START_DATE,SPON_END_DATE) values (311,1002,'Mission Foods',to_timestamp('10-MAR-07 12.00.00.000000000 AM','DD-MON-RR HH.MI.SS.FF AM'),to_timestamp('13-MAR-07 12.00.00.000000000 AM','DD-MON-RR HH.MI.SS.FF AM'),to_timestamp('13-APR-07 12.00.00.000000000 AM','DD-MON-RR HH.MI.SS.FF AM'));
Insert into CORPORATE_SPONSOR (SPON_ID,ZOO_ID,SPON_COMPANY_NAME,SPON_DATE_DONATED,SPON_START_DATE,SPON_END_DATE) values (312,1000,'Wal-Mart',to_timestamp('27-MAY-08 12.00.00.000000000 AM','DD-MON-RR HH.MI.SS.FF AM'),to_timestamp('01-JUN-08 12.00.00.000000000 AM','DD-MON-RR HH.MI.SS.FF AM'),to_timestamp('01-AUG-08 12.00.00.000000000 AM','DD-MON-RR HH.MI.SS.FF AM'));
Insert into CORPORATE_SPONSOR (SPON_ID,ZOO_ID,SPON_COMPANY_NAME,SPON_DATE_DONATED,SPON_START_DATE,SPON_END_DATE) values (313,1001,'Cambia',to_timestamp('03-OCT-07 12.00.00.000000000 AM','DD-MON-RR HH.MI.SS.FF AM'),to_timestamp('03-OCT-07 12.00.00.000000000 AM','DD-MON-RR HH.MI.SS.FF AM'),to_timestamp('28-OCT-07 12.00.00.000000000 AM','DD-MON-RR HH.MI.SS.FF AM'));
Insert into CORPORATE_SPONSOR (SPON_ID,ZOO_ID,SPON_COMPANY_NAME,SPON_DATE_DONATED,SPON_START_DATE,SPON_END_DATE) values (314,1002,'Cub Foods',to_timestamp('16-APR-09 12.00.00.000000000 AM','DD-MON-RR HH.MI.SS.FF AM'),to_timestamp('21-APR-09 12.00.00.000000000 AM','DD-MON-RR HH.MI.SS.FF AM'),to_timestamp('07-MAY-09 12.00.00.000000000 AM','DD-MON-RR HH.MI.SS.FF AM'));
Insert into CORPORATE_SPONSOR (SPON_ID,ZOO_ID,SPON_COMPANY_NAME,SPON_DATE_DONATED,SPON_START_DATE,SPON_END_DATE) values (315,1001,'TCF Bank',to_timestamp('17-FEB-07 12.00.00.000000000 AM','DD-MON-RR HH.MI.SS.FF AM'),to_timestamp('27-FEB-07 12.00.00.000000000 AM','DD-MON-RR HH.MI.SS.FF AM'),to_timestamp('07-MAR-07 12.00.00.000000000 AM','DD-MON-RR HH.MI.SS.FF AM'));
Insert into CORPORATE_SPONSOR (SPON_ID,ZOO_ID,SPON_COMPANY_NAME,SPON_DATE_DONATED,SPON_START_DATE,SPON_END_DATE) values (316,1000,'Thomson Reuters',to_timestamp('19-AUG-08 12.00.00.000000000 AM','DD-MON-RR HH.MI.SS.FF AM'),to_timestamp('25-AUG-08 12.00.00.000000000 AM','DD-MON-RR HH.MI.SS.FF AM'),to_timestamp('12-OCT-08 12.00.00.000000000 AM','DD-MON-RR HH.MI.SS.FF AM'));
Insert into CORPORATE_SPONSOR (SPON_ID,ZOO_ID,SPON_COMPANY_NAME,SPON_DATE_DONATED,SPON_START_DATE,SPON_END_DATE) values (317,1002,'Xcel Energy',to_timestamp('16-JUN-07 12.00.00.000000000 AM','DD-MON-RR HH.MI.SS.FF AM'),to_timestamp('19-JUL-07 12.00.00.000000000 AM','DD-MON-RR HH.MI.SS.FF AM'),to_timestamp('19-OCT-07 12.00.00.000000000 AM','DD-MON-RR HH.MI.SS.FF AM'));
Insert into CORPORATE_SPONSOR (SPON_ID,ZOO_ID,SPON_COMPANY_NAME,SPON_DATE_DONATED,SPON_START_DATE,SPON_END_DATE) values (318,1001,'Land O''''Lakes',to_timestamp('12-APR-07 12.00.00.000000000 AM','DD-MON-RR HH.MI.SS.FF AM'),to_timestamp('14-APR-07 12.00.00.000000000 AM','DD-MON-RR HH.MI.SS.FF AM'),to_timestamp('12-MAY-07 12.00.00.000000000 AM','DD-MON-RR HH.MI.SS.FF AM'));
Insert into CORPORATE_SPONSOR (SPON_ID,ZOO_ID,SPON_COMPANY_NAME,SPON_DATE_DONATED,SPON_START_DATE,SPON_END_DATE) values (319,1000,'Imation',to_timestamp('22-JUL-08 12.00.00.000000000 AM','DD-MON-RR HH.MI.SS.FF AM'),to_timestamp('26-JUL-08 12.00.00.000000000 AM','DD-MON-RR HH.MI.SS.FF AM'),to_timestamp('03-AUG-08 12.00.00.000000000 AM','DD-MON-RR HH.MI.SS.FF AM'));
Insert into CORPORATE_SPONSOR (SPON_ID,ZOO_ID,SPON_COMPANY_NAME,SPON_DATE_DONATED,SPON_START_DATE,SPON_END_DATE) values (320,1001,'Cargill',to_timestamp('25-NOV-07 12.00.00.000000000 AM','DD-MON-RR HH.MI.SS.FF AM'),to_timestamp('29-NOV-07 12.00.00.000000000 AM','DD-MON-RR HH.MI.SS.FF AM'),to_timestamp('23-DEC-07 12.00.00.000000000 AM','DD-MON-RR HH.MI.SS.FF AM'));
Insert into CORPORATE_SPONSOR (SPON_ID,ZOO_ID,SPON_COMPANY_NAME,SPON_DATE_DONATED,SPON_START_DATE,SPON_END_DATE) values (321,1001,'Caribou Coffee',to_timestamp('13-SEP-08 12.00.00.000000000 AM','DD-MON-RR HH.MI.SS.FF AM'),to_timestamp('16-SEP-08 12.00.00.000000000 AM','DD-MON-RR HH.MI.SS.FF AM'),to_timestamp('26-NOV-08 12.00.00.000000000 AM','DD-MON-RR HH.MI.SS.FF AM'));
Insert into CORPORATE_SPONSOR (SPON_ID,ZOO_ID,SPON_COMPANY_NAME,SPON_DATE_DONATED,SPON_START_DATE,SPON_END_DATE) values (322,1002,'3M',to_timestamp('24-AUG-07 12.00.00.000000000 AM','DD-MON-RR HH.MI.SS.FF AM'),to_timestamp('25-AUG-07 12.00.00.000000000 AM','DD-MON-RR HH.MI.SS.FF AM'),to_timestamp('21-OCT-07 12.00.00.000000000 AM','DD-MON-RR HH.MI.SS.FF AM'));
Insert into CORPORATE_SPONSOR (SPON_ID,ZOO_ID,SPON_COMPANY_NAME,SPON_DATE_DONATED,SPON_START_DATE,SPON_END_DATE) values (323,1002,'Minnesota State University',to_timestamp('12-MAY-07 12.00.00.000000000 AM','DD-MON-RR HH.MI.SS.FF AM'),to_timestamp('18-MAY-07 12.00.00.000000000 AM','DD-MON-RR HH.MI.SS.FF AM'),to_timestamp('21-JUL-07 12.00.00.000000000 AM','DD-MON-RR HH.MI.SS.FF AM'));
Insert into CORPORATE_SPONSOR (SPON_ID,ZOO_ID,SPON_COMPANY_NAME,SPON_DATE_DONATED,SPON_START_DATE,SPON_END_DATE) values (324,1000,'Iams',to_timestamp('19-JUN-09 12.00.00.000000000 AM','DD-MON-RR HH.MI.SS.FF AM'),to_timestamp('22-JUL-09 12.00.00.000000000 AM','DD-MON-RR HH.MI.SS.FF AM'),null);
Insert into CORPORATE_SPONSOR (SPON_ID,ZOO_ID,SPON_COMPANY_NAME,SPON_DATE_DONATED,SPON_START_DATE,SPON_END_DATE) values (325,1002,'Petsmart',to_timestamp('09-FEB-09 12.00.00.000000000 AM','DD-MON-RR HH.MI.SS.FF AM'),to_timestamp('18-FEB-09 12.00.00.000000000 AM','DD-MON-RR HH.MI.SS.FF AM'),to_timestamp('15-JUN-09 12.00.00.000000000 AM','DD-MON-RR HH.MI.SS.FF AM'));
Insert into CORPORATE_SPONSOR (SPON_ID,ZOO_ID,SPON_COMPANY_NAME,SPON_DATE_DONATED,SPON_START_DATE,SPON_END_DATE) values (326,1002,'Animal Ark',to_timestamp('17-MAR-08 12.00.00.000000000 AM','DD-MON-RR HH.MI.SS.FF AM'),to_timestamp('20-MAR-08 12.00.00.000000000 AM','DD-MON-RR HH.MI.SS.FF AM'),to_timestamp('02-APR-08 12.00.00.000000000 AM','DD-MON-RR HH.MI.SS.FF AM'));
Insert into CORPORATE_SPONSOR (SPON_ID,ZOO_ID,SPON_COMPANY_NAME,SPON_DATE_DONATED,SPON_START_DATE,SPON_END_DATE) values (327,1000,'Best Buy',to_timestamp('11-MAY-09 12.00.00.000000000 AM','DD-MON-RR HH.MI.SS.FF AM'),to_timestamp('13-MAY-09 12.00.00.000000000 AM','DD-MON-RR HH.MI.SS.FF AM'),to_timestamp('27-MAY-09 12.00.00.000000000 AM','DD-MON-RR HH.MI.SS.FF AM'));
Insert into CORPORATE_SPONSOR (SPON_ID,ZOO_ID,SPON_COMPANY_NAME,SPON_DATE_DONATED,SPON_START_DATE,SPON_END_DATE) values (328,1000,'Anderson Windows',to_timestamp('06-APR-07 12.00.00.000000000 AM','DD-MON-RR HH.MI.SS.FF AM'),to_timestamp('11-APR-07 12.00.00.000000000 AM','DD-MON-RR HH.MI.SS.FF AM'),to_timestamp('28-APR-07 12.00.00.000000000 AM','DD-MON-RR HH.MI.SS.FF AM'));
Insert into CORPORATE_SPONSOR (SPON_ID,ZOO_ID,SPON_COMPANY_NAME,SPON_DATE_DONATED,SPON_START_DATE,SPON_END_DATE) values (329,1002,'Crossroads',to_timestamp('03-JUL-08 12.00.00.000000000 AM','DD-MON-RR HH.MI.SS.FF AM'),to_timestamp('07-JUL-08 12.00.00.000000000 AM','DD-MON-RR HH.MI.SS.FF AM'),to_timestamp('22-JUL-08 12.00.00.000000000 AM','DD-MON-RR HH.MI.SS.FF AM'));
Insert into CORPORATE_SPONSOR (SPON_ID,ZOO_ID,SPON_COMPANY_NAME,SPON_DATE_DONATED,SPON_START_DATE,SPON_END_DATE) values (330,1000,'Coca-Cola',to_timestamp('28-APR-07 12.00.00.000000000 AM','DD-MON-RR HH.MI.SS.FF AM'),to_timestamp('13-MAY-07 12.00.00.000000000 AM','DD-MON-RR HH.MI.SS.FF AM'),to_timestamp('25-JUL-07 12.00.00.000000000 AM','DD-MON-RR HH.MI.SS.FF AM'));
Insert into CORPORATE_SPONSOR (SPON_ID,ZOO_ID,SPON_COMPANY_NAME,SPON_DATE_DONATED,SPON_START_DATE,SPON_END_DATE) values (331,1002,'Petco',to_timestamp('08-JUL-08 12.00.00.000000000 AM','DD-MON-RR HH.MI.SS.FF AM'),to_timestamp('11-JUL-08 12.00.00.000000000 AM','DD-MON-RR HH.MI.SS.FF AM'),to_timestamp('13-OCT-08 12.00.00.000000000 AM','DD-MON-RR HH.MI.SS.FF AM'));
Insert into CORPORATE_SPONSOR (SPON_ID,ZOO_ID,SPON_COMPANY_NAME,SPON_DATE_DONATED,SPON_START_DATE,SPON_END_DATE) values (332,1000,'Century College',to_timestamp('16-MAR-09 12.00.00.000000000 AM','DD-MON-RR HH.MI.SS.FF AM'),to_timestamp('22-MAR-09 12.00.00.000000000 AM','DD-MON-RR HH.MI.SS.FF AM'),to_timestamp('14-JUL-09 12.00.00.000000000 AM','DD-MON-RR HH.MI.SS.FF AM'));
Insert into CORPORATE_SPONSOR (SPON_ID,ZOO_ID,SPON_COMPANY_NAME,SPON_DATE_DONATED,SPON_START_DATE,SPON_END_DATE) values (333,1001,'Purina',to_timestamp('09-DEC-08 12.00.00.000000000 AM','DD-MON-RR HH.MI.SS.FF AM'),to_timestamp('18-DEC-08 12.00.00.000000000 AM','DD-MON-RR HH.MI.SS.FF AM'),to_timestamp('03-FEB-09 12.00.00.000000000 AM','DD-MON-RR HH.MI.SS.FF AM'));
Insert into CORPORATE_SPONSOR (SPON_ID,ZOO_ID,SPON_COMPANY_NAME,SPON_DATE_DONATED,SPON_START_DATE,SPON_END_DATE) values (334,1001,'Ocean Life',to_timestamp('16-JUL-07 12.00.00.000000000 AM','DD-MON-RR HH.MI.SS.FF AM'),to_timestamp('25-JUL-07 12.00.00.000000000 AM','DD-MON-RR HH.MI.SS.FF AM'),to_timestamp('14-JAN-08 12.00.00.000000000 AM','DD-MON-RR HH.MI.SS.FF AM'));

---------------------------------------------------
--   END DATA FOR TABLE CORPORATE_SPONSOR
---------------------------------------------------


---------------------------------------------------
--   DATA FOR TABLE CORPORATE_SPONSOR_PAYMENT
--   FILTER = none used
---------------------------------------------------
REM INSERTING into CORPORATE_SPONSOR_PAYMENT
Insert into CORPORATE_SPONSOR_PAYMENT (SPON_ID,PAY_ID,SPON_PAY_PAYMENT_DATE) values (310,31150,to_timestamp('15-FEB-07 12.00.00.000000000 AM','DD-MON-RR HH.MI.SS.FF AM'));
Insert into CORPORATE_SPONSOR_PAYMENT (SPON_ID,PAY_ID,SPON_PAY_PAYMENT_DATE) values (311,31233,to_timestamp('10-MAR-07 12.00.00.000000000 AM','DD-MON-RR HH.MI.SS.FF AM'));
Insert into CORPORATE_SPONSOR_PAYMENT (SPON_ID,PAY_ID,SPON_PAY_PAYMENT_DATE) values (312,31316,to_timestamp('27-MAY-08 12.00.00.000000000 AM','DD-MON-RR HH.MI.SS.FF AM'));
Insert into CORPORATE_SPONSOR_PAYMENT (SPON_ID,PAY_ID,SPON_PAY_PAYMENT_DATE) values (313,31399,to_timestamp('03-OCT-07 12.00.00.000000000 AM','DD-MON-RR HH.MI.SS.FF AM'));
Insert into CORPORATE_SPONSOR_PAYMENT (SPON_ID,PAY_ID,SPON_PAY_PAYMENT_DATE) values (314,31482,to_timestamp('16-APR-09 12.00.00.000000000 AM','DD-MON-RR HH.MI.SS.FF AM'));
Insert into CORPORATE_SPONSOR_PAYMENT (SPON_ID,PAY_ID,SPON_PAY_PAYMENT_DATE) values (315,31565,to_timestamp('17-FEB-07 12.00.00.000000000 AM','DD-MON-RR HH.MI.SS.FF AM'));
Insert into CORPORATE_SPONSOR_PAYMENT (SPON_ID,PAY_ID,SPON_PAY_PAYMENT_DATE) values (316,31648,to_timestamp('19-AUG-08 12.00.00.000000000 AM','DD-MON-RR HH.MI.SS.FF AM'));
Insert into CORPORATE_SPONSOR_PAYMENT (SPON_ID,PAY_ID,SPON_PAY_PAYMENT_DATE) values (317,31731,to_timestamp('16-JUN-07 12.00.00.000000000 AM','DD-MON-RR HH.MI.SS.FF AM'));
Insert into CORPORATE_SPONSOR_PAYMENT (SPON_ID,PAY_ID,SPON_PAY_PAYMENT_DATE) values (318,31814,to_timestamp('12-APR-07 12.00.00.000000000 AM','DD-MON-RR HH.MI.SS.FF AM'));
Insert into CORPORATE_SPONSOR_PAYMENT (SPON_ID,PAY_ID,SPON_PAY_PAYMENT_DATE) values (319,31897,to_timestamp('22-JUL-08 12.00.00.000000000 AM','DD-MON-RR HH.MI.SS.FF AM'));
Insert into CORPORATE_SPONSOR_PAYMENT (SPON_ID,PAY_ID,SPON_PAY_PAYMENT_DATE) values (320,31980,to_timestamp('25-NOV-07 12.00.00.000000000 AM','DD-MON-RR HH.MI.SS.FF AM'));
Insert into CORPORATE_SPONSOR_PAYMENT (SPON_ID,PAY_ID,SPON_PAY_PAYMENT_DATE) values (321,32063,to_timestamp('13-SEP-08 12.00.00.000000000 AM','DD-MON-RR HH.MI.SS.FF AM'));
Insert into CORPORATE_SPONSOR_PAYMENT (SPON_ID,PAY_ID,SPON_PAY_PAYMENT_DATE) values (322,32146,to_timestamp('24-AUG-07 12.00.00.000000000 AM','DD-MON-RR HH.MI.SS.FF AM'));
Insert into CORPORATE_SPONSOR_PAYMENT (SPON_ID,PAY_ID,SPON_PAY_PAYMENT_DATE) values (323,32229,to_timestamp('12-MAY-07 12.00.00.000000000 AM','DD-MON-RR HH.MI.SS.FF AM'));
Insert into CORPORATE_SPONSOR_PAYMENT (SPON_ID,PAY_ID,SPON_PAY_PAYMENT_DATE) values (324,32312,to_timestamp('19-JUN-09 12.00.00.000000000 AM','DD-MON-RR HH.MI.SS.FF AM'));
Insert into CORPORATE_SPONSOR_PAYMENT (SPON_ID,PAY_ID,SPON_PAY_PAYMENT_DATE) values (325,32395,to_timestamp('09-FEB-09 12.00.00.000000000 AM','DD-MON-RR HH.MI.SS.FF AM'));
Insert into CORPORATE_SPONSOR_PAYMENT (SPON_ID,PAY_ID,SPON_PAY_PAYMENT_DATE) values (326,32478,to_timestamp('17-MAR-08 12.00.00.000000000 AM','DD-MON-RR HH.MI.SS.FF AM'));
Insert into CORPORATE_SPONSOR_PAYMENT (SPON_ID,PAY_ID,SPON_PAY_PAYMENT_DATE) values (327,32561,to_timestamp('11-MAY-09 12.00.00.000000000 AM','DD-MON-RR HH.MI.SS.FF AM'));
Insert into CORPORATE_SPONSOR_PAYMENT (SPON_ID,PAY_ID,SPON_PAY_PAYMENT_DATE) values (328,32644,to_timestamp('06-APR-07 12.00.00.000000000 AM','DD-MON-RR HH.MI.SS.FF AM'));
Insert into CORPORATE_SPONSOR_PAYMENT (SPON_ID,PAY_ID,SPON_PAY_PAYMENT_DATE) values (329,32727,to_timestamp('03-JUL-08 12.00.00.000000000 AM','DD-MON-RR HH.MI.SS.FF AM'));
Insert into CORPORATE_SPONSOR_PAYMENT (SPON_ID,PAY_ID,SPON_PAY_PAYMENT_DATE) values (330,32810,to_timestamp('28-APR-07 12.00.00.000000000 AM','DD-MON-RR HH.MI.SS.FF AM'));
Insert into CORPORATE_SPONSOR_PAYMENT (SPON_ID,PAY_ID,SPON_PAY_PAYMENT_DATE) values (331,32893,to_timestamp('08-JUL-08 12.00.00.000000000 AM','DD-MON-RR HH.MI.SS.FF AM'));
Insert into CORPORATE_SPONSOR_PAYMENT (SPON_ID,PAY_ID,SPON_PAY_PAYMENT_DATE) values (332,32976,to_timestamp('16-MAR-09 12.00.00.000000000 AM','DD-MON-RR HH.MI.SS.FF AM'));
Insert into CORPORATE_SPONSOR_PAYMENT (SPON_ID,PAY_ID,SPON_PAY_PAYMENT_DATE) values (333,33059,to_timestamp('09-DEC-08 12.00.00.000000000 AM','DD-MON-RR HH.MI.SS.FF AM'));
Insert into CORPORATE_SPONSOR_PAYMENT (SPON_ID,PAY_ID,SPON_PAY_PAYMENT_DATE) values (334,33142,to_timestamp('16-JUL-07 12.00.00.000000000 AM','DD-MON-RR HH.MI.SS.FF AM'));

---------------------------------------------------
--   END DATA FOR TABLE CORPORATE_SPONSOR_PAYMENT
---------------------------------------------------


---------------------------------------------------
--   DATA FOR TABLE CUSTOMER_SERVICES
--   FILTER = none used
---------------------------------------------------
REM INSERTING into CUSTOMER_SERVICES
Insert into CUSTOMER_SERVICES (EMP_ID,CUS_SER_COMMISSION) values (4017,0.05);
Insert into CUSTOMER_SERVICES (EMP_ID,CUS_SER_COMMISSION) values (4038,0.05);
Insert into CUSTOMER_SERVICES (EMP_ID,CUS_SER_COMMISSION) values (4059,0.1);
Insert into CUSTOMER_SERVICES (EMP_ID,CUS_SER_COMMISSION) values (4122,0.15);
Insert into CUSTOMER_SERVICES (EMP_ID,CUS_SER_COMMISSION) values (4143,0.05);
Insert into CUSTOMER_SERVICES (EMP_ID,CUS_SER_COMMISSION) values (4178,0.1);
Insert into CUSTOMER_SERVICES (EMP_ID,CUS_SER_COMMISSION) values (4185,0.1);
Insert into CUSTOMER_SERVICES (EMP_ID,CUS_SER_COMMISSION) values (4199,0.15);
Insert into CUSTOMER_SERVICES (EMP_ID,CUS_SER_COMMISSION) values (4206,0.05);
Insert into CUSTOMER_SERVICES (EMP_ID,CUS_SER_COMMISSION) values (4241,0.075);
Insert into CUSTOMER_SERVICES (EMP_ID,CUS_SER_COMMISSION) values (4255,0.05);
Insert into CUSTOMER_SERVICES (EMP_ID,CUS_SER_COMMISSION) values (4269,0.1);
Insert into CUSTOMER_SERVICES (EMP_ID,CUS_SER_COMMISSION) values (4325,0.1);
Insert into CUSTOMER_SERVICES (EMP_ID,CUS_SER_COMMISSION) values (4339,0.15);
Insert into CUSTOMER_SERVICES (EMP_ID,CUS_SER_COMMISSION) values (4395,0.05);
Insert into CUSTOMER_SERVICES (EMP_ID,CUS_SER_COMMISSION) values (4423,0.15);
Insert into CUSTOMER_SERVICES (EMP_ID,CUS_SER_COMMISSION) values (4437,0.1);
Insert into CUSTOMER_SERVICES (EMP_ID,CUS_SER_COMMISSION) values (4451,0.05);
Insert into CUSTOMER_SERVICES (EMP_ID,CUS_SER_COMMISSION) values (4479,0.075);
Insert into CUSTOMER_SERVICES (EMP_ID,CUS_SER_COMMISSION) values (4521,0.05);
Insert into CUSTOMER_SERVICES (EMP_ID,CUS_SER_COMMISSION) values (4556,0.1);
Insert into CUSTOMER_SERVICES (EMP_ID,CUS_SER_COMMISSION) values (4584,0.15);
Insert into CUSTOMER_SERVICES (EMP_ID,CUS_SER_COMMISSION) values (4612,0.15);
Insert into CUSTOMER_SERVICES (EMP_ID,CUS_SER_COMMISSION) values (4633,0.05);
Insert into CUSTOMER_SERVICES (EMP_ID,CUS_SER_COMMISSION) values (4640,0.1);
Insert into CUSTOMER_SERVICES (EMP_ID,CUS_SER_COMMISSION) values (4661,0.1);
Insert into CUSTOMER_SERVICES (EMP_ID,CUS_SER_COMMISSION) values (4689,0.05);
Insert into CUSTOMER_SERVICES (EMP_ID,CUS_SER_COMMISSION) values (4717,0.05);

---------------------------------------------------
--   END DATA FOR TABLE CUSTOMER_SERVICES
---------------------------------------------------


---------------------------------------------------
--   DATA FOR TABLE DEPARTMENT
--   FILTER = none used
---------------------------------------------------
REM INSERTING into DEPARTMENT
Insert into DEPARTMENT (DEPT_ID,DEPT_NAME,ZOO_ID) values (100,'Development',1000);
Insert into DEPARTMENT (DEPT_ID,DEPT_NAME,ZOO_ID) values (101,'Finance',1001);
Insert into DEPARTMENT (DEPT_ID,DEPT_NAME,ZOO_ID) values (102,'Education',1000);
Insert into DEPARTMENT (DEPT_ID,DEPT_NAME,ZOO_ID) values (103,'Guest Services',1002);
Insert into DEPARTMENT (DEPT_ID,DEPT_NAME,ZOO_ID) values (104,'General Curator',1000);
Insert into DEPARTMENT (DEPT_ID,DEPT_NAME,ZOO_ID) values (105,'Security',1002);
Insert into DEPARTMENT (DEPT_ID,DEPT_NAME,ZOO_ID) values (106,'Maintenance/Grounds',1001);
Insert into DEPARTMENT (DEPT_ID,DEPT_NAME,ZOO_ID) values (107,'Veterinary',1002);
Insert into DEPARTMENT (DEPT_ID,DEPT_NAME,ZOO_ID) values (108,'Mammals/Carnivores',1002);
Insert into DEPARTMENT (DEPT_ID,DEPT_NAME,ZOO_ID) values (109,'Reptiles/Amphibians',1000);
Insert into DEPARTMENT (DEPT_ID,DEPT_NAME,ZOO_ID) values (110,'Birds',1002);
Insert into DEPARTMENT (DEPT_ID,DEPT_NAME,ZOO_ID) values (111,'Children''s Zoo',1001);
Insert into DEPARTMENT (DEPT_ID,DEPT_NAME,ZOO_ID) values (112,'Invertebrates',1001);
Insert into DEPARTMENT (DEPT_ID,DEPT_NAME,ZOO_ID) values (113,'Aquatics',1002);
Insert into DEPARTMENT (DEPT_ID,DEPT_NAME,ZOO_ID) values (114,'Registrar',1000);
Insert into DEPARTMENT (DEPT_ID,DEPT_NAME,ZOO_ID) values (115,'Research',1000);
Insert into DEPARTMENT (DEPT_ID,DEPT_NAME,ZOO_ID) values (116,'Laboratory',1002);
Insert into DEPARTMENT (DEPT_ID,DEPT_NAME,ZOO_ID) values (117,'Health/Nutrition',1002);
Insert into DEPARTMENT (DEPT_ID,DEPT_NAME,ZOO_ID) values (118,'Public Relations',1000);
Insert into DEPARTMENT (DEPT_ID,DEPT_NAME,ZOO_ID) values (119,'Design',1002);
Insert into DEPARTMENT (DEPT_ID,DEPT_NAME,ZOO_ID) values (120,'Information Systems',1000);
Insert into DEPARTMENT (DEPT_ID,DEPT_NAME,ZOO_ID) values (121,'Marketing',1000);
Insert into DEPARTMENT (DEPT_ID,DEPT_NAME,ZOO_ID) values (122,'Store Services',1001);

---------------------------------------------------
--   END DATA FOR TABLE DEPARTMENT
---------------------------------------------------


---------------------------------------------------
--   DATA FOR TABLE DONATOR
--   FILTER = none used
---------------------------------------------------
REM INSERTING into DONATOR
Insert into DONATOR (DON_ID,DON_FIRST_NAME,DON_LAST_NAME,DON_PHONE_NUMBER,DON_DATE_DONATED,ZOO_ID) values (10,'Ben','Green','3408472637',to_timestamp('25-DEC-10 12.00.00.000000000 AM','DD-MON-RR HH.MI.SS.FF AM'),1000);
Insert into DONATOR (DON_ID,DON_FIRST_NAME,DON_LAST_NAME,DON_PHONE_NUMBER,DON_DATE_DONATED,ZOO_ID) values (11,'Emma','Lobes','9521037482',to_timestamp('03-JUN-09 12.00.00.000000000 AM','DD-MON-RR HH.MI.SS.FF AM'),1001);
Insert into DONATOR (DON_ID,DON_FIRST_NAME,DON_LAST_NAME,DON_PHONE_NUMBER,DON_DATE_DONATED,ZOO_ID) values (12,'Shelly','Anderson','1047284928',to_timestamp('19-AUG-04 12.00.00.000000000 AM','DD-MON-RR HH.MI.SS.FF AM'),1002);
Insert into DONATOR (DON_ID,DON_FIRST_NAME,DON_LAST_NAME,DON_PHONE_NUMBER,DON_DATE_DONATED,ZOO_ID) values (13,'John','Williams','9827349734',to_timestamp('05-MAR-02 12.00.00.000000000 AM','DD-MON-RR HH.MI.SS.FF AM'),1002);
Insert into DONATOR (DON_ID,DON_FIRST_NAME,DON_LAST_NAME,DON_PHONE_NUMBER,DON_DATE_DONATED,ZOO_ID) values (14,'Andy','Stevens','3243243424',to_timestamp('06-APR-09 12.00.00.000000000 AM','DD-MON-RR HH.MI.SS.FF AM'),1000);
Insert into DONATOR (DON_ID,DON_FIRST_NAME,DON_LAST_NAME,DON_PHONE_NUMBER,DON_DATE_DONATED,ZOO_ID) values (15,'David','Brown','7432891032',to_timestamp('14-FEB-10 12.00.00.000000000 AM','DD-MON-RR HH.MI.SS.FF AM'),1001);
Insert into DONATOR (DON_ID,DON_FIRST_NAME,DON_LAST_NAME,DON_PHONE_NUMBER,DON_DATE_DONATED,ZOO_ID) values (16,'Dylan','Hogg','5291987383',to_timestamp('09-JUL-10 12.00.00.000000000 AM','DD-MON-RR HH.MI.SS.FF AM'),1000);
Insert into DONATOR (DON_ID,DON_FIRST_NAME,DON_LAST_NAME,DON_PHONE_NUMBER,DON_DATE_DONATED,ZOO_ID) values (17,'Tim','Silverman','8917347289',to_timestamp('24-MAY-10 12.00.00.000000000 AM','DD-MON-RR HH.MI.SS.FF AM'),1000);
Insert into DONATOR (DON_ID,DON_FIRST_NAME,DON_LAST_NAME,DON_PHONE_NUMBER,DON_DATE_DONATED,ZOO_ID) values (18,'Mike','Johnson','1573829032',to_timestamp('26-OCT-10 12.00.00.000000000 AM','DD-MON-RR HH.MI.SS.FF AM'),1001);
Insert into DONATOR (DON_ID,DON_FIRST_NAME,DON_LAST_NAME,DON_PHONE_NUMBER,DON_DATE_DONATED,ZOO_ID) values (19,'Lindsay','Everson','8791984732',to_timestamp('11-FEB-09 12.00.00.000000000 AM','DD-MON-RR HH.MI.SS.FF AM'),1000);
Insert into DONATOR (DON_ID,DON_FIRST_NAME,DON_LAST_NAME,DON_PHONE_NUMBER,DON_DATE_DONATED,ZOO_ID) values (20,'Kelsey','Wilson','3424372938',to_timestamp('22-MAY-05 12.00.00.000000000 AM','DD-MON-RR HH.MI.SS.FF AM'),1002);
Insert into DONATOR (DON_ID,DON_FIRST_NAME,DON_LAST_NAME,DON_PHONE_NUMBER,DON_DATE_DONATED,ZOO_ID) values (21,'Lenny','Thompson','5083729739',to_timestamp('04-FEB-10 12.00.00.000000000 AM','DD-MON-RR HH.MI.SS.FF AM'),1000);
Insert into DONATOR (DON_ID,DON_FIRST_NAME,DON_LAST_NAME,DON_PHONE_NUMBER,DON_DATE_DONATED,ZOO_ID) values (22,'Corey','Emans','8974219073',to_timestamp('12-DEC-09 12.00.00.000000000 AM','DD-MON-RR HH.MI.SS.FF AM'),1002);
Insert into DONATOR (DON_ID,DON_FIRST_NAME,DON_LAST_NAME,DON_PHONE_NUMBER,DON_DATE_DONATED,ZOO_ID) values (23,'Max','Stanek','7483243822',to_timestamp('15-JAN-08 12.00.00.000000000 AM','DD-MON-RR HH.MI.SS.FF AM'),1000);
Insert into DONATOR (DON_ID,DON_FIRST_NAME,DON_LAST_NAME,DON_PHONE_NUMBER,DON_DATE_DONATED,ZOO_ID) values (24,'Brandon','Frankson','6572832382',to_timestamp('18-MAY-09 12.00.00.000000000 AM','DD-MON-RR HH.MI.SS.FF AM'),1002);
Insert into DONATOR (DON_ID,DON_FIRST_NAME,DON_LAST_NAME,DON_PHONE_NUMBER,DON_DATE_DONATED,ZOO_ID) values (25,'Gary','Dickinson','4627843483',to_timestamp('27-JUL-10 12.00.00.000000000 AM','DD-MON-RR HH.MI.SS.FF AM'),1000);
Insert into DONATOR (DON_ID,DON_FIRST_NAME,DON_LAST_NAME,DON_PHONE_NUMBER,DON_DATE_DONATED,ZOO_ID) values (26,'Rhonda','Sanders','2986582747',to_timestamp('01-APR-04 12.00.00.000000000 AM','DD-MON-RR HH.MI.SS.FF AM'),1002);
Insert into DONATOR (DON_ID,DON_FIRST_NAME,DON_LAST_NAME,DON_PHONE_NUMBER,DON_DATE_DONATED,ZOO_ID) values (27,'Simon','Hoff','8492749872',to_timestamp('23-JUN-01 12.00.00.000000000 AM','DD-MON-RR HH.MI.SS.FF AM'),1002);
Insert into DONATOR (DON_ID,DON_FIRST_NAME,DON_LAST_NAME,DON_PHONE_NUMBER,DON_DATE_DONATED,ZOO_ID) values (28,'Larry','Patterson','3478274327',to_timestamp('14-SEP-09 12.00.00.000000000 AM','DD-MON-RR HH.MI.SS.FF AM'),1001);
Insert into DONATOR (DON_ID,DON_FIRST_NAME,DON_LAST_NAME,DON_PHONE_NUMBER,DON_DATE_DONATED,ZOO_ID) values (29,'Tamra','Strike','8972489732',to_timestamp('17-OCT-10 12.00.00.000000000 AM','DD-MON-RR HH.MI.SS.FF AM'),1002);
Insert into DONATOR (DON_ID,DON_FIRST_NAME,DON_LAST_NAME,DON_PHONE_NUMBER,DON_DATE_DONATED,ZOO_ID) values (30,'Gina','Boten','6374736282',to_timestamp('03-DEC-09 12.00.00.000000000 AM','DD-MON-RR HH.MI.SS.FF AM'),1000);
Insert into DONATOR (DON_ID,DON_FIRST_NAME,DON_LAST_NAME,DON_PHONE_NUMBER,DON_DATE_DONATED,ZOO_ID) values (31,'Leah','Hanson','2107387284',to_timestamp('01-FEB-10 12.00.00.000000000 AM','DD-MON-RR HH.MI.SS.FF AM'),1000);
Insert into DONATOR (DON_ID,DON_FIRST_NAME,DON_LAST_NAME,DON_PHONE_NUMBER,DON_DATE_DONATED,ZOO_ID) values (32,'Hank','Strange','8174187432',to_timestamp('11-MAR-10 12.00.00.000000000 AM','DD-MON-RR HH.MI.SS.FF AM'),1001);
Insert into DONATOR (DON_ID,DON_FIRST_NAME,DON_LAST_NAME,DON_PHONE_NUMBER,DON_DATE_DONATED,ZOO_ID) values (33,'Lynn','Chapman','9823478324',to_timestamp('10-AUG-10 12.00.00.000000000 AM','DD-MON-RR HH.MI.SS.FF AM'),1000);
Insert into DONATOR (DON_ID,DON_FIRST_NAME,DON_LAST_NAME,DON_PHONE_NUMBER,DON_DATE_DONATED,ZOO_ID) values (34,'Ricky','Heth','2894789657',to_timestamp('18-SEP-10 12.00.00.000000000 AM','DD-MON-RR HH.MI.SS.FF AM'),1001);
Insert into DONATOR (DON_ID,DON_FIRST_NAME,DON_LAST_NAME,DON_PHONE_NUMBER,DON_DATE_DONATED,ZOO_ID) values (35,'Jean','Gloede','2948789374',to_timestamp('04-DEC-08 12.00.00.000000000 AM','DD-MON-RR HH.MI.SS.FF AM'),1002);
Insert into DONATOR (DON_ID,DON_FIRST_NAME,DON_LAST_NAME,DON_PHONE_NUMBER,DON_DATE_DONATED,ZOO_ID) values (36,'Becky','Brophy','5637286432',to_timestamp('15-JUN-09 12.00.00.000000000 AM','DD-MON-RR HH.MI.SS.FF AM'),1002);
Insert into DONATOR (DON_ID,DON_FIRST_NAME,DON_LAST_NAME,DON_PHONE_NUMBER,DON_DATE_DONATED,ZOO_ID) values (37,'Ann','Pheler','6757824624',to_timestamp('02-JUN-10 12.00.00.000000000 AM','DD-MON-RR HH.MI.SS.FF AM'),1000);
Insert into DONATOR (DON_ID,DON_FIRST_NAME,DON_LAST_NAME,DON_PHONE_NUMBER,DON_DATE_DONATED,ZOO_ID) values (38,'Gretchen','Sims','4638765262',to_timestamp('09-MAY-09 12.00.00.000000000 AM','DD-MON-RR HH.MI.SS.FF AM'),1002);
Insert into DONATOR (DON_ID,DON_FIRST_NAME,DON_LAST_NAME,DON_PHONE_NUMBER,DON_DATE_DONATED,ZOO_ID) values (39,'Alexis','Rossi','3846832722',to_timestamp('25-SEP-08 12.00.00.000000000 AM','DD-MON-RR HH.MI.SS.FF AM'),1001);
Insert into DONATOR (DON_ID,DON_FIRST_NAME,DON_LAST_NAME,DON_PHONE_NUMBER,DON_DATE_DONATED,ZOO_ID) values (40,'Brad','Lupez','5623892742',to_timestamp('27-NOV-10 12.00.00.000000000 AM','DD-MON-RR HH.MI.SS.FF AM'),1002);
Insert into DONATOR (DON_ID,DON_FIRST_NAME,DON_LAST_NAME,DON_PHONE_NUMBER,DON_DATE_DONATED,ZOO_ID) values (41,'Sean','Klonecki','6587264987',to_timestamp('14-MAR-09 12.00.00.000000000 AM','DD-MON-RR HH.MI.SS.FF AM'),1000);
Insert into DONATOR (DON_ID,DON_FIRST_NAME,DON_LAST_NAME,DON_PHONE_NUMBER,DON_DATE_DONATED,ZOO_ID) values (42,'Megan','Peterson','5867324602',to_timestamp('06-DEC-10 12.00.00.000000000 AM','DD-MON-RR HH.MI.SS.FF AM'),1000);
Insert into DONATOR (DON_ID,DON_FIRST_NAME,DON_LAST_NAME,DON_PHONE_NUMBER,DON_DATE_DONATED,ZOO_ID) values (43,'Dane','Price','7256982743',to_timestamp('04-JUL-08 12.00.00.000000000 AM','DD-MON-RR HH.MI.SS.FF AM'),1002);
Insert into DONATOR (DON_ID,DON_FIRST_NAME,DON_LAST_NAME,DON_PHONE_NUMBER,DON_DATE_DONATED,ZOO_ID) values (44,'Randy','Tshumper','6564798274',to_timestamp('13-AUG-10 12.00.00.000000000 AM','DD-MON-RR HH.MI.SS.FF AM'),1002);
Insert into DONATOR (DON_ID,DON_FIRST_NAME,DON_LAST_NAME,DON_PHONE_NUMBER,DON_DATE_DONATED,ZOO_ID) values (45,'Natalie','Kronebusch','5628974893',to_timestamp('09-APR-07 12.00.00.000000000 AM','DD-MON-RR HH.MI.SS.FF AM'),1001);
Insert into DONATOR (DON_ID,DON_FIRST_NAME,DON_LAST_NAME,DON_PHONE_NUMBER,DON_DATE_DONATED,ZOO_ID) values (46,'Jake','Ali','7482965209',to_timestamp('26-MAY-10 12.00.00.000000000 AM','DD-MON-RR HH.MI.SS.FF AM'),1000);
Insert into DONATOR (DON_ID,DON_FIRST_NAME,DON_LAST_NAME,DON_PHONE_NUMBER,DON_DATE_DONATED,ZOO_ID) values (47,'Kyle','Olson','5627489324',to_timestamp('20-JUN-04 12.00.00.000000000 AM','DD-MON-RR HH.MI.SS.FF AM'),1001);
Insert into DONATOR (DON_ID,DON_FIRST_NAME,DON_LAST_NAME,DON_PHONE_NUMBER,DON_DATE_DONATED,ZOO_ID) values (48,'Ken','Hans','7589274893',to_timestamp('11-JAN-03 12.00.00.000000000 AM','DD-MON-RR HH.MI.SS.FF AM'),1002);

---------------------------------------------------
--   END DATA FOR TABLE DONATOR
---------------------------------------------------


---------------------------------------------------
--   DATA FOR TABLE DONATOR_PAYMENT
--   FILTER = none used
---------------------------------------------------
REM INSERTING into DONATOR_PAYMENT
Insert into DONATOR_PAYMENT (DON_ID,PAY_ID,DON_PAY_PAYMENT_DATE) values (10,10170,to_timestamp('30-DEC-10 12.00.00.000000000 AM','DD-MON-RR HH.MI.SS.FF AM'));
Insert into DONATOR_PAYMENT (DON_ID,PAY_ID,DON_PAY_PAYMENT_DATE) values (11,10234,to_timestamp('05-JUN-09 12.00.00.000000000 AM','DD-MON-RR HH.MI.SS.FF AM'));
Insert into DONATOR_PAYMENT (DON_ID,PAY_ID,DON_PAY_PAYMENT_DATE) values (12,10298,to_timestamp('23-AUG-04 12.00.00.000000000 AM','DD-MON-RR HH.MI.SS.FF AM'));
Insert into DONATOR_PAYMENT (DON_ID,PAY_ID,DON_PAY_PAYMENT_DATE) values (13,10362,to_timestamp('10-MAR-02 12.00.00.000000000 AM','DD-MON-RR HH.MI.SS.FF AM'));
Insert into DONATOR_PAYMENT (DON_ID,PAY_ID,DON_PAY_PAYMENT_DATE) values (14,10426,to_timestamp('11-APR-09 12.00.00.000000000 AM','DD-MON-RR HH.MI.SS.FF AM'));
Insert into DONATOR_PAYMENT (DON_ID,PAY_ID,DON_PAY_PAYMENT_DATE) values (15,10490,to_timestamp('20-FEB-10 12.00.00.000000000 AM','DD-MON-RR HH.MI.SS.FF AM'));
Insert into DONATOR_PAYMENT (DON_ID,PAY_ID,DON_PAY_PAYMENT_DATE) values (16,10554,to_timestamp('12-JUL-10 12.00.00.000000000 AM','DD-MON-RR HH.MI.SS.FF AM'));
Insert into DONATOR_PAYMENT (DON_ID,PAY_ID,DON_PAY_PAYMENT_DATE) values (17,10618,to_timestamp('27-MAY-10 12.00.00.000000000 AM','DD-MON-RR HH.MI.SS.FF AM'));
Insert into DONATOR_PAYMENT (DON_ID,PAY_ID,DON_PAY_PAYMENT_DATE) values (18,10682,to_timestamp('30-OCT-10 12.00.00.000000000 AM','DD-MON-RR HH.MI.SS.FF AM'));
Insert into DONATOR_PAYMENT (DON_ID,PAY_ID,DON_PAY_PAYMENT_DATE) values (19,10746,to_timestamp('14-FEB-09 12.00.00.000000000 AM','DD-MON-RR HH.MI.SS.FF AM'));
Insert into DONATOR_PAYMENT (DON_ID,PAY_ID,DON_PAY_PAYMENT_DATE) values (20,10810,to_timestamp('29-MAY-05 12.00.00.000000000 AM','DD-MON-RR HH.MI.SS.FF AM'));
Insert into DONATOR_PAYMENT (DON_ID,PAY_ID,DON_PAY_PAYMENT_DATE) values (21,10874,to_timestamp('06-FEB-10 12.00.00.000000000 AM','DD-MON-RR HH.MI.SS.FF AM'));
Insert into DONATOR_PAYMENT (DON_ID,PAY_ID,DON_PAY_PAYMENT_DATE) values (22,10938,to_timestamp('22-DEC-09 12.00.00.000000000 AM','DD-MON-RR HH.MI.SS.FF AM'));
Insert into DONATOR_PAYMENT (DON_ID,PAY_ID,DON_PAY_PAYMENT_DATE) values (23,11002,to_timestamp('25-JAN-08 12.00.00.000000000 AM','DD-MON-RR HH.MI.SS.FF AM'));
Insert into DONATOR_PAYMENT (DON_ID,PAY_ID,DON_PAY_PAYMENT_DATE) values (24,11066,to_timestamp('29-MAY-09 12.00.00.000000000 AM','DD-MON-RR HH.MI.SS.FF AM'));
Insert into DONATOR_PAYMENT (DON_ID,PAY_ID,DON_PAY_PAYMENT_DATE) values (25,11130,to_timestamp('28-JUL-10 12.00.00.000000000 AM','DD-MON-RR HH.MI.SS.FF AM'));
Insert into DONATOR_PAYMENT (DON_ID,PAY_ID,DON_PAY_PAYMENT_DATE) values (26,11194,to_timestamp('07-APR-04 12.00.00.000000000 AM','DD-MON-RR HH.MI.SS.FF AM'));
Insert into DONATOR_PAYMENT (DON_ID,PAY_ID,DON_PAY_PAYMENT_DATE) values (27,11258,to_timestamp('26-JUN-01 12.00.00.000000000 AM','DD-MON-RR HH.MI.SS.FF AM'));
Insert into DONATOR_PAYMENT (DON_ID,PAY_ID,DON_PAY_PAYMENT_DATE) values (28,11322,to_timestamp('20-SEP-09 12.00.00.000000000 AM','DD-MON-RR HH.MI.SS.FF AM'));
Insert into DONATOR_PAYMENT (DON_ID,PAY_ID,DON_PAY_PAYMENT_DATE) values (29,11386,to_timestamp('22-OCT-10 12.00.00.000000000 AM','DD-MON-RR HH.MI.SS.FF AM'));
Insert into DONATOR_PAYMENT (DON_ID,PAY_ID,DON_PAY_PAYMENT_DATE) values (30,11450,to_timestamp('10-DEC-09 12.00.00.000000000 AM','DD-MON-RR HH.MI.SS.FF AM'));
Insert into DONATOR_PAYMENT (DON_ID,PAY_ID,DON_PAY_PAYMENT_DATE) values (31,11514,to_timestamp('07-FEB-01 12.00.00.000000000 AM','DD-MON-RR HH.MI.SS.FF AM'));
Insert into DONATOR_PAYMENT (DON_ID,PAY_ID,DON_PAY_PAYMENT_DATE) values (32,11578,to_timestamp('17-MAR-10 12.00.00.000000000 AM','DD-MON-RR HH.MI.SS.FF AM'));
Insert into DONATOR_PAYMENT (DON_ID,PAY_ID,DON_PAY_PAYMENT_DATE) values (33,11642,to_timestamp('15-AUG-10 12.00.00.000000000 AM','DD-MON-RR HH.MI.SS.FF AM'));
Insert into DONATOR_PAYMENT (DON_ID,PAY_ID,DON_PAY_PAYMENT_DATE) values (34,11706,to_timestamp('08-DEC-10 12.00.00.000000000 AM','DD-MON-RR HH.MI.SS.FF AM'));
Insert into DONATOR_PAYMENT (DON_ID,PAY_ID,DON_PAY_PAYMENT_DATE) values (35,11770,to_timestamp('15-DEC-08 12.00.00.000000000 AM','DD-MON-RR HH.MI.SS.FF AM'));
Insert into DONATOR_PAYMENT (DON_ID,PAY_ID,DON_PAY_PAYMENT_DATE) values (36,11834,to_timestamp('17-JUN-09 12.00.00.000000000 AM','DD-MON-RR HH.MI.SS.FF AM'));
Insert into DONATOR_PAYMENT (DON_ID,PAY_ID,DON_PAY_PAYMENT_DATE) values (37,11898,to_timestamp('15-JUN-10 12.00.00.000000000 AM','DD-MON-RR HH.MI.SS.FF AM'));
Insert into DONATOR_PAYMENT (DON_ID,PAY_ID,DON_PAY_PAYMENT_DATE) values (38,11962,to_timestamp('16-MAY-09 12.00.00.000000000 AM','DD-MON-RR HH.MI.SS.FF AM'));
Insert into DONATOR_PAYMENT (DON_ID,PAY_ID,DON_PAY_PAYMENT_DATE) values (39,12026,to_timestamp('30-SEP-08 12.00.00.000000000 AM','DD-MON-RR HH.MI.SS.FF AM'));
Insert into DONATOR_PAYMENT (DON_ID,PAY_ID,DON_PAY_PAYMENT_DATE) values (40,12090,to_timestamp('05-DEC-10 12.00.00.000000000 AM','DD-MON-RR HH.MI.SS.FF AM'));
Insert into DONATOR_PAYMENT (DON_ID,PAY_ID,DON_PAY_PAYMENT_DATE) values (41,12154,to_timestamp('22-MAR-09 12.00.00.000000000 AM','DD-MON-RR HH.MI.SS.FF AM'));
Insert into DONATOR_PAYMENT (DON_ID,PAY_ID,DON_PAY_PAYMENT_DATE) values (42,12218,to_timestamp('13-DEC-10 12.00.00.000000000 AM','DD-MON-RR HH.MI.SS.FF AM'));
Insert into DONATOR_PAYMENT (DON_ID,PAY_ID,DON_PAY_PAYMENT_DATE) values (43,12282,to_timestamp('14-JUL-08 12.00.00.000000000 AM','DD-MON-RR HH.MI.SS.FF AM'));
Insert into DONATOR_PAYMENT (DON_ID,PAY_ID,DON_PAY_PAYMENT_DATE) values (44,12346,to_timestamp('16-AUG-10 12.00.00.000000000 AM','DD-MON-RR HH.MI.SS.FF AM'));
Insert into DONATOR_PAYMENT (DON_ID,PAY_ID,DON_PAY_PAYMENT_DATE) values (45,12410,to_timestamp('22-APR-07 12.00.00.000000000 AM','DD-MON-RR HH.MI.SS.FF AM'));
Insert into DONATOR_PAYMENT (DON_ID,PAY_ID,DON_PAY_PAYMENT_DATE) values (46,12474,to_timestamp('02-JUN-10 12.00.00.000000000 AM','DD-MON-RR HH.MI.SS.FF AM'));
Insert into DONATOR_PAYMENT (DON_ID,PAY_ID,DON_PAY_PAYMENT_DATE) values (47,12538,to_timestamp('25-JUN-04 12.00.00.000000000 AM','DD-MON-RR HH.MI.SS.FF AM'));
Insert into DONATOR_PAYMENT (DON_ID,PAY_ID,DON_PAY_PAYMENT_DATE) values (48,12602,to_timestamp('15-JAN-03 12.00.00.000000000 AM','DD-MON-RR HH.MI.SS.FF AM'));

---------------------------------------------------
--   END DATA FOR TABLE DONATOR_PAYMENT
---------------------------------------------------


---------------------------------------------------
--   DATA FOR TABLE EMPLOYEE
--   FILTER = none used
---------------------------------------------------
REM INSERTING into EMPLOYEE
Insert into EMPLOYEE (EMP_ID,DEPT_ID,OFFICE_ID,ZOO_ID,EMP_FIRST_NAME,EMP_LAST_NAME,EMP_PHONE_NUMBER,EMP_SALARY,EMP_SOCIAL_SECURITY_NUMBER,EMP_HIRE_DATE,EMP_DEPARTURE_DATE,EMP_TYPE,EMP_ADDRESS,EMP_CITY,EMP_ZIP_CODE,EMP_STATE) values (4010,113,106,1002,'John','Crosby',5075553453,115000,555554321,to_timestamp('23-JAN-07 12.00.00.000000000 AM','DD-MON-RR HH.MI.SS.FF AM'),null,'RE','821 Compass St.','St. Paul',55103,'MN');
Insert into EMPLOYEE (EMP_ID,DEPT_ID,OFFICE_ID,ZOO_ID,EMP_FIRST_NAME,EMP_LAST_NAME,EMP_PHONE_NUMBER,EMP_SALARY,EMP_SOCIAL_SECURITY_NUMBER,EMP_HIRE_DATE,EMP_DEPARTURE_DATE,EMP_TYPE,EMP_ADDRESS,EMP_CITY,EMP_ZIP_CODE,EMP_STATE) values (4017,null,null,1002,'Steve','Meemken',5075557645,27500,555984331,to_timestamp('23-JAN-07 12.00.00.000000000 AM','DD-MON-RR HH.MI.SS.FF AM'),to_timestamp('12-JUN-07 12.00.00.000000000 AM','DD-MON-RR HH.MI.SS.FF AM'),'GS','2255 Lily Ave.','Mankato',56001,'MN');
Insert into EMPLOYEE (EMP_ID,DEPT_ID,OFFICE_ID,ZOO_ID,EMP_FIRST_NAME,EMP_LAST_NAME,EMP_PHONE_NUMBER,EMP_SALARY,EMP_SOCIAL_SECURITY_NUMBER,EMP_HIRE_DATE,EMP_DEPARTURE_DATE,EMP_TYPE,EMP_ADDRESS,EMP_CITY,EMP_ZIP_CODE,EMP_STATE) values (4024,null,null,1000,'Timothy','Oshie',5075556555,20650,555554634,to_timestamp('23-JAN-07 12.00.00.000000000 AM','DD-MON-RR HH.MI.SS.FF AM'),null,'MA','9712 Hamlet Ave.','Maplewood',55109,'MN');
Insert into EMPLOYEE (EMP_ID,DEPT_ID,OFFICE_ID,ZOO_ID,EMP_FIRST_NAME,EMP_LAST_NAME,EMP_PHONE_NUMBER,EMP_SALARY,EMP_SOCIAL_SECURITY_NUMBER,EMP_HIRE_DATE,EMP_DEPARTURE_DATE,EMP_TYPE,EMP_ADDRESS,EMP_CITY,EMP_ZIP_CODE,EMP_STATE) values (4031,107,null,1002,'Joe','Kelleher',6125556687,45240,555554947,to_timestamp('23-JAN-07 12.00.00.000000000 AM','DD-MON-RR HH.MI.SS.FF AM'),null,'KE','616 Main St.','Mankato',56001,'MN');
Insert into EMPLOYEE (EMP_ID,DEPT_ID,OFFICE_ID,ZOO_ID,EMP_FIRST_NAME,EMP_LAST_NAME,EMP_PHONE_NUMBER,EMP_SALARY,EMP_SOCIAL_SECURITY_NUMBER,EMP_HIRE_DATE,EMP_DEPARTURE_DATE,EMP_TYPE,EMP_ADDRESS,EMP_CITY,EMP_ZIP_CODE,EMP_STATE) values (4038,121,null,1000,'Mike','Score',5075555645,32000,555121325,to_timestamp('23-JAN-07 12.00.00.000000000 AM','DD-MON-RR HH.MI.SS.FF AM'),to_timestamp('25-JAN-08 12.00.00.000000000 AM','DD-MON-RR HH.MI.SS.FF AM'),'GS','788 4th Ave. E.','St. Paul',55103,'MN');
Insert into EMPLOYEE (EMP_ID,DEPT_ID,OFFICE_ID,ZOO_ID,EMP_FIRST_NAME,EMP_LAST_NAME,EMP_PHONE_NUMBER,EMP_SALARY,EMP_SOCIAL_SECURITY_NUMBER,EMP_HIRE_DATE,EMP_DEPARTURE_DATE,EMP_TYPE,EMP_ADDRESS,EMP_CITY,EMP_ZIP_CODE,EMP_STATE) values (4045,null,null,1000,'Brittany','Regan',6125556644,42800,555111368,to_timestamp('23-JAN-07 12.00.00.000000000 AM','DD-MON-RR HH.MI.SS.FF AM'),null,'KE','9312 Robert St.','St. Paul',55103,'MN');
Insert into EMPLOYEE (EMP_ID,DEPT_ID,OFFICE_ID,ZOO_ID,EMP_FIRST_NAME,EMP_LAST_NAME,EMP_PHONE_NUMBER,EMP_SALARY,EMP_SOCIAL_SECURITY_NUMBER,EMP_HIRE_DATE,EMP_DEPARTURE_DATE,EMP_TYPE,EMP_ADDRESS,EMP_CITY,EMP_ZIP_CODE,EMP_STATE) values (4052,100,135,1000,'Kyle','Taube',5075557854,94500,555231411,to_timestamp('17-FEB-07 12.00.00.000000000 AM','DD-MON-RR HH.MI.SS.FF AM'),null,'RE','512 Gem St.','Cottage Grove',55016,'MN');
Insert into EMPLOYEE (EMP_ID,DEPT_ID,OFFICE_ID,ZOO_ID,EMP_FIRST_NAME,EMP_LAST_NAME,EMP_PHONE_NUMBER,EMP_SALARY,EMP_SOCIAL_SECURITY_NUMBER,EMP_HIRE_DATE,EMP_DEPARTURE_DATE,EMP_TYPE,EMP_ADDRESS,EMP_CITY,EMP_ZIP_CODE,EMP_STATE) values (4059,111,207,1001,'Sarah','Tollefson',5075557779,41000,555551454,to_timestamp('18-FEB-07 12.00.00.000000000 AM','DD-MON-RR HH.MI.SS.FF AM'),null,'GS','9012 White Bear Ave.','Maplewood',55109,'MN');
Insert into EMPLOYEE (EMP_ID,DEPT_ID,OFFICE_ID,ZOO_ID,EMP_FIRST_NAME,EMP_LAST_NAME,EMP_PHONE_NUMBER,EMP_SALARY,EMP_SOCIAL_SECURITY_NUMBER,EMP_HIRE_DATE,EMP_DEPARTURE_DATE,EMP_TYPE,EMP_ADDRESS,EMP_CITY,EMP_ZIP_CODE,EMP_STATE) values (4066,null,null,1001,'Bill','Frank',6515557423,53500,555556512,to_timestamp('15-APR-07 12.00.00.000000000 AM','DD-MON-RR HH.MI.SS.FF AM'),null,'KE','652 Madison Ave.','Mankato',56001,'MN');
Insert into EMPLOYEE (EMP_ID,DEPT_ID,OFFICE_ID,ZOO_ID,EMP_FIRST_NAME,EMP_LAST_NAME,EMP_PHONE_NUMBER,EMP_SALARY,EMP_SOCIAL_SECURITY_NUMBER,EMP_HIRE_DATE,EMP_DEPARTURE_DATE,EMP_TYPE,EMP_ADDRESS,EMP_CITY,EMP_ZIP_CODE,EMP_STATE) values (4073,null,null,1000,'Tom','Richardson',5075555467,18500,555356825,to_timestamp('15-JUN-07 12.00.00.000000000 AM','DD-MON-RR HH.MI.SS.FF AM'),to_timestamp('20-AUG-07 12.00.00.000000000 AM','DD-MON-RR HH.MI.SS.FF AM'),'MA','5555 Gerber St.','Cottage Grove',55016,'MN');
Insert into EMPLOYEE (EMP_ID,DEPT_ID,OFFICE_ID,ZOO_ID,EMP_FIRST_NAME,EMP_LAST_NAME,EMP_PHONE_NUMBER,EMP_SALARY,EMP_SOCIAL_SECURITY_NUMBER,EMP_HIRE_DATE,EMP_DEPARTURE_DATE,EMP_TYPE,EMP_ADDRESS,EMP_CITY,EMP_ZIP_CODE,EMP_STATE) values (4080,106,null,1001,'Tina','Caudill',6515557477,20650,555637138,to_timestamp('15-JUN-07 12.00.00.000000000 AM','DD-MON-RR HH.MI.SS.FF AM'),null,null,'890 Dayton Ct.','Woodbury',55125,'MN');
Insert into EMPLOYEE (EMP_ID,DEPT_ID,OFFICE_ID,ZOO_ID,EMP_FIRST_NAME,EMP_LAST_NAME,EMP_PHONE_NUMBER,EMP_SALARY,EMP_SOCIAL_SECURITY_NUMBER,EMP_HIRE_DATE,EMP_DEPARTURE_DATE,EMP_TYPE,EMP_ADDRESS,EMP_CITY,EMP_ZIP_CODE,EMP_STATE) values (4087,null,215,1002,'Julie','McVeigh',6125559764,38900,555557451,to_timestamp('12-JUL-07 12.00.00.000000000 AM','DD-MON-RR HH.MI.SS.FF AM'),to_timestamp('13-OCT-07 12.00.00.000000000 AM','DD-MON-RR HH.MI.SS.FF AM'),'MA','4543 Bittersweet St.','Minneapolis',55199,'MN');
Insert into EMPLOYEE (EMP_ID,DEPT_ID,OFFICE_ID,ZOO_ID,EMP_FIRST_NAME,EMP_LAST_NAME,EMP_PHONE_NUMBER,EMP_SALARY,EMP_SOCIAL_SECURITY_NUMBER,EMP_HIRE_DATE,EMP_DEPARTURE_DATE,EMP_TYPE,EMP_ADDRESS,EMP_CITY,EMP_ZIP_CODE,EMP_STATE) values (4094,null,null,1002,'Samantha','Regan',6515554578,45240,555367764,to_timestamp('13-JUL-07 12.00.00.000000000 AM','DD-MON-RR HH.MI.SS.FF AM'),null,'KE','6123 Sweeley Ave.','St. Paul',55103,'MN');
Insert into EMPLOYEE (EMP_ID,DEPT_ID,OFFICE_ID,ZOO_ID,EMP_FIRST_NAME,EMP_LAST_NAME,EMP_PHONE_NUMBER,EMP_SALARY,EMP_SOCIAL_SECURITY_NUMBER,EMP_HIRE_DATE,EMP_DEPARTURE_DATE,EMP_TYPE,EMP_ADDRESS,EMP_CITY,EMP_ZIP_CODE,EMP_STATE) values (4101,106,null,1001,'William','Winters',6125554512,22000,555551927,to_timestamp('03-SEP-07 12.00.00.000000000 AM','DD-MON-RR HH.MI.SS.FF AM'),to_timestamp('13-JAN-08 12.00.00.000000000 AM','DD-MON-RR HH.MI.SS.FF AM'),'MA','1160 Madison Ave.','Mankato',56001,'MN');
Insert into EMPLOYEE (EMP_ID,DEPT_ID,OFFICE_ID,ZOO_ID,EMP_FIRST_NAME,EMP_LAST_NAME,EMP_PHONE_NUMBER,EMP_SALARY,EMP_SOCIAL_SECURITY_NUMBER,EMP_HIRE_DATE,EMP_DEPARTURE_DATE,EMP_TYPE,EMP_ADDRESS,EMP_CITY,EMP_ZIP_CODE,EMP_STATE) values (4108,108,209,1002,'Jason','Mann',5075553451,76750,555421970,to_timestamp('09-SEP-07 12.00.00.000000000 AM','DD-MON-RR HH.MI.SS.FF AM'),null,'RE','7500 White Bear Ave.','Maplewood',55109,'MN');
Insert into EMPLOYEE (EMP_ID,DEPT_ID,OFFICE_ID,ZOO_ID,EMP_FIRST_NAME,EMP_LAST_NAME,EMP_PHONE_NUMBER,EMP_SALARY,EMP_SOCIAL_SECURITY_NUMBER,EMP_HIRE_DATE,EMP_DEPARTURE_DATE,EMP_TYPE,EMP_ADDRESS,EMP_CITY,EMP_ZIP_CODE,EMP_STATE) values (4115,115,302,1000,'Janet','Heatley',6515553687,65000,555552013,to_timestamp('25-OCT-07 12.00.00.000000000 AM','DD-MON-RR HH.MI.SS.FF AM'),null,'RE','457 Huckleberry Rd.','St. Paul',55103,'MN');
Insert into EMPLOYEE (EMP_ID,DEPT_ID,OFFICE_ID,ZOO_ID,EMP_FIRST_NAME,EMP_LAST_NAME,EMP_PHONE_NUMBER,EMP_SALARY,EMP_SOCIAL_SECURITY_NUMBER,EMP_HIRE_DATE,EMP_DEPARTURE_DATE,EMP_TYPE,EMP_ADDRESS,EMP_CITY,EMP_ZIP_CODE,EMP_STATE) values (4122,null,null,1001,'Larry','Lidstrom',6125557654,32550,555552056,to_timestamp('25-OCT-07 12.00.00.000000000 AM','DD-MON-RR HH.MI.SS.FF AM'),null,'GS','2631 Johnathon Ct.','Maplewood',55109,'MN');
Insert into EMPLOYEE (EMP_ID,DEPT_ID,OFFICE_ID,ZOO_ID,EMP_FIRST_NAME,EMP_LAST_NAME,EMP_PHONE_NUMBER,EMP_SALARY,EMP_SOCIAL_SECURITY_NUMBER,EMP_HIRE_DATE,EMP_DEPARTURE_DATE,EMP_TYPE,EMP_ADDRESS,EMP_CITY,EMP_ZIP_CODE,EMP_STATE) values (4129,108,null,1002,'Rachel','DeBace',5075552578,35000,555559329,to_timestamp('15-NOV-07 12.00.00.000000000 AM','DD-MON-RR HH.MI.SS.FF AM'),null,'KE','920 Monks Ave.','Mankato',56001,'MN');
Insert into EMPLOYEE (EMP_ID,DEPT_ID,OFFICE_ID,ZOO_ID,EMP_FIRST_NAME,EMP_LAST_NAME,EMP_PHONE_NUMBER,EMP_SALARY,EMP_SOCIAL_SECURITY_NUMBER,EMP_HIRE_DATE,EMP_DEPARTURE_DATE,EMP_TYPE,EMP_ADDRESS,EMP_CITY,EMP_ZIP_CODE,EMP_STATE) values (4136,116,null,1002,'Rick','Smith',5075551412,36750,555649642,to_timestamp('18-NOV-07 12.00.00.000000000 AM','DD-MON-RR HH.MI.SS.FF AM'),null,'KE','2341 Viking Ln.','St. Paul',55103,'MN');
Insert into EMPLOYEE (EMP_ID,DEPT_ID,OFFICE_ID,ZOO_ID,EMP_FIRST_NAME,EMP_LAST_NAME,EMP_PHONE_NUMBER,EMP_SALARY,EMP_SOCIAL_SECURITY_NUMBER,EMP_HIRE_DATE,EMP_DEPARTURE_DATE,EMP_TYPE,EMP_ADDRESS,EMP_CITY,EMP_ZIP_CODE,EMP_STATE) values (4143,114,null,1000,'Daniel','Johnson',5075551346,27500,555639955,to_timestamp('02-DEC-07 12.00.00.000000000 AM','DD-MON-RR HH.MI.SS.FF AM'),to_timestamp('25-APR-08 12.00.00.000000000 AM','DD-MON-RR HH.MI.SS.FF AM'),'GS','5664 Weekes St.','Mankato',56001,'MN');
Insert into EMPLOYEE (EMP_ID,DEPT_ID,OFFICE_ID,ZOO_ID,EMP_FIRST_NAME,EMP_LAST_NAME,EMP_PHONE_NUMBER,EMP_SALARY,EMP_SOCIAL_SECURITY_NUMBER,EMP_HIRE_DATE,EMP_DEPARTURE_DATE,EMP_TYPE,EMP_ADDRESS,EMP_CITY,EMP_ZIP_CODE,EMP_STATE) values (4150,122,null,1001,'Rochelle','Ott',6125551379,20350,555555260,to_timestamp('07-DEC-07 12.00.00.000000000 AM','DD-MON-RR HH.MI.SS.FF AM'),null,null,'2421 Coddlebury Ave.','Mankato',56001,'MN');
Insert into EMPLOYEE (EMP_ID,DEPT_ID,OFFICE_ID,ZOO_ID,EMP_FIRST_NAME,EMP_LAST_NAME,EMP_PHONE_NUMBER,EMP_SALARY,EMP_SOCIAL_SECURITY_NUMBER,EMP_HIRE_DATE,EMP_DEPARTURE_DATE,EMP_TYPE,EMP_ADDRESS,EMP_CITY,EMP_ZIP_CODE,EMP_STATE) values (4157,null,null,1002,'Yolanda','Tequinda',6515551624,16000,555755573,to_timestamp('18-JAN-08 12.00.00.000000000 AM','DD-MON-RR HH.MI.SS.FF AM'),null,'MA','8900 David St.','St. Paul',55103,'MN');
Insert into EMPLOYEE (EMP_ID,DEPT_ID,OFFICE_ID,ZOO_ID,EMP_FIRST_NAME,EMP_LAST_NAME,EMP_PHONE_NUMBER,EMP_SALARY,EMP_SOCIAL_SECURITY_NUMBER,EMP_HIRE_DATE,EMP_DEPARTURE_DATE,EMP_TYPE,EMP_ADDRESS,EMP_CITY,EMP_ZIP_CODE,EMP_STATE) values (4165,106,null,1001,'Aaron','Dippel',5075556546,15000,555555886,to_timestamp('18-JAN-08 12.00.00.000000000 AM','DD-MON-RR HH.MI.SS.FF AM'),to_timestamp('15-MAR-08 12.00.00.000000000 AM','DD-MON-RR HH.MI.SS.FF AM'),'MA','4841 Jewel St.','Cottage Grove',55016,'MN');
Insert into EMPLOYEE (EMP_ID,DEPT_ID,OFFICE_ID,ZOO_ID,EMP_FIRST_NAME,EMP_LAST_NAME,EMP_PHONE_NUMBER,EMP_SALARY,EMP_SOCIAL_SECURITY_NUMBER,EMP_HIRE_DATE,EMP_DEPARTURE_DATE,EMP_TYPE,EMP_ADDRESS,EMP_CITY,EMP_ZIP_CODE,EMP_STATE) values (4171,112,105,1001,'Greggory','Paul',6125556689,55450,555746199,to_timestamp('18-JAN-08 12.00.00.000000000 AM','DD-MON-RR HH.MI.SS.FF AM'),null,'KE','8760 Mouse St.','Mankato',56001,'MN');
Insert into EMPLOYEE (EMP_ID,DEPT_ID,OFFICE_ID,ZOO_ID,EMP_FIRST_NAME,EMP_LAST_NAME,EMP_PHONE_NUMBER,EMP_SALARY,EMP_SOCIAL_SECURITY_NUMBER,EMP_HIRE_DATE,EMP_DEPARTURE_DATE,EMP_TYPE,EMP_ADDRESS,EMP_CITY,EMP_ZIP_CODE,EMP_STATE) values (4178,null,null,1002,'Andy','Quinn',5075554644,29350,555551497,to_timestamp('29-JAN-08 12.00.00.000000000 AM','DD-MON-RR HH.MI.SS.FF AM'),null,'GS','3440 Glass Ave.','Minneapolis',55199,'MN');
Insert into EMPLOYEE (EMP_ID,DEPT_ID,OFFICE_ID,ZOO_ID,EMP_FIRST_NAME,EMP_LAST_NAME,EMP_PHONE_NUMBER,EMP_SALARY,EMP_SOCIAL_SECURITY_NUMBER,EMP_HIRE_DATE,EMP_DEPARTURE_DATE,EMP_TYPE,EMP_ADDRESS,EMP_CITY,EMP_ZIP_CODE,EMP_STATE) values (4185,121,null,1000,'Todd','Erickson',6515554387,31000,555231540,to_timestamp('02-FEB-08 12.00.00.000000000 AM','DD-MON-RR HH.MI.SS.FF AM'),null,'GS','545 Main St.','St. Paul',55103,'MN');
Insert into EMPLOYEE (EMP_ID,DEPT_ID,OFFICE_ID,ZOO_ID,EMP_FIRST_NAME,EMP_LAST_NAME,EMP_PHONE_NUMBER,EMP_SALARY,EMP_SOCIAL_SECURITY_NUMBER,EMP_HIRE_DATE,EMP_DEPARTURE_DATE,EMP_TYPE,EMP_ADDRESS,EMP_CITY,EMP_ZIP_CODE,EMP_STATE) values (4192,115,307,1000,'Kyle','Frank',5075554689,64400,555521583,to_timestamp('15-FEB-08 12.00.00.000000000 AM','DD-MON-RR HH.MI.SS.FF AM'),null,'RE','340 Pope St.','Mankato',56001,'MN');
Insert into EMPLOYEE (EMP_ID,DEPT_ID,OFFICE_ID,ZOO_ID,EMP_FIRST_NAME,EMP_LAST_NAME,EMP_PHONE_NUMBER,EMP_SALARY,EMP_SOCIAL_SECURITY_NUMBER,EMP_HIRE_DATE,EMP_DEPARTURE_DATE,EMP_TYPE,EMP_ADDRESS,EMP_CITY,EMP_ZIP_CODE,EMP_STATE) values (4199,101,null,1001,'Alise','Halterman',6125550123,24750,555521626,to_timestamp('17-FEB-08 12.00.00.000000000 AM','DD-MON-RR HH.MI.SS.FF AM'),to_timestamp('05-SEP-08 12.00.00.000000000 AM','DD-MON-RR HH.MI.SS.FF AM'),'GS','8990 Ohio St.','St. Paul',55103,'MN');
Insert into EMPLOYEE (EMP_ID,DEPT_ID,OFFICE_ID,ZOO_ID,EMP_FIRST_NAME,EMP_LAST_NAME,EMP_PHONE_NUMBER,EMP_SALARY,EMP_SOCIAL_SECURITY_NUMBER,EMP_HIRE_DATE,EMP_DEPARTURE_DATE,EMP_TYPE,EMP_ADDRESS,EMP_CITY,EMP_ZIP_CODE,EMP_STATE) values (4206,114,null,1000,'Bret','Blakemore',6125558055,27300,555581669,to_timestamp('04-MAR-08 12.00.00.000000000 AM','DD-MON-RR HH.MI.SS.FF AM'),null,'GS','7606 Bailey St.','Cottage Grove',55016,'MN');
Insert into EMPLOYEE (EMP_ID,DEPT_ID,OFFICE_ID,ZOO_ID,EMP_FIRST_NAME,EMP_LAST_NAME,EMP_PHONE_NUMBER,EMP_SALARY,EMP_SOCIAL_SECURITY_NUMBER,EMP_HIRE_DATE,EMP_DEPARTURE_DATE,EMP_TYPE,EMP_ADDRESS,EMP_CITY,EMP_ZIP_CODE,EMP_STATE) values (4213,115,108,1000,'Patrick','Havlat',5075553554,95000,555651712,to_timestamp('07-MAR-08 12.00.00.000000000 AM','DD-MON-RR HH.MI.SS.FF AM'),null,'RE','458 Obbler Ave.','Mankato',56001,'MN');
Insert into EMPLOYEE (EMP_ID,DEPT_ID,OFFICE_ID,ZOO_ID,EMP_FIRST_NAME,EMP_LAST_NAME,EMP_PHONE_NUMBER,EMP_SALARY,EMP_SOCIAL_SECURITY_NUMBER,EMP_HIRE_DATE,EMP_DEPARTURE_DATE,EMP_TYPE,EMP_ADDRESS,EMP_CITY,EMP_ZIP_CODE,EMP_STATE) values (4220,null,null,1000,'Nicole','Secor',5075557905,17550,555751755,to_timestamp('20-MAR-08 12.00.00.000000000 AM','DD-MON-RR HH.MI.SS.FF AM'),to_timestamp('02-JUL-08 12.00.00.000000000 AM','DD-MON-RR HH.MI.SS.FF AM'),'MA','5500 Meep Ave.','St. Paul',55103,'MN');
Insert into EMPLOYEE (EMP_ID,DEPT_ID,OFFICE_ID,ZOO_ID,EMP_FIRST_NAME,EMP_LAST_NAME,EMP_PHONE_NUMBER,EMP_SALARY,EMP_SOCIAL_SECURITY_NUMBER,EMP_HIRE_DATE,EMP_DEPARTURE_DATE,EMP_TYPE,EMP_ADDRESS,EMP_CITY,EMP_ZIP_CODE,EMP_STATE) values (4227,113,null,1002,'Casey','Leeter',5075553710,45200,555551798,to_timestamp('25-MAR-08 12.00.00.000000000 AM','DD-MON-RR HH.MI.SS.FF AM'),null,'KE','1221 Woodlane Rd.','Maplewood',55109,'MN');
Insert into EMPLOYEE (EMP_ID,DEPT_ID,OFFICE_ID,ZOO_ID,EMP_FIRST_NAME,EMP_LAST_NAME,EMP_PHONE_NUMBER,EMP_SALARY,EMP_SOCIAL_SECURITY_NUMBER,EMP_HIRE_DATE,EMP_DEPARTURE_DATE,EMP_TYPE,EMP_ADDRESS,EMP_CITY,EMP_ZIP_CODE,EMP_STATE) values (4234,null,null,1000,'Abigail','Arnold',5075550045,32000,555641841,to_timestamp('20-APR-08 12.00.00.000000000 AM','DD-MON-RR HH.MI.SS.FF AM'),null,'KE','1250 Madison Ave.','Mankato',56001,'MN');
Insert into EMPLOYEE (EMP_ID,DEPT_ID,OFFICE_ID,ZOO_ID,EMP_FIRST_NAME,EMP_LAST_NAME,EMP_PHONE_NUMBER,EMP_SALARY,EMP_SOCIAL_SECURITY_NUMBER,EMP_HIRE_DATE,EMP_DEPARTURE_DATE,EMP_TYPE,EMP_ADDRESS,EMP_CITY,EMP_ZIP_CODE,EMP_STATE) values (4241,null,null,1001,'William','Koivu',5075556960,27500,555551884,to_timestamp('27-APR-08 12.00.00.000000000 AM','DD-MON-RR HH.MI.SS.FF AM'),null,'GS','166 4th Ave. E.','St. Paul',55103,'MN');
Insert into EMPLOYEE (EMP_ID,DEPT_ID,OFFICE_ID,ZOO_ID,EMP_FIRST_NAME,EMP_LAST_NAME,EMP_PHONE_NUMBER,EMP_SALARY,EMP_SOCIAL_SECURITY_NUMBER,EMP_HIRE_DATE,EMP_DEPARTURE_DATE,EMP_TYPE,EMP_ADDRESS,EMP_CITY,EMP_ZIP_CODE,EMP_STATE) values (4248,116,null,1002,'Katie','Strong',6515553745,36550,555238077,to_timestamp('11-JUN-08 12.00.00.000000000 AM','DD-MON-RR HH.MI.SS.FF AM'),null,'KE','5530 Bittersweet St.','Minneapolis',55199,'MN');
Insert into EMPLOYEE (EMP_ID,DEPT_ID,OFFICE_ID,ZOO_ID,EMP_FIRST_NAME,EMP_LAST_NAME,EMP_PHONE_NUMBER,EMP_SALARY,EMP_SOCIAL_SECURITY_NUMBER,EMP_HIRE_DATE,EMP_DEPARTURE_DATE,EMP_TYPE,EMP_ADDRESS,EMP_CITY,EMP_ZIP_CODE,EMP_STATE) values (4255,121,null,1000,'Chad','Hindal',5075558505,18500,555548390,to_timestamp('16-JUN-08 12.00.00.000000000 AM','DD-MON-RR HH.MI.SS.FF AM'),to_timestamp('07-SEP-08 12.00.00.000000000 AM','DD-MON-RR HH.MI.SS.FF AM'),'GS','1500 Madison Ave.','Mankato',56001,'MN');
Insert into EMPLOYEE (EMP_ID,DEPT_ID,OFFICE_ID,ZOO_ID,EMP_FIRST_NAME,EMP_LAST_NAME,EMP_PHONE_NUMBER,EMP_SALARY,EMP_SOCIAL_SECURITY_NUMBER,EMP_HIRE_DATE,EMP_DEPARTURE_DATE,EMP_TYPE,EMP_ADDRESS,EMP_CITY,EMP_ZIP_CODE,EMP_STATE) values (4262,null,null,1001,'Jacob','Anderson',6125559902,45000,555558703,to_timestamp('04-JUL-08 12.00.00.000000000 AM','DD-MON-RR HH.MI.SS.FF AM'),null,'KE','788 7th Ave. E.','St. Paul',55103,'MN');
Insert into EMPLOYEE (EMP_ID,DEPT_ID,OFFICE_ID,ZOO_ID,EMP_FIRST_NAME,EMP_LAST_NAME,EMP_PHONE_NUMBER,EMP_SALARY,EMP_SOCIAL_SECURITY_NUMBER,EMP_HIRE_DATE,EMP_DEPARTURE_DATE,EMP_TYPE,EMP_ADDRESS,EMP_CITY,EMP_ZIP_CODE,EMP_STATE) values (4269,118,null,1000,'Mike','Lidberg',5075556472,38000,555559016,to_timestamp('14-AUG-08 12.00.00.000000000 AM','DD-MON-RR HH.MI.SS.FF AM'),null,'GS','560 2nd Ave. E.','St. Paul',55103,'MN');
Insert into EMPLOYEE (EMP_ID,DEPT_ID,OFFICE_ID,ZOO_ID,EMP_FIRST_NAME,EMP_LAST_NAME,EMP_PHONE_NUMBER,EMP_SALARY,EMP_SOCIAL_SECURITY_NUMBER,EMP_HIRE_DATE,EMP_DEPARTURE_DATE,EMP_TYPE,EMP_ADDRESS,EMP_CITY,EMP_ZIP_CODE,EMP_STATE) values (4276,116,213,1002,'Amanda','Grohl',5075553405,52000,555232099,to_timestamp('14-AUG-08 12.00.00.000000000 AM','DD-MON-RR HH.MI.SS.FF AM'),null,'KE','920 Madison Ave.','Mankato',56001,'MN');
Insert into EMPLOYEE (EMP_ID,DEPT_ID,OFFICE_ID,ZOO_ID,EMP_FIRST_NAME,EMP_LAST_NAME,EMP_PHONE_NUMBER,EMP_SALARY,EMP_SOCIAL_SECURITY_NUMBER,EMP_HIRE_DATE,EMP_DEPARTURE_DATE,EMP_TYPE,EMP_ADDRESS,EMP_CITY,EMP_ZIP_CODE,EMP_STATE) values (4283,null,null,1000,'Alysa','Hornvquist',5075550721,42650,555552142,to_timestamp('08-SEP-08 12.00.00.000000000 AM','DD-MON-RR HH.MI.SS.FF AM'),null,'KE','7823 Moob St.','Cottage Grove',55016,'MN');
Insert into EMPLOYEE (EMP_ID,DEPT_ID,OFFICE_ID,ZOO_ID,EMP_FIRST_NAME,EMP_LAST_NAME,EMP_PHONE_NUMBER,EMP_SALARY,EMP_SOCIAL_SECURITY_NUMBER,EMP_HIRE_DATE,EMP_DEPARTURE_DATE,EMP_TYPE,EMP_ADDRESS,EMP_CITY,EMP_ZIP_CODE,EMP_STATE) values (4290,105,null,1002,'Michael','Brown',4275555723,36400,555322736,to_timestamp('23-JAN-07 12.00.00.000000000 AM','DD-MON-RR HH.MI.SS.FF AM'),to_timestamp('25-SEP-08 12.00.00.000000000 AM','DD-MON-RR HH.MI.SS.FF AM'),null,'6243 3rd St.','Edina',55343,'MN');
Insert into EMPLOYEE (EMP_ID,DEPT_ID,OFFICE_ID,ZOO_ID,EMP_FIRST_NAME,EMP_LAST_NAME,EMP_PHONE_NUMBER,EMP_SALARY,EMP_SOCIAL_SECURITY_NUMBER,EMP_HIRE_DATE,EMP_DEPARTURE_DATE,EMP_TYPE,EMP_ADDRESS,EMP_CITY,EMP_ZIP_CODE,EMP_STATE) values (4297,122,null,1001,'Mikko','Harding',7625554231,45000,555832865,to_timestamp('23-JAN-07 12.00.00.000000000 AM','DD-MON-RR HH.MI.SS.FF AM'),null,null,'8422 Woodlawn Ave.','Mendota',55150,'MN');
Insert into EMPLOYEE (EMP_ID,DEPT_ID,OFFICE_ID,ZOO_ID,EMP_FIRST_NAME,EMP_LAST_NAME,EMP_PHONE_NUMBER,EMP_SALARY,EMP_SOCIAL_SECURITY_NUMBER,EMP_HIRE_DATE,EMP_DEPARTURE_DATE,EMP_TYPE,EMP_ADDRESS,EMP_CITY,EMP_ZIP_CODE,EMP_STATE) values (4304,109,null,1000,'Josh','Moore',8245553511,45500,555342957,to_timestamp('27-JAN-07 12.00.00.000000000 AM','DD-MON-RR HH.MI.SS.FF AM'),null,'KE','998 Second St.','Cottage Grove',56001,'MN');
Insert into EMPLOYEE (EMP_ID,DEPT_ID,OFFICE_ID,ZOO_ID,EMP_FIRST_NAME,EMP_LAST_NAME,EMP_PHONE_NUMBER,EMP_SALARY,EMP_SOCIAL_SECURITY_NUMBER,EMP_HIRE_DATE,EMP_DEPARTURE_DATE,EMP_TYPE,EMP_ADDRESS,EMP_CITY,EMP_ZIP_CODE,EMP_STATE) values (4311,106,null,1001,'Ashley','Solis',8245557724,25450,555426387,to_timestamp('14-FEB-07 12.00.00.000000000 AM','DD-MON-RR HH.MI.SS.FF AM'),null,'MA','2250 Post St.','Bloomington',55425,'MN');
Insert into EMPLOYEE (EMP_ID,DEPT_ID,OFFICE_ID,ZOO_ID,EMP_FIRST_NAME,EMP_LAST_NAME,EMP_PHONE_NUMBER,EMP_SALARY,EMP_SOCIAL_SECURITY_NUMBER,EMP_HIRE_DATE,EMP_DEPARTURE_DATE,EMP_TYPE,EMP_ADDRESS,EMP_CITY,EMP_ZIP_CODE,EMP_STATE) values (4318,106,null,1001,'Chad','Sheppard',8745553131,26000,555711764,to_timestamp('15-FEB-07 12.00.00.000000000 AM','DD-MON-RR HH.MI.SS.FF AM'),null,'MA','122 Main St.','Bloomington',55425,'MN');
Insert into EMPLOYEE (EMP_ID,DEPT_ID,OFFICE_ID,ZOO_ID,EMP_FIRST_NAME,EMP_LAST_NAME,EMP_PHONE_NUMBER,EMP_SALARY,EMP_SOCIAL_SECURITY_NUMBER,EMP_HIRE_DATE,EMP_DEPARTURE_DATE,EMP_TYPE,EMP_ADDRESS,EMP_CITY,EMP_ZIP_CODE,EMP_STATE) values (4325,104,null,1000,'Kate','Austin',2355553613,31200,555128623,to_timestamp('17-FEB-07 12.00.00.000000000 AM','DD-MON-RR HH.MI.SS.FF AM'),null,'GS','650 1st St.','Edina',55343,'MN');
Insert into EMPLOYEE (EMP_ID,DEPT_ID,OFFICE_ID,ZOO_ID,EMP_FIRST_NAME,EMP_LAST_NAME,EMP_PHONE_NUMBER,EMP_SALARY,EMP_SOCIAL_SECURITY_NUMBER,EMP_HIRE_DATE,EMP_DEPARTURE_DATE,EMP_TYPE,EMP_ADDRESS,EMP_CITY,EMP_ZIP_CODE,EMP_STATE) values (4332,null,null,1000,'Amanda','Mueller',4865551243,30500,555229134,to_timestamp('25-FEB-07 12.00.00.000000000 AM','DD-MON-RR HH.MI.SS.FF AM'),to_timestamp('01-JUN-08 12.00.00.000000000 AM','DD-MON-RR HH.MI.SS.FF AM'),'MA','7250 Hamlet Ave.','Apple Valley',55124,'MN');
Insert into EMPLOYEE (EMP_ID,DEPT_ID,OFFICE_ID,ZOO_ID,EMP_FIRST_NAME,EMP_LAST_NAME,EMP_PHONE_NUMBER,EMP_SALARY,EMP_SOCIAL_SECURITY_NUMBER,EMP_HIRE_DATE,EMP_DEPARTURE_DATE,EMP_TYPE,EMP_ADDRESS,EMP_CITY,EMP_ZIP_CODE,EMP_STATE) values (4339,119,220,1002,'Char','Schroeder',4865551245,42150,555322737,to_timestamp('05-MAR-07 12.00.00.000000000 AM','DD-MON-RR HH.MI.SS.FF AM'),null,'GS','6214 Maple St.','St. Paul',55103,'MN');
Insert into EMPLOYEE (EMP_ID,DEPT_ID,OFFICE_ID,ZOO_ID,EMP_FIRST_NAME,EMP_LAST_NAME,EMP_PHONE_NUMBER,EMP_SALARY,EMP_SOCIAL_SECURITY_NUMBER,EMP_HIRE_DATE,EMP_DEPARTURE_DATE,EMP_TYPE,EMP_ADDRESS,EMP_CITY,EMP_ZIP_CODE,EMP_STATE) values (4346,null,null,1000,'Ellie','Frost',3425556275,27700,555832866,to_timestamp('05-MAR-07 12.00.00.000000000 AM','DD-MON-RR HH.MI.SS.FF AM'),null,null,'314 Harmony Ct.','St. Paul',55103,'MN');
Insert into EMPLOYEE (EMP_ID,DEPT_ID,OFFICE_ID,ZOO_ID,EMP_FIRST_NAME,EMP_LAST_NAME,EMP_PHONE_NUMBER,EMP_SALARY,EMP_SOCIAL_SECURITY_NUMBER,EMP_HIRE_DATE,EMP_DEPARTURE_DATE,EMP_TYPE,EMP_ADDRESS,EMP_CITY,EMP_ZIP_CODE,EMP_STATE) values (4353,111,null,1001,'Daniel','Faraday',4865555784,38000,555342958,to_timestamp('06-MAR-07 12.00.00.000000000 AM','DD-MON-RR HH.MI.SS.FF AM'),null,'KE','6423 View St.','Minneapolis',55199,'MN');
Insert into EMPLOYEE (EMP_ID,DEPT_ID,OFFICE_ID,ZOO_ID,EMP_FIRST_NAME,EMP_LAST_NAME,EMP_PHONE_NUMBER,EMP_SALARY,EMP_SOCIAL_SECURITY_NUMBER,EMP_HIRE_DATE,EMP_DEPARTURE_DATE,EMP_TYPE,EMP_ADDRESS,EMP_CITY,EMP_ZIP_CODE,EMP_STATE) values (4360,112,217,1001,'Andrew','Brunette',7705551353,64000,555426388,to_timestamp('20-APR-07 12.00.00.000000000 AM','DD-MON-RR HH.MI.SS.FF AM'),null,'RE','513 Second St.','Bloomington',55425,'MN');
Insert into EMPLOYEE (EMP_ID,DEPT_ID,OFFICE_ID,ZOO_ID,EMP_FIRST_NAME,EMP_LAST_NAME,EMP_PHONE_NUMBER,EMP_SALARY,EMP_SOCIAL_SECURITY_NUMBER,EMP_HIRE_DATE,EMP_DEPARTURE_DATE,EMP_TYPE,EMP_ADDRESS,EMP_CITY,EMP_ZIP_CODE,EMP_STATE) values (4367,117,null,1002,'Gabrielle','Poole',3425558856,46500,555711765,to_timestamp('02-MAY-07 12.00.00.000000000 AM','DD-MON-RR HH.MI.SS.FF AM'),null,'KE','2624 Washington Ave.','Apple Valley',55124,'MN');
Insert into EMPLOYEE (EMP_ID,DEPT_ID,OFFICE_ID,ZOO_ID,EMP_FIRST_NAME,EMP_LAST_NAME,EMP_PHONE_NUMBER,EMP_SALARY,EMP_SOCIAL_SECURITY_NUMBER,EMP_HIRE_DATE,EMP_DEPARTURE_DATE,EMP_TYPE,EMP_ADDRESS,EMP_CITY,EMP_ZIP_CODE,EMP_STATE) values (4374,null,null,1000,'Jesse','Bass',7705559776,19350,555128624,to_timestamp('05-MAY-07 12.00.00.000000000 AM','DD-MON-RR HH.MI.SS.FF AM'),to_timestamp('13-NOV-07 12.00.00.000000000 AM','DD-MON-RR HH.MI.SS.FF AM'),'MA','123 Hill St.','Mendota',55150,'MN');
Insert into EMPLOYEE (EMP_ID,DEPT_ID,OFFICE_ID,ZOO_ID,EMP_FIRST_NAME,EMP_LAST_NAME,EMP_PHONE_NUMBER,EMP_SALARY,EMP_SOCIAL_SECURITY_NUMBER,EMP_HIRE_DATE,EMP_DEPARTURE_DATE,EMP_TYPE,EMP_ADDRESS,EMP_CITY,EMP_ZIP_CODE,EMP_STATE) values (4381,106,203,1001,'Kim','Marsh',7705558314,37000,555229135,to_timestamp('17-MAY-07 12.00.00.000000000 AM','DD-MON-RR HH.MI.SS.FF AM'),null,'MA','8788 Park Ave.','Cottage Grove',55016,'MN');
Insert into EMPLOYEE (EMP_ID,DEPT_ID,OFFICE_ID,ZOO_ID,EMP_FIRST_NAME,EMP_LAST_NAME,EMP_PHONE_NUMBER,EMP_SALARY,EMP_SOCIAL_SECURITY_NUMBER,EMP_HIRE_DATE,EMP_DEPARTURE_DATE,EMP_TYPE,EMP_ADDRESS,EMP_CITY,EMP_ZIP_CODE,EMP_STATE) values (4388,111,null,1001,'Kasey','Anderson',4865557211,39500,555322738,to_timestamp('02-JUN-07 12.00.00.000000000 AM','DD-MON-RR HH.MI.SS.FF AM'),to_timestamp('20-JAN-08 12.00.00.000000000 AM','DD-MON-RR HH.MI.SS.FF AM'),'KE','624 5th St.','Apple Valley',55124,'MN');
Insert into EMPLOYEE (EMP_ID,DEPT_ID,OFFICE_ID,ZOO_ID,EMP_FIRST_NAME,EMP_LAST_NAME,EMP_PHONE_NUMBER,EMP_SALARY,EMP_SOCIAL_SECURITY_NUMBER,EMP_HIRE_DATE,EMP_DEPARTURE_DATE,EMP_TYPE,EMP_ADDRESS,EMP_CITY,EMP_ZIP_CODE,EMP_STATE) values (4395,101,null,1001,'Tiffany','Jackson',4865551135,25450,555832867,to_timestamp('10-JUN-07 12.00.00.000000000 AM','DD-MON-RR HH.MI.SS.FF AM'),null,'GS','7421 60th St.','Apple Valley',55124,'MN');
Insert into EMPLOYEE (EMP_ID,DEPT_ID,OFFICE_ID,ZOO_ID,EMP_FIRST_NAME,EMP_LAST_NAME,EMP_PHONE_NUMBER,EMP_SALARY,EMP_SOCIAL_SECURITY_NUMBER,EMP_HIRE_DATE,EMP_DEPARTURE_DATE,EMP_TYPE,EMP_ADDRESS,EMP_CITY,EMP_ZIP_CODE,EMP_STATE) values (4402,115,304,1000,'Shelby','White',6265552174,82400,555342959,to_timestamp('21-JUN-07 12.00.00.000000000 AM','DD-MON-RR HH.MI.SS.FF AM'),null,'RE','3452 2nd St.','Edina',55343,'MN');
Insert into EMPLOYEE (EMP_ID,DEPT_ID,OFFICE_ID,ZOO_ID,EMP_FIRST_NAME,EMP_LAST_NAME,EMP_PHONE_NUMBER,EMP_SALARY,EMP_SOCIAL_SECURITY_NUMBER,EMP_HIRE_DATE,EMP_DEPARTURE_DATE,EMP_TYPE,EMP_ADDRESS,EMP_CITY,EMP_ZIP_CODE,EMP_STATE) values (4409,107,null,1002,'Michelle','Lewis',3425557233,43600,555426389,to_timestamp('11-JUL-07 12.00.00.000000000 AM','DD-MON-RR HH.MI.SS.FF AM'),null,'KE','1243 Elm St.','St. Paul',55103,'MN');
Insert into EMPLOYEE (EMP_ID,DEPT_ID,OFFICE_ID,ZOO_ID,EMP_FIRST_NAME,EMP_LAST_NAME,EMP_PHONE_NUMBER,EMP_SALARY,EMP_SOCIAL_SECURITY_NUMBER,EMP_HIRE_DATE,EMP_DEPARTURE_DATE,EMP_TYPE,EMP_ADDRESS,EMP_CITY,EMP_ZIP_CODE,EMP_STATE) values (4416,null,null,1002,'James','Ford',3425551221,25800,555711766,to_timestamp('18-JUL-07 12.00.00.000000000 AM','DD-MON-RR HH.MI.SS.FF AM'),null,'MA','8563 Harkness Ave.','Minneapolis',55199,'MN');
Insert into EMPLOYEE (EMP_ID,DEPT_ID,OFFICE_ID,ZOO_ID,EMP_FIRST_NAME,EMP_LAST_NAME,EMP_PHONE_NUMBER,EMP_SALARY,EMP_SOCIAL_SECURITY_NUMBER,EMP_HIRE_DATE,EMP_DEPARTURE_DATE,EMP_TYPE,EMP_ADDRESS,EMP_CITY,EMP_ZIP_CODE,EMP_STATE) values (4423,119,null,1002,'Austin','Wright',2245557780,29300,555128625,to_timestamp('17-SEP-07 12.00.00.000000000 AM','DD-MON-RR HH.MI.SS.FF AM'),null,'GS','7891 Copper St.','St. Paul',55103,'MN');
Insert into EMPLOYEE (EMP_ID,DEPT_ID,OFFICE_ID,ZOO_ID,EMP_FIRST_NAME,EMP_LAST_NAME,EMP_PHONE_NUMBER,EMP_SALARY,EMP_SOCIAL_SECURITY_NUMBER,EMP_HIRE_DATE,EMP_DEPARTURE_DATE,EMP_TYPE,EMP_ADDRESS,EMP_CITY,EMP_ZIP_CODE,EMP_STATE) values (4430,122,null,1001,'Ryan','Gill',4345554574,31560,555229136,to_timestamp('17-SEP-07 12.00.00.000000000 AM','DD-MON-RR HH.MI.SS.FF AM'),null,null,'6742 Maple St.','Bloomington',55425,'MN');
Insert into EMPLOYEE (EMP_ID,DEPT_ID,OFFICE_ID,ZOO_ID,EMP_FIRST_NAME,EMP_LAST_NAME,EMP_PHONE_NUMBER,EMP_SALARY,EMP_SOCIAL_SECURITY_NUMBER,EMP_HIRE_DATE,EMP_DEPARTURE_DATE,EMP_TYPE,EMP_ADDRESS,EMP_CITY,EMP_ZIP_CODE,EMP_STATE) values (4437,119,null,1002,'Matthew','Adams',6265553752,34350,555322739,to_timestamp('15-OCT-07 12.00.00.000000000 AM','DD-MON-RR HH.MI.SS.FF AM'),null,'GS','534 7th St.','Apple Valley',55124,'MN');
Insert into EMPLOYEE (EMP_ID,DEPT_ID,OFFICE_ID,ZOO_ID,EMP_FIRST_NAME,EMP_LAST_NAME,EMP_PHONE_NUMBER,EMP_SALARY,EMP_SOCIAL_SECURITY_NUMBER,EMP_HIRE_DATE,EMP_DEPARTURE_DATE,EMP_TYPE,EMP_ADDRESS,EMP_CITY,EMP_ZIP_CODE,EMP_STATE) values (4444,122,null,1001,'Sarah','Reese',4345557234,26000,555832868,to_timestamp('18-OCT-07 12.00.00.000000000 AM','DD-MON-RR HH.MI.SS.FF AM'),null,null,'723 4th St.','Cottage Grove',55016,'MN');
Insert into EMPLOYEE (EMP_ID,DEPT_ID,OFFICE_ID,ZOO_ID,EMP_FIRST_NAME,EMP_LAST_NAME,EMP_PHONE_NUMBER,EMP_SALARY,EMP_SOCIAL_SECURITY_NUMBER,EMP_HIRE_DATE,EMP_DEPARTURE_DATE,EMP_TYPE,EMP_ADDRESS,EMP_CITY,EMP_ZIP_CODE,EMP_STATE) values (4451,114,null,1000,'Saundra','Martinez',3425559906,26800,555342960,to_timestamp('01-NOV-07 12.00.00.000000000 AM','DD-MON-RR HH.MI.SS.FF AM'),to_timestamp('25-JUN-08 12.00.00.000000000 AM','DD-MON-RR HH.MI.SS.FF AM'),'GS','6213 Oak St.','St. Paul',55103,'MN');
Insert into EMPLOYEE (EMP_ID,DEPT_ID,OFFICE_ID,ZOO_ID,EMP_FIRST_NAME,EMP_LAST_NAME,EMP_PHONE_NUMBER,EMP_SALARY,EMP_SOCIAL_SECURITY_NUMBER,EMP_HIRE_DATE,EMP_DEPARTURE_DATE,EMP_TYPE,EMP_ADDRESS,EMP_CITY,EMP_ZIP_CODE,EMP_STATE) values (4458,null,null,1002,'John','Locke',6265554761,23100,555426390,to_timestamp('05-NOV-07 12.00.00.000000000 AM','DD-MON-RR HH.MI.SS.FF AM'),null,'MA','764 Hill St.','Apple Valley',55124,'MN');
Insert into EMPLOYEE (EMP_ID,DEPT_ID,OFFICE_ID,ZOO_ID,EMP_FIRST_NAME,EMP_LAST_NAME,EMP_PHONE_NUMBER,EMP_SALARY,EMP_SOCIAL_SECURITY_NUMBER,EMP_HIRE_DATE,EMP_DEPARTURE_DATE,EMP_TYPE,EMP_ADDRESS,EMP_CITY,EMP_ZIP_CODE,EMP_STATE) values (4465,106,null,1001,'Brianna','Garcia',4865557234,20500,555711767,to_timestamp('20-NOV-07 12.00.00.000000000 AM','DD-MON-RR HH.MI.SS.FF AM'),null,'MA','664 6th St.','Bloomington',55425,'MN');
Insert into EMPLOYEE (EMP_ID,DEPT_ID,OFFICE_ID,ZOO_ID,EMP_FIRST_NAME,EMP_LAST_NAME,EMP_PHONE_NUMBER,EMP_SALARY,EMP_SOCIAL_SECURITY_NUMBER,EMP_HIRE_DATE,EMP_DEPARTURE_DATE,EMP_TYPE,EMP_ADDRESS,EMP_CITY,EMP_ZIP_CODE,EMP_STATE) values (4472,null,null,1001,'Cameron','Thompson',7705553513,37500,555128626,to_timestamp('02-DEC-07 12.00.00.000000000 AM','DD-MON-RR HH.MI.SS.FF AM'),null,'KE','8512 Grave St.','St. Paul',55103,'MN');
Insert into EMPLOYEE (EMP_ID,DEPT_ID,OFFICE_ID,ZOO_ID,EMP_FIRST_NAME,EMP_LAST_NAME,EMP_PHONE_NUMBER,EMP_SALARY,EMP_SOCIAL_SECURITY_NUMBER,EMP_HIRE_DATE,EMP_DEPARTURE_DATE,EMP_TYPE,EMP_ADDRESS,EMP_CITY,EMP_ZIP_CODE,EMP_STATE) values (4479,101,null,1001,'Carry','Peck',4345557372,31250,555229137,to_timestamp('15-JAN-08 12.00.00.000000000 AM','DD-MON-RR HH.MI.SS.FF AM'),null,'GS','2755 Smithville St.','Bloomington',55425,'MN');
Insert into EMPLOYEE (EMP_ID,DEPT_ID,OFFICE_ID,ZOO_ID,EMP_FIRST_NAME,EMP_LAST_NAME,EMP_PHONE_NUMBER,EMP_SALARY,EMP_SOCIAL_SECURITY_NUMBER,EMP_HIRE_DATE,EMP_DEPARTURE_DATE,EMP_TYPE,EMP_ADDRESS,EMP_CITY,EMP_ZIP_CODE,EMP_STATE) values (4486,110,null,1002,'Katherine','Key',7705553621,45700,555322740,to_timestamp('18-JAN-08 12.00.00.000000000 AM','DD-MON-RR HH.MI.SS.FF AM'),null,'KE','533 Kennedy St.','St. Paul',55103,'MN');
Insert into EMPLOYEE (EMP_ID,DEPT_ID,OFFICE_ID,ZOO_ID,EMP_FIRST_NAME,EMP_LAST_NAME,EMP_PHONE_NUMBER,EMP_SALARY,EMP_SOCIAL_SECURITY_NUMBER,EMP_HIRE_DATE,EMP_DEPARTURE_DATE,EMP_TYPE,EMP_ADDRESS,EMP_CITY,EMP_ZIP_CODE,EMP_STATE) values (4493,115,218,1000,'Cole','Young',4865558312,62000,555832869,to_timestamp('29-JAN-08 12.00.00.000000000 AM','DD-MON-RR HH.MI.SS.FF AM'),null,'RE','7231 Forest St.','Apple Valley',55124,'MN');
Insert into EMPLOYEE (EMP_ID,DEPT_ID,OFFICE_ID,ZOO_ID,EMP_FIRST_NAME,EMP_LAST_NAME,EMP_PHONE_NUMBER,EMP_SALARY,EMP_SOCIAL_SECURITY_NUMBER,EMP_HIRE_DATE,EMP_DEPARTURE_DATE,EMP_TYPE,EMP_ADDRESS,EMP_CITY,EMP_ZIP_CODE,EMP_STATE) values (4500,109,null,1000,'Kirk','Scott',3425553389,39000,555342961,to_timestamp('07-FEB-08 12.00.00.000000000 AM','DD-MON-RR HH.MI.SS.FF AM'),null,'KE','7544 State St.','Bloomington',55425,'MN');
Insert into EMPLOYEE (EMP_ID,DEPT_ID,OFFICE_ID,ZOO_ID,EMP_FIRST_NAME,EMP_LAST_NAME,EMP_PHONE_NUMBER,EMP_SALARY,EMP_SOCIAL_SECURITY_NUMBER,EMP_HIRE_DATE,EMP_DEPARTURE_DATE,EMP_TYPE,EMP_ADDRESS,EMP_CITY,EMP_ZIP_CODE,EMP_STATE) values (4507,108,null,1002,'Kyle','Greene',4345554572,34500,555426391,to_timestamp('11-FEB-08 12.00.00.000000000 AM','DD-MON-RR HH.MI.SS.FF AM'),null,'KE','1712 Laurel Ave.','Minneapolis',55199,'MN');
Insert into EMPLOYEE (EMP_ID,DEPT_ID,OFFICE_ID,ZOO_ID,EMP_FIRST_NAME,EMP_LAST_NAME,EMP_PHONE_NUMBER,EMP_SALARY,EMP_SOCIAL_SECURITY_NUMBER,EMP_HIRE_DATE,EMP_DEPARTURE_DATE,EMP_TYPE,EMP_ADDRESS,EMP_CITY,EMP_ZIP_CODE,EMP_STATE) values (4514,106,null,1001,'Rachel','McCarty',3425550879,25000,555711768,to_timestamp('18-FEB-08 12.00.00.000000000 AM','DD-MON-RR HH.MI.SS.FF AM'),null,'MA','8243 Woodlane Dr.','Cottage Grove',55016,'MN');
Insert into EMPLOYEE (EMP_ID,DEPT_ID,OFFICE_ID,ZOO_ID,EMP_FIRST_NAME,EMP_LAST_NAME,EMP_PHONE_NUMBER,EMP_SALARY,EMP_SOCIAL_SECURITY_NUMBER,EMP_HIRE_DATE,EMP_DEPARTURE_DATE,EMP_TYPE,EMP_ADDRESS,EMP_CITY,EMP_ZIP_CODE,EMP_STATE) values (4521,null,null,1002,'Rebecca','Ewing',6265551227,31200,555128627,to_timestamp('29-MAR-08 12.00.00.000000000 AM','DD-MON-RR HH.MI.SS.FF AM'),to_timestamp('05-JUL-08 12.00.00.000000000 AM','DD-MON-RR HH.MI.SS.FF AM'),'GS','2922 Birch St.','St. Paul',55103,'MN');
Insert into EMPLOYEE (EMP_ID,DEPT_ID,OFFICE_ID,ZOO_ID,EMP_FIRST_NAME,EMP_LAST_NAME,EMP_PHONE_NUMBER,EMP_SALARY,EMP_SOCIAL_SECURITY_NUMBER,EMP_HIRE_DATE,EMP_DEPARTURE_DATE,EMP_TYPE,EMP_ADDRESS,EMP_CITY,EMP_ZIP_CODE,EMP_STATE) values (4528,null,null,1002,'Ben','Carter',2245554522,44500,555229138,to_timestamp('03-APR-08 12.00.00.000000000 AM','DD-MON-RR HH.MI.SS.FF AM'),null,null,'9021 Beech St.','Apple Valley',55124,'MN');
Insert into EMPLOYEE (EMP_ID,DEPT_ID,OFFICE_ID,ZOO_ID,EMP_FIRST_NAME,EMP_LAST_NAME,EMP_PHONE_NUMBER,EMP_SALARY,EMP_SOCIAL_SECURITY_NUMBER,EMP_HIRE_DATE,EMP_DEPARTURE_DATE,EMP_TYPE,EMP_ADDRESS,EMP_CITY,EMP_ZIP_CODE,EMP_STATE) values (4535,null,315,1000,'Becca','Turner',4865556213,53000,555322741,to_timestamp('09-APR-08 12.00.00.000000000 AM','DD-MON-RR HH.MI.SS.FF AM'),null,'KE','1200 Lincoln Ave.','St. Paul',55103,'MN');
Insert into EMPLOYEE (EMP_ID,DEPT_ID,OFFICE_ID,ZOO_ID,EMP_FIRST_NAME,EMP_LAST_NAME,EMP_PHONE_NUMBER,EMP_SALARY,EMP_SOCIAL_SECURITY_NUMBER,EMP_HIRE_DATE,EMP_DEPARTURE_DATE,EMP_TYPE,EMP_ADDRESS,EMP_CITY,EMP_ZIP_CODE,EMP_STATE) values (4542,null,null,1000,'Kate','Phillips',4865558354,39000,555832870,to_timestamp('09-APR-08 12.00.00.000000000 AM','DD-MON-RR HH.MI.SS.FF AM'),null,'KE','554 Poplar Ave.','Minneapolis',55199,'MN');
Insert into EMPLOYEE (EMP_ID,DEPT_ID,OFFICE_ID,ZOO_ID,EMP_FIRST_NAME,EMP_LAST_NAME,EMP_PHONE_NUMBER,EMP_SALARY,EMP_SOCIAL_SECURITY_NUMBER,EMP_HIRE_DATE,EMP_DEPARTURE_DATE,EMP_TYPE,EMP_ADDRESS,EMP_CITY,EMP_ZIP_CODE,EMP_STATE) values (4549,110,null,1002,'Blake','Campbell',3425550856,27500,555342962,to_timestamp('17-APR-08 12.00.00.000000000 AM','DD-MON-RR HH.MI.SS.FF AM'),null,'KE','1220 Walnut St.','Bloomington',55425,'MN');
Insert into EMPLOYEE (EMP_ID,DEPT_ID,OFFICE_ID,ZOO_ID,EMP_FIRST_NAME,EMP_LAST_NAME,EMP_PHONE_NUMBER,EMP_SALARY,EMP_SOCIAL_SECURITY_NUMBER,EMP_HIRE_DATE,EMP_DEPARTURE_DATE,EMP_TYPE,EMP_ADDRESS,EMP_CITY,EMP_ZIP_CODE,EMP_STATE) values (4556,121,null,1000,'Seth','Alexander',9125557244,28600,555426392,to_timestamp('01-MAY-08 12.00.00.000000000 AM','DD-MON-RR HH.MI.SS.FF AM'),null,'GS','2093 Left Ln.','Edina',55343,'MN');
Insert into EMPLOYEE (EMP_ID,DEPT_ID,OFFICE_ID,ZOO_ID,EMP_FIRST_NAME,EMP_LAST_NAME,EMP_PHONE_NUMBER,EMP_SALARY,EMP_SOCIAL_SECURITY_NUMBER,EMP_HIRE_DATE,EMP_DEPARTURE_DATE,EMP_TYPE,EMP_ADDRESS,EMP_CITY,EMP_ZIP_CODE,EMP_STATE) values (4563,null,null,1002,'Trevor','Russell',4345558832,34000,555711769,to_timestamp('02-MAY-08 12.00.00.000000000 AM','DD-MON-RR HH.MI.SS.FF AM'),null,'MA','6123 Candy Cane Ln.','Apple Valley',55124,'MN');
Insert into EMPLOYEE (EMP_ID,DEPT_ID,OFFICE_ID,ZOO_ID,EMP_FIRST_NAME,EMP_LAST_NAME,EMP_PHONE_NUMBER,EMP_SALARY,EMP_SOCIAL_SECURITY_NUMBER,EMP_HIRE_DATE,EMP_DEPARTURE_DATE,EMP_TYPE,EMP_ADDRESS,EMP_CITY,EMP_ZIP_CODE,EMP_STATE) values (4570,111,null,1001,'Taylor','Flores',4865552724,41700,555128628,to_timestamp('08-MAY-08 12.00.00.000000000 AM','DD-MON-RR HH.MI.SS.FF AM'),null,'KE','1630 Old Possum St.','Bloomington',55425,'MN');
Insert into EMPLOYEE (EMP_ID,DEPT_ID,OFFICE_ID,ZOO_ID,EMP_FIRST_NAME,EMP_LAST_NAME,EMP_PHONE_NUMBER,EMP_SALARY,EMP_SOCIAL_SECURITY_NUMBER,EMP_HIRE_DATE,EMP_DEPARTURE_DATE,EMP_TYPE,EMP_ADDRESS,EMP_CITY,EMP_ZIP_CODE,EMP_STATE) values (4577,117,null,1002,'Ericka','Hughes',6265553275,44050,555229139,to_timestamp('14-MAY-08 12.00.00.000000000 AM','DD-MON-RR HH.MI.SS.FF AM'),null,'KE','6303 Garlic Rd.','St. Paul',55103,'MN');
Insert into EMPLOYEE (EMP_ID,DEPT_ID,OFFICE_ID,ZOO_ID,EMP_FIRST_NAME,EMP_LAST_NAME,EMP_PHONE_NUMBER,EMP_SALARY,EMP_SOCIAL_SECURITY_NUMBER,EMP_HIRE_DATE,EMP_DEPARTURE_DATE,EMP_TYPE,EMP_ADDRESS,EMP_CITY,EMP_ZIP_CODE,EMP_STATE) values (4584,null,null,1001,'Alex','Brooks',3425557220,25600,555322742,to_timestamp('25-MAY-08 12.00.00.000000000 AM','DD-MON-RR HH.MI.SS.FF AM'),to_timestamp('07-JAN-09 12.00.00.000000000 AM','DD-MON-RR HH.MI.SS.FF AM'),'GS','5032 Bishop St.','Apple Valley',55124,'MN');
Insert into EMPLOYEE (EMP_ID,DEPT_ID,OFFICE_ID,ZOO_ID,EMP_FIRST_NAME,EMP_LAST_NAME,EMP_PHONE_NUMBER,EMP_SALARY,EMP_SOCIAL_SECURITY_NUMBER,EMP_HIRE_DATE,EMP_DEPARTURE_DATE,EMP_TYPE,EMP_ADDRESS,EMP_CITY,EMP_ZIP_CODE,EMP_STATE) values (4591,106,null,1001,'Allison','Morgan',4345554778,29300,555832871,to_timestamp('01-JUN-08 12.00.00.000000000 AM','DD-MON-RR HH.MI.SS.FF AM'),null,'MA','643 Honeypot Ln.','Apple Valley',55124,'MN');
Insert into EMPLOYEE (EMP_ID,DEPT_ID,OFFICE_ID,ZOO_ID,EMP_FIRST_NAME,EMP_LAST_NAME,EMP_PHONE_NUMBER,EMP_SALARY,EMP_SOCIAL_SECURITY_NUMBER,EMP_HIRE_DATE,EMP_DEPARTURE_DATE,EMP_TYPE,EMP_ADDRESS,EMP_CITY,EMP_ZIP_CODE,EMP_STATE) values (4598,122,null,1001,'Kristine','Gray',4865557835,23700,555342963,to_timestamp('03-JUL-08 12.00.00.000000000 AM','DD-MON-RR HH.MI.SS.FF AM'),null,null,'204 1st St.','Minneapolis',55199,'MN');
Insert into EMPLOYEE (EMP_ID,DEPT_ID,OFFICE_ID,ZOO_ID,EMP_FIRST_NAME,EMP_LAST_NAME,EMP_PHONE_NUMBER,EMP_SALARY,EMP_SOCIAL_SECURITY_NUMBER,EMP_HIRE_DATE,EMP_DEPARTURE_DATE,EMP_TYPE,EMP_ADDRESS,EMP_CITY,EMP_ZIP_CODE,EMP_STATE) values (4605,null,null,1002,'Nancy','Bryant',2245556136,24500,555426393,to_timestamp('12-JUL-08 12.00.00.000000000 AM','DD-MON-RR HH.MI.SS.FF AM'),null,'MA','510 5th St.','Mendota',55150,'MN');
Insert into EMPLOYEE (EMP_ID,DEPT_ID,OFFICE_ID,ZOO_ID,EMP_FIRST_NAME,EMP_LAST_NAME,EMP_PHONE_NUMBER,EMP_SALARY,EMP_SOCIAL_SECURITY_NUMBER,EMP_HIRE_DATE,EMP_DEPARTURE_DATE,EMP_TYPE,EMP_ADDRESS,EMP_CITY,EMP_ZIP_CODE,EMP_STATE) values (4612,118,null,1000,'James','Gore',4865557234,30200,555711770,to_timestamp('15-JUL-08 12.00.00.000000000 AM','DD-MON-RR HH.MI.SS.FF AM'),null,'GS','621 Main St.','Bloomington',55425,'MN');
Insert into EMPLOYEE (EMP_ID,DEPT_ID,OFFICE_ID,ZOO_ID,EMP_FIRST_NAME,EMP_LAST_NAME,EMP_PHONE_NUMBER,EMP_SALARY,EMP_SOCIAL_SECURITY_NUMBER,EMP_HIRE_DATE,EMP_DEPARTURE_DATE,EMP_TYPE,EMP_ADDRESS,EMP_CITY,EMP_ZIP_CODE,EMP_STATE) values (4619,null,null,1000,'Hugo','Hurley',6265552208,27800,555128629,to_timestamp('23-JUL-08 12.00.00.000000000 AM','DD-MON-RR HH.MI.SS.FF AM'),null,'MA','7702 Bell Dr.','St. Paul',55103,'MN');
Insert into EMPLOYEE (EMP_ID,DEPT_ID,OFFICE_ID,ZOO_ID,EMP_FIRST_NAME,EMP_LAST_NAME,EMP_PHONE_NUMBER,EMP_SALARY,EMP_SOCIAL_SECURITY_NUMBER,EMP_HIRE_DATE,EMP_DEPARTURE_DATE,EMP_TYPE,EMP_ADDRESS,EMP_CITY,EMP_ZIP_CODE,EMP_STATE) values (4626,106,null,1001,'Donald','Lutz',4865558643,17500,555229140,to_timestamp('23-JUL-08 12.00.00.000000000 AM','DD-MON-RR HH.MI.SS.FF AM'),null,'MA','2094 Mountain Rd.','Bloomington',55425,'MN');
Insert into EMPLOYEE (EMP_ID,DEPT_ID,OFFICE_ID,ZOO_ID,EMP_FIRST_NAME,EMP_LAST_NAME,EMP_PHONE_NUMBER,EMP_SALARY,EMP_SOCIAL_SECURITY_NUMBER,EMP_HIRE_DATE,EMP_DEPARTURE_DATE,EMP_TYPE,EMP_ADDRESS,EMP_CITY,EMP_ZIP_CODE,EMP_STATE) values (4633,null,null,1001,'Paul','Moser',6265555586,25000,555322743,to_timestamp('03-AUG-08 12.00.00.000000000 AM','DD-MON-RR HH.MI.SS.FF AM'),null,'GS','9533 Silverton St.','Apple Valley',55124,'MN');
Insert into EMPLOYEE (EMP_ID,DEPT_ID,OFFICE_ID,ZOO_ID,EMP_FIRST_NAME,EMP_LAST_NAME,EMP_PHONE_NUMBER,EMP_SALARY,EMP_SOCIAL_SECURITY_NUMBER,EMP_HIRE_DATE,EMP_DEPARTURE_DATE,EMP_TYPE,EMP_ADDRESS,EMP_CITY,EMP_ZIP_CODE,EMP_STATE) values (4640,null,null,1001,'Ralph','Meeks',9125558243,37000,555832872,to_timestamp('03-AUG-08 12.00.00.000000000 AM','DD-MON-RR HH.MI.SS.FF AM'),to_timestamp('03-JAN-09 12.00.00.000000000 AM','DD-MON-RR HH.MI.SS.FF AM'),'GS','221 6th St.','Minneapolis',55199,'MN');
Insert into EMPLOYEE (EMP_ID,DEPT_ID,OFFICE_ID,ZOO_ID,EMP_FIRST_NAME,EMP_LAST_NAME,EMP_PHONE_NUMBER,EMP_SALARY,EMP_SOCIAL_SECURITY_NUMBER,EMP_HIRE_DATE,EMP_DEPARTURE_DATE,EMP_TYPE,EMP_ADDRESS,EMP_CITY,EMP_ZIP_CODE,EMP_STATE) values (4647,109,null,1000,'Brandon','Harden',2245556354,34500,555342964,to_timestamp('15-AUG-08 12.00.00.000000000 AM','DD-MON-RR HH.MI.SS.FF AM'),null,'KE','2504 Shin St.','Minneapolis',55199,'MN');
Insert into EMPLOYEE (EMP_ID,DEPT_ID,OFFICE_ID,ZOO_ID,EMP_FIRST_NAME,EMP_LAST_NAME,EMP_PHONE_NUMBER,EMP_SALARY,EMP_SOCIAL_SECURITY_NUMBER,EMP_HIRE_DATE,EMP_DEPARTURE_DATE,EMP_TYPE,EMP_ADDRESS,EMP_CITY,EMP_ZIP_CODE,EMP_STATE) values (4654,108,null,1002,'Fred','Gary',4865552453,41250,555426394,to_timestamp('20-AUG-08 12.00.00.000000000 AM','DD-MON-RR HH.MI.SS.FF AM'),null,'KE','9096 24th St.','Bloomington',55425,'MN');
Insert into EMPLOYEE (EMP_ID,DEPT_ID,OFFICE_ID,ZOO_ID,EMP_FIRST_NAME,EMP_LAST_NAME,EMP_PHONE_NUMBER,EMP_SALARY,EMP_SOCIAL_SECURITY_NUMBER,EMP_HIRE_DATE,EMP_DEPARTURE_DATE,EMP_TYPE,EMP_ADDRESS,EMP_CITY,EMP_ZIP_CODE,EMP_STATE) values (4661,118,null,1000,'Eddie','Felix',4345552164,32450,555711771,to_timestamp('23-AUG-08 12.00.00.000000000 AM','DD-MON-RR HH.MI.SS.FF AM'),null,'GS','6400 Bailey Rd.','Apple Valley',55124,'MN');
Insert into EMPLOYEE (EMP_ID,DEPT_ID,OFFICE_ID,ZOO_ID,EMP_FIRST_NAME,EMP_LAST_NAME,EMP_PHONE_NUMBER,EMP_SALARY,EMP_SOCIAL_SECURITY_NUMBER,EMP_HIRE_DATE,EMP_DEPARTURE_DATE,EMP_TYPE,EMP_ADDRESS,EMP_CITY,EMP_ZIP_CODE,EMP_STATE) values (4668,106,null,1001,'Julia','Shea',2245559255,26000,555128630,to_timestamp('27-AUG-08 12.00.00.000000000 AM','DD-MON-RR HH.MI.SS.FF AM'),null,'MA','1250 30th St.','St. Paul',55103,'MN');
Insert into EMPLOYEE (EMP_ID,DEPT_ID,OFFICE_ID,ZOO_ID,EMP_FIRST_NAME,EMP_LAST_NAME,EMP_PHONE_NUMBER,EMP_SALARY,EMP_SOCIAL_SECURITY_NUMBER,EMP_HIRE_DATE,EMP_DEPARTURE_DATE,EMP_TYPE,EMP_ADDRESS,EMP_CITY,EMP_ZIP_CODE,EMP_STATE) values (4675,106,null,1001,'Jack','Sheppard',3425553390,30000,555229141,to_timestamp('06-SEP-08 12.00.00.000000000 AM','DD-MON-RR HH.MI.SS.FF AM'),null,'MA','1725 Duluth Ln.','Bloomington',55425,'MN');
Insert into EMPLOYEE (EMP_ID,DEPT_ID,OFFICE_ID,ZOO_ID,EMP_FIRST_NAME,EMP_LAST_NAME,EMP_PHONE_NUMBER,EMP_SALARY,EMP_SOCIAL_SECURITY_NUMBER,EMP_HIRE_DATE,EMP_DEPARTURE_DATE,EMP_TYPE,EMP_ADDRESS,EMP_CITY,EMP_ZIP_CODE,EMP_STATE) values (4682,null,null,1002,'David','Grohl',4865555435,29800,555322744,to_timestamp('08-SEP-08 12.00.00.000000000 AM','DD-MON-RR HH.MI.SS.FF AM'),null,null,'546 York Ave.','Apple Valley',55124,'MN');
Insert into EMPLOYEE (EMP_ID,DEPT_ID,OFFICE_ID,ZOO_ID,EMP_FIRST_NAME,EMP_LAST_NAME,EMP_PHONE_NUMBER,EMP_SALARY,EMP_SOCIAL_SECURITY_NUMBER,EMP_HIRE_DATE,EMP_DEPARTURE_DATE,EMP_TYPE,EMP_ADDRESS,EMP_CITY,EMP_ZIP_CODE,EMP_STATE) values (4689,null,null,1001,'Misti','Walker',3425556723,36200,555832873,to_timestamp('08-SEP-08 12.00.00.000000000 AM','DD-MON-RR HH.MI.SS.FF AM'),null,'GS','560 6th St.','Cottage Grove',55016,'MN');
Insert into EMPLOYEE (EMP_ID,DEPT_ID,OFFICE_ID,ZOO_ID,EMP_FIRST_NAME,EMP_LAST_NAME,EMP_PHONE_NUMBER,EMP_SALARY,EMP_SOCIAL_SECURITY_NUMBER,EMP_HIRE_DATE,EMP_DEPARTURE_DATE,EMP_TYPE,EMP_ADDRESS,EMP_CITY,EMP_ZIP_CODE,EMP_STATE) values (4696,null,null,1000,'Brad','Russo',7705554627,31250,555342965,to_timestamp('20-SEP-08 12.00.00.000000000 AM','DD-MON-RR HH.MI.SS.FF AM'),null,'KE','906 Main St.','St. Paul',55103,'MN');
Insert into EMPLOYEE (EMP_ID,DEPT_ID,OFFICE_ID,ZOO_ID,EMP_FIRST_NAME,EMP_LAST_NAME,EMP_PHONE_NUMBER,EMP_SALARY,EMP_SOCIAL_SECURITY_NUMBER,EMP_HIRE_DATE,EMP_DEPARTURE_DATE,EMP_TYPE,EMP_ADDRESS,EMP_CITY,EMP_ZIP_CODE,EMP_STATE) values (4703,115,327,1000,'Mark','Blue',4345557375,84000,555426395,to_timestamp('11-OCT-08 12.00.00.000000000 AM','DD-MON-RR HH.MI.SS.FF AM'),null,'RE','2540 Burns Ave.','Bloomington',55425,'MN');
Insert into EMPLOYEE (EMP_ID,DEPT_ID,OFFICE_ID,ZOO_ID,EMP_FIRST_NAME,EMP_LAST_NAME,EMP_PHONE_NUMBER,EMP_SALARY,EMP_SOCIAL_SECURITY_NUMBER,EMP_HIRE_DATE,EMP_DEPARTURE_DATE,EMP_TYPE,EMP_ADDRESS,EMP_CITY,EMP_ZIP_CODE,EMP_STATE) values (4710,null,109,1000,'Sharon','Milton',3425553571,52000,555711772,to_timestamp('15-OCT-08 12.00.00.000000000 AM','DD-MON-RR HH.MI.SS.FF AM'),null,'KE','5650 Ragged Rd.','Bloomington',55425,'MN');
Insert into EMPLOYEE (EMP_ID,DEPT_ID,OFFICE_ID,ZOO_ID,EMP_FIRST_NAME,EMP_LAST_NAME,EMP_PHONE_NUMBER,EMP_SALARY,EMP_SOCIAL_SECURITY_NUMBER,EMP_HIRE_DATE,EMP_DEPARTURE_DATE,EMP_TYPE,EMP_ADDRESS,EMP_CITY,EMP_ZIP_CODE,EMP_STATE) values (4717,118,205,1000,'Maria','Lamb',6265554623,47000,555128631,to_timestamp('15-OCT-08 12.00.00.000000000 AM','DD-MON-RR HH.MI.SS.FF AM'),null,'GS','258 2nd St.','Apple Valley',55124,'MN');

---------------------------------------------------
--   END DATA FOR TABLE EMPLOYEE
---------------------------------------------------


---------------------------------------------------
--   DATA FOR TABLE FOOD_CATEGORY
--   FILTER = none used
---------------------------------------------------
REM INSERTING into FOOD_CATEGORY
Insert into FOOD_CATEGORY (FOOD_CATEGORY_ID,FOOD_CATEGORY_DESCRIPTION) values (1,'African Buffalo Meal 1');
Insert into FOOD_CATEGORY (FOOD_CATEGORY_ID,FOOD_CATEGORY_DESCRIPTION) values (2,'African Buffalo Meal 2');
Insert into FOOD_CATEGORY (FOOD_CATEGORY_ID,FOOD_CATEGORY_DESCRIPTION) values (3,'African Bush Elephant Meal 1');
Insert into FOOD_CATEGORY (FOOD_CATEGORY_ID,FOOD_CATEGORY_DESCRIPTION) values (4,'African Bush Elephant Meal 2');
Insert into FOOD_CATEGORY (FOOD_CATEGORY_ID,FOOD_CATEGORY_DESCRIPTION) values (5,'Alligator Meal 1');
Insert into FOOD_CATEGORY (FOOD_CATEGORY_ID,FOOD_CATEGORY_DESCRIPTION) values (6,'Alligator Meal 2');
Insert into FOOD_CATEGORY (FOOD_CATEGORY_ID,FOOD_CATEGORY_DESCRIPTION) values (7,'American Badger Meal 1');
Insert into FOOD_CATEGORY (FOOD_CATEGORY_ID,FOOD_CATEGORY_DESCRIPTION) values (8,'American Badger Meal 2');
Insert into FOOD_CATEGORY (FOOD_CATEGORY_ID,FOOD_CATEGORY_DESCRIPTION) values (9,'American Black Bear Meal 1');
Insert into FOOD_CATEGORY (FOOD_CATEGORY_ID,FOOD_CATEGORY_DESCRIPTION) values (10,'American Black Bear Meal 2');
Insert into FOOD_CATEGORY (FOOD_CATEGORY_ID,FOOD_CATEGORY_DESCRIPTION) values (11,'American Flamingo Meal 1');
Insert into FOOD_CATEGORY (FOOD_CATEGORY_ID,FOOD_CATEGORY_DESCRIPTION) values (12,'American Flamingo Meal 2');
Insert into FOOD_CATEGORY (FOOD_CATEGORY_ID,FOOD_CATEGORY_DESCRIPTION) values (13,'Bald Eagle Meal 1');
Insert into FOOD_CATEGORY (FOOD_CATEGORY_ID,FOOD_CATEGORY_DESCRIPTION) values (14,'Bald Eagle Meal 2');
Insert into FOOD_CATEGORY (FOOD_CATEGORY_ID,FOOD_CATEGORY_DESCRIPTION) values (15,'Bee Hummingbird Meal 1');
Insert into FOOD_CATEGORY (FOOD_CATEGORY_ID,FOOD_CATEGORY_DESCRIPTION) values (16,'Bee Hummingbird Meal 2');
Insert into FOOD_CATEGORY (FOOD_CATEGORY_ID,FOOD_CATEGORY_DESCRIPTION) values (17,'Bengal Tiger Meal 1');
Insert into FOOD_CATEGORY (FOOD_CATEGORY_ID,FOOD_CATEGORY_DESCRIPTION) values (18,'Bengal Tiger Meal 2');
Insert into FOOD_CATEGORY (FOOD_CATEGORY_ID,FOOD_CATEGORY_DESCRIPTION) values (19,'Black Rhinocerous Meal 1');
Insert into FOOD_CATEGORY (FOOD_CATEGORY_ID,FOOD_CATEGORY_DESCRIPTION) values (20,'Black Rhinocerous Meal 2');
Insert into FOOD_CATEGORY (FOOD_CATEGORY_ID,FOOD_CATEGORY_DESCRIPTION) values (21,'Black Vulture Meal 1');
Insert into FOOD_CATEGORY (FOOD_CATEGORY_ID,FOOD_CATEGORY_DESCRIPTION) values (22,'Black Vulture Meal 2');
Insert into FOOD_CATEGORY (FOOD_CATEGORY_ID,FOOD_CATEGORY_DESCRIPTION) values (23,'Bobcat Meal 1');
Insert into FOOD_CATEGORY (FOOD_CATEGORY_ID,FOOD_CATEGORY_DESCRIPTION) values (24,'Bobcat Meal 2');
Insert into FOOD_CATEGORY (FOOD_CATEGORY_ID,FOOD_CATEGORY_DESCRIPTION) values (25,'Bornean Orangutan Meal 1');
Insert into FOOD_CATEGORY (FOOD_CATEGORY_ID,FOOD_CATEGORY_DESCRIPTION) values (26,'Bornean Orangutan Meal 2');
Insert into FOOD_CATEGORY (FOOD_CATEGORY_ID,FOOD_CATEGORY_DESCRIPTION) values (27,'Brown Pelican Meal 1');
Insert into FOOD_CATEGORY (FOOD_CATEGORY_ID,FOOD_CATEGORY_DESCRIPTION) values (28,'Brown Pelican Meal 2');
Insert into FOOD_CATEGORY (FOOD_CATEGORY_ID,FOOD_CATEGORY_DESCRIPTION) values (29,'California Condor Meal 1');
Insert into FOOD_CATEGORY (FOOD_CATEGORY_ID,FOOD_CATEGORY_DESCRIPTION) values (30,'California Condor Meal 2');
Insert into FOOD_CATEGORY (FOOD_CATEGORY_ID,FOOD_CATEGORY_DESCRIPTION) values (31,'California Sea Lion Meal 1');
Insert into FOOD_CATEGORY (FOOD_CATEGORY_ID,FOOD_CATEGORY_DESCRIPTION) values (32,'California Sea Lion Meal 2');
Insert into FOOD_CATEGORY (FOOD_CATEGORY_ID,FOOD_CATEGORY_DESCRIPTION) values (33,'Canada Goose Meal 1');
Insert into FOOD_CATEGORY (FOOD_CATEGORY_ID,FOOD_CATEGORY_DESCRIPTION) values (34,'Canada Goose Meal 2');
Insert into FOOD_CATEGORY (FOOD_CATEGORY_ID,FOOD_CATEGORY_DESCRIPTION) values (35,'Caribou Meal 1');
Insert into FOOD_CATEGORY (FOOD_CATEGORY_ID,FOOD_CATEGORY_DESCRIPTION) values (36,'Caribou Meal 2');
Insert into FOOD_CATEGORY (FOOD_CATEGORY_ID,FOOD_CATEGORY_DESCRIPTION) values (37,'Cheetah Meal 1');
Insert into FOOD_CATEGORY (FOOD_CATEGORY_ID,FOOD_CATEGORY_DESCRIPTION) values (38,'Cheetah Meal 2');
Insert into FOOD_CATEGORY (FOOD_CATEGORY_ID,FOOD_CATEGORY_DESCRIPTION) values (39,'Chimpanzee Meal 1');
Insert into FOOD_CATEGORY (FOOD_CATEGORY_ID,FOOD_CATEGORY_DESCRIPTION) values (40,'Chimpanzee Meal 2');
Insert into FOOD_CATEGORY (FOOD_CATEGORY_ID,FOOD_CATEGORY_DESCRIPTION) values (41,'Cougar Meal 1');
Insert into FOOD_CATEGORY (FOOD_CATEGORY_ID,FOOD_CATEGORY_DESCRIPTION) values (42,'Cougar Meal 2');
Insert into FOOD_CATEGORY (FOOD_CATEGORY_ID,FOOD_CATEGORY_DESCRIPTION) values (43,'Coyote Meal 1');
Insert into FOOD_CATEGORY (FOOD_CATEGORY_ID,FOOD_CATEGORY_DESCRIPTION) values (44,'Coyote Meal 2');
Insert into FOOD_CATEGORY (FOOD_CATEGORY_ID,FOOD_CATEGORY_DESCRIPTION) values (45,'Crested Porcupine Meal 1');
Insert into FOOD_CATEGORY (FOOD_CATEGORY_ID,FOOD_CATEGORY_DESCRIPTION) values (46,'Crested Porcupine Meal 2');
Insert into FOOD_CATEGORY (FOOD_CATEGORY_ID,FOOD_CATEGORY_DESCRIPTION) values (47,'Dolphin Meal 1');
Insert into FOOD_CATEGORY (FOOD_CATEGORY_ID,FOOD_CATEGORY_DESCRIPTION) values (48,'Dolphin Meal 2');
Insert into FOOD_CATEGORY (FOOD_CATEGORY_ID,FOOD_CATEGORY_DESCRIPTION) values (49,'Dromedary Camel Meal 1');
Insert into FOOD_CATEGORY (FOOD_CATEGORY_ID,FOOD_CATEGORY_DESCRIPTION) values (50,'Dromedary Camel Meal 2');
Insert into FOOD_CATEGORY (FOOD_CATEGORY_ID,FOOD_CATEGORY_DESCRIPTION) values (51,'Dwarf Crocodile Meal 1');
Insert into FOOD_CATEGORY (FOOD_CATEGORY_ID,FOOD_CATEGORY_DESCRIPTION) values (52,'Dwarf Crocodile Meal 2');
Insert into FOOD_CATEGORY (FOOD_CATEGORY_ID,FOOD_CATEGORY_DESCRIPTION) values (53,'Eastern White-Bearded Wildebeest Meal 1');
Insert into FOOD_CATEGORY (FOOD_CATEGORY_ID,FOOD_CATEGORY_DESCRIPTION) values (54,'Eastern White-Bearded Wildebeest Meal 2');
Insert into FOOD_CATEGORY (FOOD_CATEGORY_ID,FOOD_CATEGORY_DESCRIPTION) values (55,'Gentoo Penguin Meal 1');
Insert into FOOD_CATEGORY (FOOD_CATEGORY_ID,FOOD_CATEGORY_DESCRIPTION) values (56,'Gentoo Penguin Meal 2');
Insert into FOOD_CATEGORY (FOOD_CATEGORY_ID,FOOD_CATEGORY_DESCRIPTION) values (57,'Giant Anteater Meal 1');
Insert into FOOD_CATEGORY (FOOD_CATEGORY_ID,FOOD_CATEGORY_DESCRIPTION) values (58,'Giant Anteater Meal 2');
Insert into FOOD_CATEGORY (FOOD_CATEGORY_ID,FOOD_CATEGORY_DESCRIPTION) values (59,'Giant Moray Eel Meal 1');
Insert into FOOD_CATEGORY (FOOD_CATEGORY_ID,FOOD_CATEGORY_DESCRIPTION) values (60,'Giant Moray Eel Meal 2');
Insert into FOOD_CATEGORY (FOOD_CATEGORY_ID,FOOD_CATEGORY_DESCRIPTION) values (61,'Giant Panda Meal 1');
Insert into FOOD_CATEGORY (FOOD_CATEGORY_ID,FOOD_CATEGORY_DESCRIPTION) values (62,'Giant Panda Meal 2');
Insert into FOOD_CATEGORY (FOOD_CATEGORY_ID,FOOD_CATEGORY_DESCRIPTION) values (63,'Giraffe Meal 1');
Insert into FOOD_CATEGORY (FOOD_CATEGORY_ID,FOOD_CATEGORY_DESCRIPTION) values (64,'Giraffe Meal 2');
Insert into FOOD_CATEGORY (FOOD_CATEGORY_ID,FOOD_CATEGORY_DESCRIPTION) values (65,'Gorilla Meal 1');
Insert into FOOD_CATEGORY (FOOD_CATEGORY_ID,FOOD_CATEGORY_DESCRIPTION) values (66,'Gorilla Meal 2');
Insert into FOOD_CATEGORY (FOOD_CATEGORY_ID,FOOD_CATEGORY_DESCRIPTION) values (67,'Gray Wolf Meal 1');
Insert into FOOD_CATEGORY (FOOD_CATEGORY_ID,FOOD_CATEGORY_DESCRIPTION) values (68,'Gray Wolf Meal 2');
Insert into FOOD_CATEGORY (FOOD_CATEGORY_ID,FOOD_CATEGORY_DESCRIPTION) values (69,'Great Horned Owl Meal 1');
Insert into FOOD_CATEGORY (FOOD_CATEGORY_ID,FOOD_CATEGORY_DESCRIPTION) values (70,'Great Horned Owl Meal 2');
Insert into FOOD_CATEGORY (FOOD_CATEGORY_ID,FOOD_CATEGORY_DESCRIPTION) values (71,'Grizzly Bear Meal 1');
Insert into FOOD_CATEGORY (FOOD_CATEGORY_ID,FOOD_CATEGORY_DESCRIPTION) values (72,'Grizzly Bear Meal 2');
Insert into FOOD_CATEGORY (FOOD_CATEGORY_ID,FOOD_CATEGORY_DESCRIPTION) values (73,'Hamadryas Baboon Meal 1');
Insert into FOOD_CATEGORY (FOOD_CATEGORY_ID,FOOD_CATEGORY_DESCRIPTION) values (74,'Hamadryas Baboon Meal 2');
Insert into FOOD_CATEGORY (FOOD_CATEGORY_ID,FOOD_CATEGORY_DESCRIPTION) values (75,'Hawaiian Monk Seal Meal 1');
Insert into FOOD_CATEGORY (FOOD_CATEGORY_ID,FOOD_CATEGORY_DESCRIPTION) values (76,'Hawaiian Monk Seal Meal 2');
Insert into FOOD_CATEGORY (FOOD_CATEGORY_ID,FOOD_CATEGORY_DESCRIPTION) values (77,'Hippopotamus Meal 1');
Insert into FOOD_CATEGORY (FOOD_CATEGORY_ID,FOOD_CATEGORY_DESCRIPTION) values (78,'Hippopotamus Meal 2');
Insert into FOOD_CATEGORY (FOOD_CATEGORY_ID,FOOD_CATEGORY_DESCRIPTION) values (79,'Jaguar Meal 1');
Insert into FOOD_CATEGORY (FOOD_CATEGORY_ID,FOOD_CATEGORY_DESCRIPTION) values (80,'Jaguar Meal 2');
Insert into FOOD_CATEGORY (FOOD_CATEGORY_ID,FOOD_CATEGORY_DESCRIPTION) values (81,'Killer Whale Meal 1');
Insert into FOOD_CATEGORY (FOOD_CATEGORY_ID,FOOD_CATEGORY_DESCRIPTION) values (82,'Killer Whale Meal 2');
Insert into FOOD_CATEGORY (FOOD_CATEGORY_ID,FOOD_CATEGORY_DESCRIPTION) values (83,'Koala Meal 1');
Insert into FOOD_CATEGORY (FOOD_CATEGORY_ID,FOOD_CATEGORY_DESCRIPTION) values (84,'Koala Meal 2');
Insert into FOOD_CATEGORY (FOOD_CATEGORY_ID,FOOD_CATEGORY_DESCRIPTION) values (85,'Komodo Dragon Meal 1');
Insert into FOOD_CATEGORY (FOOD_CATEGORY_ID,FOOD_CATEGORY_DESCRIPTION) values (86,'Komodo Dragon Meal 2');
Insert into FOOD_CATEGORY (FOOD_CATEGORY_ID,FOOD_CATEGORY_DESCRIPTION) values (87,'Leopard Meal 1');
Insert into FOOD_CATEGORY (FOOD_CATEGORY_ID,FOOD_CATEGORY_DESCRIPTION) values (88,'Leopard Meal 2');
Insert into FOOD_CATEGORY (FOOD_CATEGORY_ID,FOOD_CATEGORY_DESCRIPTION) values (89,'Leopard Shark Meal 1');
Insert into FOOD_CATEGORY (FOOD_CATEGORY_ID,FOOD_CATEGORY_DESCRIPTION) values (90,'Leopard Shark Meal 2');
Insert into FOOD_CATEGORY (FOOD_CATEGORY_ID,FOOD_CATEGORY_DESCRIPTION) values (91,'Lion Meal 1');
Insert into FOOD_CATEGORY (FOOD_CATEGORY_ID,FOOD_CATEGORY_DESCRIPTION) values (92,'Lion Meal 2');
Insert into FOOD_CATEGORY (FOOD_CATEGORY_ID,FOOD_CATEGORY_DESCRIPTION) values (93,'Mallard Meal 1');
Insert into FOOD_CATEGORY (FOOD_CATEGORY_ID,FOOD_CATEGORY_DESCRIPTION) values (94,'Mallard Meal 2');
Insert into FOOD_CATEGORY (FOOD_CATEGORY_ID,FOOD_CATEGORY_DESCRIPTION) values (95,'Manatee Meal 1');
Insert into FOOD_CATEGORY (FOOD_CATEGORY_ID,FOOD_CATEGORY_DESCRIPTION) values (96,'Manatee Meal 2');
Insert into FOOD_CATEGORY (FOOD_CATEGORY_ID,FOOD_CATEGORY_DESCRIPTION) values (97,'Marine Toad Meal 1');
Insert into FOOD_CATEGORY (FOOD_CATEGORY_ID,FOOD_CATEGORY_DESCRIPTION) values (98,'Marine Toad Meal 2');
Insert into FOOD_CATEGORY (FOOD_CATEGORY_ID,FOOD_CATEGORY_DESCRIPTION) values (99,'Moose Meal 1');
Insert into FOOD_CATEGORY (FOOD_CATEGORY_ID,FOOD_CATEGORY_DESCRIPTION) values (100,'Moose Meal 2');
Insert into FOOD_CATEGORY (FOOD_CATEGORY_ID,FOOD_CATEGORY_DESCRIPTION) values (101,'Mountain Goat Meal 1');
Insert into FOOD_CATEGORY (FOOD_CATEGORY_ID,FOOD_CATEGORY_DESCRIPTION) values (102,'Mountain Goat Meal 2');
Insert into FOOD_CATEGORY (FOOD_CATEGORY_ID,FOOD_CATEGORY_DESCRIPTION) values (103,'Nine-banded Armadillo Meal 1');
Insert into FOOD_CATEGORY (FOOD_CATEGORY_ID,FOOD_CATEGORY_DESCRIPTION) values (104,'Nine-banded Armadillo Meal 2');
Insert into FOOD_CATEGORY (FOOD_CATEGORY_ID,FOOD_CATEGORY_DESCRIPTION) values (105,'North American Beaver Meal 1');
Insert into FOOD_CATEGORY (FOOD_CATEGORY_ID,FOOD_CATEGORY_DESCRIPTION) values (106,'North American Beaver Meal 2');
Insert into FOOD_CATEGORY (FOOD_CATEGORY_ID,FOOD_CATEGORY_DESCRIPTION) values (107,'Osprey Meal 1');
Insert into FOOD_CATEGORY (FOOD_CATEGORY_ID,FOOD_CATEGORY_DESCRIPTION) values (108,'Osprey Meal 2');
Insert into FOOD_CATEGORY (FOOD_CATEGORY_ID,FOOD_CATEGORY_DESCRIPTION) values (109,'Ostrich Meal 1');
Insert into FOOD_CATEGORY (FOOD_CATEGORY_ID,FOOD_CATEGORY_DESCRIPTION) values (110,'Ostrich Meal 2');
Insert into FOOD_CATEGORY (FOOD_CATEGORY_ID,FOOD_CATEGORY_DESCRIPTION) values (111,'Peregrine Falcon Meal 1');
Insert into FOOD_CATEGORY (FOOD_CATEGORY_ID,FOOD_CATEGORY_DESCRIPTION) values (112,'Peregrine Falcon Meal 2');
Insert into FOOD_CATEGORY (FOOD_CATEGORY_ID,FOOD_CATEGORY_DESCRIPTION) values (113,'Piranha Meal 1');
Insert into FOOD_CATEGORY (FOOD_CATEGORY_ID,FOOD_CATEGORY_DESCRIPTION) values (114,'Piranha Meal 2');
Insert into FOOD_CATEGORY (FOOD_CATEGORY_ID,FOOD_CATEGORY_DESCRIPTION) values (115,'Platypus Meal 1');
Insert into FOOD_CATEGORY (FOOD_CATEGORY_ID,FOOD_CATEGORY_DESCRIPTION) values (116,'Platypus Meal 2');
Insert into FOOD_CATEGORY (FOOD_CATEGORY_ID,FOOD_CATEGORY_DESCRIPTION) values (117,'Polar Bear Meal 1');
Insert into FOOD_CATEGORY (FOOD_CATEGORY_ID,FOOD_CATEGORY_DESCRIPTION) values (118,'Polar Bear Meal 2');
Insert into FOOD_CATEGORY (FOOD_CATEGORY_ID,FOOD_CATEGORY_DESCRIPTION) values (119,'Rabbit Meal 1');
Insert into FOOD_CATEGORY (FOOD_CATEGORY_ID,FOOD_CATEGORY_DESCRIPTION) values (120,'Rabbit Meal 2');
Insert into FOOD_CATEGORY (FOOD_CATEGORY_ID,FOOD_CATEGORY_DESCRIPTION) values (121,'Raccoon Meal 1');
Insert into FOOD_CATEGORY (FOOD_CATEGORY_ID,FOOD_CATEGORY_DESCRIPTION) values (122,'Raccoon Meal 2');
Insert into FOOD_CATEGORY (FOOD_CATEGORY_ID,FOOD_CATEGORY_DESCRIPTION) values (123,'Red Fox Meal 1');
Insert into FOOD_CATEGORY (FOOD_CATEGORY_ID,FOOD_CATEGORY_DESCRIPTION) values (124,'Red Fox Meal 2');
Insert into FOOD_CATEGORY (FOOD_CATEGORY_ID,FOOD_CATEGORY_DESCRIPTION) values (125,'Red-eyed Tree Frog Meal 1');
Insert into FOOD_CATEGORY (FOOD_CATEGORY_ID,FOOD_CATEGORY_DESCRIPTION) values (126,'Red-eyed Tree Frog Meal 2');
Insert into FOOD_CATEGORY (FOOD_CATEGORY_ID,FOOD_CATEGORY_DESCRIPTION) values (127,'Ring-tailed Lemur Meal 1');
Insert into FOOD_CATEGORY (FOOD_CATEGORY_ID,FOOD_CATEGORY_DESCRIPTION) values (128,'Ring-tailed Lemur Meal 2');
Insert into FOOD_CATEGORY (FOOD_CATEGORY_ID,FOOD_CATEGORY_DESCRIPTION) values (129,'Scarlet King Snake Meal 1');
Insert into FOOD_CATEGORY (FOOD_CATEGORY_ID,FOOD_CATEGORY_DESCRIPTION) values (130,'Scarlet King Snake Meal 2');
Insert into FOOD_CATEGORY (FOOD_CATEGORY_ID,FOOD_CATEGORY_DESCRIPTION) values (131,'Sea Otter Meal 1');
Insert into FOOD_CATEGORY (FOOD_CATEGORY_ID,FOOD_CATEGORY_DESCRIPTION) values (132,'Sea Otter Meal 2');
Insert into FOOD_CATEGORY (FOOD_CATEGORY_ID,FOOD_CATEGORY_DESCRIPTION) values (133,'Sea Turtle Meal 1');
Insert into FOOD_CATEGORY (FOOD_CATEGORY_ID,FOOD_CATEGORY_DESCRIPTION) values (134,'Sea Turtle Meal 2');
Insert into FOOD_CATEGORY (FOOD_CATEGORY_ID,FOOD_CATEGORY_DESCRIPTION) values (135,'Spotted Hyena Meal 1');
Insert into FOOD_CATEGORY (FOOD_CATEGORY_ID,FOOD_CATEGORY_DESCRIPTION) values (136,'Spotted Hyena Meal 2');
Insert into FOOD_CATEGORY (FOOD_CATEGORY_ID,FOOD_CATEGORY_DESCRIPTION) values (137,'Straw-colored Fruit Bat Meal 1');
Insert into FOOD_CATEGORY (FOOD_CATEGORY_ID,FOOD_CATEGORY_DESCRIPTION) values (138,'Straw-colored Fruit Bat Meal 2');
Insert into FOOD_CATEGORY (FOOD_CATEGORY_ID,FOOD_CATEGORY_DESCRIPTION) values (139,'Thomson''''s Gazelle Meal 1');
Insert into FOOD_CATEGORY (FOOD_CATEGORY_ID,FOOD_CATEGORY_DESCRIPTION) values (140,'Thomson''''s Gazelle Meal 2');
Insert into FOOD_CATEGORY (FOOD_CATEGORY_ID,FOOD_CATEGORY_DESCRIPTION) values (141,'Tiger Salamander Meal 1');
Insert into FOOD_CATEGORY (FOOD_CATEGORY_ID,FOOD_CATEGORY_DESCRIPTION) values (142,'Tiger Salamander Meal 2');
Insert into FOOD_CATEGORY (FOOD_CATEGORY_ID,FOOD_CATEGORY_DESCRIPTION) values (143,'Two-toed Sloth Meal 1');
Insert into FOOD_CATEGORY (FOOD_CATEGORY_ID,FOOD_CATEGORY_DESCRIPTION) values (144,'Two-toed Sloth Meal 2');
Insert into FOOD_CATEGORY (FOOD_CATEGORY_ID,FOOD_CATEGORY_DESCRIPTION) values (145,'Walrus Meal 1');
Insert into FOOD_CATEGORY (FOOD_CATEGORY_ID,FOOD_CATEGORY_DESCRIPTION) values (146,'Walrus Meal 2');
Insert into FOOD_CATEGORY (FOOD_CATEGORY_ID,FOOD_CATEGORY_DESCRIPTION) values (147,'Warthog Meal 1');
Insert into FOOD_CATEGORY (FOOD_CATEGORY_ID,FOOD_CATEGORY_DESCRIPTION) values (148,'Warthog Meal 2');
Insert into FOOD_CATEGORY (FOOD_CATEGORY_ID,FOOD_CATEGORY_DESCRIPTION) values (149,'Western Gray Kangaroo Meal 1');
Insert into FOOD_CATEGORY (FOOD_CATEGORY_ID,FOOD_CATEGORY_DESCRIPTION) values (150,'Western Gray Kangaroo Meal 2');
Insert into FOOD_CATEGORY (FOOD_CATEGORY_ID,FOOD_CATEGORY_DESCRIPTION) values (151,'White-tailed Deer Meal 1');
Insert into FOOD_CATEGORY (FOOD_CATEGORY_ID,FOOD_CATEGORY_DESCRIPTION) values (152,'White-tailed Deer Meal 2');
Insert into FOOD_CATEGORY (FOOD_CATEGORY_ID,FOOD_CATEGORY_DESCRIPTION) values (153,'Zebra Meal 1');
Insert into FOOD_CATEGORY (FOOD_CATEGORY_ID,FOOD_CATEGORY_DESCRIPTION) values (154,'Zebra Meal 2');

---------------------------------------------------
--   END DATA FOR TABLE FOOD_CATEGORY
---------------------------------------------------


---------------------------------------------------
--   DATA FOR TABLE FOOD_ITEM
--   FILTER = none used
---------------------------------------------------
REM INSERTING into FOOD_ITEM
Insert into FOOD_ITEM (FOOD_ITEM_ID,FOOD_ITEM_DESCRIPTION,FOOD_CATEGORY_ID,FOOD_QOH) values (1,'Wholesome Meat',1,184);
Insert into FOOD_ITEM (FOOD_ITEM_ID,FOOD_ITEM_DESCRIPTION,FOOD_CATEGORY_ID,FOOD_QOH) values (2,'Super Acorns with Vitamins',2,233);
Insert into FOOD_ITEM (FOOD_ITEM_ID,FOOD_ITEM_DESCRIPTION,FOOD_CATEGORY_ID,FOOD_QOH) values (3,'Tasty Meat',3,114);
Insert into FOOD_ITEM (FOOD_ITEM_ID,FOOD_ITEM_DESCRIPTION,FOOD_CATEGORY_ID,FOOD_QOH) values (4,'Tasty Meat with Antioxidants',4,147);
Insert into FOOD_ITEM (FOOD_ITEM_ID,FOOD_ITEM_DESCRIPTION,FOOD_CATEGORY_ID,FOOD_QOH) values (5,'Wholesome Acorns',5,235);
Insert into FOOD_ITEM (FOOD_ITEM_ID,FOOD_ITEM_DESCRIPTION,FOOD_CATEGORY_ID,FOOD_QOH) values (7,'Nutritious Meat with Vitamins',7,136);
Insert into FOOD_ITEM (FOOD_ITEM_ID,FOOD_ITEM_DESCRIPTION,FOOD_CATEGORY_ID,FOOD_QOH) values (8,'Wholesome Acorns with Antioxidants',8,111);
Insert into FOOD_ITEM (FOOD_ITEM_ID,FOOD_ITEM_DESCRIPTION,FOOD_CATEGORY_ID,FOOD_QOH) values (9,'Nutritious Chicken',9,279);
Insert into FOOD_ITEM (FOOD_ITEM_ID,FOOD_ITEM_DESCRIPTION,FOOD_CATEGORY_ID,FOOD_QOH) values (10,'Wholesome Mixed Seafood with Antioxidants',10,103);
Insert into FOOD_ITEM (FOOD_ITEM_ID,FOOD_ITEM_DESCRIPTION,FOOD_CATEGORY_ID,FOOD_QOH) values (11,'Nutritious Walnuts',11,160);
Insert into FOOD_ITEM (FOOD_ITEM_ID,FOOD_ITEM_DESCRIPTION,FOOD_CATEGORY_ID,FOOD_QOH) values (12,'Nutritious Acorns with Vitamins',12,63);
Insert into FOOD_ITEM (FOOD_ITEM_ID,FOOD_ITEM_DESCRIPTION,FOOD_CATEGORY_ID,FOOD_QOH) values (13,'Wholesome Meat',null,214);
Insert into FOOD_ITEM (FOOD_ITEM_ID,FOOD_ITEM_DESCRIPTION,FOOD_CATEGORY_ID,FOOD_QOH) values (14,'Super Walnuts with Antioxidants',14,197);
Insert into FOOD_ITEM (FOOD_ITEM_ID,FOOD_ITEM_DESCRIPTION,FOOD_CATEGORY_ID,FOOD_QOH) values (15,'Wholesome Mixed Seafood',15,121);
Insert into FOOD_ITEM (FOOD_ITEM_ID,FOOD_ITEM_DESCRIPTION,FOOD_CATEGORY_ID,FOOD_QOH) values (16,'Organic Sardines with Antioxidants',16,8);
Insert into FOOD_ITEM (FOOD_ITEM_ID,FOOD_ITEM_DESCRIPTION,FOOD_CATEGORY_ID,FOOD_QOH) values (19,'Super Meat with Antioxidants',19,63);
Insert into FOOD_ITEM (FOOD_ITEM_ID,FOOD_ITEM_DESCRIPTION,FOOD_CATEGORY_ID,FOOD_QOH) values (20,'Nutritious Walnuts',20,117);
Insert into FOOD_ITEM (FOOD_ITEM_ID,FOOD_ITEM_DESCRIPTION,FOOD_CATEGORY_ID,FOOD_QOH) values (21,'Organic Acorns',21,63);
Insert into FOOD_ITEM (FOOD_ITEM_ID,FOOD_ITEM_DESCRIPTION,FOOD_CATEGORY_ID,FOOD_QOH) values (22,'Organic Sardines',22,18);
Insert into FOOD_ITEM (FOOD_ITEM_ID,FOOD_ITEM_DESCRIPTION,FOOD_CATEGORY_ID,FOOD_QOH) values (23,'Super Meat',23,132);
Insert into FOOD_ITEM (FOOD_ITEM_ID,FOOD_ITEM_DESCRIPTION,FOOD_CATEGORY_ID,FOOD_QOH) values (24,'Organic Vegetables',24,96);
Insert into FOOD_ITEM (FOOD_ITEM_ID,FOOD_ITEM_DESCRIPTION,FOOD_CATEGORY_ID,FOOD_QOH) values (25,'Tasty Meat',25,138);
Insert into FOOD_ITEM (FOOD_ITEM_ID,FOOD_ITEM_DESCRIPTION,FOOD_CATEGORY_ID,FOOD_QOH) values (27,'Tasty Walnuts',27,292);
Insert into FOOD_ITEM (FOOD_ITEM_ID,FOOD_ITEM_DESCRIPTION,FOOD_CATEGORY_ID,FOOD_QOH) values (29,'Wholesome Acorns with Vitamins',29,214);
Insert into FOOD_ITEM (FOOD_ITEM_ID,FOOD_ITEM_DESCRIPTION,FOOD_CATEGORY_ID,FOOD_QOH) values (30,'Super Vegetables',30,65);
Insert into FOOD_ITEM (FOOD_ITEM_ID,FOOD_ITEM_DESCRIPTION,FOOD_CATEGORY_ID,FOOD_QOH) values (32,'Wholesome Meat with Antioxidants',32,141);
Insert into FOOD_ITEM (FOOD_ITEM_ID,FOOD_ITEM_DESCRIPTION,FOOD_CATEGORY_ID,FOOD_QOH) values (35,'Wholesome Mixed Seafood',null,199);
Insert into FOOD_ITEM (FOOD_ITEM_ID,FOOD_ITEM_DESCRIPTION,FOOD_CATEGORY_ID,FOOD_QOH) values (36,'Super Fish with Antioxidants',36,289);
Insert into FOOD_ITEM (FOOD_ITEM_ID,FOOD_ITEM_DESCRIPTION,FOOD_CATEGORY_ID,FOOD_QOH) values (37,'Organic Walnuts',37,87);
Insert into FOOD_ITEM (FOOD_ITEM_ID,FOOD_ITEM_DESCRIPTION,FOOD_CATEGORY_ID,FOOD_QOH) values (38,'Super Vegetables with Vitamins',38,51);
Insert into FOOD_ITEM (FOOD_ITEM_ID,FOOD_ITEM_DESCRIPTION,FOOD_CATEGORY_ID,FOOD_QOH) values (39,'Tasty Mixed Seafood with Antioxidants',39,26);
Insert into FOOD_ITEM (FOOD_ITEM_ID,FOOD_ITEM_DESCRIPTION,FOOD_CATEGORY_ID,FOOD_QOH) values (40,'Tasty Meat with Vitamins',40,75);
Insert into FOOD_ITEM (FOOD_ITEM_ID,FOOD_ITEM_DESCRIPTION,FOOD_CATEGORY_ID,FOOD_QOH) values (42,'Wholesome Chicken',42,99);
Insert into FOOD_ITEM (FOOD_ITEM_ID,FOOD_ITEM_DESCRIPTION,FOOD_CATEGORY_ID,FOOD_QOH) values (43,'Tasty Walnuts',43,206);
Insert into FOOD_ITEM (FOOD_ITEM_ID,FOOD_ITEM_DESCRIPTION,FOOD_CATEGORY_ID,FOOD_QOH) values (44,'Nutritious Meat',44,243);
Insert into FOOD_ITEM (FOOD_ITEM_ID,FOOD_ITEM_DESCRIPTION,FOOD_CATEGORY_ID,FOOD_QOH) values (45,'Tasty Vegetables with Vitamins',45,35);
Insert into FOOD_ITEM (FOOD_ITEM_ID,FOOD_ITEM_DESCRIPTION,FOOD_CATEGORY_ID,FOOD_QOH) values (47,'Organic Chicken',47,177);
Insert into FOOD_ITEM (FOOD_ITEM_ID,FOOD_ITEM_DESCRIPTION,FOOD_CATEGORY_ID,FOOD_QOH) values (48,'Wholesome Sardines with Antioxidants',48,111);
Insert into FOOD_ITEM (FOOD_ITEM_ID,FOOD_ITEM_DESCRIPTION,FOOD_CATEGORY_ID,FOOD_QOH) values (50,'Organic Vegetables with Vitamins',50,223);
Insert into FOOD_ITEM (FOOD_ITEM_ID,FOOD_ITEM_DESCRIPTION,FOOD_CATEGORY_ID,FOOD_QOH) values (52,'Wholesome Acorns',null,287);
Insert into FOOD_ITEM (FOOD_ITEM_ID,FOOD_ITEM_DESCRIPTION,FOOD_CATEGORY_ID,FOOD_QOH) values (54,'Nutritious Fish',54,260);
Insert into FOOD_ITEM (FOOD_ITEM_ID,FOOD_ITEM_DESCRIPTION,FOOD_CATEGORY_ID,FOOD_QOH) values (58,'Nutritious Walnuts with Vitamins',58,273);
Insert into FOOD_ITEM (FOOD_ITEM_ID,FOOD_ITEM_DESCRIPTION,FOOD_CATEGORY_ID,FOOD_QOH) values (59,'Organic Acorns',59,132);
Insert into FOOD_ITEM (FOOD_ITEM_ID,FOOD_ITEM_DESCRIPTION,FOOD_CATEGORY_ID,FOOD_QOH) values (60,'Super Meat with Antioxidants',60,16);
Insert into FOOD_ITEM (FOOD_ITEM_ID,FOOD_ITEM_DESCRIPTION,FOOD_CATEGORY_ID,FOOD_QOH) values (61,'Nutritious Mixed Seafood with Vitamins',61,134);
Insert into FOOD_ITEM (FOOD_ITEM_ID,FOOD_ITEM_DESCRIPTION,FOOD_CATEGORY_ID,FOOD_QOH) values (62,'Wholesome Mixed Seafood with Antioxidants',62,2);
Insert into FOOD_ITEM (FOOD_ITEM_ID,FOOD_ITEM_DESCRIPTION,FOOD_CATEGORY_ID,FOOD_QOH) values (63,'Tasty Walnuts',63,267);
Insert into FOOD_ITEM (FOOD_ITEM_ID,FOOD_ITEM_DESCRIPTION,FOOD_CATEGORY_ID,FOOD_QOH) values (65,'Tasty Mixed Seafood',65,275);
Insert into FOOD_ITEM (FOOD_ITEM_ID,FOOD_ITEM_DESCRIPTION,FOOD_CATEGORY_ID,FOOD_QOH) values (66,'Nutritious Sardines',66,98);
Insert into FOOD_ITEM (FOOD_ITEM_ID,FOOD_ITEM_DESCRIPTION,FOOD_CATEGORY_ID,FOOD_QOH) values (69,'Wholesome Meat',69,25);
Insert into FOOD_ITEM (FOOD_ITEM_ID,FOOD_ITEM_DESCRIPTION,FOOD_CATEGORY_ID,FOOD_QOH) values (74,'Wholesome Mixed Seafood',74,259);
Insert into FOOD_ITEM (FOOD_ITEM_ID,FOOD_ITEM_DESCRIPTION,FOOD_CATEGORY_ID,FOOD_QOH) values (75,'Tasty Mixed Seafood',75,42);
Insert into FOOD_ITEM (FOOD_ITEM_ID,FOOD_ITEM_DESCRIPTION,FOOD_CATEGORY_ID,FOOD_QOH) values (76,'Nutritious Chicken',null,23);
Insert into FOOD_ITEM (FOOD_ITEM_ID,FOOD_ITEM_DESCRIPTION,FOOD_CATEGORY_ID,FOOD_QOH) values (77,'Super Sardines',77,257);
Insert into FOOD_ITEM (FOOD_ITEM_ID,FOOD_ITEM_DESCRIPTION,FOOD_CATEGORY_ID,FOOD_QOH) values (79,'Nutritious Vegetables',79,52);
Insert into FOOD_ITEM (FOOD_ITEM_ID,FOOD_ITEM_DESCRIPTION,FOOD_CATEGORY_ID,FOOD_QOH) values (80,'Tasty Vegetables with Vitamins',80,84);
Insert into FOOD_ITEM (FOOD_ITEM_ID,FOOD_ITEM_DESCRIPTION,FOOD_CATEGORY_ID,FOOD_QOH) values (81,'Super Walnuts with Vitamins',81,299);
Insert into FOOD_ITEM (FOOD_ITEM_ID,FOOD_ITEM_DESCRIPTION,FOOD_CATEGORY_ID,FOOD_QOH) values (86,'Tasty Acorns',86,102);
Insert into FOOD_ITEM (FOOD_ITEM_ID,FOOD_ITEM_DESCRIPTION,FOOD_CATEGORY_ID,FOOD_QOH) values (93,'Tasty Walnuts with Antioxidants',93,230);
Insert into FOOD_ITEM (FOOD_ITEM_ID,FOOD_ITEM_DESCRIPTION,FOOD_CATEGORY_ID,FOOD_QOH) values (94,'Super Fish with Vitamins',94,194);
Insert into FOOD_ITEM (FOOD_ITEM_ID,FOOD_ITEM_DESCRIPTION,FOOD_CATEGORY_ID,FOOD_QOH) values (95,'Organic Meat with Antioxidants',95,78);
Insert into FOOD_ITEM (FOOD_ITEM_ID,FOOD_ITEM_DESCRIPTION,FOOD_CATEGORY_ID,FOOD_QOH) values (97,'Tasty Meat',97,121);
Insert into FOOD_ITEM (FOOD_ITEM_ID,FOOD_ITEM_DESCRIPTION,FOOD_CATEGORY_ID,FOOD_QOH) values (99,'Tasty Vegetables with Vitamins',99,26);
Insert into FOOD_ITEM (FOOD_ITEM_ID,FOOD_ITEM_DESCRIPTION,FOOD_CATEGORY_ID,FOOD_QOH) values (100,'Super Vegetables',100,272);
Insert into FOOD_ITEM (FOOD_ITEM_ID,FOOD_ITEM_DESCRIPTION,FOOD_CATEGORY_ID,FOOD_QOH) values (103,'Wholesome Fish with Antioxidants',103,67);
Insert into FOOD_ITEM (FOOD_ITEM_ID,FOOD_ITEM_DESCRIPTION,FOOD_CATEGORY_ID,FOOD_QOH) values (104,'Super Mixed Seafood',104,91);
Insert into FOOD_ITEM (FOOD_ITEM_ID,FOOD_ITEM_DESCRIPTION,FOOD_CATEGORY_ID,FOOD_QOH) values (108,'Organic Chicken',108,299);
Insert into FOOD_ITEM (FOOD_ITEM_ID,FOOD_ITEM_DESCRIPTION,FOOD_CATEGORY_ID,FOOD_QOH) values (112,'Nutritious Vegetables with Antioxidants',112,151);
Insert into FOOD_ITEM (FOOD_ITEM_ID,FOOD_ITEM_DESCRIPTION,FOOD_CATEGORY_ID,FOOD_QOH) values (113,'Tasty Vegetables with Vitamins',113,113);
Insert into FOOD_ITEM (FOOD_ITEM_ID,FOOD_ITEM_DESCRIPTION,FOOD_CATEGORY_ID,FOOD_QOH) values (115,'Organic Acorns with Antioxidants',115,255);
Insert into FOOD_ITEM (FOOD_ITEM_ID,FOOD_ITEM_DESCRIPTION,FOOD_CATEGORY_ID,FOOD_QOH) values (116,'Tasty Walnuts with Antioxidants',116,70);
Insert into FOOD_ITEM (FOOD_ITEM_ID,FOOD_ITEM_DESCRIPTION,FOOD_CATEGORY_ID,FOOD_QOH) values (117,'Super Mixed Seafood with Antioxidants',117,181);
Insert into FOOD_ITEM (FOOD_ITEM_ID,FOOD_ITEM_DESCRIPTION,FOOD_CATEGORY_ID,FOOD_QOH) values (119,'Organic Chicken',119,54);
Insert into FOOD_ITEM (FOOD_ITEM_ID,FOOD_ITEM_DESCRIPTION,FOOD_CATEGORY_ID,FOOD_QOH) values (121,'Super Mixed Seafood',121,299);
Insert into FOOD_ITEM (FOOD_ITEM_ID,FOOD_ITEM_DESCRIPTION,FOOD_CATEGORY_ID,FOOD_QOH) values (126,'Wholesome Mixed Seafood with Antioxidants',126,119);
Insert into FOOD_ITEM (FOOD_ITEM_ID,FOOD_ITEM_DESCRIPTION,FOOD_CATEGORY_ID,FOOD_QOH) values (127,'Nutritious Walnuts with Vitamins',127,9);
Insert into FOOD_ITEM (FOOD_ITEM_ID,FOOD_ITEM_DESCRIPTION,FOOD_CATEGORY_ID,FOOD_QOH) values (134,'Nutritious Fish with Antioxidants',134,148);
Insert into FOOD_ITEM (FOOD_ITEM_ID,FOOD_ITEM_DESCRIPTION,FOOD_CATEGORY_ID,FOOD_QOH) values (135,'Nutritious Walnuts with Vitamins',135,292);
Insert into FOOD_ITEM (FOOD_ITEM_ID,FOOD_ITEM_DESCRIPTION,FOOD_CATEGORY_ID,FOOD_QOH) values (145,'Nutritious Sardines',145,57);
Insert into FOOD_ITEM (FOOD_ITEM_ID,FOOD_ITEM_DESCRIPTION,FOOD_CATEGORY_ID,FOOD_QOH) values (146,'Wholesome Sardines with Vitamins',146,23);

---------------------------------------------------
--   END DATA FOR TABLE FOOD_ITEM
---------------------------------------------------


---------------------------------------------------
--   DATA FOR TABLE FOOD_ITEM_SUPPLIER
--   FILTER = none used
---------------------------------------------------
REM INSERTING into FOOD_ITEM_SUPPLIER
Insert into FOOD_ITEM_SUPPLIER (FOOD_ITEM_ID,FOOD_SUP_ID,FOOD_PRICE) values (127,1,164.13);
Insert into FOOD_ITEM_SUPPLIER (FOOD_ITEM_ID,FOOD_SUP_ID,FOOD_PRICE) values (104,4,325.42);
Insert into FOOD_ITEM_SUPPLIER (FOOD_ITEM_ID,FOOD_SUP_ID,FOOD_PRICE) values (37,3,424.06);
Insert into FOOD_ITEM_SUPPLIER (FOOD_ITEM_ID,FOOD_SUP_ID,FOOD_PRICE) values (112,2,60.79);
Insert into FOOD_ITEM_SUPPLIER (FOOD_ITEM_ID,FOOD_SUP_ID,FOOD_PRICE) values (77,2,4.6);
Insert into FOOD_ITEM_SUPPLIER (FOOD_ITEM_ID,FOOD_SUP_ID,FOOD_PRICE) values (113,3,325.77);
Insert into FOOD_ITEM_SUPPLIER (FOOD_ITEM_ID,FOOD_SUP_ID,FOOD_PRICE) values (16,0,41.24);
Insert into FOOD_ITEM_SUPPLIER (FOOD_ITEM_ID,FOOD_SUP_ID,FOOD_PRICE) values (35,1,311.7);
Insert into FOOD_ITEM_SUPPLIER (FOOD_ITEM_ID,FOOD_SUP_ID,FOOD_PRICE) values (23,2,45.48);
Insert into FOOD_ITEM_SUPPLIER (FOOD_ITEM_ID,FOOD_SUP_ID,FOOD_PRICE) values (36,0,107.17);
Insert into FOOD_ITEM_SUPPLIER (FOOD_ITEM_ID,FOOD_SUP_ID,FOOD_PRICE) values (95,1,498.13);
Insert into FOOD_ITEM_SUPPLIER (FOOD_ITEM_ID,FOOD_SUP_ID,FOOD_PRICE) values (12,4,170.88);
Insert into FOOD_ITEM_SUPPLIER (FOOD_ITEM_ID,FOOD_SUP_ID,FOOD_PRICE) values (145,1,259.91);
Insert into FOOD_ITEM_SUPPLIER (FOOD_ITEM_ID,FOOD_SUP_ID,FOOD_PRICE) values (117,4,169.44);
Insert into FOOD_ITEM_SUPPLIER (FOOD_ITEM_ID,FOOD_SUP_ID,FOOD_PRICE) values (145,2,387.35);
Insert into FOOD_ITEM_SUPPLIER (FOOD_ITEM_ID,FOOD_SUP_ID,FOOD_PRICE) values (108,0,182.72);
Insert into FOOD_ITEM_SUPPLIER (FOOD_ITEM_ID,FOOD_SUP_ID,FOOD_PRICE) values (25,1,141.8);
Insert into FOOD_ITEM_SUPPLIER (FOOD_ITEM_ID,FOOD_SUP_ID,FOOD_PRICE) values (30,0,406.03);
Insert into FOOD_ITEM_SUPPLIER (FOOD_ITEM_ID,FOOD_SUP_ID,FOOD_PRICE) values (32,3,5.27);
Insert into FOOD_ITEM_SUPPLIER (FOOD_ITEM_ID,FOOD_SUP_ID,FOOD_PRICE) values (15,0,476.6);
Insert into FOOD_ITEM_SUPPLIER (FOOD_ITEM_ID,FOOD_SUP_ID,FOOD_PRICE) values (86,1,274.97);
Insert into FOOD_ITEM_SUPPLIER (FOOD_ITEM_ID,FOOD_SUP_ID,FOOD_PRICE) values (13,0,255.32);
Insert into FOOD_ITEM_SUPPLIER (FOOD_ITEM_ID,FOOD_SUP_ID,FOOD_PRICE) values (3,1,331.83);
Insert into FOOD_ITEM_SUPPLIER (FOOD_ITEM_ID,FOOD_SUP_ID,FOOD_PRICE) values (135,2,370.83);
Insert into FOOD_ITEM_SUPPLIER (FOOD_ITEM_ID,FOOD_SUP_ID,FOOD_PRICE) values (44,0,130.12);
Insert into FOOD_ITEM_SUPPLIER (FOOD_ITEM_ID,FOOD_SUP_ID,FOOD_PRICE) values (35,0,196.04);
Insert into FOOD_ITEM_SUPPLIER (FOOD_ITEM_ID,FOOD_SUP_ID,FOOD_PRICE) values (48,4,162.38);
Insert into FOOD_ITEM_SUPPLIER (FOOD_ITEM_ID,FOOD_SUP_ID,FOOD_PRICE) values (65,0,328.96);
Insert into FOOD_ITEM_SUPPLIER (FOOD_ITEM_ID,FOOD_SUP_ID,FOOD_PRICE) values (54,1,122.86);
Insert into FOOD_ITEM_SUPPLIER (FOOD_ITEM_ID,FOOD_SUP_ID,FOOD_PRICE) values (95,2,171.25);
Insert into FOOD_ITEM_SUPPLIER (FOOD_ITEM_ID,FOOD_SUP_ID,FOOD_PRICE) values (23,3,133.68);
Insert into FOOD_ITEM_SUPPLIER (FOOD_ITEM_ID,FOOD_SUP_ID,FOOD_PRICE) values (2,4,259.71);
Insert into FOOD_ITEM_SUPPLIER (FOOD_ITEM_ID,FOOD_SUP_ID,FOOD_PRICE) values (93,4,440.57);
Insert into FOOD_ITEM_SUPPLIER (FOOD_ITEM_ID,FOOD_SUP_ID,FOOD_PRICE) values (100,0,45.83);
Insert into FOOD_ITEM_SUPPLIER (FOOD_ITEM_ID,FOOD_SUP_ID,FOOD_PRICE) values (75,1,123.37);
Insert into FOOD_ITEM_SUPPLIER (FOOD_ITEM_ID,FOOD_SUP_ID,FOOD_PRICE) values (121,3,241.99);
Insert into FOOD_ITEM_SUPPLIER (FOOD_ITEM_ID,FOOD_SUP_ID,FOOD_PRICE) values (4,2,384.76);
Insert into FOOD_ITEM_SUPPLIER (FOOD_ITEM_ID,FOOD_SUP_ID,FOOD_PRICE) values (27,2,272.83);
Insert into FOOD_ITEM_SUPPLIER (FOOD_ITEM_ID,FOOD_SUP_ID,FOOD_PRICE) values (10,3,121.21);
Insert into FOOD_ITEM_SUPPLIER (FOOD_ITEM_ID,FOOD_SUP_ID,FOOD_PRICE) values (79,1,492);
Insert into FOOD_ITEM_SUPPLIER (FOOD_ITEM_ID,FOOD_SUP_ID,FOOD_PRICE) values (13,3,469.47);
Insert into FOOD_ITEM_SUPPLIER (FOOD_ITEM_ID,FOOD_SUP_ID,FOOD_PRICE) values (145,0,484.66);
Insert into FOOD_ITEM_SUPPLIER (FOOD_ITEM_ID,FOOD_SUP_ID,FOOD_PRICE) values (7,2,247.4);
Insert into FOOD_ITEM_SUPPLIER (FOOD_ITEM_ID,FOOD_SUP_ID,FOOD_PRICE) values (52,4,405.2);
Insert into FOOD_ITEM_SUPPLIER (FOOD_ITEM_ID,FOOD_SUP_ID,FOOD_PRICE) values (54,3,265.31);
Insert into FOOD_ITEM_SUPPLIER (FOOD_ITEM_ID,FOOD_SUP_ID,FOOD_PRICE) values (127,2,94.14);
Insert into FOOD_ITEM_SUPPLIER (FOOD_ITEM_ID,FOOD_SUP_ID,FOOD_PRICE) values (12,0,165.75);
Insert into FOOD_ITEM_SUPPLIER (FOOD_ITEM_ID,FOOD_SUP_ID,FOOD_PRICE) values (14,0,73.81);
Insert into FOOD_ITEM_SUPPLIER (FOOD_ITEM_ID,FOOD_SUP_ID,FOOD_PRICE) values (14,4,394.41);
Insert into FOOD_ITEM_SUPPLIER (FOOD_ITEM_ID,FOOD_SUP_ID,FOOD_PRICE) values (11,4,445);
Insert into FOOD_ITEM_SUPPLIER (FOOD_ITEM_ID,FOOD_SUP_ID,FOOD_PRICE) values (15,3,187.03);
Insert into FOOD_ITEM_SUPPLIER (FOOD_ITEM_ID,FOOD_SUP_ID,FOOD_PRICE) values (100,2,357.21);
Insert into FOOD_ITEM_SUPPLIER (FOOD_ITEM_ID,FOOD_SUP_ID,FOOD_PRICE) values (43,1,276.8);
Insert into FOOD_ITEM_SUPPLIER (FOOD_ITEM_ID,FOOD_SUP_ID,FOOD_PRICE) values (4,0,297.73);
Insert into FOOD_ITEM_SUPPLIER (FOOD_ITEM_ID,FOOD_SUP_ID,FOOD_PRICE) values (76,0,363.07);
Insert into FOOD_ITEM_SUPPLIER (FOOD_ITEM_ID,FOOD_SUP_ID,FOOD_PRICE) values (7,0,210.6);
Insert into FOOD_ITEM_SUPPLIER (FOOD_ITEM_ID,FOOD_SUP_ID,FOOD_PRICE) values (8,4,157.51);
Insert into FOOD_ITEM_SUPPLIER (FOOD_ITEM_ID,FOOD_SUP_ID,FOOD_PRICE) values (14,3,89.95);
Insert into FOOD_ITEM_SUPPLIER (FOOD_ITEM_ID,FOOD_SUP_ID,FOOD_PRICE) values (108,2,167.87);
Insert into FOOD_ITEM_SUPPLIER (FOOD_ITEM_ID,FOOD_SUP_ID,FOOD_PRICE) values (94,1,260.42);
Insert into FOOD_ITEM_SUPPLIER (FOOD_ITEM_ID,FOOD_SUP_ID,FOOD_PRICE) values (63,0,199.56);
Insert into FOOD_ITEM_SUPPLIER (FOOD_ITEM_ID,FOOD_SUP_ID,FOOD_PRICE) values (65,2,136.95);
Insert into FOOD_ITEM_SUPPLIER (FOOD_ITEM_ID,FOOD_SUP_ID,FOOD_PRICE) values (112,1,285.75);
Insert into FOOD_ITEM_SUPPLIER (FOOD_ITEM_ID,FOOD_SUP_ID,FOOD_PRICE) values (69,4,93.95);
Insert into FOOD_ITEM_SUPPLIER (FOOD_ITEM_ID,FOOD_SUP_ID,FOOD_PRICE) values (108,3,108.77);
Insert into FOOD_ITEM_SUPPLIER (FOOD_ITEM_ID,FOOD_SUP_ID,FOOD_PRICE) values (119,1,129.79);
Insert into FOOD_ITEM_SUPPLIER (FOOD_ITEM_ID,FOOD_SUP_ID,FOOD_PRICE) values (126,4,96.46);
Insert into FOOD_ITEM_SUPPLIER (FOOD_ITEM_ID,FOOD_SUP_ID,FOOD_PRICE) values (45,0,396.1);
Insert into FOOD_ITEM_SUPPLIER (FOOD_ITEM_ID,FOOD_SUP_ID,FOOD_PRICE) values (3,4,211.12);
Insert into FOOD_ITEM_SUPPLIER (FOOD_ITEM_ID,FOOD_SUP_ID,FOOD_PRICE) values (66,3,249.49);
Insert into FOOD_ITEM_SUPPLIER (FOOD_ITEM_ID,FOOD_SUP_ID,FOOD_PRICE) values (104,0,378.6);
Insert into FOOD_ITEM_SUPPLIER (FOOD_ITEM_ID,FOOD_SUP_ID,FOOD_PRICE) values (95,0,261.31);
Insert into FOOD_ITEM_SUPPLIER (FOOD_ITEM_ID,FOOD_SUP_ID,FOOD_PRICE) values (36,2,364.99);
Insert into FOOD_ITEM_SUPPLIER (FOOD_ITEM_ID,FOOD_SUP_ID,FOOD_PRICE) values (43,2,444.93);
Insert into FOOD_ITEM_SUPPLIER (FOOD_ITEM_ID,FOOD_SUP_ID,FOOD_PRICE) values (116,4,424.77);
Insert into FOOD_ITEM_SUPPLIER (FOOD_ITEM_ID,FOOD_SUP_ID,FOOD_PRICE) values (22,1,277.41);
Insert into FOOD_ITEM_SUPPLIER (FOOD_ITEM_ID,FOOD_SUP_ID,FOOD_PRICE) values (86,4,190.83);
Insert into FOOD_ITEM_SUPPLIER (FOOD_ITEM_ID,FOOD_SUP_ID,FOOD_PRICE) values (47,1,256.39);
Insert into FOOD_ITEM_SUPPLIER (FOOD_ITEM_ID,FOOD_SUP_ID,FOOD_PRICE) values (145,4,7.96);
Insert into FOOD_ITEM_SUPPLIER (FOOD_ITEM_ID,FOOD_SUP_ID,FOOD_PRICE) values (14,2,394.83);
Insert into FOOD_ITEM_SUPPLIER (FOOD_ITEM_ID,FOOD_SUP_ID,FOOD_PRICE) values (29,1,149.57);
Insert into FOOD_ITEM_SUPPLIER (FOOD_ITEM_ID,FOOD_SUP_ID,FOOD_PRICE) values (20,1,155.93);
Insert into FOOD_ITEM_SUPPLIER (FOOD_ITEM_ID,FOOD_SUP_ID,FOOD_PRICE) values (2,1,108.29);
Insert into FOOD_ITEM_SUPPLIER (FOOD_ITEM_ID,FOOD_SUP_ID,FOOD_PRICE) values (145,3,384.05);
Insert into FOOD_ITEM_SUPPLIER (FOOD_ITEM_ID,FOOD_SUP_ID,FOOD_PRICE) values (32,4,266.19);
Insert into FOOD_ITEM_SUPPLIER (FOOD_ITEM_ID,FOOD_SUP_ID,FOOD_PRICE) values (100,3,14.82);
Insert into FOOD_ITEM_SUPPLIER (FOOD_ITEM_ID,FOOD_SUP_ID,FOOD_PRICE) values (99,0,11.33);
Insert into FOOD_ITEM_SUPPLIER (FOOD_ITEM_ID,FOOD_SUP_ID,FOOD_PRICE) values (21,3,458.05);
Insert into FOOD_ITEM_SUPPLIER (FOOD_ITEM_ID,FOOD_SUP_ID,FOOD_PRICE) values (60,2,465.71);
Insert into FOOD_ITEM_SUPPLIER (FOOD_ITEM_ID,FOOD_SUP_ID,FOOD_PRICE) values (95,3,429);
Insert into FOOD_ITEM_SUPPLIER (FOOD_ITEM_ID,FOOD_SUP_ID,FOOD_PRICE) values (52,0,275.96);
Insert into FOOD_ITEM_SUPPLIER (FOOD_ITEM_ID,FOOD_SUP_ID,FOOD_PRICE) values (74,2,214.79);
Insert into FOOD_ITEM_SUPPLIER (FOOD_ITEM_ID,FOOD_SUP_ID,FOOD_PRICE) values (104,1,416.2);
Insert into FOOD_ITEM_SUPPLIER (FOOD_ITEM_ID,FOOD_SUP_ID,FOOD_PRICE) values (43,3,92.7);
Insert into FOOD_ITEM_SUPPLIER (FOOD_ITEM_ID,FOOD_SUP_ID,FOOD_PRICE) values (11,0,121.02);
Insert into FOOD_ITEM_SUPPLIER (FOOD_ITEM_ID,FOOD_SUP_ID,FOOD_PRICE) values (12,1,289.75);
Insert into FOOD_ITEM_SUPPLIER (FOOD_ITEM_ID,FOOD_SUP_ID,FOOD_PRICE) values (9,0,51.97);
Insert into FOOD_ITEM_SUPPLIER (FOOD_ITEM_ID,FOOD_SUP_ID,FOOD_PRICE) values (65,4,170.28);
Insert into FOOD_ITEM_SUPPLIER (FOOD_ITEM_ID,FOOD_SUP_ID,FOOD_PRICE) values (42,2,414.94);
Insert into FOOD_ITEM_SUPPLIER (FOOD_ITEM_ID,FOOD_SUP_ID,FOOD_PRICE) values (15,2,324.05);
Insert into FOOD_ITEM_SUPPLIER (FOOD_ITEM_ID,FOOD_SUP_ID,FOOD_PRICE) values (35,3,231.91);
Insert into FOOD_ITEM_SUPPLIER (FOOD_ITEM_ID,FOOD_SUP_ID,FOOD_PRICE) values (103,2,364.33);
Insert into FOOD_ITEM_SUPPLIER (FOOD_ITEM_ID,FOOD_SUP_ID,FOOD_PRICE) values (79,0,407.7);
Insert into FOOD_ITEM_SUPPLIER (FOOD_ITEM_ID,FOOD_SUP_ID,FOOD_PRICE) values (38,1,91.64);
Insert into FOOD_ITEM_SUPPLIER (FOOD_ITEM_ID,FOOD_SUP_ID,FOOD_PRICE) values (54,2,324.84);
Insert into FOOD_ITEM_SUPPLIER (FOOD_ITEM_ID,FOOD_SUP_ID,FOOD_PRICE) values (97,2,18.73);
Insert into FOOD_ITEM_SUPPLIER (FOOD_ITEM_ID,FOOD_SUP_ID,FOOD_PRICE) values (20,2,77.73);
Insert into FOOD_ITEM_SUPPLIER (FOOD_ITEM_ID,FOOD_SUP_ID,FOOD_PRICE) values (1,0,177.37);
Insert into FOOD_ITEM_SUPPLIER (FOOD_ITEM_ID,FOOD_SUP_ID,FOOD_PRICE) values (16,4,19.63);
Insert into FOOD_ITEM_SUPPLIER (FOOD_ITEM_ID,FOOD_SUP_ID,FOOD_PRICE) values (4,1,48.4);
Insert into FOOD_ITEM_SUPPLIER (FOOD_ITEM_ID,FOOD_SUP_ID,FOOD_PRICE) values (146,2,93.78);
Insert into FOOD_ITEM_SUPPLIER (FOOD_ITEM_ID,FOOD_SUP_ID,FOOD_PRICE) values (95,4,154.03);
Insert into FOOD_ITEM_SUPPLIER (FOOD_ITEM_ID,FOOD_SUP_ID,FOOD_PRICE) values (39,2,413.35);
Insert into FOOD_ITEM_SUPPLIER (FOOD_ITEM_ID,FOOD_SUP_ID,FOOD_PRICE) values (5,3,95.69);
Insert into FOOD_ITEM_SUPPLIER (FOOD_ITEM_ID,FOOD_SUP_ID,FOOD_PRICE) values (86,0,249.19);
Insert into FOOD_ITEM_SUPPLIER (FOOD_ITEM_ID,FOOD_SUP_ID,FOOD_PRICE) values (79,3,487.84);
Insert into FOOD_ITEM_SUPPLIER (FOOD_ITEM_ID,FOOD_SUP_ID,FOOD_PRICE) values (65,1,415.78);
Insert into FOOD_ITEM_SUPPLIER (FOOD_ITEM_ID,FOOD_SUP_ID,FOOD_PRICE) values (52,1,305.59);
Insert into FOOD_ITEM_SUPPLIER (FOOD_ITEM_ID,FOOD_SUP_ID,FOOD_PRICE) values (79,2,437.06);
Insert into FOOD_ITEM_SUPPLIER (FOOD_ITEM_ID,FOOD_SUP_ID,FOOD_PRICE) values (65,3,177.41);
Insert into FOOD_ITEM_SUPPLIER (FOOD_ITEM_ID,FOOD_SUP_ID,FOOD_PRICE) values (36,1,288.83);
Insert into FOOD_ITEM_SUPPLIER (FOOD_ITEM_ID,FOOD_SUP_ID,FOOD_PRICE) values (24,2,201.58);
Insert into FOOD_ITEM_SUPPLIER (FOOD_ITEM_ID,FOOD_SUP_ID,FOOD_PRICE) values (116,3,121.16);
Insert into FOOD_ITEM_SUPPLIER (FOOD_ITEM_ID,FOOD_SUP_ID,FOOD_PRICE) values (97,3,309.71);
Insert into FOOD_ITEM_SUPPLIER (FOOD_ITEM_ID,FOOD_SUP_ID,FOOD_PRICE) values (10,1,105.17);
Insert into FOOD_ITEM_SUPPLIER (FOOD_ITEM_ID,FOOD_SUP_ID,FOOD_PRICE) values (20,0,350.21);
Insert into FOOD_ITEM_SUPPLIER (FOOD_ITEM_ID,FOOD_SUP_ID,FOOD_PRICE) values (50,1,92.42);
Insert into FOOD_ITEM_SUPPLIER (FOOD_ITEM_ID,FOOD_SUP_ID,FOOD_PRICE) values (29,3,472.29);
Insert into FOOD_ITEM_SUPPLIER (FOOD_ITEM_ID,FOOD_SUP_ID,FOOD_PRICE) values (38,0,460.55);
Insert into FOOD_ITEM_SUPPLIER (FOOD_ITEM_ID,FOOD_SUP_ID,FOOD_PRICE) values (35,2,23.01);
Insert into FOOD_ITEM_SUPPLIER (FOOD_ITEM_ID,FOOD_SUP_ID,FOOD_PRICE) values (43,4,220.36);
Insert into FOOD_ITEM_SUPPLIER (FOOD_ITEM_ID,FOOD_SUP_ID,FOOD_PRICE) values (47,4,148.97);
Insert into FOOD_ITEM_SUPPLIER (FOOD_ITEM_ID,FOOD_SUP_ID,FOOD_PRICE) values (10,2,40.47);
Insert into FOOD_ITEM_SUPPLIER (FOOD_ITEM_ID,FOOD_SUP_ID,FOOD_PRICE) values (97,1,405.92);
Insert into FOOD_ITEM_SUPPLIER (FOOD_ITEM_ID,FOOD_SUP_ID,FOOD_PRICE) values (59,0,321.24);
Insert into FOOD_ITEM_SUPPLIER (FOOD_ITEM_ID,FOOD_SUP_ID,FOOD_PRICE) values (103,0,320.08);
Insert into FOOD_ITEM_SUPPLIER (FOOD_ITEM_ID,FOOD_SUP_ID,FOOD_PRICE) values (12,2,343.88);
Insert into FOOD_ITEM_SUPPLIER (FOOD_ITEM_ID,FOOD_SUP_ID,FOOD_PRICE) values (50,2,422.6);
Insert into FOOD_ITEM_SUPPLIER (FOOD_ITEM_ID,FOOD_SUP_ID,FOOD_PRICE) values (5,2,284.55);
Insert into FOOD_ITEM_SUPPLIER (FOOD_ITEM_ID,FOOD_SUP_ID,FOOD_PRICE) values (62,4,440.4);
Insert into FOOD_ITEM_SUPPLIER (FOOD_ITEM_ID,FOOD_SUP_ID,FOOD_PRICE) values (103,4,280.29);
Insert into FOOD_ITEM_SUPPLIER (FOOD_ITEM_ID,FOOD_SUP_ID,FOOD_PRICE) values (135,1,263.57);
Insert into FOOD_ITEM_SUPPLIER (FOOD_ITEM_ID,FOOD_SUP_ID,FOOD_PRICE) values (146,3,321.36);
Insert into FOOD_ITEM_SUPPLIER (FOOD_ITEM_ID,FOOD_SUP_ID,FOOD_PRICE) values (76,1,408.91);
Insert into FOOD_ITEM_SUPPLIER (FOOD_ITEM_ID,FOOD_SUP_ID,FOOD_PRICE) values (1,4,219.03);
Insert into FOOD_ITEM_SUPPLIER (FOOD_ITEM_ID,FOOD_SUP_ID,FOOD_PRICE) values (115,2,140.17);
Insert into FOOD_ITEM_SUPPLIER (FOOD_ITEM_ID,FOOD_SUP_ID,FOOD_PRICE) values (20,4,358.08);
Insert into FOOD_ITEM_SUPPLIER (FOOD_ITEM_ID,FOOD_SUP_ID,FOOD_PRICE) values (37,1,246.99);
Insert into FOOD_ITEM_SUPPLIER (FOOD_ITEM_ID,FOOD_SUP_ID,FOOD_PRICE) values (113,1,167.49);
Insert into FOOD_ITEM_SUPPLIER (FOOD_ITEM_ID,FOOD_SUP_ID,FOOD_PRICE) values (58,1,379.59);
Insert into FOOD_ITEM_SUPPLIER (FOOD_ITEM_ID,FOOD_SUP_ID,FOOD_PRICE) values (119,4,11.47);
Insert into FOOD_ITEM_SUPPLIER (FOOD_ITEM_ID,FOOD_SUP_ID,FOOD_PRICE) values (16,2,205.4);
Insert into FOOD_ITEM_SUPPLIER (FOOD_ITEM_ID,FOOD_SUP_ID,FOOD_PRICE) values (54,4,431.62);
Insert into FOOD_ITEM_SUPPLIER (FOOD_ITEM_ID,FOOD_SUP_ID,FOOD_PRICE) values (76,3,200.92);
Insert into FOOD_ITEM_SUPPLIER (FOOD_ITEM_ID,FOOD_SUP_ID,FOOD_PRICE) values (54,0,65.7);
Insert into FOOD_ITEM_SUPPLIER (FOOD_ITEM_ID,FOOD_SUP_ID,FOOD_PRICE) values (116,2,220.18);
Insert into FOOD_ITEM_SUPPLIER (FOOD_ITEM_ID,FOOD_SUP_ID,FOOD_PRICE) values (77,0,402.08);
Insert into FOOD_ITEM_SUPPLIER (FOOD_ITEM_ID,FOOD_SUP_ID,FOOD_PRICE) values (61,1,421.63);
Insert into FOOD_ITEM_SUPPLIER (FOOD_ITEM_ID,FOOD_SUP_ID,FOOD_PRICE) values (25,2,197.65);
Insert into FOOD_ITEM_SUPPLIER (FOOD_ITEM_ID,FOOD_SUP_ID,FOOD_PRICE) values (29,2,104.37);
Insert into FOOD_ITEM_SUPPLIER (FOOD_ITEM_ID,FOOD_SUP_ID,FOOD_PRICE) values (103,3,283.92);
Insert into FOOD_ITEM_SUPPLIER (FOOD_ITEM_ID,FOOD_SUP_ID,FOOD_PRICE) values (108,1,366.06);
Insert into FOOD_ITEM_SUPPLIER (FOOD_ITEM_ID,FOOD_SUP_ID,FOOD_PRICE) values (36,3,437.17);
Insert into FOOD_ITEM_SUPPLIER (FOOD_ITEM_ID,FOOD_SUP_ID,FOOD_PRICE) values (146,4,144.34);
Insert into FOOD_ITEM_SUPPLIER (FOOD_ITEM_ID,FOOD_SUP_ID,FOOD_PRICE) values (38,2,129.13);
Insert into FOOD_ITEM_SUPPLIER (FOOD_ITEM_ID,FOOD_SUP_ID,FOOD_PRICE) values (30,1,269.59);
Insert into FOOD_ITEM_SUPPLIER (FOOD_ITEM_ID,FOOD_SUP_ID,FOOD_PRICE) values (94,2,201.68);
Insert into FOOD_ITEM_SUPPLIER (FOOD_ITEM_ID,FOOD_SUP_ID,FOOD_PRICE) values (59,3,420.3);
Insert into FOOD_ITEM_SUPPLIER (FOOD_ITEM_ID,FOOD_SUP_ID,FOOD_PRICE) values (13,2,308.15);
Insert into FOOD_ITEM_SUPPLIER (FOOD_ITEM_ID,FOOD_SUP_ID,FOOD_PRICE) values (3,3,105.4);
Insert into FOOD_ITEM_SUPPLIER (FOOD_ITEM_ID,FOOD_SUP_ID,FOOD_PRICE) values (93,3,309.65);
Insert into FOOD_ITEM_SUPPLIER (FOOD_ITEM_ID,FOOD_SUP_ID,FOOD_PRICE) values (30,4,326.38);
Insert into FOOD_ITEM_SUPPLIER (FOOD_ITEM_ID,FOOD_SUP_ID,FOOD_PRICE) values (7,3,156.13);
Insert into FOOD_ITEM_SUPPLIER (FOOD_ITEM_ID,FOOD_SUP_ID,FOOD_PRICE) values (81,4,216.31);
Insert into FOOD_ITEM_SUPPLIER (FOOD_ITEM_ID,FOOD_SUP_ID,FOOD_PRICE) values (39,3,248.71);
Insert into FOOD_ITEM_SUPPLIER (FOOD_ITEM_ID,FOOD_SUP_ID,FOOD_PRICE) values (9,3,131.02);
Insert into FOOD_ITEM_SUPPLIER (FOOD_ITEM_ID,FOOD_SUP_ID,FOOD_PRICE) values (116,1,350.57);

---------------------------------------------------
--   END DATA FOR TABLE FOOD_ITEM_SUPPLIER
---------------------------------------------------


---------------------------------------------------
--   DATA FOR TABLE FOOD_SUPPLIER
--   FILTER = none used
---------------------------------------------------
REM INSERTING into FOOD_SUPPLIER
Insert into FOOD_SUPPLIER (FOOD_SUP_ID,FOOD_SUP_COMPANY_NAME) values (0,'Zoo Food Inc');
Insert into FOOD_SUPPLIER (FOOD_SUP_ID,FOOD_SUP_COMPANY_NAME) values (1,'Animal Food Solutions');
Insert into FOOD_SUPPLIER (FOOD_SUP_ID,FOOD_SUP_COMPANY_NAME) values (2,'Tiger Nutrition');
Insert into FOOD_SUPPLIER (FOOD_SUP_ID,FOOD_SUP_COMPANY_NAME) values (3,'Gourmet Animal Catering');
Insert into FOOD_SUPPLIER (FOOD_SUP_ID,FOOD_SUP_COMPANY_NAME) values (4,'Zood');

---------------------------------------------------
--   END DATA FOR TABLE FOOD_SUPPLIER
---------------------------------------------------


---------------------------------------------------
--   DATA FOR TABLE ILLNESS
--   FILTER = none used
---------------------------------------------------
REM INSERTING into ILLNESS
Insert into ILLNESS (ANIM_ID,ILL_TYPE_ID,ILL_START_DATE,ILL_END_DATE) values (93,49,to_timestamp('04-JUN-06 12.00.00.000000000 AM','DD-MON-RR HH.MI.SS.FF AM'),to_timestamp('15-JUN-06 12.00.00.000000000 AM','DD-MON-RR HH.MI.SS.FF AM'));
Insert into ILLNESS (ANIM_ID,ILL_TYPE_ID,ILL_START_DATE,ILL_END_DATE) values (179,78,to_timestamp('20-OCT-03 12.00.00.000000000 AM','DD-MON-RR HH.MI.SS.FF AM'),to_timestamp('14-NOV-03 12.00.00.000000000 AM','DD-MON-RR HH.MI.SS.FF AM'));
Insert into ILLNESS (ANIM_ID,ILL_TYPE_ID,ILL_START_DATE,ILL_END_DATE) values (27,147,to_timestamp('21-FEB-04 12.00.00.000000000 AM','DD-MON-RR HH.MI.SS.FF AM'),to_timestamp('28-FEB-04 12.00.00.000000000 AM','DD-MON-RR HH.MI.SS.FF AM'));
Insert into ILLNESS (ANIM_ID,ILL_TYPE_ID,ILL_START_DATE,ILL_END_DATE) values (182,127,to_timestamp('20-APR-05 12.00.00.000000000 AM','DD-MON-RR HH.MI.SS.FF AM'),null);
Insert into ILLNESS (ANIM_ID,ILL_TYPE_ID,ILL_START_DATE,ILL_END_DATE) values (15,207,to_timestamp('15-OCT-09 12.00.00.000000000 AM','DD-MON-RR HH.MI.SS.FF AM'),to_timestamp('27-OCT-09 12.00.00.000000000 AM','DD-MON-RR HH.MI.SS.FF AM'));
Insert into ILLNESS (ANIM_ID,ILL_TYPE_ID,ILL_START_DATE,ILL_END_DATE) values (158,90,to_timestamp('25-JUN-04 12.00.00.000000000 AM','DD-MON-RR HH.MI.SS.FF AM'),to_timestamp('04-JUL-04 12.00.00.000000000 AM','DD-MON-RR HH.MI.SS.FF AM'));
Insert into ILLNESS (ANIM_ID,ILL_TYPE_ID,ILL_START_DATE,ILL_END_DATE) values (69,139,to_timestamp('19-MAY-07 12.00.00.000000000 AM','DD-MON-RR HH.MI.SS.FF AM'),to_timestamp('03-JUN-07 12.00.00.000000000 AM','DD-MON-RR HH.MI.SS.FF AM'));
Insert into ILLNESS (ANIM_ID,ILL_TYPE_ID,ILL_START_DATE,ILL_END_DATE) values (3,29,to_timestamp('24-FEB-06 12.00.00.000000000 AM','DD-MON-RR HH.MI.SS.FF AM'),to_timestamp('18-MAR-06 12.00.00.000000000 AM','DD-MON-RR HH.MI.SS.FF AM'));
Insert into ILLNESS (ANIM_ID,ILL_TYPE_ID,ILL_START_DATE,ILL_END_DATE) values (122,163,to_timestamp('15-FEB-09 12.00.00.000000000 AM','DD-MON-RR HH.MI.SS.FF AM'),to_timestamp('16-MAR-09 12.00.00.000000000 AM','DD-MON-RR HH.MI.SS.FF AM'));
Insert into ILLNESS (ANIM_ID,ILL_TYPE_ID,ILL_START_DATE,ILL_END_DATE) values (33,190,to_timestamp('14-DEC-06 12.00.00.000000000 AM','DD-MON-RR HH.MI.SS.FF AM'),to_timestamp('05-JAN-07 12.00.00.000000000 AM','DD-MON-RR HH.MI.SS.FF AM'));
Insert into ILLNESS (ANIM_ID,ILL_TYPE_ID,ILL_START_DATE,ILL_END_DATE) values (165,175,to_timestamp('31-MAR-02 12.00.00.000000000 AM','DD-MON-RR HH.MI.SS.FF AM'),to_timestamp('15-APR-02 12.00.00.000000000 AM','DD-MON-RR HH.MI.SS.FF AM'));
Insert into ILLNESS (ANIM_ID,ILL_TYPE_ID,ILL_START_DATE,ILL_END_DATE) values (186,72,to_timestamp('02-AUG-07 12.00.00.000000000 AM','DD-MON-RR HH.MI.SS.FF AM'),to_timestamp('13-AUG-07 12.00.00.000000000 AM','DD-MON-RR HH.MI.SS.FF AM'));
Insert into ILLNESS (ANIM_ID,ILL_TYPE_ID,ILL_START_DATE,ILL_END_DATE) values (46,48,to_timestamp('24-AUG-02 12.00.00.000000000 AM','DD-MON-RR HH.MI.SS.FF AM'),null);
Insert into ILLNESS (ANIM_ID,ILL_TYPE_ID,ILL_START_DATE,ILL_END_DATE) values (101,98,to_timestamp('05-AUG-08 12.00.00.000000000 AM','DD-MON-RR HH.MI.SS.FF AM'),to_timestamp('30-AUG-08 12.00.00.000000000 AM','DD-MON-RR HH.MI.SS.FF AM'));
Insert into ILLNESS (ANIM_ID,ILL_TYPE_ID,ILL_START_DATE,ILL_END_DATE) values (31,198,to_timestamp('05-JUN-09 12.00.00.000000000 AM','DD-MON-RR HH.MI.SS.FF AM'),to_timestamp('15-JUN-09 12.00.00.000000000 AM','DD-MON-RR HH.MI.SS.FF AM'));
Insert into ILLNESS (ANIM_ID,ILL_TYPE_ID,ILL_START_DATE,ILL_END_DATE) values (93,90,to_timestamp('20-OCT-06 12.00.00.000000000 AM','DD-MON-RR HH.MI.SS.FF AM'),to_timestamp('10-NOV-06 12.00.00.000000000 AM','DD-MON-RR HH.MI.SS.FF AM'));
Insert into ILLNESS (ANIM_ID,ILL_TYPE_ID,ILL_START_DATE,ILL_END_DATE) values (123,123,to_timestamp('22-APR-03 12.00.00.000000000 AM','DD-MON-RR HH.MI.SS.FF AM'),to_timestamp('29-APR-03 12.00.00.000000000 AM','DD-MON-RR HH.MI.SS.FF AM'));
Insert into ILLNESS (ANIM_ID,ILL_TYPE_ID,ILL_START_DATE,ILL_END_DATE) values (37,27,to_timestamp('11-OCT-04 12.00.00.000000000 AM','DD-MON-RR HH.MI.SS.FF AM'),to_timestamp('24-OCT-04 12.00.00.000000000 AM','DD-MON-RR HH.MI.SS.FF AM'));
Insert into ILLNESS (ANIM_ID,ILL_TYPE_ID,ILL_START_DATE,ILL_END_DATE) values (125,109,to_timestamp('13-OCT-03 12.00.00.000000000 AM','DD-MON-RR HH.MI.SS.FF AM'),to_timestamp('20-OCT-03 12.00.00.000000000 AM','DD-MON-RR HH.MI.SS.FF AM'));
Insert into ILLNESS (ANIM_ID,ILL_TYPE_ID,ILL_START_DATE,ILL_END_DATE) values (36,139,to_timestamp('14-FEB-08 12.00.00.000000000 AM','DD-MON-RR HH.MI.SS.FF AM'),to_timestamp('03-MAR-08 12.00.00.000000000 AM','DD-MON-RR HH.MI.SS.FF AM'));
Insert into ILLNESS (ANIM_ID,ILL_TYPE_ID,ILL_START_DATE,ILL_END_DATE) values (154,186,to_timestamp('01-APR-09 12.00.00.000000000 AM','DD-MON-RR HH.MI.SS.FF AM'),to_timestamp('14-APR-09 12.00.00.000000000 AM','DD-MON-RR HH.MI.SS.FF AM'));
Insert into ILLNESS (ANIM_ID,ILL_TYPE_ID,ILL_START_DATE,ILL_END_DATE) values (166,4,to_timestamp('30-JAN-10 12.00.00.000000000 AM','DD-MON-RR HH.MI.SS.FF AM'),to_timestamp('18-FEB-10 12.00.00.000000000 AM','DD-MON-RR HH.MI.SS.FF AM'));
Insert into ILLNESS (ANIM_ID,ILL_TYPE_ID,ILL_START_DATE,ILL_END_DATE) values (146,33,to_timestamp('28-MAR-04 12.00.00.000000000 AM','DD-MON-RR HH.MI.SS.FF AM'),to_timestamp('23-APR-04 12.00.00.000000000 AM','DD-MON-RR HH.MI.SS.FF AM'));
Insert into ILLNESS (ANIM_ID,ILL_TYPE_ID,ILL_START_DATE,ILL_END_DATE) values (194,17,to_timestamp('13-JAN-06 12.00.00.000000000 AM','DD-MON-RR HH.MI.SS.FF AM'),to_timestamp('29-JAN-06 12.00.00.000000000 AM','DD-MON-RR HH.MI.SS.FF AM'));
Insert into ILLNESS (ANIM_ID,ILL_TYPE_ID,ILL_START_DATE,ILL_END_DATE) values (154,86,to_timestamp('12-APR-08 12.00.00.000000000 AM','DD-MON-RR HH.MI.SS.FF AM'),to_timestamp('08-MAY-08 12.00.00.000000000 AM','DD-MON-RR HH.MI.SS.FF AM'));
Insert into ILLNESS (ANIM_ID,ILL_TYPE_ID,ILL_START_DATE,ILL_END_DATE) values (73,78,to_timestamp('29-SEP-09 12.00.00.000000000 AM','DD-MON-RR HH.MI.SS.FF AM'),to_timestamp('23-OCT-09 12.00.00.000000000 AM','DD-MON-RR HH.MI.SS.FF AM'));
Insert into ILLNESS (ANIM_ID,ILL_TYPE_ID,ILL_START_DATE,ILL_END_DATE) values (90,45,to_timestamp('15-AUG-04 12.00.00.000000000 AM','DD-MON-RR HH.MI.SS.FF AM'),to_timestamp('01-SEP-04 12.00.00.000000000 AM','DD-MON-RR HH.MI.SS.FF AM'));
Insert into ILLNESS (ANIM_ID,ILL_TYPE_ID,ILL_START_DATE,ILL_END_DATE) values (59,116,to_timestamp('29-JUN-08 12.00.00.000000000 AM','DD-MON-RR HH.MI.SS.FF AM'),to_timestamp('21-JUL-08 12.00.00.000000000 AM','DD-MON-RR HH.MI.SS.FF AM'));
Insert into ILLNESS (ANIM_ID,ILL_TYPE_ID,ILL_START_DATE,ILL_END_DATE) values (69,162,to_timestamp('29-DEC-09 12.00.00.000000000 AM','DD-MON-RR HH.MI.SS.FF AM'),to_timestamp('26-JAN-10 12.00.00.000000000 AM','DD-MON-RR HH.MI.SS.FF AM'));
Insert into ILLNESS (ANIM_ID,ILL_TYPE_ID,ILL_START_DATE,ILL_END_DATE) values (20,103,to_timestamp('16-MAR-10 12.00.00.000000000 AM','DD-MON-RR HH.MI.SS.FF AM'),to_timestamp('28-MAR-10 12.00.00.000000000 AM','DD-MON-RR HH.MI.SS.FF AM'));
Insert into ILLNESS (ANIM_ID,ILL_TYPE_ID,ILL_START_DATE,ILL_END_DATE) values (54,69,to_timestamp('22-AUG-04 12.00.00.000000000 AM','DD-MON-RR HH.MI.SS.FF AM'),null);
Insert into ILLNESS (ANIM_ID,ILL_TYPE_ID,ILL_START_DATE,ILL_END_DATE) values (150,176,to_timestamp('20-JUN-03 12.00.00.000000000 AM','DD-MON-RR HH.MI.SS.FF AM'),to_timestamp('07-JUL-03 12.00.00.000000000 AM','DD-MON-RR HH.MI.SS.FF AM'));
Insert into ILLNESS (ANIM_ID,ILL_TYPE_ID,ILL_START_DATE,ILL_END_DATE) values (71,163,to_timestamp('08-SEP-07 12.00.00.000000000 AM','DD-MON-RR HH.MI.SS.FF AM'),to_timestamp('22-SEP-07 12.00.00.000000000 AM','DD-MON-RR HH.MI.SS.FF AM'));
Insert into ILLNESS (ANIM_ID,ILL_TYPE_ID,ILL_START_DATE,ILL_END_DATE) values (53,187,to_timestamp('06-SEP-08 12.00.00.000000000 AM','DD-MON-RR HH.MI.SS.FF AM'),to_timestamp('28-SEP-08 12.00.00.000000000 AM','DD-MON-RR HH.MI.SS.FF AM'));
Insert into ILLNESS (ANIM_ID,ILL_TYPE_ID,ILL_START_DATE,ILL_END_DATE) values (193,126,to_timestamp('06-SEP-03 12.00.00.000000000 AM','DD-MON-RR HH.MI.SS.FF AM'),to_timestamp('21-SEP-03 12.00.00.000000000 AM','DD-MON-RR HH.MI.SS.FF AM'));
Insert into ILLNESS (ANIM_ID,ILL_TYPE_ID,ILL_START_DATE,ILL_END_DATE) values (64,27,to_timestamp('16-JUN-04 12.00.00.000000000 AM','DD-MON-RR HH.MI.SS.FF AM'),to_timestamp('12-JUL-04 12.00.00.000000000 AM','DD-MON-RR HH.MI.SS.FF AM'));
Insert into ILLNESS (ANIM_ID,ILL_TYPE_ID,ILL_START_DATE,ILL_END_DATE) values (51,82,to_timestamp('08-AUG-05 12.00.00.000000000 AM','DD-MON-RR HH.MI.SS.FF AM'),to_timestamp('06-SEP-05 12.00.00.000000000 AM','DD-MON-RR HH.MI.SS.FF AM'));
Insert into ILLNESS (ANIM_ID,ILL_TYPE_ID,ILL_START_DATE,ILL_END_DATE) values (174,148,to_timestamp('28-OCT-02 12.00.00.000000000 AM','DD-MON-RR HH.MI.SS.FF AM'),to_timestamp('10-NOV-02 12.00.00.000000000 AM','DD-MON-RR HH.MI.SS.FF AM'));
Insert into ILLNESS (ANIM_ID,ILL_TYPE_ID,ILL_START_DATE,ILL_END_DATE) values (1,29,to_timestamp('31-DEC-01 12.00.00.000000000 AM','DD-MON-RR HH.MI.SS.FF AM'),to_timestamp('15-JAN-02 12.00.00.000000000 AM','DD-MON-RR HH.MI.SS.FF AM'));
Insert into ILLNESS (ANIM_ID,ILL_TYPE_ID,ILL_START_DATE,ILL_END_DATE) values (52,41,to_timestamp('24-JAN-10 12.00.00.000000000 AM','DD-MON-RR HH.MI.SS.FF AM'),to_timestamp('07-FEB-10 12.00.00.000000000 AM','DD-MON-RR HH.MI.SS.FF AM'));
Insert into ILLNESS (ANIM_ID,ILL_TYPE_ID,ILL_START_DATE,ILL_END_DATE) values (163,113,to_timestamp('23-JUL-09 12.00.00.000000000 AM','DD-MON-RR HH.MI.SS.FF AM'),to_timestamp('13-AUG-09 12.00.00.000000000 AM','DD-MON-RR HH.MI.SS.FF AM'));
Insert into ILLNESS (ANIM_ID,ILL_TYPE_ID,ILL_START_DATE,ILL_END_DATE) values (11,133,to_timestamp('25-JUN-05 12.00.00.000000000 AM','DD-MON-RR HH.MI.SS.FF AM'),null);
Insert into ILLNESS (ANIM_ID,ILL_TYPE_ID,ILL_START_DATE,ILL_END_DATE) values (129,190,to_timestamp('06-AUG-07 12.00.00.000000000 AM','DD-MON-RR HH.MI.SS.FF AM'),to_timestamp('21-AUG-07 12.00.00.000000000 AM','DD-MON-RR HH.MI.SS.FF AM'));
Insert into ILLNESS (ANIM_ID,ILL_TYPE_ID,ILL_START_DATE,ILL_END_DATE) values (22,115,to_timestamp('08-SEP-09 12.00.00.000000000 AM','DD-MON-RR HH.MI.SS.FF AM'),to_timestamp('04-OCT-09 12.00.00.000000000 AM','DD-MON-RR HH.MI.SS.FF AM'));
Insert into ILLNESS (ANIM_ID,ILL_TYPE_ID,ILL_START_DATE,ILL_END_DATE) values (29,108,to_timestamp('13-MAY-04 12.00.00.000000000 AM','DD-MON-RR HH.MI.SS.FF AM'),to_timestamp('24-MAY-04 12.00.00.000000000 AM','DD-MON-RR HH.MI.SS.FF AM'));
Insert into ILLNESS (ANIM_ID,ILL_TYPE_ID,ILL_START_DATE,ILL_END_DATE) values (80,16,to_timestamp('12-JUN-09 12.00.00.000000000 AM','DD-MON-RR HH.MI.SS.FF AM'),to_timestamp('26-JUN-09 12.00.00.000000000 AM','DD-MON-RR HH.MI.SS.FF AM'));
Insert into ILLNESS (ANIM_ID,ILL_TYPE_ID,ILL_START_DATE,ILL_END_DATE) values (27,175,to_timestamp('16-JAN-10 12.00.00.000000000 AM','DD-MON-RR HH.MI.SS.FF AM'),to_timestamp('09-FEB-10 12.00.00.000000000 AM','DD-MON-RR HH.MI.SS.FF AM'));
Insert into ILLNESS (ANIM_ID,ILL_TYPE_ID,ILL_START_DATE,ILL_END_DATE) values (46,93,to_timestamp('09-APR-04 12.00.00.000000000 AM','DD-MON-RR HH.MI.SS.FF AM'),null);
Insert into ILLNESS (ANIM_ID,ILL_TYPE_ID,ILL_START_DATE,ILL_END_DATE) values (134,60,to_timestamp('09-MAR-10 12.00.00.000000000 AM','DD-MON-RR HH.MI.SS.FF AM'),null);
Insert into ILLNESS (ANIM_ID,ILL_TYPE_ID,ILL_START_DATE,ILL_END_DATE) values (137,188,to_timestamp('14-AUG-05 12.00.00.000000000 AM','DD-MON-RR HH.MI.SS.FF AM'),to_timestamp('24-AUG-05 12.00.00.000000000 AM','DD-MON-RR HH.MI.SS.FF AM'));
Insert into ILLNESS (ANIM_ID,ILL_TYPE_ID,ILL_START_DATE,ILL_END_DATE) values (150,96,to_timestamp('19-MAR-05 12.00.00.000000000 AM','DD-MON-RR HH.MI.SS.FF AM'),to_timestamp('02-APR-05 12.00.00.000000000 AM','DD-MON-RR HH.MI.SS.FF AM'));
Insert into ILLNESS (ANIM_ID,ILL_TYPE_ID,ILL_START_DATE,ILL_END_DATE) values (30,120,to_timestamp('04-FEB-06 12.00.00.000000000 AM','DD-MON-RR HH.MI.SS.FF AM'),to_timestamp('12-FEB-06 12.00.00.000000000 AM','DD-MON-RR HH.MI.SS.FF AM'));
Insert into ILLNESS (ANIM_ID,ILL_TYPE_ID,ILL_START_DATE,ILL_END_DATE) values (109,176,to_timestamp('27-NOV-99 12.00.00.000000000 AM','DD-MON-RR HH.MI.SS.FF AM'),to_timestamp('20-DEC-99 12.00.00.000000000 AM','DD-MON-RR HH.MI.SS.FF AM'));
Insert into ILLNESS (ANIM_ID,ILL_TYPE_ID,ILL_START_DATE,ILL_END_DATE) values (154,169,to_timestamp('11-MAR-02 12.00.00.000000000 AM','DD-MON-RR HH.MI.SS.FF AM'),to_timestamp('28-MAR-02 12.00.00.000000000 AM','DD-MON-RR HH.MI.SS.FF AM'));
Insert into ILLNESS (ANIM_ID,ILL_TYPE_ID,ILL_START_DATE,ILL_END_DATE) values (57,183,to_timestamp('25-NOV-99 12.00.00.000000000 AM','DD-MON-RR HH.MI.SS.FF AM'),null);
Insert into ILLNESS (ANIM_ID,ILL_TYPE_ID,ILL_START_DATE,ILL_END_DATE) values (175,180,to_timestamp('19-JAN-10 12.00.00.000000000 AM','DD-MON-RR HH.MI.SS.FF AM'),to_timestamp('16-FEB-10 12.00.00.000000000 AM','DD-MON-RR HH.MI.SS.FF AM'));
Insert into ILLNESS (ANIM_ID,ILL_TYPE_ID,ILL_START_DATE,ILL_END_DATE) values (132,77,to_timestamp('08-OCT-09 12.00.00.000000000 AM','DD-MON-RR HH.MI.SS.FF AM'),to_timestamp('24-OCT-09 12.00.00.000000000 AM','DD-MON-RR HH.MI.SS.FF AM'));
Insert into ILLNESS (ANIM_ID,ILL_TYPE_ID,ILL_START_DATE,ILL_END_DATE) values (106,74,to_timestamp('18-DEC-05 12.00.00.000000000 AM','DD-MON-RR HH.MI.SS.FF AM'),to_timestamp('12-JAN-06 12.00.00.000000000 AM','DD-MON-RR HH.MI.SS.FF AM'));
Insert into ILLNESS (ANIM_ID,ILL_TYPE_ID,ILL_START_DATE,ILL_END_DATE) values (72,140,to_timestamp('21-SEP-05 12.00.00.000000000 AM','DD-MON-RR HH.MI.SS.FF AM'),null);
Insert into ILLNESS (ANIM_ID,ILL_TYPE_ID,ILL_START_DATE,ILL_END_DATE) values (136,67,to_timestamp('05-MAY-01 12.00.00.000000000 AM','DD-MON-RR HH.MI.SS.FF AM'),to_timestamp('26-MAY-01 12.00.00.000000000 AM','DD-MON-RR HH.MI.SS.FF AM'));
Insert into ILLNESS (ANIM_ID,ILL_TYPE_ID,ILL_START_DATE,ILL_END_DATE) values (135,194,to_timestamp('08-JAN-10 12.00.00.000000000 AM','DD-MON-RR HH.MI.SS.FF AM'),null);
Insert into ILLNESS (ANIM_ID,ILL_TYPE_ID,ILL_START_DATE,ILL_END_DATE) values (11,44,to_timestamp('24-JAN-09 12.00.00.000000000 AM','DD-MON-RR HH.MI.SS.FF AM'),null);
Insert into ILLNESS (ANIM_ID,ILL_TYPE_ID,ILL_START_DATE,ILL_END_DATE) values (124,181,to_timestamp('10-OCT-06 12.00.00.000000000 AM','DD-MON-RR HH.MI.SS.FF AM'),to_timestamp('08-NOV-06 12.00.00.000000000 AM','DD-MON-RR HH.MI.SS.FF AM'));
Insert into ILLNESS (ANIM_ID,ILL_TYPE_ID,ILL_START_DATE,ILL_END_DATE) values (158,117,to_timestamp('25-JUN-08 12.00.00.000000000 AM','DD-MON-RR HH.MI.SS.FF AM'),to_timestamp('20-JUL-08 12.00.00.000000000 AM','DD-MON-RR HH.MI.SS.FF AM'));
Insert into ILLNESS (ANIM_ID,ILL_TYPE_ID,ILL_START_DATE,ILL_END_DATE) values (89,133,to_timestamp('17-JUL-06 12.00.00.000000000 AM','DD-MON-RR HH.MI.SS.FF AM'),to_timestamp('28-JUL-06 12.00.00.000000000 AM','DD-MON-RR HH.MI.SS.FF AM'));
Insert into ILLNESS (ANIM_ID,ILL_TYPE_ID,ILL_START_DATE,ILL_END_DATE) values (75,35,to_timestamp('22-DEC-02 12.00.00.000000000 AM','DD-MON-RR HH.MI.SS.FF AM'),to_timestamp('14-JAN-03 12.00.00.000000000 AM','DD-MON-RR HH.MI.SS.FF AM'));
Insert into ILLNESS (ANIM_ID,ILL_TYPE_ID,ILL_START_DATE,ILL_END_DATE) values (190,27,to_timestamp('14-NOV-09 12.00.00.000000000 AM','DD-MON-RR HH.MI.SS.FF AM'),to_timestamp('25-NOV-09 12.00.00.000000000 AM','DD-MON-RR HH.MI.SS.FF AM'));
Insert into ILLNESS (ANIM_ID,ILL_TYPE_ID,ILL_START_DATE,ILL_END_DATE) values (26,163,to_timestamp('08-JUL-09 12.00.00.000000000 AM','DD-MON-RR HH.MI.SS.FF AM'),to_timestamp('06-AUG-09 12.00.00.000000000 AM','DD-MON-RR HH.MI.SS.FF AM'));
Insert into ILLNESS (ANIM_ID,ILL_TYPE_ID,ILL_START_DATE,ILL_END_DATE) values (115,42,to_timestamp('17-NOV-07 12.00.00.000000000 AM','DD-MON-RR HH.MI.SS.FF AM'),to_timestamp('24-NOV-07 12.00.00.000000000 AM','DD-MON-RR HH.MI.SS.FF AM'));
Insert into ILLNESS (ANIM_ID,ILL_TYPE_ID,ILL_START_DATE,ILL_END_DATE) values (11,113,to_timestamp('27-DEC-05 12.00.00.000000000 AM','DD-MON-RR HH.MI.SS.FF AM'),to_timestamp('03-JAN-06 12.00.00.000000000 AM','DD-MON-RR HH.MI.SS.FF AM'));
Insert into ILLNESS (ANIM_ID,ILL_TYPE_ID,ILL_START_DATE,ILL_END_DATE) values (170,209,to_timestamp('24-JUL-07 12.00.00.000000000 AM','DD-MON-RR HH.MI.SS.FF AM'),to_timestamp('12-AUG-07 12.00.00.000000000 AM','DD-MON-RR HH.MI.SS.FF AM'));
Insert into ILLNESS (ANIM_ID,ILL_TYPE_ID,ILL_START_DATE,ILL_END_DATE) values (177,123,to_timestamp('29-DEC-09 12.00.00.000000000 AM','DD-MON-RR HH.MI.SS.FF AM'),to_timestamp('21-JAN-10 12.00.00.000000000 AM','DD-MON-RR HH.MI.SS.FF AM'));
Insert into ILLNESS (ANIM_ID,ILL_TYPE_ID,ILL_START_DATE,ILL_END_DATE) values (141,72,to_timestamp('15-NOV-09 12.00.00.000000000 AM','DD-MON-RR HH.MI.SS.FF AM'),to_timestamp('22-NOV-09 12.00.00.000000000 AM','DD-MON-RR HH.MI.SS.FF AM'));
Insert into ILLNESS (ANIM_ID,ILL_TYPE_ID,ILL_START_DATE,ILL_END_DATE) values (195,134,to_timestamp('21-JUL-09 12.00.00.000000000 AM','DD-MON-RR HH.MI.SS.FF AM'),to_timestamp('17-AUG-09 12.00.00.000000000 AM','DD-MON-RR HH.MI.SS.FF AM'));
Insert into ILLNESS (ANIM_ID,ILL_TYPE_ID,ILL_START_DATE,ILL_END_DATE) values (15,30,to_timestamp('30-JUN-08 12.00.00.000000000 AM','DD-MON-RR HH.MI.SS.FF AM'),to_timestamp('19-JUL-08 12.00.00.000000000 AM','DD-MON-RR HH.MI.SS.FF AM'));
Insert into ILLNESS (ANIM_ID,ILL_TYPE_ID,ILL_START_DATE,ILL_END_DATE) values (81,209,to_timestamp('09-JUN-07 12.00.00.000000000 AM','DD-MON-RR HH.MI.SS.FF AM'),to_timestamp('19-JUN-07 12.00.00.000000000 AM','DD-MON-RR HH.MI.SS.FF AM'));
Insert into ILLNESS (ANIM_ID,ILL_TYPE_ID,ILL_START_DATE,ILL_END_DATE) values (192,121,to_timestamp('29-AUG-98 12.00.00.000000000 AM','DD-MON-RR HH.MI.SS.FF AM'),to_timestamp('08-SEP-98 12.00.00.000000000 AM','DD-MON-RR HH.MI.SS.FF AM'));
Insert into ILLNESS (ANIM_ID,ILL_TYPE_ID,ILL_START_DATE,ILL_END_DATE) values (107,38,to_timestamp('30-OCT-99 12.00.00.000000000 AM','DD-MON-RR HH.MI.SS.FF AM'),to_timestamp('19-NOV-99 12.00.00.000000000 AM','DD-MON-RR HH.MI.SS.FF AM'));
Insert into ILLNESS (ANIM_ID,ILL_TYPE_ID,ILL_START_DATE,ILL_END_DATE) values (46,156,to_timestamp('04-APR-01 12.00.00.000000000 AM','DD-MON-RR HH.MI.SS.FF AM'),to_timestamp('12-APR-01 12.00.00.000000000 AM','DD-MON-RR HH.MI.SS.FF AM'));
Insert into ILLNESS (ANIM_ID,ILL_TYPE_ID,ILL_START_DATE,ILL_END_DATE) values (29,47,to_timestamp('27-FEB-09 12.00.00.000000000 AM','DD-MON-RR HH.MI.SS.FF AM'),to_timestamp('29-MAR-09 12.00.00.000000000 AM','DD-MON-RR HH.MI.SS.FF AM'));
Insert into ILLNESS (ANIM_ID,ILL_TYPE_ID,ILL_START_DATE,ILL_END_DATE) values (96,97,to_timestamp('12-MAR-09 12.00.00.000000000 AM','DD-MON-RR HH.MI.SS.FF AM'),to_timestamp('24-MAR-09 12.00.00.000000000 AM','DD-MON-RR HH.MI.SS.FF AM'));
Insert into ILLNESS (ANIM_ID,ILL_TYPE_ID,ILL_START_DATE,ILL_END_DATE) values (165,109,to_timestamp('21-NOV-04 12.00.00.000000000 AM','DD-MON-RR HH.MI.SS.FF AM'),to_timestamp('13-DEC-04 12.00.00.000000000 AM','DD-MON-RR HH.MI.SS.FF AM'));
Insert into ILLNESS (ANIM_ID,ILL_TYPE_ID,ILL_START_DATE,ILL_END_DATE) values (110,151,to_timestamp('10-NOV-09 12.00.00.000000000 AM','DD-MON-RR HH.MI.SS.FF AM'),to_timestamp('07-DEC-09 12.00.00.000000000 AM','DD-MON-RR HH.MI.SS.FF AM'));
Insert into ILLNESS (ANIM_ID,ILL_TYPE_ID,ILL_START_DATE,ILL_END_DATE) values (85,90,to_timestamp('22-FEB-02 12.00.00.000000000 AM','DD-MON-RR HH.MI.SS.FF AM'),to_timestamp('07-MAR-02 12.00.00.000000000 AM','DD-MON-RR HH.MI.SS.FF AM'));
Insert into ILLNESS (ANIM_ID,ILL_TYPE_ID,ILL_START_DATE,ILL_END_DATE) values (93,85,to_timestamp('06-FEB-04 12.00.00.000000000 AM','DD-MON-RR HH.MI.SS.FF AM'),to_timestamp('05-MAR-04 12.00.00.000000000 AM','DD-MON-RR HH.MI.SS.FF AM'));
Insert into ILLNESS (ANIM_ID,ILL_TYPE_ID,ILL_START_DATE,ILL_END_DATE) values (48,180,to_timestamp('07-DEC-07 12.00.00.000000000 AM','DD-MON-RR HH.MI.SS.FF AM'),null);
Insert into ILLNESS (ANIM_ID,ILL_TYPE_ID,ILL_START_DATE,ILL_END_DATE) values (42,89,to_timestamp('30-JAN-08 12.00.00.000000000 AM','DD-MON-RR HH.MI.SS.FF AM'),to_timestamp('07-FEB-08 12.00.00.000000000 AM','DD-MON-RR HH.MI.SS.FF AM'));
Insert into ILLNESS (ANIM_ID,ILL_TYPE_ID,ILL_START_DATE,ILL_END_DATE) values (159,136,to_timestamp('11-DEC-08 12.00.00.000000000 AM','DD-MON-RR HH.MI.SS.FF AM'),to_timestamp('19-DEC-08 12.00.00.000000000 AM','DD-MON-RR HH.MI.SS.FF AM'));
Insert into ILLNESS (ANIM_ID,ILL_TYPE_ID,ILL_START_DATE,ILL_END_DATE) values (53,172,to_timestamp('01-SEP-09 12.00.00.000000000 AM','DD-MON-RR HH.MI.SS.FF AM'),to_timestamp('16-SEP-09 12.00.00.000000000 AM','DD-MON-RR HH.MI.SS.FF AM'));
Insert into ILLNESS (ANIM_ID,ILL_TYPE_ID,ILL_START_DATE,ILL_END_DATE) values (115,59,to_timestamp('07-JAN-09 12.00.00.000000000 AM','DD-MON-RR HH.MI.SS.FF AM'),to_timestamp('01-FEB-09 12.00.00.000000000 AM','DD-MON-RR HH.MI.SS.FF AM'));
Insert into ILLNESS (ANIM_ID,ILL_TYPE_ID,ILL_START_DATE,ILL_END_DATE) values (137,73,to_timestamp('27-MAR-01 12.00.00.000000000 AM','DD-MON-RR HH.MI.SS.FF AM'),to_timestamp('18-APR-01 12.00.00.000000000 AM','DD-MON-RR HH.MI.SS.FF AM'));
Insert into ILLNESS (ANIM_ID,ILL_TYPE_ID,ILL_START_DATE,ILL_END_DATE) values (22,4,to_timestamp('07-JUL-05 12.00.00.000000000 AM','DD-MON-RR HH.MI.SS.FF AM'),to_timestamp('31-JUL-05 12.00.00.000000000 AM','DD-MON-RR HH.MI.SS.FF AM'));
Insert into ILLNESS (ANIM_ID,ILL_TYPE_ID,ILL_START_DATE,ILL_END_DATE) values (153,80,to_timestamp('12-AUG-98 12.00.00.000000000 AM','DD-MON-RR HH.MI.SS.FF AM'),to_timestamp('02-SEP-98 12.00.00.000000000 AM','DD-MON-RR HH.MI.SS.FF AM'));
Insert into ILLNESS (ANIM_ID,ILL_TYPE_ID,ILL_START_DATE,ILL_END_DATE) values (34,101,to_timestamp('31-MAY-03 12.00.00.000000000 AM','DD-MON-RR HH.MI.SS.FF AM'),to_timestamp('08-JUN-03 12.00.00.000000000 AM','DD-MON-RR HH.MI.SS.FF AM'));
Insert into ILLNESS (ANIM_ID,ILL_TYPE_ID,ILL_START_DATE,ILL_END_DATE) values (151,131,to_timestamp('21-MAY-08 12.00.00.000000000 AM','DD-MON-RR HH.MI.SS.FF AM'),to_timestamp('31-MAY-08 12.00.00.000000000 AM','DD-MON-RR HH.MI.SS.FF AM'));
Insert into ILLNESS (ANIM_ID,ILL_TYPE_ID,ILL_START_DATE,ILL_END_DATE) values (78,192,to_timestamp('11-AUG-02 12.00.00.000000000 AM','DD-MON-RR HH.MI.SS.FF AM'),to_timestamp('06-SEP-02 12.00.00.000000000 AM','DD-MON-RR HH.MI.SS.FF AM'));
Insert into ILLNESS (ANIM_ID,ILL_TYPE_ID,ILL_START_DATE,ILL_END_DATE) values (122,93,to_timestamp('20-MAR-08 12.00.00.000000000 AM','DD-MON-RR HH.MI.SS.FF AM'),to_timestamp('27-MAR-08 12.00.00.000000000 AM','DD-MON-RR HH.MI.SS.FF AM'));
Insert into ILLNESS (ANIM_ID,ILL_TYPE_ID,ILL_START_DATE,ILL_END_DATE) values (57,112,to_timestamp('03-APR-08 12.00.00.000000000 AM','DD-MON-RR HH.MI.SS.FF AM'),to_timestamp('20-APR-08 12.00.00.000000000 AM','DD-MON-RR HH.MI.SS.FF AM'));
Insert into ILLNESS (ANIM_ID,ILL_TYPE_ID,ILL_START_DATE,ILL_END_DATE) values (9,50,to_timestamp('03-JUN-07 12.00.00.000000000 AM','DD-MON-RR HH.MI.SS.FF AM'),to_timestamp('30-JUN-07 12.00.00.000000000 AM','DD-MON-RR HH.MI.SS.FF AM'));
Insert into ILLNESS (ANIM_ID,ILL_TYPE_ID,ILL_START_DATE,ILL_END_DATE) values (170,106,to_timestamp('21-SEP-08 12.00.00.000000000 AM','DD-MON-RR HH.MI.SS.FF AM'),to_timestamp('19-OCT-08 12.00.00.000000000 AM','DD-MON-RR HH.MI.SS.FF AM'));
Insert into ILLNESS (ANIM_ID,ILL_TYPE_ID,ILL_START_DATE,ILL_END_DATE) values (124,159,to_timestamp('02-OCT-09 12.00.00.000000000 AM','DD-MON-RR HH.MI.SS.FF AM'),to_timestamp('17-OCT-09 12.00.00.000000000 AM','DD-MON-RR HH.MI.SS.FF AM'));
Insert into ILLNESS (ANIM_ID,ILL_TYPE_ID,ILL_START_DATE,ILL_END_DATE) values (50,156,to_timestamp('21-MAY-08 12.00.00.000000000 AM','DD-MON-RR HH.MI.SS.FF AM'),to_timestamp('02-JUN-08 12.00.00.000000000 AM','DD-MON-RR HH.MI.SS.FF AM'));
Insert into ILLNESS (ANIM_ID,ILL_TYPE_ID,ILL_START_DATE,ILL_END_DATE) values (22,85,to_timestamp('07-OCT-01 12.00.00.000000000 AM','DD-MON-RR HH.MI.SS.FF AM'),to_timestamp('17-OCT-01 12.00.00.000000000 AM','DD-MON-RR HH.MI.SS.FF AM'));
Insert into ILLNESS (ANIM_ID,ILL_TYPE_ID,ILL_START_DATE,ILL_END_DATE) values (44,29,to_timestamp('03-MAY-98 12.00.00.000000000 AM','DD-MON-RR HH.MI.SS.FF AM'),to_timestamp('10-MAY-98 12.00.00.000000000 AM','DD-MON-RR HH.MI.SS.FF AM'));
Insert into ILLNESS (ANIM_ID,ILL_TYPE_ID,ILL_START_DATE,ILL_END_DATE) values (30,59,to_timestamp('24-OCT-06 12.00.00.000000000 AM','DD-MON-RR HH.MI.SS.FF AM'),to_timestamp('17-NOV-06 12.00.00.000000000 AM','DD-MON-RR HH.MI.SS.FF AM'));
Insert into ILLNESS (ANIM_ID,ILL_TYPE_ID,ILL_START_DATE,ILL_END_DATE) values (195,142,to_timestamp('25-MAY-06 12.00.00.000000000 AM','DD-MON-RR HH.MI.SS.FF AM'),null);
Insert into ILLNESS (ANIM_ID,ILL_TYPE_ID,ILL_START_DATE,ILL_END_DATE) values (172,12,to_timestamp('20-FEB-09 12.00.00.000000000 AM','DD-MON-RR HH.MI.SS.FF AM'),to_timestamp('14-MAR-09 12.00.00.000000000 AM','DD-MON-RR HH.MI.SS.FF AM'));
Insert into ILLNESS (ANIM_ID,ILL_TYPE_ID,ILL_START_DATE,ILL_END_DATE) values (4,169,to_timestamp('07-JUL-09 12.00.00.000000000 AM','DD-MON-RR HH.MI.SS.FF AM'),to_timestamp('16-JUL-09 12.00.00.000000000 AM','DD-MON-RR HH.MI.SS.FF AM'));
Insert into ILLNESS (ANIM_ID,ILL_TYPE_ID,ILL_START_DATE,ILL_END_DATE) values (144,3,to_timestamp('05-SEP-09 12.00.00.000000000 AM','DD-MON-RR HH.MI.SS.FF AM'),to_timestamp('16-SEP-09 12.00.00.000000000 AM','DD-MON-RR HH.MI.SS.FF AM'));
Insert into ILLNESS (ANIM_ID,ILL_TYPE_ID,ILL_START_DATE,ILL_END_DATE) values (69,203,to_timestamp('07-JUL-06 12.00.00.000000000 AM','DD-MON-RR HH.MI.SS.FF AM'),to_timestamp('26-JUL-06 12.00.00.000000000 AM','DD-MON-RR HH.MI.SS.FF AM'));
Insert into ILLNESS (ANIM_ID,ILL_TYPE_ID,ILL_START_DATE,ILL_END_DATE) values (22,182,to_timestamp('05-FEB-08 12.00.00.000000000 AM','DD-MON-RR HH.MI.SS.FF AM'),to_timestamp('27-FEB-08 12.00.00.000000000 AM','DD-MON-RR HH.MI.SS.FF AM'));
Insert into ILLNESS (ANIM_ID,ILL_TYPE_ID,ILL_START_DATE,ILL_END_DATE) values (50,124,to_timestamp('06-MAR-06 12.00.00.000000000 AM','DD-MON-RR HH.MI.SS.FF AM'),to_timestamp('18-MAR-06 12.00.00.000000000 AM','DD-MON-RR HH.MI.SS.FF AM'));
Insert into ILLNESS (ANIM_ID,ILL_TYPE_ID,ILL_START_DATE,ILL_END_DATE) values (79,106,to_timestamp('12-NOV-09 12.00.00.000000000 AM','DD-MON-RR HH.MI.SS.FF AM'),to_timestamp('10-DEC-09 12.00.00.000000000 AM','DD-MON-RR HH.MI.SS.FF AM'));
Insert into ILLNESS (ANIM_ID,ILL_TYPE_ID,ILL_START_DATE,ILL_END_DATE) values (137,77,to_timestamp('30-NOV-04 12.00.00.000000000 AM','DD-MON-RR HH.MI.SS.FF AM'),to_timestamp('10-DEC-04 12.00.00.000000000 AM','DD-MON-RR HH.MI.SS.FF AM'));
Insert into ILLNESS (ANIM_ID,ILL_TYPE_ID,ILL_START_DATE,ILL_END_DATE) values (131,150,to_timestamp('11-AUG-99 12.00.00.000000000 AM','DD-MON-RR HH.MI.SS.FF AM'),to_timestamp('29-AUG-99 12.00.00.000000000 AM','DD-MON-RR HH.MI.SS.FF AM'));
Insert into ILLNESS (ANIM_ID,ILL_TYPE_ID,ILL_START_DATE,ILL_END_DATE) values (185,183,to_timestamp('14-SEP-08 12.00.00.000000000 AM','DD-MON-RR HH.MI.SS.FF AM'),to_timestamp('01-OCT-08 12.00.00.000000000 AM','DD-MON-RR HH.MI.SS.FF AM'));
Insert into ILLNESS (ANIM_ID,ILL_TYPE_ID,ILL_START_DATE,ILL_END_DATE) values (154,89,to_timestamp('16-OCT-04 12.00.00.000000000 AM','DD-MON-RR HH.MI.SS.FF AM'),to_timestamp('10-NOV-04 12.00.00.000000000 AM','DD-MON-RR HH.MI.SS.FF AM'));
Insert into ILLNESS (ANIM_ID,ILL_TYPE_ID,ILL_START_DATE,ILL_END_DATE) values (12,21,to_timestamp('04-SEP-98 12.00.00.000000000 AM','DD-MON-RR HH.MI.SS.FF AM'),to_timestamp('04-OCT-98 12.00.00.000000000 AM','DD-MON-RR HH.MI.SS.FF AM'));
Insert into ILLNESS (ANIM_ID,ILL_TYPE_ID,ILL_START_DATE,ILL_END_DATE) values (145,17,to_timestamp('24-FEB-10 12.00.00.000000000 AM','DD-MON-RR HH.MI.SS.FF AM'),to_timestamp('21-MAR-10 12.00.00.000000000 AM','DD-MON-RR HH.MI.SS.FF AM'));
Insert into ILLNESS (ANIM_ID,ILL_TYPE_ID,ILL_START_DATE,ILL_END_DATE) values (131,195,to_timestamp('26-JUN-08 12.00.00.000000000 AM','DD-MON-RR HH.MI.SS.FF AM'),to_timestamp('23-JUL-08 12.00.00.000000000 AM','DD-MON-RR HH.MI.SS.FF AM'));
Insert into ILLNESS (ANIM_ID,ILL_TYPE_ID,ILL_START_DATE,ILL_END_DATE) values (171,6,to_timestamp('02-FEB-04 12.00.00.000000000 AM','DD-MON-RR HH.MI.SS.FF AM'),to_timestamp('28-FEB-04 12.00.00.000000000 AM','DD-MON-RR HH.MI.SS.FF AM'));
Insert into ILLNESS (ANIM_ID,ILL_TYPE_ID,ILL_START_DATE,ILL_END_DATE) values (144,54,to_timestamp('22-JUN-09 12.00.00.000000000 AM','DD-MON-RR HH.MI.SS.FF AM'),to_timestamp('02-JUL-09 12.00.00.000000000 AM','DD-MON-RR HH.MI.SS.FF AM'));
Insert into ILLNESS (ANIM_ID,ILL_TYPE_ID,ILL_START_DATE,ILL_END_DATE) values (79,174,to_timestamp('15-OCT-06 12.00.00.000000000 AM','DD-MON-RR HH.MI.SS.FF AM'),to_timestamp('30-OCT-06 12.00.00.000000000 AM','DD-MON-RR HH.MI.SS.FF AM'));
Insert into ILLNESS (ANIM_ID,ILL_TYPE_ID,ILL_START_DATE,ILL_END_DATE) values (76,61,to_timestamp('22-JAN-10 12.00.00.000000000 AM','DD-MON-RR HH.MI.SS.FF AM'),to_timestamp('18-FEB-10 12.00.00.000000000 AM','DD-MON-RR HH.MI.SS.FF AM'));
Insert into ILLNESS (ANIM_ID,ILL_TYPE_ID,ILL_START_DATE,ILL_END_DATE) values (48,152,to_timestamp('06-APR-08 12.00.00.000000000 AM','DD-MON-RR HH.MI.SS.FF AM'),to_timestamp('15-APR-08 12.00.00.000000000 AM','DD-MON-RR HH.MI.SS.FF AM'));
Insert into ILLNESS (ANIM_ID,ILL_TYPE_ID,ILL_START_DATE,ILL_END_DATE) values (170,85,to_timestamp('24-NOV-03 12.00.00.000000000 AM','DD-MON-RR HH.MI.SS.FF AM'),to_timestamp('14-DEC-03 12.00.00.000000000 AM','DD-MON-RR HH.MI.SS.FF AM'));
Insert into ILLNESS (ANIM_ID,ILL_TYPE_ID,ILL_START_DATE,ILL_END_DATE) values (133,74,to_timestamp('02-AUG-98 12.00.00.000000000 AM','DD-MON-RR HH.MI.SS.FF AM'),to_timestamp('19-AUG-98 12.00.00.000000000 AM','DD-MON-RR HH.MI.SS.FF AM'));
Insert into ILLNESS (ANIM_ID,ILL_TYPE_ID,ILL_START_DATE,ILL_END_DATE) values (2,181,to_timestamp('04-MAR-10 12.00.00.000000000 AM','DD-MON-RR HH.MI.SS.FF AM'),to_timestamp('15-MAR-10 12.00.00.000000000 AM','DD-MON-RR HH.MI.SS.FF AM'));
Insert into ILLNESS (ANIM_ID,ILL_TYPE_ID,ILL_START_DATE,ILL_END_DATE) values (106,140,to_timestamp('12-JUN-06 12.00.00.000000000 AM','DD-MON-RR HH.MI.SS.FF AM'),to_timestamp('27-JUN-06 12.00.00.000000000 AM','DD-MON-RR HH.MI.SS.FF AM'));
Insert into ILLNESS (ANIM_ID,ILL_TYPE_ID,ILL_START_DATE,ILL_END_DATE) values (128,152,to_timestamp('03-MAY-98 12.00.00.000000000 AM','DD-MON-RR HH.MI.SS.FF AM'),null);
Insert into ILLNESS (ANIM_ID,ILL_TYPE_ID,ILL_START_DATE,ILL_END_DATE) values (153,129,to_timestamp('11-FEB-05 12.00.00.000000000 AM','DD-MON-RR HH.MI.SS.FF AM'),to_timestamp('03-MAR-05 12.00.00.000000000 AM','DD-MON-RR HH.MI.SS.FF AM'));
Insert into ILLNESS (ANIM_ID,ILL_TYPE_ID,ILL_START_DATE,ILL_END_DATE) values (128,102,to_timestamp('14-SEP-00 12.00.00.000000000 AM','DD-MON-RR HH.MI.SS.FF AM'),to_timestamp('01-OCT-00 12.00.00.000000000 AM','DD-MON-RR HH.MI.SS.FF AM'));
Insert into ILLNESS (ANIM_ID,ILL_TYPE_ID,ILL_START_DATE,ILL_END_DATE) values (113,112,to_timestamp('04-AUG-09 12.00.00.000000000 AM','DD-MON-RR HH.MI.SS.FF AM'),to_timestamp('21-AUG-09 12.00.00.000000000 AM','DD-MON-RR HH.MI.SS.FF AM'));
Insert into ILLNESS (ANIM_ID,ILL_TYPE_ID,ILL_START_DATE,ILL_END_DATE) values (177,3,to_timestamp('11-APR-00 12.00.00.000000000 AM','DD-MON-RR HH.MI.SS.FF AM'),null);
Insert into ILLNESS (ANIM_ID,ILL_TYPE_ID,ILL_START_DATE,ILL_END_DATE) values (145,129,to_timestamp('12-OCT-08 12.00.00.000000000 AM','DD-MON-RR HH.MI.SS.FF AM'),to_timestamp('29-OCT-08 12.00.00.000000000 AM','DD-MON-RR HH.MI.SS.FF AM'));
Insert into ILLNESS (ANIM_ID,ILL_TYPE_ID,ILL_START_DATE,ILL_END_DATE) values (59,7,to_timestamp('23-MAY-07 12.00.00.000000000 AM','DD-MON-RR HH.MI.SS.FF AM'),to_timestamp('02-JUN-07 12.00.00.000000000 AM','DD-MON-RR HH.MI.SS.FF AM'));
Insert into ILLNESS (ANIM_ID,ILL_TYPE_ID,ILL_START_DATE,ILL_END_DATE) values (31,73,to_timestamp('30-MAR-04 12.00.00.000000000 AM','DD-MON-RR HH.MI.SS.FF AM'),to_timestamp('20-APR-04 12.00.00.000000000 AM','DD-MON-RR HH.MI.SS.FF AM'));
Insert into ILLNESS (ANIM_ID,ILL_TYPE_ID,ILL_START_DATE,ILL_END_DATE) values (139,193,to_timestamp('15-APR-04 12.00.00.000000000 AM','DD-MON-RR HH.MI.SS.FF AM'),to_timestamp('30-APR-04 12.00.00.000000000 AM','DD-MON-RR HH.MI.SS.FF AM'));
Insert into ILLNESS (ANIM_ID,ILL_TYPE_ID,ILL_START_DATE,ILL_END_DATE) values (78,21,to_timestamp('12-DEC-09 12.00.00.000000000 AM','DD-MON-RR HH.MI.SS.FF AM'),to_timestamp('10-JAN-10 12.00.00.000000000 AM','DD-MON-RR HH.MI.SS.FF AM'));
Insert into ILLNESS (ANIM_ID,ILL_TYPE_ID,ILL_START_DATE,ILL_END_DATE) values (173,118,to_timestamp('19-NOV-99 12.00.00.000000000 AM','DD-MON-RR HH.MI.SS.FF AM'),to_timestamp('02-DEC-99 12.00.00.000000000 AM','DD-MON-RR HH.MI.SS.FF AM'));
Insert into ILLNESS (ANIM_ID,ILL_TYPE_ID,ILL_START_DATE,ILL_END_DATE) values (46,76,to_timestamp('05-DEC-08 12.00.00.000000000 AM','DD-MON-RR HH.MI.SS.FF AM'),to_timestamp('28-DEC-08 12.00.00.000000000 AM','DD-MON-RR HH.MI.SS.FF AM'));
Insert into ILLNESS (ANIM_ID,ILL_TYPE_ID,ILL_START_DATE,ILL_END_DATE) values (4,12,to_timestamp('19-JUL-02 12.00.00.000000000 AM','DD-MON-RR HH.MI.SS.FF AM'),to_timestamp('03-AUG-02 12.00.00.000000000 AM','DD-MON-RR HH.MI.SS.FF AM'));
Insert into ILLNESS (ANIM_ID,ILL_TYPE_ID,ILL_START_DATE,ILL_END_DATE) values (20,18,to_timestamp('06-JUN-08 12.00.00.000000000 AM','DD-MON-RR HH.MI.SS.FF AM'),to_timestamp('20-JUN-08 12.00.00.000000000 AM','DD-MON-RR HH.MI.SS.FF AM'));
Insert into ILLNESS (ANIM_ID,ILL_TYPE_ID,ILL_START_DATE,ILL_END_DATE) values (98,203,to_timestamp('14-OCT-06 12.00.00.000000000 AM','DD-MON-RR HH.MI.SS.FF AM'),to_timestamp('04-NOV-06 12.00.00.000000000 AM','DD-MON-RR HH.MI.SS.FF AM'));
Insert into ILLNESS (ANIM_ID,ILL_TYPE_ID,ILL_START_DATE,ILL_END_DATE) values (119,13,to_timestamp('17-OCT-05 12.00.00.000000000 AM','DD-MON-RR HH.MI.SS.FF AM'),to_timestamp('03-NOV-05 12.00.00.000000000 AM','DD-MON-RR HH.MI.SS.FF AM'));
Insert into ILLNESS (ANIM_ID,ILL_TYPE_ID,ILL_START_DATE,ILL_END_DATE) values (174,184,to_timestamp('27-FEB-02 12.00.00.000000000 AM','DD-MON-RR HH.MI.SS.FF AM'),to_timestamp('07-MAR-02 12.00.00.000000000 AM','DD-MON-RR HH.MI.SS.FF AM'));
Insert into ILLNESS (ANIM_ID,ILL_TYPE_ID,ILL_START_DATE,ILL_END_DATE) values (45,171,to_timestamp('25-NOV-99 12.00.00.000000000 AM','DD-MON-RR HH.MI.SS.FF AM'),to_timestamp('18-DEC-99 12.00.00.000000000 AM','DD-MON-RR HH.MI.SS.FF AM'));
Insert into ILLNESS (ANIM_ID,ILL_TYPE_ID,ILL_START_DATE,ILL_END_DATE) values (86,177,to_timestamp('02-AUG-07 12.00.00.000000000 AM','DD-MON-RR HH.MI.SS.FF AM'),to_timestamp('19-AUG-07 12.00.00.000000000 AM','DD-MON-RR HH.MI.SS.FF AM'));
Insert into ILLNESS (ANIM_ID,ILL_TYPE_ID,ILL_START_DATE,ILL_END_DATE) values (74,37,to_timestamp('02-SEP-04 12.00.00.000000000 AM','DD-MON-RR HH.MI.SS.FF AM'),to_timestamp('14-SEP-04 12.00.00.000000000 AM','DD-MON-RR HH.MI.SS.FF AM'));
Insert into ILLNESS (ANIM_ID,ILL_TYPE_ID,ILL_START_DATE,ILL_END_DATE) values (104,70,to_timestamp('11-MAY-98 12.00.00.000000000 AM','DD-MON-RR HH.MI.SS.FF AM'),to_timestamp('18-MAY-98 12.00.00.000000000 AM','DD-MON-RR HH.MI.SS.FF AM'));
Insert into ILLNESS (ANIM_ID,ILL_TYPE_ID,ILL_START_DATE,ILL_END_DATE) values (179,140,to_timestamp('04-JAN-09 12.00.00.000000000 AM','DD-MON-RR HH.MI.SS.FF AM'),null);
Insert into ILLNESS (ANIM_ID,ILL_TYPE_ID,ILL_START_DATE,ILL_END_DATE) values (20,96,to_timestamp('10-JUN-02 12.00.00.000000000 AM','DD-MON-RR HH.MI.SS.FF AM'),to_timestamp('21-JUN-02 12.00.00.000000000 AM','DD-MON-RR HH.MI.SS.FF AM'));
Insert into ILLNESS (ANIM_ID,ILL_TYPE_ID,ILL_START_DATE,ILL_END_DATE) values (98,166,to_timestamp('15-DEC-04 12.00.00.000000000 AM','DD-MON-RR HH.MI.SS.FF AM'),to_timestamp('26-DEC-04 12.00.00.000000000 AM','DD-MON-RR HH.MI.SS.FF AM'));
Insert into ILLNESS (ANIM_ID,ILL_TYPE_ID,ILL_START_DATE,ILL_END_DATE) values (156,207,to_timestamp('07-MAR-10 12.00.00.000000000 AM','DD-MON-RR HH.MI.SS.FF AM'),to_timestamp('16-MAR-10 12.00.00.000000000 AM','DD-MON-RR HH.MI.SS.FF AM'));
Insert into ILLNESS (ANIM_ID,ILL_TYPE_ID,ILL_START_DATE,ILL_END_DATE) values (53,74,to_timestamp('03-JAN-05 12.00.00.000000000 AM','DD-MON-RR HH.MI.SS.FF AM'),to_timestamp('18-JAN-05 12.00.00.000000000 AM','DD-MON-RR HH.MI.SS.FF AM'));
Insert into ILLNESS (ANIM_ID,ILL_TYPE_ID,ILL_START_DATE,ILL_END_DATE) values (156,199,to_timestamp('22-SEP-09 12.00.00.000000000 AM','DD-MON-RR HH.MI.SS.FF AM'),to_timestamp('07-OCT-09 12.00.00.000000000 AM','DD-MON-RR HH.MI.SS.FF AM'));
Insert into ILLNESS (ANIM_ID,ILL_TYPE_ID,ILL_START_DATE,ILL_END_DATE) values (174,71,to_timestamp('30-JAN-10 12.00.00.000000000 AM','DD-MON-RR HH.MI.SS.FF AM'),to_timestamp('19-FEB-10 12.00.00.000000000 AM','DD-MON-RR HH.MI.SS.FF AM'));
Insert into ILLNESS (ANIM_ID,ILL_TYPE_ID,ILL_START_DATE,ILL_END_DATE) values (82,166,to_timestamp('02-MAR-06 12.00.00.000000000 AM','DD-MON-RR HH.MI.SS.FF AM'),to_timestamp('19-MAR-06 12.00.00.000000000 AM','DD-MON-RR HH.MI.SS.FF AM'));
Insert into ILLNESS (ANIM_ID,ILL_TYPE_ID,ILL_START_DATE,ILL_END_DATE) values (95,142,to_timestamp('28-NOV-09 12.00.00.000000000 AM','DD-MON-RR HH.MI.SS.FF AM'),to_timestamp('05-DEC-09 12.00.00.000000000 AM','DD-MON-RR HH.MI.SS.FF AM'));
Insert into ILLNESS (ANIM_ID,ILL_TYPE_ID,ILL_START_DATE,ILL_END_DATE) values (117,120,to_timestamp('08-JUL-08 12.00.00.000000000 AM','DD-MON-RR HH.MI.SS.FF AM'),to_timestamp('22-JUL-08 12.00.00.000000000 AM','DD-MON-RR HH.MI.SS.FF AM'));
Insert into ILLNESS (ANIM_ID,ILL_TYPE_ID,ILL_START_DATE,ILL_END_DATE) values (93,141,to_timestamp('19-FEB-07 12.00.00.000000000 AM','DD-MON-RR HH.MI.SS.FF AM'),to_timestamp('02-MAR-07 12.00.00.000000000 AM','DD-MON-RR HH.MI.SS.FF AM'));
Insert into ILLNESS (ANIM_ID,ILL_TYPE_ID,ILL_START_DATE,ILL_END_DATE) values (60,76,to_timestamp('22-NOV-05 12.00.00.000000000 AM','DD-MON-RR HH.MI.SS.FF AM'),to_timestamp('22-DEC-05 12.00.00.000000000 AM','DD-MON-RR HH.MI.SS.FF AM'));
Insert into ILLNESS (ANIM_ID,ILL_TYPE_ID,ILL_START_DATE,ILL_END_DATE) values (148,32,to_timestamp('28-JUL-09 12.00.00.000000000 AM','DD-MON-RR HH.MI.SS.FF AM'),to_timestamp('15-AUG-09 12.00.00.000000000 AM','DD-MON-RR HH.MI.SS.FF AM'));
Insert into ILLNESS (ANIM_ID,ILL_TYPE_ID,ILL_START_DATE,ILL_END_DATE) values (135,34,to_timestamp('09-APR-09 12.00.00.000000000 AM','DD-MON-RR HH.MI.SS.FF AM'),null);
Insert into ILLNESS (ANIM_ID,ILL_TYPE_ID,ILL_START_DATE,ILL_END_DATE) values (26,151,to_timestamp('23-JAN-09 12.00.00.000000000 AM','DD-MON-RR HH.MI.SS.FF AM'),to_timestamp('05-FEB-09 12.00.00.000000000 AM','DD-MON-RR HH.MI.SS.FF AM'));
Insert into ILLNESS (ANIM_ID,ILL_TYPE_ID,ILL_START_DATE,ILL_END_DATE) values (61,115,to_timestamp('31-MAY-09 12.00.00.000000000 AM','DD-MON-RR HH.MI.SS.FF AM'),to_timestamp('10-JUN-09 12.00.00.000000000 AM','DD-MON-RR HH.MI.SS.FF AM'));
Insert into ILLNESS (ANIM_ID,ILL_TYPE_ID,ILL_START_DATE,ILL_END_DATE) values (20,128,to_timestamp('29-JAN-02 12.00.00.000000000 AM','DD-MON-RR HH.MI.SS.FF AM'),null);
Insert into ILLNESS (ANIM_ID,ILL_TYPE_ID,ILL_START_DATE,ILL_END_DATE) values (177,54,to_timestamp('22-APR-05 12.00.00.000000000 AM','DD-MON-RR HH.MI.SS.FF AM'),to_timestamp('02-MAY-05 12.00.00.000000000 AM','DD-MON-RR HH.MI.SS.FF AM'));
Insert into ILLNESS (ANIM_ID,ILL_TYPE_ID,ILL_START_DATE,ILL_END_DATE) values (118,48,to_timestamp('10-AUG-09 12.00.00.000000000 AM','DD-MON-RR HH.MI.SS.FF AM'),to_timestamp('21-AUG-09 12.00.00.000000000 AM','DD-MON-RR HH.MI.SS.FF AM'));
Insert into ILLNESS (ANIM_ID,ILL_TYPE_ID,ILL_START_DATE,ILL_END_DATE) values (109,32,to_timestamp('10-FEB-02 12.00.00.000000000 AM','DD-MON-RR HH.MI.SS.FF AM'),to_timestamp('17-FEB-02 12.00.00.000000000 AM','DD-MON-RR HH.MI.SS.FF AM'));
Insert into ILLNESS (ANIM_ID,ILL_TYPE_ID,ILL_START_DATE,ILL_END_DATE) values (87,96,to_timestamp('11-OCT-01 12.00.00.000000000 AM','DD-MON-RR HH.MI.SS.FF AM'),to_timestamp('09-NOV-01 12.00.00.000000000 AM','DD-MON-RR HH.MI.SS.FF AM'));
Insert into ILLNESS (ANIM_ID,ILL_TYPE_ID,ILL_START_DATE,ILL_END_DATE) values (36,2,to_timestamp('02-OCT-08 12.00.00.000000000 AM','DD-MON-RR HH.MI.SS.FF AM'),to_timestamp('29-OCT-08 12.00.00.000000000 AM','DD-MON-RR HH.MI.SS.FF AM'));
Insert into ILLNESS (ANIM_ID,ILL_TYPE_ID,ILL_START_DATE,ILL_END_DATE) values (150,22,to_timestamp('22-FEB-06 12.00.00.000000000 AM','DD-MON-RR HH.MI.SS.FF AM'),to_timestamp('11-MAR-06 12.00.00.000000000 AM','DD-MON-RR HH.MI.SS.FF AM'));
Insert into ILLNESS (ANIM_ID,ILL_TYPE_ID,ILL_START_DATE,ILL_END_DATE) values (19,12,to_timestamp('10-DEC-08 12.00.00.000000000 AM','DD-MON-RR HH.MI.SS.FF AM'),null);
Insert into ILLNESS (ANIM_ID,ILL_TYPE_ID,ILL_START_DATE,ILL_END_DATE) values (159,174,to_timestamp('01-FEB-09 12.00.00.000000000 AM','DD-MON-RR HH.MI.SS.FF AM'),to_timestamp('12-FEB-09 12.00.00.000000000 AM','DD-MON-RR HH.MI.SS.FF AM'));
Insert into ILLNESS (ANIM_ID,ILL_TYPE_ID,ILL_START_DATE,ILL_END_DATE) values (20,88,to_timestamp('05-APR-05 12.00.00.000000000 AM','DD-MON-RR HH.MI.SS.FF AM'),to_timestamp('21-APR-05 12.00.00.000000000 AM','DD-MON-RR HH.MI.SS.FF AM'));
Insert into ILLNESS (ANIM_ID,ILL_TYPE_ID,ILL_START_DATE,ILL_END_DATE) values (130,213,to_timestamp('01-JUN-07 12.00.00.000000000 AM','DD-MON-RR HH.MI.SS.FF AM'),to_timestamp('16-JUN-07 12.00.00.000000000 AM','DD-MON-RR HH.MI.SS.FF AM'));
Insert into ILLNESS (ANIM_ID,ILL_TYPE_ID,ILL_START_DATE,ILL_END_DATE) values (29,202,to_timestamp('31-MAR-08 12.00.00.000000000 AM','DD-MON-RR HH.MI.SS.FF AM'),to_timestamp('29-APR-08 12.00.00.000000000 AM','DD-MON-RR HH.MI.SS.FF AM'));
Insert into ILLNESS (ANIM_ID,ILL_TYPE_ID,ILL_START_DATE,ILL_END_DATE) values (149,1,to_timestamp('03-FEB-10 12.00.00.000000000 AM','DD-MON-RR HH.MI.SS.FF AM'),to_timestamp('17-FEB-10 12.00.00.000000000 AM','DD-MON-RR HH.MI.SS.FF AM'));
Insert into ILLNESS (ANIM_ID,ILL_TYPE_ID,ILL_START_DATE,ILL_END_DATE) values (8,61,to_timestamp('07-SEP-08 12.00.00.000000000 AM','DD-MON-RR HH.MI.SS.FF AM'),to_timestamp('28-SEP-08 12.00.00.000000000 AM','DD-MON-RR HH.MI.SS.FF AM'));
Insert into ILLNESS (ANIM_ID,ILL_TYPE_ID,ILL_START_DATE,ILL_END_DATE) values (113,125,to_timestamp('29-JUL-98 12.00.00.000000000 AM','DD-MON-RR HH.MI.SS.FF AM'),null);
Insert into ILLNESS (ANIM_ID,ILL_TYPE_ID,ILL_START_DATE,ILL_END_DATE) values (14,81,to_timestamp('25-FEB-10 12.00.00.000000000 AM','DD-MON-RR HH.MI.SS.FF AM'),to_timestamp('23-MAR-10 12.00.00.000000000 AM','DD-MON-RR HH.MI.SS.FF AM'));
Insert into ILLNESS (ANIM_ID,ILL_TYPE_ID,ILL_START_DATE,ILL_END_DATE) values (173,92,to_timestamp('03-AUG-08 12.00.00.000000000 AM','DD-MON-RR HH.MI.SS.FF AM'),to_timestamp('14-AUG-08 12.00.00.000000000 AM','DD-MON-RR HH.MI.SS.FF AM'));
Insert into ILLNESS (ANIM_ID,ILL_TYPE_ID,ILL_START_DATE,ILL_END_DATE) values (182,26,to_timestamp('26-APR-08 12.00.00.000000000 AM','DD-MON-RR HH.MI.SS.FF AM'),to_timestamp('22-MAY-08 12.00.00.000000000 AM','DD-MON-RR HH.MI.SS.FF AM'));
Insert into ILLNESS (ANIM_ID,ILL_TYPE_ID,ILL_START_DATE,ILL_END_DATE) values (104,1,to_timestamp('18-AUG-07 12.00.00.000000000 AM','DD-MON-RR HH.MI.SS.FF AM'),null);
Insert into ILLNESS (ANIM_ID,ILL_TYPE_ID,ILL_START_DATE,ILL_END_DATE) values (61,194,to_timestamp('07-OCT-01 12.00.00.000000000 AM','DD-MON-RR HH.MI.SS.FF AM'),null);
Insert into ILLNESS (ANIM_ID,ILL_TYPE_ID,ILL_START_DATE,ILL_END_DATE) values (184,36,to_timestamp('16-OCT-08 12.00.00.000000000 AM','DD-MON-RR HH.MI.SS.FF AM'),to_timestamp('25-OCT-08 12.00.00.000000000 AM','DD-MON-RR HH.MI.SS.FF AM'));
Insert into ILLNESS (ANIM_ID,ILL_TYPE_ID,ILL_START_DATE,ILL_END_DATE) values (189,145,to_timestamp('19-DEC-08 12.00.00.000000000 AM','DD-MON-RR HH.MI.SS.FF AM'),to_timestamp('03-JAN-09 12.00.00.000000000 AM','DD-MON-RR HH.MI.SS.FF AM'));
Insert into ILLNESS (ANIM_ID,ILL_TYPE_ID,ILL_START_DATE,ILL_END_DATE) values (111,118,to_timestamp('25-JUN-98 12.00.00.000000000 AM','DD-MON-RR HH.MI.SS.FF AM'),to_timestamp('14-JUL-98 12.00.00.000000000 AM','DD-MON-RR HH.MI.SS.FF AM'));
Insert into ILLNESS (ANIM_ID,ILL_TYPE_ID,ILL_START_DATE,ILL_END_DATE) values (36,181,to_timestamp('08-MAY-04 12.00.00.000000000 AM','DD-MON-RR HH.MI.SS.FF AM'),to_timestamp('02-JUN-04 12.00.00.000000000 AM','DD-MON-RR HH.MI.SS.FF AM'));
Insert into ILLNESS (ANIM_ID,ILL_TYPE_ID,ILL_START_DATE,ILL_END_DATE) values (143,8,to_timestamp('24-JAN-08 12.00.00.000000000 AM','DD-MON-RR HH.MI.SS.FF AM'),to_timestamp('05-FEB-08 12.00.00.000000000 AM','DD-MON-RR HH.MI.SS.FF AM'));
Insert into ILLNESS (ANIM_ID,ILL_TYPE_ID,ILL_START_DATE,ILL_END_DATE) values (56,101,to_timestamp('12-SEP-99 12.00.00.000000000 AM','DD-MON-RR HH.MI.SS.FF AM'),to_timestamp('10-OCT-99 12.00.00.000000000 AM','DD-MON-RR HH.MI.SS.FF AM'));
Insert into ILLNESS (ANIM_ID,ILL_TYPE_ID,ILL_START_DATE,ILL_END_DATE) values (70,112,to_timestamp('26-JAN-07 12.00.00.000000000 AM','DD-MON-RR HH.MI.SS.FF AM'),to_timestamp('22-FEB-07 12.00.00.000000000 AM','DD-MON-RR HH.MI.SS.FF AM'));
Insert into ILLNESS (ANIM_ID,ILL_TYPE_ID,ILL_START_DATE,ILL_END_DATE) values (61,97,to_timestamp('23-MAR-08 12.00.00.000000000 AM','DD-MON-RR HH.MI.SS.FF AM'),to_timestamp('10-APR-08 12.00.00.000000000 AM','DD-MON-RR HH.MI.SS.FF AM'));
Insert into ILLNESS (ANIM_ID,ILL_TYPE_ID,ILL_START_DATE,ILL_END_DATE) values (155,2,to_timestamp('22-JAN-09 12.00.00.000000000 AM','DD-MON-RR HH.MI.SS.FF AM'),to_timestamp('11-FEB-09 12.00.00.000000000 AM','DD-MON-RR HH.MI.SS.FF AM'));
Insert into ILLNESS (ANIM_ID,ILL_TYPE_ID,ILL_START_DATE,ILL_END_DATE) values (55,110,to_timestamp('14-SEP-08 12.00.00.000000000 AM','DD-MON-RR HH.MI.SS.FF AM'),to_timestamp('22-SEP-08 12.00.00.000000000 AM','DD-MON-RR HH.MI.SS.FF AM'));
Insert into ILLNESS (ANIM_ID,ILL_TYPE_ID,ILL_START_DATE,ILL_END_DATE) values (25,128,to_timestamp('22-JUN-06 12.00.00.000000000 AM','DD-MON-RR HH.MI.SS.FF AM'),to_timestamp('04-JUL-06 12.00.00.000000000 AM','DD-MON-RR HH.MI.SS.FF AM'));
Insert into ILLNESS (ANIM_ID,ILL_TYPE_ID,ILL_START_DATE,ILL_END_DATE) values (96,84,to_timestamp('28-FEB-10 12.00.00.000000000 AM','DD-MON-RR HH.MI.SS.FF AM'),to_timestamp('16-MAR-10 12.00.00.000000000 AM','DD-MON-RR HH.MI.SS.FF AM'));
Insert into ILLNESS (ANIM_ID,ILL_TYPE_ID,ILL_START_DATE,ILL_END_DATE) values (192,94,to_timestamp('16-MAR-05 12.00.00.000000000 AM','DD-MON-RR HH.MI.SS.FF AM'),to_timestamp('03-APR-05 12.00.00.000000000 AM','DD-MON-RR HH.MI.SS.FF AM'));
Insert into ILLNESS (ANIM_ID,ILL_TYPE_ID,ILL_START_DATE,ILL_END_DATE) values (32,214,to_timestamp('22-AUG-06 12.00.00.000000000 AM','DD-MON-RR HH.MI.SS.FF AM'),to_timestamp('29-AUG-06 12.00.00.000000000 AM','DD-MON-RR HH.MI.SS.FF AM'));
Insert into ILLNESS (ANIM_ID,ILL_TYPE_ID,ILL_START_DATE,ILL_END_DATE) values (70,61,to_timestamp('11-APR-06 12.00.00.000000000 AM','DD-MON-RR HH.MI.SS.FF AM'),to_timestamp('29-APR-06 12.00.00.000000000 AM','DD-MON-RR HH.MI.SS.FF AM'));
Insert into ILLNESS (ANIM_ID,ILL_TYPE_ID,ILL_START_DATE,ILL_END_DATE) values (156,78,to_timestamp('04-FEB-10 12.00.00.000000000 AM','DD-MON-RR HH.MI.SS.FF AM'),to_timestamp('18-FEB-10 12.00.00.000000000 AM','DD-MON-RR HH.MI.SS.FF AM'));
Insert into ILLNESS (ANIM_ID,ILL_TYPE_ID,ILL_START_DATE,ILL_END_DATE) values (177,68,to_timestamp('20-AUG-09 12.00.00.000000000 AM','DD-MON-RR HH.MI.SS.FF AM'),to_timestamp('06-SEP-09 12.00.00.000000000 AM','DD-MON-RR HH.MI.SS.FF AM'));
Insert into ILLNESS (ANIM_ID,ILL_TYPE_ID,ILL_START_DATE,ILL_END_DATE) values (61,121,to_timestamp('28-JUN-09 12.00.00.000000000 AM','DD-MON-RR HH.MI.SS.FF AM'),to_timestamp('18-JUL-09 12.00.00.000000000 AM','DD-MON-RR HH.MI.SS.FF AM'));
Insert into ILLNESS (ANIM_ID,ILL_TYPE_ID,ILL_START_DATE,ILL_END_DATE) values (153,99,to_timestamp('03-OCT-07 12.00.00.000000000 AM','DD-MON-RR HH.MI.SS.FF AM'),to_timestamp('13-OCT-07 12.00.00.000000000 AM','DD-MON-RR HH.MI.SS.FF AM'));
Insert into ILLNESS (ANIM_ID,ILL_TYPE_ID,ILL_START_DATE,ILL_END_DATE) values (88,63,to_timestamp('17-FEB-10 12.00.00.000000000 AM','DD-MON-RR HH.MI.SS.FF AM'),to_timestamp('24-FEB-10 12.00.00.000000000 AM','DD-MON-RR HH.MI.SS.FF AM'));
Insert into ILLNESS (ANIM_ID,ILL_TYPE_ID,ILL_START_DATE,ILL_END_DATE) values (163,52,to_timestamp('13-MAY-07 12.00.00.000000000 AM','DD-MON-RR HH.MI.SS.FF AM'),to_timestamp('06-JUN-07 12.00.00.000000000 AM','DD-MON-RR HH.MI.SS.FF AM'));
Insert into ILLNESS (ANIM_ID,ILL_TYPE_ID,ILL_START_DATE,ILL_END_DATE) values (46,63,to_timestamp('16-NOV-08 12.00.00.000000000 AM','DD-MON-RR HH.MI.SS.FF AM'),to_timestamp('06-DEC-08 12.00.00.000000000 AM','DD-MON-RR HH.MI.SS.FF AM'));
Insert into ILLNESS (ANIM_ID,ILL_TYPE_ID,ILL_START_DATE,ILL_END_DATE) values (125,99,to_timestamp('08-MAR-10 12.00.00.000000000 AM','DD-MON-RR HH.MI.SS.FF AM'),to_timestamp('04-APR-10 12.00.00.000000000 AM','DD-MON-RR HH.MI.SS.FF AM'));
Insert into ILLNESS (ANIM_ID,ILL_TYPE_ID,ILL_START_DATE,ILL_END_DATE) values (33,114,to_timestamp('19-MAY-08 12.00.00.000000000 AM','DD-MON-RR HH.MI.SS.FF AM'),to_timestamp('09-JUN-08 12.00.00.000000000 AM','DD-MON-RR HH.MI.SS.FF AM'));
Insert into ILLNESS (ANIM_ID,ILL_TYPE_ID,ILL_START_DATE,ILL_END_DATE) values (45,101,to_timestamp('25-JUL-00 12.00.00.000000000 AM','DD-MON-RR HH.MI.SS.FF AM'),to_timestamp('08-AUG-00 12.00.00.000000000 AM','DD-MON-RR HH.MI.SS.FF AM'));
Insert into ILLNESS (ANIM_ID,ILL_TYPE_ID,ILL_START_DATE,ILL_END_DATE) values (49,132,to_timestamp('24-APR-07 12.00.00.000000000 AM','DD-MON-RR HH.MI.SS.FF AM'),to_timestamp('19-MAY-07 12.00.00.000000000 AM','DD-MON-RR HH.MI.SS.FF AM'));
Insert into ILLNESS (ANIM_ID,ILL_TYPE_ID,ILL_START_DATE,ILL_END_DATE) values (57,118,to_timestamp('17-DEC-09 12.00.00.000000000 AM','DD-MON-RR HH.MI.SS.FF AM'),to_timestamp('28-DEC-09 12.00.00.000000000 AM','DD-MON-RR HH.MI.SS.FF AM'));
Insert into ILLNESS (ANIM_ID,ILL_TYPE_ID,ILL_START_DATE,ILL_END_DATE) values (145,114,to_timestamp('25-OCT-09 12.00.00.000000000 AM','DD-MON-RR HH.MI.SS.FF AM'),to_timestamp('16-NOV-09 12.00.00.000000000 AM','DD-MON-RR HH.MI.SS.FF AM'));
Insert into ILLNESS (ANIM_ID,ILL_TYPE_ID,ILL_START_DATE,ILL_END_DATE) values (50,64,to_timestamp('21-APR-09 12.00.00.000000000 AM','DD-MON-RR HH.MI.SS.FF AM'),to_timestamp('29-APR-09 12.00.00.000000000 AM','DD-MON-RR HH.MI.SS.FF AM'));
Insert into ILLNESS (ANIM_ID,ILL_TYPE_ID,ILL_START_DATE,ILL_END_DATE) values (130,93,to_timestamp('19-APR-08 12.00.00.000000000 AM','DD-MON-RR HH.MI.SS.FF AM'),to_timestamp('18-MAY-08 12.00.00.000000000 AM','DD-MON-RR HH.MI.SS.FF AM'));
Insert into ILLNESS (ANIM_ID,ILL_TYPE_ID,ILL_START_DATE,ILL_END_DATE) values (172,66,to_timestamp('14-JUL-09 12.00.00.000000000 AM','DD-MON-RR HH.MI.SS.FF AM'),to_timestamp('22-JUL-09 12.00.00.000000000 AM','DD-MON-RR HH.MI.SS.FF AM'));
Insert into ILLNESS (ANIM_ID,ILL_TYPE_ID,ILL_START_DATE,ILL_END_DATE) values (127,129,to_timestamp('11-NOV-09 12.00.00.000000000 AM','DD-MON-RR HH.MI.SS.FF AM'),to_timestamp('20-NOV-09 12.00.00.000000000 AM','DD-MON-RR HH.MI.SS.FF AM'));
Insert into ILLNESS (ANIM_ID,ILL_TYPE_ID,ILL_START_DATE,ILL_END_DATE) values (19,4,to_timestamp('10-APR-08 12.00.00.000000000 AM','DD-MON-RR HH.MI.SS.FF AM'),null);
Insert into ILLNESS (ANIM_ID,ILL_TYPE_ID,ILL_START_DATE,ILL_END_DATE) values (5,95,to_timestamp('04-AUG-09 12.00.00.000000000 AM','DD-MON-RR HH.MI.SS.FF AM'),to_timestamp('27-AUG-09 12.00.00.000000000 AM','DD-MON-RR HH.MI.SS.FF AM'));
Insert into ILLNESS (ANIM_ID,ILL_TYPE_ID,ILL_START_DATE,ILL_END_DATE) values (153,40,to_timestamp('29-NOV-02 12.00.00.000000000 AM','DD-MON-RR HH.MI.SS.FF AM'),to_timestamp('26-DEC-02 12.00.00.000000000 AM','DD-MON-RR HH.MI.SS.FF AM'));
Insert into ILLNESS (ANIM_ID,ILL_TYPE_ID,ILL_START_DATE,ILL_END_DATE) values (144,201,to_timestamp('08-JUN-06 12.00.00.000000000 AM','DD-MON-RR HH.MI.SS.FF AM'),to_timestamp('30-JUN-06 12.00.00.000000000 AM','DD-MON-RR HH.MI.SS.FF AM'));
Insert into ILLNESS (ANIM_ID,ILL_TYPE_ID,ILL_START_DATE,ILL_END_DATE) values (70,116,to_timestamp('30-JUL-05 12.00.00.000000000 AM','DD-MON-RR HH.MI.SS.FF AM'),to_timestamp('09-AUG-05 12.00.00.000000000 AM','DD-MON-RR HH.MI.SS.FF AM'));
Insert into ILLNESS (ANIM_ID,ILL_TYPE_ID,ILL_START_DATE,ILL_END_DATE) values (186,116,to_timestamp('16-OCT-02 12.00.00.000000000 AM','DD-MON-RR HH.MI.SS.FF AM'),to_timestamp('11-NOV-02 12.00.00.000000000 AM','DD-MON-RR HH.MI.SS.FF AM'));
Insert into ILLNESS (ANIM_ID,ILL_TYPE_ID,ILL_START_DATE,ILL_END_DATE) values (36,44,to_timestamp('08-JUN-09 12.00.00.000000000 AM','DD-MON-RR HH.MI.SS.FF AM'),to_timestamp('19-JUN-09 12.00.00.000000000 AM','DD-MON-RR HH.MI.SS.FF AM'));
Insert into ILLNESS (ANIM_ID,ILL_TYPE_ID,ILL_START_DATE,ILL_END_DATE) values (90,50,to_timestamp('19-FEB-10 12.00.00.000000000 AM','DD-MON-RR HH.MI.SS.FF AM'),null);
Insert into ILLNESS (ANIM_ID,ILL_TYPE_ID,ILL_START_DATE,ILL_END_DATE) values (145,166,to_timestamp('10-FEB-08 12.00.00.000000000 AM','DD-MON-RR HH.MI.SS.FF AM'),to_timestamp('10-MAR-08 12.00.00.000000000 AM','DD-MON-RR HH.MI.SS.FF AM'));
Insert into ILLNESS (ANIM_ID,ILL_TYPE_ID,ILL_START_DATE,ILL_END_DATE) values (63,137,to_timestamp('10-APR-04 12.00.00.000000000 AM','DD-MON-RR HH.MI.SS.FF AM'),to_timestamp('28-APR-04 12.00.00.000000000 AM','DD-MON-RR HH.MI.SS.FF AM'));
Insert into ILLNESS (ANIM_ID,ILL_TYPE_ID,ILL_START_DATE,ILL_END_DATE) values (163,121,to_timestamp('30-AUG-06 12.00.00.000000000 AM','DD-MON-RR HH.MI.SS.FF AM'),to_timestamp('10-SEP-06 12.00.00.000000000 AM','DD-MON-RR HH.MI.SS.FF AM'));
Insert into ILLNESS (ANIM_ID,ILL_TYPE_ID,ILL_START_DATE,ILL_END_DATE) values (177,16,to_timestamp('12-JUN-00 12.00.00.000000000 AM','DD-MON-RR HH.MI.SS.FF AM'),to_timestamp('19-JUN-00 12.00.00.000000000 AM','DD-MON-RR HH.MI.SS.FF AM'));
Insert into ILLNESS (ANIM_ID,ILL_TYPE_ID,ILL_START_DATE,ILL_END_DATE) values (115,85,to_timestamp('24-APR-08 12.00.00.000000000 AM','DD-MON-RR HH.MI.SS.FF AM'),to_timestamp('21-MAY-08 12.00.00.000000000 AM','DD-MON-RR HH.MI.SS.FF AM'));
Insert into ILLNESS (ANIM_ID,ILL_TYPE_ID,ILL_START_DATE,ILL_END_DATE) values (119,21,to_timestamp('05-AUG-00 12.00.00.000000000 AM','DD-MON-RR HH.MI.SS.FF AM'),to_timestamp('18-AUG-00 12.00.00.000000000 AM','DD-MON-RR HH.MI.SS.FF AM'));
Insert into ILLNESS (ANIM_ID,ILL_TYPE_ID,ILL_START_DATE,ILL_END_DATE) values (76,188,to_timestamp('07-MAY-07 12.00.00.000000000 AM','DD-MON-RR HH.MI.SS.FF AM'),to_timestamp('23-MAY-07 12.00.00.000000000 AM','DD-MON-RR HH.MI.SS.FF AM'));
Insert into ILLNESS (ANIM_ID,ILL_TYPE_ID,ILL_START_DATE,ILL_END_DATE) values (115,86,to_timestamp('14-SEP-05 12.00.00.000000000 AM','DD-MON-RR HH.MI.SS.FF AM'),to_timestamp('29-SEP-05 12.00.00.000000000 AM','DD-MON-RR HH.MI.SS.FF AM'));
Insert into ILLNESS (ANIM_ID,ILL_TYPE_ID,ILL_START_DATE,ILL_END_DATE) values (7,165,to_timestamp('06-MAY-02 12.00.00.000000000 AM','DD-MON-RR HH.MI.SS.FF AM'),null);
Insert into ILLNESS (ANIM_ID,ILL_TYPE_ID,ILL_START_DATE,ILL_END_DATE) values (169,155,to_timestamp('05-JUL-99 12.00.00.000000000 AM','DD-MON-RR HH.MI.SS.FF AM'),to_timestamp('25-JUL-99 12.00.00.000000000 AM','DD-MON-RR HH.MI.SS.FF AM'));
Insert into ILLNESS (ANIM_ID,ILL_TYPE_ID,ILL_START_DATE,ILL_END_DATE) values (192,127,to_timestamp('24-AUG-03 12.00.00.000000000 AM','DD-MON-RR HH.MI.SS.FF AM'),to_timestamp('08-SEP-03 12.00.00.000000000 AM','DD-MON-RR HH.MI.SS.FF AM'));
Insert into ILLNESS (ANIM_ID,ILL_TYPE_ID,ILL_START_DATE,ILL_END_DATE) values (130,101,to_timestamp('23-DEC-08 12.00.00.000000000 AM','DD-MON-RR HH.MI.SS.FF AM'),to_timestamp('05-JAN-09 12.00.00.000000000 AM','DD-MON-RR HH.MI.SS.FF AM'));
Insert into ILLNESS (ANIM_ID,ILL_TYPE_ID,ILL_START_DATE,ILL_END_DATE) values (171,160,to_timestamp('02-JUL-06 12.00.00.000000000 AM','DD-MON-RR HH.MI.SS.FF AM'),to_timestamp('20-JUL-06 12.00.00.000000000 AM','DD-MON-RR HH.MI.SS.FF AM'));
Insert into ILLNESS (ANIM_ID,ILL_TYPE_ID,ILL_START_DATE,ILL_END_DATE) values (142,7,to_timestamp('09-AUG-06 12.00.00.000000000 AM','DD-MON-RR HH.MI.SS.FF AM'),to_timestamp('30-AUG-06 12.00.00.000000000 AM','DD-MON-RR HH.MI.SS.FF AM'));
Insert into ILLNESS (ANIM_ID,ILL_TYPE_ID,ILL_START_DATE,ILL_END_DATE) values (125,60,to_timestamp('26-NOV-07 12.00.00.000000000 AM','DD-MON-RR HH.MI.SS.FF AM'),to_timestamp('20-DEC-07 12.00.00.000000000 AM','DD-MON-RR HH.MI.SS.FF AM'));
Insert into ILLNESS (ANIM_ID,ILL_TYPE_ID,ILL_START_DATE,ILL_END_DATE) values (79,168,to_timestamp('18-MAY-02 12.00.00.000000000 AM','DD-MON-RR HH.MI.SS.FF AM'),null);
Insert into ILLNESS (ANIM_ID,ILL_TYPE_ID,ILL_START_DATE,ILL_END_DATE) values (35,104,to_timestamp('11-JAN-03 12.00.00.000000000 AM','DD-MON-RR HH.MI.SS.FF AM'),to_timestamp('01-FEB-03 12.00.00.000000000 AM','DD-MON-RR HH.MI.SS.FF AM'));
Insert into ILLNESS (ANIM_ID,ILL_TYPE_ID,ILL_START_DATE,ILL_END_DATE) values (114,34,to_timestamp('26-MAR-07 12.00.00.000000000 AM','DD-MON-RR HH.MI.SS.FF AM'),to_timestamp('06-APR-07 12.00.00.000000000 AM','DD-MON-RR HH.MI.SS.FF AM'));
Insert into ILLNESS (ANIM_ID,ILL_TYPE_ID,ILL_START_DATE,ILL_END_DATE) values (160,88,to_timestamp('29-MAY-08 12.00.00.000000000 AM','DD-MON-RR HH.MI.SS.FF AM'),to_timestamp('25-JUN-08 12.00.00.000000000 AM','DD-MON-RR HH.MI.SS.FF AM'));
Insert into ILLNESS (ANIM_ID,ILL_TYPE_ID,ILL_START_DATE,ILL_END_DATE) values (16,120,to_timestamp('27-FEB-04 12.00.00.000000000 AM','DD-MON-RR HH.MI.SS.FF AM'),null);
Insert into ILLNESS (ANIM_ID,ILL_TYPE_ID,ILL_START_DATE,ILL_END_DATE) values (129,104,to_timestamp('12-FEB-09 12.00.00.000000000 AM','DD-MON-RR HH.MI.SS.FF AM'),to_timestamp('23-FEB-09 12.00.00.000000000 AM','DD-MON-RR HH.MI.SS.FF AM'));
Insert into ILLNESS (ANIM_ID,ILL_TYPE_ID,ILL_START_DATE,ILL_END_DATE) values (128,123,to_timestamp('26-SEP-09 12.00.00.000000000 AM','DD-MON-RR HH.MI.SS.FF AM'),null);
Insert into ILLNESS (ANIM_ID,ILL_TYPE_ID,ILL_START_DATE,ILL_END_DATE) values (155,135,to_timestamp('16-MAR-06 12.00.00.000000000 AM','DD-MON-RR HH.MI.SS.FF AM'),to_timestamp('11-APR-06 12.00.00.000000000 AM','DD-MON-RR HH.MI.SS.FF AM'));
Insert into ILLNESS (ANIM_ID,ILL_TYPE_ID,ILL_START_DATE,ILL_END_DATE) values (178,180,to_timestamp('18-JUL-05 12.00.00.000000000 AM','DD-MON-RR HH.MI.SS.FF AM'),to_timestamp('25-JUL-05 12.00.00.000000000 AM','DD-MON-RR HH.MI.SS.FF AM'));
Insert into ILLNESS (ANIM_ID,ILL_TYPE_ID,ILL_START_DATE,ILL_END_DATE) values (149,44,to_timestamp('30-JUN-06 12.00.00.000000000 AM','DD-MON-RR HH.MI.SS.FF AM'),to_timestamp('10-JUL-06 12.00.00.000000000 AM','DD-MON-RR HH.MI.SS.FF AM'));
Insert into ILLNESS (ANIM_ID,ILL_TYPE_ID,ILL_START_DATE,ILL_END_DATE) values (21,47,to_timestamp('11-JUN-09 12.00.00.000000000 AM','DD-MON-RR HH.MI.SS.FF AM'),to_timestamp('05-JUL-09 12.00.00.000000000 AM','DD-MON-RR HH.MI.SS.FF AM'));
Insert into ILLNESS (ANIM_ID,ILL_TYPE_ID,ILL_START_DATE,ILL_END_DATE) values (33,44,to_timestamp('27-JUN-98 12.00.00.000000000 AM','DD-MON-RR HH.MI.SS.FF AM'),to_timestamp('08-JUL-98 12.00.00.000000000 AM','DD-MON-RR HH.MI.SS.FF AM'));
Insert into ILLNESS (ANIM_ID,ILL_TYPE_ID,ILL_START_DATE,ILL_END_DATE) values (97,77,to_timestamp('30-JAN-10 12.00.00.000000000 AM','DD-MON-RR HH.MI.SS.FF AM'),to_timestamp('20-FEB-10 12.00.00.000000000 AM','DD-MON-RR HH.MI.SS.FF AM'));
Insert into ILLNESS (ANIM_ID,ILL_TYPE_ID,ILL_START_DATE,ILL_END_DATE) values (136,125,to_timestamp('09-NOV-02 12.00.00.000000000 AM','DD-MON-RR HH.MI.SS.FF AM'),to_timestamp('02-DEC-02 12.00.00.000000000 AM','DD-MON-RR HH.MI.SS.FF AM'));
Insert into ILLNESS (ANIM_ID,ILL_TYPE_ID,ILL_START_DATE,ILL_END_DATE) values (162,183,to_timestamp('28-JUL-09 12.00.00.000000000 AM','DD-MON-RR HH.MI.SS.FF AM'),to_timestamp('07-AUG-09 12.00.00.000000000 AM','DD-MON-RR HH.MI.SS.FF AM'));
Insert into ILLNESS (ANIM_ID,ILL_TYPE_ID,ILL_START_DATE,ILL_END_DATE) values (154,2,to_timestamp('20-JAN-10 12.00.00.000000000 AM','DD-MON-RR HH.MI.SS.FF AM'),null);
Insert into ILLNESS (ANIM_ID,ILL_TYPE_ID,ILL_START_DATE,ILL_END_DATE) values (71,151,to_timestamp('01-APR-04 12.00.00.000000000 AM','DD-MON-RR HH.MI.SS.FF AM'),to_timestamp('10-APR-04 12.00.00.000000000 AM','DD-MON-RR HH.MI.SS.FF AM'));
Insert into ILLNESS (ANIM_ID,ILL_TYPE_ID,ILL_START_DATE,ILL_END_DATE) values (140,15,to_timestamp('12-JUN-02 12.00.00.000000000 AM','DD-MON-RR HH.MI.SS.FF AM'),to_timestamp('27-JUN-02 12.00.00.000000000 AM','DD-MON-RR HH.MI.SS.FF AM'));
Insert into ILLNESS (ANIM_ID,ILL_TYPE_ID,ILL_START_DATE,ILL_END_DATE) values (167,25,to_timestamp('25-OCT-09 12.00.00.000000000 AM','DD-MON-RR HH.MI.SS.FF AM'),to_timestamp('13-NOV-09 12.00.00.000000000 AM','DD-MON-RR HH.MI.SS.FF AM'));
Insert into ILLNESS (ANIM_ID,ILL_TYPE_ID,ILL_START_DATE,ILL_END_DATE) values (69,192,to_timestamp('20-NOV-08 12.00.00.000000000 AM','DD-MON-RR HH.MI.SS.FF AM'),to_timestamp('03-DEC-08 12.00.00.000000000 AM','DD-MON-RR HH.MI.SS.FF AM'));
Insert into ILLNESS (ANIM_ID,ILL_TYPE_ID,ILL_START_DATE,ILL_END_DATE) values (114,120,to_timestamp('25-APR-09 12.00.00.000000000 AM','DD-MON-RR HH.MI.SS.FF AM'),to_timestamp('11-MAY-09 12.00.00.000000000 AM','DD-MON-RR HH.MI.SS.FF AM'));
Insert into ILLNESS (ANIM_ID,ILL_TYPE_ID,ILL_START_DATE,ILL_END_DATE) values (71,102,to_timestamp('22-NOV-04 12.00.00.000000000 AM','DD-MON-RR HH.MI.SS.FF AM'),null);
Insert into ILLNESS (ANIM_ID,ILL_TYPE_ID,ILL_START_DATE,ILL_END_DATE) values (49,98,to_timestamp('10-SEP-07 12.00.00.000000000 AM','DD-MON-RR HH.MI.SS.FF AM'),to_timestamp('24-SEP-07 12.00.00.000000000 AM','DD-MON-RR HH.MI.SS.FF AM'));
Insert into ILLNESS (ANIM_ID,ILL_TYPE_ID,ILL_START_DATE,ILL_END_DATE) values (74,43,to_timestamp('01-FEB-10 12.00.00.000000000 AM','DD-MON-RR HH.MI.SS.FF AM'),to_timestamp('10-FEB-10 12.00.00.000000000 AM','DD-MON-RR HH.MI.SS.FF AM'));
Insert into ILLNESS (ANIM_ID,ILL_TYPE_ID,ILL_START_DATE,ILL_END_DATE) values (104,147,to_timestamp('07-AUG-01 12.00.00.000000000 AM','DD-MON-RR HH.MI.SS.FF AM'),to_timestamp('22-AUG-01 12.00.00.000000000 AM','DD-MON-RR HH.MI.SS.FF AM'));
Insert into ILLNESS (ANIM_ID,ILL_TYPE_ID,ILL_START_DATE,ILL_END_DATE) values (178,213,to_timestamp('20-FEB-06 12.00.00.000000000 AM','DD-MON-RR HH.MI.SS.FF AM'),to_timestamp('27-FEB-06 12.00.00.000000000 AM','DD-MON-RR HH.MI.SS.FF AM'));
Insert into ILLNESS (ANIM_ID,ILL_TYPE_ID,ILL_START_DATE,ILL_END_DATE) values (55,157,to_timestamp('06-MAY-04 12.00.00.000000000 AM','DD-MON-RR HH.MI.SS.FF AM'),to_timestamp('24-MAY-04 12.00.00.000000000 AM','DD-MON-RR HH.MI.SS.FF AM'));
Insert into ILLNESS (ANIM_ID,ILL_TYPE_ID,ILL_START_DATE,ILL_END_DATE) values (6,3,to_timestamp('13-APR-06 12.00.00.000000000 AM','DD-MON-RR HH.MI.SS.FF AM'),to_timestamp('01-MAY-06 12.00.00.000000000 AM','DD-MON-RR HH.MI.SS.FF AM'));
Insert into ILLNESS (ANIM_ID,ILL_TYPE_ID,ILL_START_DATE,ILL_END_DATE) values (11,64,to_timestamp('03-OCT-06 12.00.00.000000000 AM','DD-MON-RR HH.MI.SS.FF AM'),null);
Insert into ILLNESS (ANIM_ID,ILL_TYPE_ID,ILL_START_DATE,ILL_END_DATE) values (158,28,to_timestamp('12-MAY-03 12.00.00.000000000 AM','DD-MON-RR HH.MI.SS.FF AM'),to_timestamp('05-JUN-03 12.00.00.000000000 AM','DD-MON-RR HH.MI.SS.FF AM'));
Insert into ILLNESS (ANIM_ID,ILL_TYPE_ID,ILL_START_DATE,ILL_END_DATE) values (113,169,to_timestamp('10-APR-04 12.00.00.000000000 AM','DD-MON-RR HH.MI.SS.FF AM'),to_timestamp('09-MAY-04 12.00.00.000000000 AM','DD-MON-RR HH.MI.SS.FF AM'));
Insert into ILLNESS (ANIM_ID,ILL_TYPE_ID,ILL_START_DATE,ILL_END_DATE) values (131,53,to_timestamp('29-DEC-07 12.00.00.000000000 AM','DD-MON-RR HH.MI.SS.FF AM'),to_timestamp('25-JAN-08 12.00.00.000000000 AM','DD-MON-RR HH.MI.SS.FF AM'));
Insert into ILLNESS (ANIM_ID,ILL_TYPE_ID,ILL_START_DATE,ILL_END_DATE) values (130,82,to_timestamp('11-NOV-02 12.00.00.000000000 AM','DD-MON-RR HH.MI.SS.FF AM'),to_timestamp('27-NOV-02 12.00.00.000000000 AM','DD-MON-RR HH.MI.SS.FF AM'));
Insert into ILLNESS (ANIM_ID,ILL_TYPE_ID,ILL_START_DATE,ILL_END_DATE) values (29,209,to_timestamp('13-APR-09 12.00.00.000000000 AM','DD-MON-RR HH.MI.SS.FF AM'),to_timestamp('27-APR-09 12.00.00.000000000 AM','DD-MON-RR HH.MI.SS.FF AM'));
Insert into ILLNESS (ANIM_ID,ILL_TYPE_ID,ILL_START_DATE,ILL_END_DATE) values (109,6,to_timestamp('15-JAN-10 12.00.00.000000000 AM','DD-MON-RR HH.MI.SS.FF AM'),to_timestamp('27-JAN-10 12.00.00.000000000 AM','DD-MON-RR HH.MI.SS.FF AM'));
Insert into ILLNESS (ANIM_ID,ILL_TYPE_ID,ILL_START_DATE,ILL_END_DATE) values (37,142,to_timestamp('29-JUL-05 12.00.00.000000000 AM','DD-MON-RR HH.MI.SS.FF AM'),to_timestamp('05-AUG-05 12.00.00.000000000 AM','DD-MON-RR HH.MI.SS.FF AM'));
Insert into ILLNESS (ANIM_ID,ILL_TYPE_ID,ILL_START_DATE,ILL_END_DATE) values (8,73,to_timestamp('13-APR-09 12.00.00.000000000 AM','DD-MON-RR HH.MI.SS.FF AM'),to_timestamp('13-MAY-09 12.00.00.000000000 AM','DD-MON-RR HH.MI.SS.FF AM'));
Insert into ILLNESS (ANIM_ID,ILL_TYPE_ID,ILL_START_DATE,ILL_END_DATE) values (116,189,to_timestamp('13-SEP-06 12.00.00.000000000 AM','DD-MON-RR HH.MI.SS.FF AM'),to_timestamp('08-OCT-06 12.00.00.000000000 AM','DD-MON-RR HH.MI.SS.FF AM'));
Insert into ILLNESS (ANIM_ID,ILL_TYPE_ID,ILL_START_DATE,ILL_END_DATE) values (105,86,to_timestamp('19-MAY-09 12.00.00.000000000 AM','DD-MON-RR HH.MI.SS.FF AM'),to_timestamp('26-MAY-09 12.00.00.000000000 AM','DD-MON-RR HH.MI.SS.FF AM'));
Insert into ILLNESS (ANIM_ID,ILL_TYPE_ID,ILL_START_DATE,ILL_END_DATE) values (11,26,to_timestamp('20-FEB-06 12.00.00.000000000 AM','DD-MON-RR HH.MI.SS.FF AM'),to_timestamp('16-MAR-06 12.00.00.000000000 AM','DD-MON-RR HH.MI.SS.FF AM'));
Insert into ILLNESS (ANIM_ID,ILL_TYPE_ID,ILL_START_DATE,ILL_END_DATE) values (96,77,to_timestamp('21-DEC-07 12.00.00.000000000 AM','DD-MON-RR HH.MI.SS.FF AM'),to_timestamp('16-JAN-08 12.00.00.000000000 AM','DD-MON-RR HH.MI.SS.FF AM'));
Insert into ILLNESS (ANIM_ID,ILL_TYPE_ID,ILL_START_DATE,ILL_END_DATE) values (143,124,to_timestamp('13-JUN-00 12.00.00.000000000 AM','DD-MON-RR HH.MI.SS.FF AM'),to_timestamp('07-JUL-00 12.00.00.000000000 AM','DD-MON-RR HH.MI.SS.FF AM'));
Insert into ILLNESS (ANIM_ID,ILL_TYPE_ID,ILL_START_DATE,ILL_END_DATE) values (24,91,to_timestamp('18-JAN-99 12.00.00.000000000 AM','DD-MON-RR HH.MI.SS.FF AM'),to_timestamp('17-FEB-99 12.00.00.000000000 AM','DD-MON-RR HH.MI.SS.FF AM'));
Insert into ILLNESS (ANIM_ID,ILL_TYPE_ID,ILL_START_DATE,ILL_END_DATE) values (56,97,to_timestamp('11-JUL-07 12.00.00.000000000 AM','DD-MON-RR HH.MI.SS.FF AM'),to_timestamp('03-AUG-07 12.00.00.000000000 AM','DD-MON-RR HH.MI.SS.FF AM'));
Insert into ILLNESS (ANIM_ID,ILL_TYPE_ID,ILL_START_DATE,ILL_END_DATE) values (178,58,to_timestamp('13-APR-07 12.00.00.000000000 AM','DD-MON-RR HH.MI.SS.FF AM'),to_timestamp('30-APR-07 12.00.00.000000000 AM','DD-MON-RR HH.MI.SS.FF AM'));
Insert into ILLNESS (ANIM_ID,ILL_TYPE_ID,ILL_START_DATE,ILL_END_DATE) values (9,82,to_timestamp('13-JUN-05 12.00.00.000000000 AM','DD-MON-RR HH.MI.SS.FF AM'),to_timestamp('05-JUL-05 12.00.00.000000000 AM','DD-MON-RR HH.MI.SS.FF AM'));
Insert into ILLNESS (ANIM_ID,ILL_TYPE_ID,ILL_START_DATE,ILL_END_DATE) values (168,98,to_timestamp('28-JAN-08 12.00.00.000000000 AM','DD-MON-RR HH.MI.SS.FF AM'),null);
Insert into ILLNESS (ANIM_ID,ILL_TYPE_ID,ILL_START_DATE,ILL_END_DATE) values (159,81,to_timestamp('11-FEB-07 12.00.00.000000000 AM','DD-MON-RR HH.MI.SS.FF AM'),to_timestamp('12-MAR-07 12.00.00.000000000 AM','DD-MON-RR HH.MI.SS.FF AM'));
Insert into ILLNESS (ANIM_ID,ILL_TYPE_ID,ILL_START_DATE,ILL_END_DATE) values (123,201,to_timestamp('13-AUG-08 12.00.00.000000000 AM','DD-MON-RR HH.MI.SS.FF AM'),to_timestamp('22-AUG-08 12.00.00.000000000 AM','DD-MON-RR HH.MI.SS.FF AM'));
Insert into ILLNESS (ANIM_ID,ILL_TYPE_ID,ILL_START_DATE,ILL_END_DATE) values (122,173,to_timestamp('10-JUN-08 12.00.00.000000000 AM','DD-MON-RR HH.MI.SS.FF AM'),to_timestamp('09-JUL-08 12.00.00.000000000 AM','DD-MON-RR HH.MI.SS.FF AM'));
Insert into ILLNESS (ANIM_ID,ILL_TYPE_ID,ILL_START_DATE,ILL_END_DATE) values (79,192,to_timestamp('01-DEC-08 12.00.00.000000000 AM','DD-MON-RR HH.MI.SS.FF AM'),to_timestamp('15-DEC-08 12.00.00.000000000 AM','DD-MON-RR HH.MI.SS.FF AM'));
Insert into ILLNESS (ANIM_ID,ILL_TYPE_ID,ILL_START_DATE,ILL_END_DATE) values (156,43,to_timestamp('12-FEB-03 12.00.00.000000000 AM','DD-MON-RR HH.MI.SS.FF AM'),to_timestamp('08-MAR-03 12.00.00.000000000 AM','DD-MON-RR HH.MI.SS.FF AM'));
Insert into ILLNESS (ANIM_ID,ILL_TYPE_ID,ILL_START_DATE,ILL_END_DATE) values (104,184,to_timestamp('01-JUN-08 12.00.00.000000000 AM','DD-MON-RR HH.MI.SS.FF AM'),to_timestamp('30-JUN-08 12.00.00.000000000 AM','DD-MON-RR HH.MI.SS.FF AM'));
Insert into ILLNESS (ANIM_ID,ILL_TYPE_ID,ILL_START_DATE,ILL_END_DATE) values (114,99,to_timestamp('05-FEB-05 12.00.00.000000000 AM','DD-MON-RR HH.MI.SS.FF AM'),to_timestamp('22-FEB-05 12.00.00.000000000 AM','DD-MON-RR HH.MI.SS.FF AM'));
Insert into ILLNESS (ANIM_ID,ILL_TYPE_ID,ILL_START_DATE,ILL_END_DATE) values (110,95,to_timestamp('24-MAR-03 12.00.00.000000000 AM','DD-MON-RR HH.MI.SS.FF AM'),to_timestamp('14-APR-03 12.00.00.000000000 AM','DD-MON-RR HH.MI.SS.FF AM'));
Insert into ILLNESS (ANIM_ID,ILL_TYPE_ID,ILL_START_DATE,ILL_END_DATE) values (189,127,to_timestamp('22-JAN-10 12.00.00.000000000 AM','DD-MON-RR HH.MI.SS.FF AM'),null);
Insert into ILLNESS (ANIM_ID,ILL_TYPE_ID,ILL_START_DATE,ILL_END_DATE) values (13,162,to_timestamp('18-JUN-08 12.00.00.000000000 AM','DD-MON-RR HH.MI.SS.FF AM'),to_timestamp('25-JUN-08 12.00.00.000000000 AM','DD-MON-RR HH.MI.SS.FF AM'));
Insert into ILLNESS (ANIM_ID,ILL_TYPE_ID,ILL_START_DATE,ILL_END_DATE) values (6,137,to_timestamp('25-MAR-06 12.00.00.000000000 AM','DD-MON-RR HH.MI.SS.FF AM'),to_timestamp('03-APR-06 12.00.00.000000000 AM','DD-MON-RR HH.MI.SS.FF AM'));
Insert into ILLNESS (ANIM_ID,ILL_TYPE_ID,ILL_START_DATE,ILL_END_DATE) values (0,91,to_timestamp('06-MAR-08 12.00.00.000000000 AM','DD-MON-RR HH.MI.SS.FF AM'),to_timestamp('18-MAR-08 12.00.00.000000000 AM','DD-MON-RR HH.MI.SS.FF AM'));
Insert into ILLNESS (ANIM_ID,ILL_TYPE_ID,ILL_START_DATE,ILL_END_DATE) values (65,13,to_timestamp('07-NOV-01 12.00.00.000000000 AM','DD-MON-RR HH.MI.SS.FF AM'),null);
Insert into ILLNESS (ANIM_ID,ILL_TYPE_ID,ILL_START_DATE,ILL_END_DATE) values (193,14,to_timestamp('06-SEP-08 12.00.00.000000000 AM','DD-MON-RR HH.MI.SS.FF AM'),to_timestamp('27-SEP-08 12.00.00.000000000 AM','DD-MON-RR HH.MI.SS.FF AM'));
Insert into ILLNESS (ANIM_ID,ILL_TYPE_ID,ILL_START_DATE,ILL_END_DATE) values (47,132,to_timestamp('07-JUL-03 12.00.00.000000000 AM','DD-MON-RR HH.MI.SS.FF AM'),to_timestamp('15-JUL-03 12.00.00.000000000 AM','DD-MON-RR HH.MI.SS.FF AM'));
Insert into ILLNESS (ANIM_ID,ILL_TYPE_ID,ILL_START_DATE,ILL_END_DATE) values (170,29,to_timestamp('24-FEB-99 12.00.00.000000000 AM','DD-MON-RR HH.MI.SS.FF AM'),to_timestamp('22-MAR-99 12.00.00.000000000 AM','DD-MON-RR HH.MI.SS.FF AM'));
Insert into ILLNESS (ANIM_ID,ILL_TYPE_ID,ILL_START_DATE,ILL_END_DATE) values (82,93,to_timestamp('22-JUL-09 12.00.00.000000000 AM','DD-MON-RR HH.MI.SS.FF AM'),to_timestamp('03-AUG-09 12.00.00.000000000 AM','DD-MON-RR HH.MI.SS.FF AM'));
Insert into ILLNESS (ANIM_ID,ILL_TYPE_ID,ILL_START_DATE,ILL_END_DATE) values (97,206,to_timestamp('08-MAR-05 12.00.00.000000000 AM','DD-MON-RR HH.MI.SS.FF AM'),to_timestamp('17-MAR-05 12.00.00.000000000 AM','DD-MON-RR HH.MI.SS.FF AM'));
Insert into ILLNESS (ANIM_ID,ILL_TYPE_ID,ILL_START_DATE,ILL_END_DATE) values (117,129,to_timestamp('16-APR-00 12.00.00.000000000 AM','DD-MON-RR HH.MI.SS.FF AM'),null);
Insert into ILLNESS (ANIM_ID,ILL_TYPE_ID,ILL_START_DATE,ILL_END_DATE) values (10,72,to_timestamp('09-JAN-10 12.00.00.000000000 AM','DD-MON-RR HH.MI.SS.FF AM'),to_timestamp('27-JAN-10 12.00.00.000000000 AM','DD-MON-RR HH.MI.SS.FF AM'));
Insert into ILLNESS (ANIM_ID,ILL_TYPE_ID,ILL_START_DATE,ILL_END_DATE) values (160,170,to_timestamp('20-AUG-09 12.00.00.000000000 AM','DD-MON-RR HH.MI.SS.FF AM'),to_timestamp('11-SEP-09 12.00.00.000000000 AM','DD-MON-RR HH.MI.SS.FF AM'));
Insert into ILLNESS (ANIM_ID,ILL_TYPE_ID,ILL_START_DATE,ILL_END_DATE) values (115,182,to_timestamp('06-JUN-04 12.00.00.000000000 AM','DD-MON-RR HH.MI.SS.FF AM'),to_timestamp('28-JUN-04 12.00.00.000000000 AM','DD-MON-RR HH.MI.SS.FF AM'));
Insert into ILLNESS (ANIM_ID,ILL_TYPE_ID,ILL_START_DATE,ILL_END_DATE) values (194,58,to_timestamp('16-MAR-09 12.00.00.000000000 AM','DD-MON-RR HH.MI.SS.FF AM'),to_timestamp('31-MAR-09 12.00.00.000000000 AM','DD-MON-RR HH.MI.SS.FF AM'));
Insert into ILLNESS (ANIM_ID,ILL_TYPE_ID,ILL_START_DATE,ILL_END_DATE) values (123,107,to_timestamp('19-JUN-07 12.00.00.000000000 AM','DD-MON-RR HH.MI.SS.FF AM'),to_timestamp('26-JUN-07 12.00.00.000000000 AM','DD-MON-RR HH.MI.SS.FF AM'));
Insert into ILLNESS (ANIM_ID,ILL_TYPE_ID,ILL_START_DATE,ILL_END_DATE) values (20,8,to_timestamp('21-MAR-05 12.00.00.000000000 AM','DD-MON-RR HH.MI.SS.FF AM'),to_timestamp('11-APR-05 12.00.00.000000000 AM','DD-MON-RR HH.MI.SS.FF AM'));
Insert into ILLNESS (ANIM_ID,ILL_TYPE_ID,ILL_START_DATE,ILL_END_DATE) values (106,42,to_timestamp('12-DEC-07 12.00.00.000000000 AM','DD-MON-RR HH.MI.SS.FF AM'),to_timestamp('06-JAN-08 12.00.00.000000000 AM','DD-MON-RR HH.MI.SS.FF AM'));
Insert into ILLNESS (ANIM_ID,ILL_TYPE_ID,ILL_START_DATE,ILL_END_DATE) values (1,57,to_timestamp('25-MAR-09 12.00.00.000000000 AM','DD-MON-RR HH.MI.SS.FF AM'),to_timestamp('16-APR-09 12.00.00.000000000 AM','DD-MON-RR HH.MI.SS.FF AM'));
Insert into ILLNESS (ANIM_ID,ILL_TYPE_ID,ILL_START_DATE,ILL_END_DATE) values (74,59,to_timestamp('18-OCT-07 12.00.00.000000000 AM','DD-MON-RR HH.MI.SS.FF AM'),to_timestamp('07-NOV-07 12.00.00.000000000 AM','DD-MON-RR HH.MI.SS.FF AM'));
Insert into ILLNESS (ANIM_ID,ILL_TYPE_ID,ILL_START_DATE,ILL_END_DATE) values (78,158,to_timestamp('12-JUL-09 12.00.00.000000000 AM','DD-MON-RR HH.MI.SS.FF AM'),to_timestamp('29-JUL-09 12.00.00.000000000 AM','DD-MON-RR HH.MI.SS.FF AM'));
Insert into ILLNESS (ANIM_ID,ILL_TYPE_ID,ILL_START_DATE,ILL_END_DATE) values (9,192,to_timestamp('20-APR-02 12.00.00.000000000 AM','DD-MON-RR HH.MI.SS.FF AM'),to_timestamp('11-MAY-02 12.00.00.000000000 AM','DD-MON-RR HH.MI.SS.FF AM'));
Insert into ILLNESS (ANIM_ID,ILL_TYPE_ID,ILL_START_DATE,ILL_END_DATE) values (55,113,to_timestamp('19-JUN-04 12.00.00.000000000 AM','DD-MON-RR HH.MI.SS.FF AM'),to_timestamp('05-JUL-04 12.00.00.000000000 AM','DD-MON-RR HH.MI.SS.FF AM'));
Insert into ILLNESS (ANIM_ID,ILL_TYPE_ID,ILL_START_DATE,ILL_END_DATE) values (98,7,to_timestamp('30-AUG-07 12.00.00.000000000 AM','DD-MON-RR HH.MI.SS.FF AM'),to_timestamp('20-SEP-07 12.00.00.000000000 AM','DD-MON-RR HH.MI.SS.FF AM'));
Insert into ILLNESS (ANIM_ID,ILL_TYPE_ID,ILL_START_DATE,ILL_END_DATE) values (128,183,to_timestamp('26-FEB-02 12.00.00.000000000 AM','DD-MON-RR HH.MI.SS.FF AM'),to_timestamp('06-MAR-02 12.00.00.000000000 AM','DD-MON-RR HH.MI.SS.FF AM'));
Insert into ILLNESS (ANIM_ID,ILL_TYPE_ID,ILL_START_DATE,ILL_END_DATE) values (24,153,to_timestamp('22-FEB-07 12.00.00.000000000 AM','DD-MON-RR HH.MI.SS.FF AM'),to_timestamp('11-MAR-07 12.00.00.000000000 AM','DD-MON-RR HH.MI.SS.FF AM'));
Insert into ILLNESS (ANIM_ID,ILL_TYPE_ID,ILL_START_DATE,ILL_END_DATE) values (39,160,to_timestamp('20-NOV-08 12.00.00.000000000 AM','DD-MON-RR HH.MI.SS.FF AM'),to_timestamp('09-DEC-08 12.00.00.000000000 AM','DD-MON-RR HH.MI.SS.FF AM'));
Insert into ILLNESS (ANIM_ID,ILL_TYPE_ID,ILL_START_DATE,ILL_END_DATE) values (172,93,to_timestamp('09-MAY-01 12.00.00.000000000 AM','DD-MON-RR HH.MI.SS.FF AM'),to_timestamp('16-MAY-01 12.00.00.000000000 AM','DD-MON-RR HH.MI.SS.FF AM'));
Insert into ILLNESS (ANIM_ID,ILL_TYPE_ID,ILL_START_DATE,ILL_END_DATE) values (4,183,to_timestamp('08-APR-08 12.00.00.000000000 AM','DD-MON-RR HH.MI.SS.FF AM'),null);
Insert into ILLNESS (ANIM_ID,ILL_TYPE_ID,ILL_START_DATE,ILL_END_DATE) values (34,9,to_timestamp('06-NOV-04 12.00.00.000000000 AM','DD-MON-RR HH.MI.SS.FF AM'),to_timestamp('21-NOV-04 12.00.00.000000000 AM','DD-MON-RR HH.MI.SS.FF AM'));
Insert into ILLNESS (ANIM_ID,ILL_TYPE_ID,ILL_START_DATE,ILL_END_DATE) values (166,193,to_timestamp('31-JAN-07 12.00.00.000000000 AM','DD-MON-RR HH.MI.SS.FF AM'),to_timestamp('18-FEB-07 12.00.00.000000000 AM','DD-MON-RR HH.MI.SS.FF AM'));
Insert into ILLNESS (ANIM_ID,ILL_TYPE_ID,ILL_START_DATE,ILL_END_DATE) values (130,175,to_timestamp('12-JUL-02 12.00.00.000000000 AM','DD-MON-RR HH.MI.SS.FF AM'),to_timestamp('10-AUG-02 12.00.00.000000000 AM','DD-MON-RR HH.MI.SS.FF AM'));
Insert into ILLNESS (ANIM_ID,ILL_TYPE_ID,ILL_START_DATE,ILL_END_DATE) values (103,4,to_timestamp('29-OCT-05 12.00.00.000000000 AM','DD-MON-RR HH.MI.SS.FF AM'),to_timestamp('26-NOV-05 12.00.00.000000000 AM','DD-MON-RR HH.MI.SS.FF AM'));
Insert into ILLNESS (ANIM_ID,ILL_TYPE_ID,ILL_START_DATE,ILL_END_DATE) values (37,103,to_timestamp('02-MAY-09 12.00.00.000000000 AM','DD-MON-RR HH.MI.SS.FF AM'),to_timestamp('15-MAY-09 12.00.00.000000000 AM','DD-MON-RR HH.MI.SS.FF AM'));
Insert into ILLNESS (ANIM_ID,ILL_TYPE_ID,ILL_START_DATE,ILL_END_DATE) values (39,195,to_timestamp('13-APR-08 12.00.00.000000000 AM','DD-MON-RR HH.MI.SS.FF AM'),to_timestamp('24-APR-08 12.00.00.000000000 AM','DD-MON-RR HH.MI.SS.FF AM'));
Insert into ILLNESS (ANIM_ID,ILL_TYPE_ID,ILL_START_DATE,ILL_END_DATE) values (114,207,to_timestamp('28-AUG-06 12.00.00.000000000 AM','DD-MON-RR HH.MI.SS.FF AM'),null);
Insert into ILLNESS (ANIM_ID,ILL_TYPE_ID,ILL_START_DATE,ILL_END_DATE) values (98,195,to_timestamp('08-DEC-07 12.00.00.000000000 AM','DD-MON-RR HH.MI.SS.FF AM'),to_timestamp('17-DEC-07 12.00.00.000000000 AM','DD-MON-RR HH.MI.SS.FF AM'));
Insert into ILLNESS (ANIM_ID,ILL_TYPE_ID,ILL_START_DATE,ILL_END_DATE) values (149,174,to_timestamp('09-JUN-04 12.00.00.000000000 AM','DD-MON-RR HH.MI.SS.FF AM'),to_timestamp('07-JUL-04 12.00.00.000000000 AM','DD-MON-RR HH.MI.SS.FF AM'));
Insert into ILLNESS (ANIM_ID,ILL_TYPE_ID,ILL_START_DATE,ILL_END_DATE) values (147,4,to_timestamp('19-AUG-08 12.00.00.000000000 AM','DD-MON-RR HH.MI.SS.FF AM'),to_timestamp('01-SEP-08 12.00.00.000000000 AM','DD-MON-RR HH.MI.SS.FF AM'));
Insert into ILLNESS (ANIM_ID,ILL_TYPE_ID,ILL_START_DATE,ILL_END_DATE) values (147,31,to_timestamp('21-JUN-08 12.00.00.000000000 AM','DD-MON-RR HH.MI.SS.FF AM'),to_timestamp('02-JUL-08 12.00.00.000000000 AM','DD-MON-RR HH.MI.SS.FF AM'));
Insert into ILLNESS (ANIM_ID,ILL_TYPE_ID,ILL_START_DATE,ILL_END_DATE) values (106,186,to_timestamp('01-DEC-03 12.00.00.000000000 AM','DD-MON-RR HH.MI.SS.FF AM'),to_timestamp('24-DEC-03 12.00.00.000000000 AM','DD-MON-RR HH.MI.SS.FF AM'));
Insert into ILLNESS (ANIM_ID,ILL_TYPE_ID,ILL_START_DATE,ILL_END_DATE) values (83,82,to_timestamp('12-MAY-07 12.00.00.000000000 AM','DD-MON-RR HH.MI.SS.FF AM'),to_timestamp('31-MAY-07 12.00.00.000000000 AM','DD-MON-RR HH.MI.SS.FF AM'));
Insert into ILLNESS (ANIM_ID,ILL_TYPE_ID,ILL_START_DATE,ILL_END_DATE) values (31,62,to_timestamp('15-MAY-08 12.00.00.000000000 AM','DD-MON-RR HH.MI.SS.FF AM'),to_timestamp('03-JUN-08 12.00.00.000000000 AM','DD-MON-RR HH.MI.SS.FF AM'));
Insert into ILLNESS (ANIM_ID,ILL_TYPE_ID,ILL_START_DATE,ILL_END_DATE) values (104,78,to_timestamp('27-JUN-08 12.00.00.000000000 AM','DD-MON-RR HH.MI.SS.FF AM'),to_timestamp('21-JUL-08 12.00.00.000000000 AM','DD-MON-RR HH.MI.SS.FF AM'));
Insert into ILLNESS (ANIM_ID,ILL_TYPE_ID,ILL_START_DATE,ILL_END_DATE) values (68,161,to_timestamp('28-DEC-08 12.00.00.000000000 AM','DD-MON-RR HH.MI.SS.FF AM'),to_timestamp('07-JAN-09 12.00.00.000000000 AM','DD-MON-RR HH.MI.SS.FF AM'));
Insert into ILLNESS (ANIM_ID,ILL_TYPE_ID,ILL_START_DATE,ILL_END_DATE) values (10,17,to_timestamp('12-JAN-04 12.00.00.000000000 AM','DD-MON-RR HH.MI.SS.FF AM'),to_timestamp('09-FEB-04 12.00.00.000000000 AM','DD-MON-RR HH.MI.SS.FF AM'));
Insert into ILLNESS (ANIM_ID,ILL_TYPE_ID,ILL_START_DATE,ILL_END_DATE) values (48,73,to_timestamp('04-JAN-09 12.00.00.000000000 AM','DD-MON-RR HH.MI.SS.FF AM'),to_timestamp('28-JAN-09 12.00.00.000000000 AM','DD-MON-RR HH.MI.SS.FF AM'));
Insert into ILLNESS (ANIM_ID,ILL_TYPE_ID,ILL_START_DATE,ILL_END_DATE) values (168,36,to_timestamp('03-MAR-08 12.00.00.000000000 AM','DD-MON-RR HH.MI.SS.FF AM'),to_timestamp('26-MAR-08 12.00.00.000000000 AM','DD-MON-RR HH.MI.SS.FF AM'));
Insert into ILLNESS (ANIM_ID,ILL_TYPE_ID,ILL_START_DATE,ILL_END_DATE) values (87,37,to_timestamp('09-OCT-07 12.00.00.000000000 AM','DD-MON-RR HH.MI.SS.FF AM'),to_timestamp('17-OCT-07 12.00.00.000000000 AM','DD-MON-RR HH.MI.SS.FF AM'));
Insert into ILLNESS (ANIM_ID,ILL_TYPE_ID,ILL_START_DATE,ILL_END_DATE) values (81,184,to_timestamp('01-AUG-09 12.00.00.000000000 AM','DD-MON-RR HH.MI.SS.FF AM'),to_timestamp('22-AUG-09 12.00.00.000000000 AM','DD-MON-RR HH.MI.SS.FF AM'));
Insert into ILLNESS (ANIM_ID,ILL_TYPE_ID,ILL_START_DATE,ILL_END_DATE) values (44,169,to_timestamp('09-JAN-10 12.00.00.000000000 AM','DD-MON-RR HH.MI.SS.FF AM'),null);
Insert into ILLNESS (ANIM_ID,ILL_TYPE_ID,ILL_START_DATE,ILL_END_DATE) values (28,37,to_timestamp('23-APR-04 12.00.00.000000000 AM','DD-MON-RR HH.MI.SS.FF AM'),to_timestamp('05-MAY-04 12.00.00.000000000 AM','DD-MON-RR HH.MI.SS.FF AM'));
Insert into ILLNESS (ANIM_ID,ILL_TYPE_ID,ILL_START_DATE,ILL_END_DATE) values (195,152,to_timestamp('27-JUN-09 12.00.00.000000000 AM','DD-MON-RR HH.MI.SS.FF AM'),to_timestamp('09-JUL-09 12.00.00.000000000 AM','DD-MON-RR HH.MI.SS.FF AM'));
Insert into ILLNESS (ANIM_ID,ILL_TYPE_ID,ILL_START_DATE,ILL_END_DATE) values (5,144,to_timestamp('18-AUG-06 12.00.00.000000000 AM','DD-MON-RR HH.MI.SS.FF AM'),to_timestamp('06-SEP-06 12.00.00.000000000 AM','DD-MON-RR HH.MI.SS.FF AM'));
Insert into ILLNESS (ANIM_ID,ILL_TYPE_ID,ILL_START_DATE,ILL_END_DATE) values (50,204,to_timestamp('29-SEP-04 12.00.00.000000000 AM','DD-MON-RR HH.MI.SS.FF AM'),to_timestamp('21-OCT-04 12.00.00.000000000 AM','DD-MON-RR HH.MI.SS.FF AM'));
Insert into ILLNESS (ANIM_ID,ILL_TYPE_ID,ILL_START_DATE,ILL_END_DATE) values (76,104,to_timestamp('16-MAY-09 12.00.00.000000000 AM','DD-MON-RR HH.MI.SS.FF AM'),null);
Insert into ILLNESS (ANIM_ID,ILL_TYPE_ID,ILL_START_DATE,ILL_END_DATE) values (60,72,to_timestamp('07-DEC-09 12.00.00.000000000 AM','DD-MON-RR HH.MI.SS.FF AM'),null);
Insert into ILLNESS (ANIM_ID,ILL_TYPE_ID,ILL_START_DATE,ILL_END_DATE) values (114,127,to_timestamp('30-JUL-09 12.00.00.000000000 AM','DD-MON-RR HH.MI.SS.FF AM'),to_timestamp('12-AUG-09 12.00.00.000000000 AM','DD-MON-RR HH.MI.SS.FF AM'));
Insert into ILLNESS (ANIM_ID,ILL_TYPE_ID,ILL_START_DATE,ILL_END_DATE) values (185,11,to_timestamp('22-NOV-03 12.00.00.000000000 AM','DD-MON-RR HH.MI.SS.FF AM'),to_timestamp('20-DEC-03 12.00.00.000000000 AM','DD-MON-RR HH.MI.SS.FF AM'));
Insert into ILLNESS (ANIM_ID,ILL_TYPE_ID,ILL_START_DATE,ILL_END_DATE) values (1,100,to_timestamp('25-FEB-07 12.00.00.000000000 AM','DD-MON-RR HH.MI.SS.FF AM'),to_timestamp('19-MAR-07 12.00.00.000000000 AM','DD-MON-RR HH.MI.SS.FF AM'));
Insert into ILLNESS (ANIM_ID,ILL_TYPE_ID,ILL_START_DATE,ILL_END_DATE) values (39,205,to_timestamp('29-DEC-08 12.00.00.000000000 AM','DD-MON-RR HH.MI.SS.FF AM'),to_timestamp('07-JAN-09 12.00.00.000000000 AM','DD-MON-RR HH.MI.SS.FF AM'));
Insert into ILLNESS (ANIM_ID,ILL_TYPE_ID,ILL_START_DATE,ILL_END_DATE) values (46,187,to_timestamp('07-SEP-99 12.00.00.000000000 AM','DD-MON-RR HH.MI.SS.FF AM'),to_timestamp('22-SEP-99 12.00.00.000000000 AM','DD-MON-RR HH.MI.SS.FF AM'));
Insert into ILLNESS (ANIM_ID,ILL_TYPE_ID,ILL_START_DATE,ILL_END_DATE) values (162,17,to_timestamp('17-SEP-04 12.00.00.000000000 AM','DD-MON-RR HH.MI.SS.FF AM'),null);
Insert into ILLNESS (ANIM_ID,ILL_TYPE_ID,ILL_START_DATE,ILL_END_DATE) values (95,184,to_timestamp('05-MAR-05 12.00.00.000000000 AM','DD-MON-RR HH.MI.SS.FF AM'),to_timestamp('04-APR-05 12.00.00.000000000 AM','DD-MON-RR HH.MI.SS.FF AM'));
Insert into ILLNESS (ANIM_ID,ILL_TYPE_ID,ILL_START_DATE,ILL_END_DATE) values (12,191,to_timestamp('07-SEP-03 12.00.00.000000000 AM','DD-MON-RR HH.MI.SS.FF AM'),to_timestamp('20-SEP-03 12.00.00.000000000 AM','DD-MON-RR HH.MI.SS.FF AM'));
Insert into ILLNESS (ANIM_ID,ILL_TYPE_ID,ILL_START_DATE,ILL_END_DATE) values (25,109,to_timestamp('26-JAN-08 12.00.00.000000000 AM','DD-MON-RR HH.MI.SS.FF AM'),to_timestamp('04-FEB-08 12.00.00.000000000 AM','DD-MON-RR HH.MI.SS.FF AM'));
Insert into ILLNESS (ANIM_ID,ILL_TYPE_ID,ILL_START_DATE,ILL_END_DATE) values (158,104,to_timestamp('26-SEP-08 12.00.00.000000000 AM','DD-MON-RR HH.MI.SS.FF AM'),to_timestamp('19-OCT-08 12.00.00.000000000 AM','DD-MON-RR HH.MI.SS.FF AM'));
Insert into ILLNESS (ANIM_ID,ILL_TYPE_ID,ILL_START_DATE,ILL_END_DATE) values (189,21,to_timestamp('28-JAN-10 12.00.00.000000000 AM','DD-MON-RR HH.MI.SS.FF AM'),to_timestamp('23-FEB-10 12.00.00.000000000 AM','DD-MON-RR HH.MI.SS.FF AM'));
Insert into ILLNESS (ANIM_ID,ILL_TYPE_ID,ILL_START_DATE,ILL_END_DATE) values (47,93,to_timestamp('20-FEB-00 12.00.00.000000000 AM','DD-MON-RR HH.MI.SS.FF AM'),null);
Insert into ILLNESS (ANIM_ID,ILL_TYPE_ID,ILL_START_DATE,ILL_END_DATE) values (46,97,to_timestamp('20-DEC-04 12.00.00.000000000 AM','DD-MON-RR HH.MI.SS.FF AM'),to_timestamp('12-JAN-05 12.00.00.000000000 AM','DD-MON-RR HH.MI.SS.FF AM'));
Insert into ILLNESS (ANIM_ID,ILL_TYPE_ID,ILL_START_DATE,ILL_END_DATE) values (86,112,to_timestamp('04-SEP-08 12.00.00.000000000 AM','DD-MON-RR HH.MI.SS.FF AM'),to_timestamp('16-SEP-08 12.00.00.000000000 AM','DD-MON-RR HH.MI.SS.FF AM'));
Insert into ILLNESS (ANIM_ID,ILL_TYPE_ID,ILL_START_DATE,ILL_END_DATE) values (188,186,to_timestamp('10-MAR-10 12.00.00.000000000 AM','DD-MON-RR HH.MI.SS.FF AM'),to_timestamp('19-MAR-10 12.00.00.000000000 AM','DD-MON-RR HH.MI.SS.FF AM'));
Insert into ILLNESS (ANIM_ID,ILL_TYPE_ID,ILL_START_DATE,ILL_END_DATE) values (65,42,to_timestamp('09-SEP-08 12.00.00.000000000 AM','DD-MON-RR HH.MI.SS.FF AM'),to_timestamp('23-SEP-08 12.00.00.000000000 AM','DD-MON-RR HH.MI.SS.FF AM'));
Insert into ILLNESS (ANIM_ID,ILL_TYPE_ID,ILL_START_DATE,ILL_END_DATE) values (127,13,to_timestamp('03-OCT-08 12.00.00.000000000 AM','DD-MON-RR HH.MI.SS.FF AM'),to_timestamp('01-NOV-08 12.00.00.000000000 AM','DD-MON-RR HH.MI.SS.FF AM'));
Insert into ILLNESS (ANIM_ID,ILL_TYPE_ID,ILL_START_DATE,ILL_END_DATE) values (194,210,to_timestamp('24-JUL-09 12.00.00.000000000 AM','DD-MON-RR HH.MI.SS.FF AM'),null);
Insert into ILLNESS (ANIM_ID,ILL_TYPE_ID,ILL_START_DATE,ILL_END_DATE) values (36,48,to_timestamp('06-NOV-09 12.00.00.000000000 AM','DD-MON-RR HH.MI.SS.FF AM'),to_timestamp('23-NOV-09 12.00.00.000000000 AM','DD-MON-RR HH.MI.SS.FF AM'));
Insert into ILLNESS (ANIM_ID,ILL_TYPE_ID,ILL_START_DATE,ILL_END_DATE) values (92,61,to_timestamp('28-AUG-98 12.00.00.000000000 AM','DD-MON-RR HH.MI.SS.FF AM'),to_timestamp('21-SEP-98 12.00.00.000000000 AM','DD-MON-RR HH.MI.SS.FF AM'));
Insert into ILLNESS (ANIM_ID,ILL_TYPE_ID,ILL_START_DATE,ILL_END_DATE) values (107,123,to_timestamp('21-NOV-07 12.00.00.000000000 AM','DD-MON-RR HH.MI.SS.FF AM'),to_timestamp('30-NOV-07 12.00.00.000000000 AM','DD-MON-RR HH.MI.SS.FF AM'));
Insert into ILLNESS (ANIM_ID,ILL_TYPE_ID,ILL_START_DATE,ILL_END_DATE) values (171,59,to_timestamp('31-AUG-08 12.00.00.000000000 AM','DD-MON-RR HH.MI.SS.FF AM'),to_timestamp('28-SEP-08 12.00.00.000000000 AM','DD-MON-RR HH.MI.SS.FF AM'));
Insert into ILLNESS (ANIM_ID,ILL_TYPE_ID,ILL_START_DATE,ILL_END_DATE) values (13,98,to_timestamp('07-JUL-08 12.00.00.000000000 AM','DD-MON-RR HH.MI.SS.FF AM'),null);
Insert into ILLNESS (ANIM_ID,ILL_TYPE_ID,ILL_START_DATE,ILL_END_DATE) values (182,38,to_timestamp('29-JUL-01 12.00.00.000000000 AM','DD-MON-RR HH.MI.SS.FF AM'),to_timestamp('15-AUG-01 12.00.00.000000000 AM','DD-MON-RR HH.MI.SS.FF AM'));
Insert into ILLNESS (ANIM_ID,ILL_TYPE_ID,ILL_START_DATE,ILL_END_DATE) values (73,163,to_timestamp('06-JUN-09 12.00.00.000000000 AM','DD-MON-RR HH.MI.SS.FF AM'),null);
Insert into ILLNESS (ANIM_ID,ILL_TYPE_ID,ILL_START_DATE,ILL_END_DATE) values (163,7,to_timestamp('16-MAR-05 12.00.00.000000000 AM','DD-MON-RR HH.MI.SS.FF AM'),to_timestamp('23-MAR-05 12.00.00.000000000 AM','DD-MON-RR HH.MI.SS.FF AM'));
Insert into ILLNESS (ANIM_ID,ILL_TYPE_ID,ILL_START_DATE,ILL_END_DATE) values (1,191,to_timestamp('12-JUN-08 12.00.00.000000000 AM','DD-MON-RR HH.MI.SS.FF AM'),to_timestamp('23-JUN-08 12.00.00.000000000 AM','DD-MON-RR HH.MI.SS.FF AM'));
Insert into ILLNESS (ANIM_ID,ILL_TYPE_ID,ILL_START_DATE,ILL_END_DATE) values (193,155,to_timestamp('09-OCT-04 12.00.00.000000000 AM','DD-MON-RR HH.MI.SS.FF AM'),to_timestamp('29-OCT-04 12.00.00.000000000 AM','DD-MON-RR HH.MI.SS.FF AM'));
Insert into ILLNESS (ANIM_ID,ILL_TYPE_ID,ILL_START_DATE,ILL_END_DATE) values (116,94,to_timestamp('02-AUG-06 12.00.00.000000000 AM','DD-MON-RR HH.MI.SS.FF AM'),to_timestamp('11-AUG-06 12.00.00.000000000 AM','DD-MON-RR HH.MI.SS.FF AM'));
Insert into ILLNESS (ANIM_ID,ILL_TYPE_ID,ILL_START_DATE,ILL_END_DATE) values (72,60,to_timestamp('14-AUG-08 12.00.00.000000000 AM','DD-MON-RR HH.MI.SS.FF AM'),to_timestamp('02-SEP-08 12.00.00.000000000 AM','DD-MON-RR HH.MI.SS.FF AM'));
Insert into ILLNESS (ANIM_ID,ILL_TYPE_ID,ILL_START_DATE,ILL_END_DATE) values (42,171,to_timestamp('28-APR-05 12.00.00.000000000 AM','DD-MON-RR HH.MI.SS.FF AM'),null);
Insert into ILLNESS (ANIM_ID,ILL_TYPE_ID,ILL_START_DATE,ILL_END_DATE) values (57,101,to_timestamp('26-FEB-10 12.00.00.000000000 AM','DD-MON-RR HH.MI.SS.FF AM'),to_timestamp('11-MAR-10 12.00.00.000000000 AM','DD-MON-RR HH.MI.SS.FF AM'));
Insert into ILLNESS (ANIM_ID,ILL_TYPE_ID,ILL_START_DATE,ILL_END_DATE) values (32,158,to_timestamp('26-AUG-06 12.00.00.000000000 AM','DD-MON-RR HH.MI.SS.FF AM'),to_timestamp('08-SEP-06 12.00.00.000000000 AM','DD-MON-RR HH.MI.SS.FF AM'));
Insert into ILLNESS (ANIM_ID,ILL_TYPE_ID,ILL_START_DATE,ILL_END_DATE) values (27,92,to_timestamp('03-AUG-08 12.00.00.000000000 AM','DD-MON-RR HH.MI.SS.FF AM'),to_timestamp('12-AUG-08 12.00.00.000000000 AM','DD-MON-RR HH.MI.SS.FF AM'));
Insert into ILLNESS (ANIM_ID,ILL_TYPE_ID,ILL_START_DATE,ILL_END_DATE) values (80,96,to_timestamp('08-OCT-08 12.00.00.000000000 AM','DD-MON-RR HH.MI.SS.FF AM'),to_timestamp('16-OCT-08 12.00.00.000000000 AM','DD-MON-RR HH.MI.SS.FF AM'));

---------------------------------------------------
--   END DATA FOR TABLE ILLNESS
---------------------------------------------------


---------------------------------------------------
--   DATA FOR TABLE ILLNESS_TYPE
--   FILTER = none used
---------------------------------------------------
REM INSERTING into ILLNESS_TYPE
Insert into ILLNESS_TYPE (ILL_TYPE_ID,ILL_DESCRIPTION,ILL_TREATMENT) values (1,'Acinetobacterinfections','Medication');
Insert into ILLNESS_TYPE (ILL_TYPE_ID,ILL_DESCRIPTION,ILL_TREATMENT) values (2,'Actinomycosis','Euthanize');
Insert into ILLNESS_TYPE (ILL_TYPE_ID,ILL_DESCRIPTION,ILL_TREATMENT) values (3,'Adenovirus infection','Medication');
Insert into ILLNESS_TYPE (ILL_TYPE_ID,ILL_DESCRIPTION,ILL_TREATMENT) values (4,'African sleeping sickness(African trypanosomiasis)','Rest');
Insert into ILLNESS_TYPE (ILL_TYPE_ID,ILL_DESCRIPTION,ILL_TREATMENT) values (5,'AIDS (Acquired immune deficiency syndrome)','Medication');
Insert into ILLNESS_TYPE (ILL_TYPE_ID,ILL_DESCRIPTION,ILL_TREATMENT) values (6,'Amebiasis','Medication');
Insert into ILLNESS_TYPE (ILL_TYPE_ID,ILL_DESCRIPTION,ILL_TREATMENT) values (7,'Anaplasmosis','Diet Change');
Insert into ILLNESS_TYPE (ILL_TYPE_ID,ILL_DESCRIPTION,ILL_TREATMENT) values (8,'Anthrax','Euthanize');
Insert into ILLNESS_TYPE (ILL_TYPE_ID,ILL_DESCRIPTION,ILL_TREATMENT) values (9,'Arcanobacterium haemolyticuminfection','Medication');
Insert into ILLNESS_TYPE (ILL_TYPE_ID,ILL_DESCRIPTION,ILL_TREATMENT) values (10,'Argentine hemorrhagic fever','Rest');
Insert into ILLNESS_TYPE (ILL_TYPE_ID,ILL_DESCRIPTION,ILL_TREATMENT) values (11,'Ascariasis','Rest');
Insert into ILLNESS_TYPE (ILL_TYPE_ID,ILL_DESCRIPTION,ILL_TREATMENT) values (12,'Aspergillosis','Rest');
Insert into ILLNESS_TYPE (ILL_TYPE_ID,ILL_DESCRIPTION,ILL_TREATMENT) values (13,'Astrovirusinfection','Diet Change');
Insert into ILLNESS_TYPE (ILL_TYPE_ID,ILL_DESCRIPTION,ILL_TREATMENT) values (14,'Babesiosis','Diet Change');
Insert into ILLNESS_TYPE (ILL_TYPE_ID,ILL_DESCRIPTION,ILL_TREATMENT) values (15,'Bacillus cereusinfection','Rest');
Insert into ILLNESS_TYPE (ILL_TYPE_ID,ILL_DESCRIPTION,ILL_TREATMENT) values (16,'Bacterial pneumonia','Rest');
Insert into ILLNESS_TYPE (ILL_TYPE_ID,ILL_DESCRIPTION,ILL_TREATMENT) values (17,'Bacterial vaginosis(BV)','Diet Change');
Insert into ILLNESS_TYPE (ILL_TYPE_ID,ILL_DESCRIPTION,ILL_TREATMENT) values (18,'Bacteroidesinfection','Rest');
Insert into ILLNESS_TYPE (ILL_TYPE_ID,ILL_DESCRIPTION,ILL_TREATMENT) values (19,'Balantidiasis','Medication');
Insert into ILLNESS_TYPE (ILL_TYPE_ID,ILL_DESCRIPTION,ILL_TREATMENT) values (20,'Baylisascarisinfection','Rest');
Insert into ILLNESS_TYPE (ILL_TYPE_ID,ILL_DESCRIPTION,ILL_TREATMENT) values (21,'BK virusinfection','Medication');
Insert into ILLNESS_TYPE (ILL_TYPE_ID,ILL_DESCRIPTION,ILL_TREATMENT) values (22,'Black piedra','Euthanize');
Insert into ILLNESS_TYPE (ILL_TYPE_ID,ILL_DESCRIPTION,ILL_TREATMENT) values (23,'Blastocystis hominisinfection','Diet Change');
Insert into ILLNESS_TYPE (ILL_TYPE_ID,ILL_DESCRIPTION,ILL_TREATMENT) values (24,'Blastomycosis','Euthanize');
Insert into ILLNESS_TYPE (ILL_TYPE_ID,ILL_DESCRIPTION,ILL_TREATMENT) values (25,'Bolivian hemorrhagic fever','Diet Change');
Insert into ILLNESS_TYPE (ILL_TYPE_ID,ILL_DESCRIPTION,ILL_TREATMENT) values (26,'Borreliainfection','Diet Change');
Insert into ILLNESS_TYPE (ILL_TYPE_ID,ILL_DESCRIPTION,ILL_TREATMENT) values (27,'Botulism(and Infant botulism)','Euthanize');
Insert into ILLNESS_TYPE (ILL_TYPE_ID,ILL_DESCRIPTION,ILL_TREATMENT) values (28,'Brazilian hemorrhagic fever','Rest');
Insert into ILLNESS_TYPE (ILL_TYPE_ID,ILL_DESCRIPTION,ILL_TREATMENT) values (29,'Brucellosis','Diet Change');
Insert into ILLNESS_TYPE (ILL_TYPE_ID,ILL_DESCRIPTION,ILL_TREATMENT) values (30,'Burkholderiainfection','Euthanize');
Insert into ILLNESS_TYPE (ILL_TYPE_ID,ILL_DESCRIPTION,ILL_TREATMENT) values (31,'Calicivirusinfection (NorovirusandSapovirus)','Diet Change');
Insert into ILLNESS_TYPE (ILL_TYPE_ID,ILL_DESCRIPTION,ILL_TREATMENT) values (32,'Campylobacteriosis','Medication');
Insert into ILLNESS_TYPE (ILL_TYPE_ID,ILL_DESCRIPTION,ILL_TREATMENT) values (33,'Candidiasis(Moniliasis; Thrush)','Diet Change');
Insert into ILLNESS_TYPE (ILL_TYPE_ID,ILL_DESCRIPTION,ILL_TREATMENT) values (34,'Cat-scratch disease','Diet Change');
Insert into ILLNESS_TYPE (ILL_TYPE_ID,ILL_DESCRIPTION,ILL_TREATMENT) values (35,'Cellulitis','Medication');
Insert into ILLNESS_TYPE (ILL_TYPE_ID,ILL_DESCRIPTION,ILL_TREATMENT) values (36,'Chagas Disease(American trypanosomiasis)','Rest');
Insert into ILLNESS_TYPE (ILL_TYPE_ID,ILL_DESCRIPTION,ILL_TREATMENT) values (37,'Chancroid','Medication');
Insert into ILLNESS_TYPE (ILL_TYPE_ID,ILL_DESCRIPTION,ILL_TREATMENT) values (38,'Chickenpox','Medication');
Insert into ILLNESS_TYPE (ILL_TYPE_ID,ILL_DESCRIPTION,ILL_TREATMENT) values (40,'Chlamydophila pneumoniaeinfection','Euthanize');
Insert into ILLNESS_TYPE (ILL_TYPE_ID,ILL_DESCRIPTION,ILL_TREATMENT) values (41,'Cholera','Rest');
Insert into ILLNESS_TYPE (ILL_TYPE_ID,ILL_DESCRIPTION,ILL_TREATMENT) values (42,'Chromoblastomycosis','Rest');
Insert into ILLNESS_TYPE (ILL_TYPE_ID,ILL_DESCRIPTION,ILL_TREATMENT) values (43,'Clonorchiasis','Medication');
Insert into ILLNESS_TYPE (ILL_TYPE_ID,ILL_DESCRIPTION,ILL_TREATMENT) values (44,'Clostridium difficileinfection','Diet Change');
Insert into ILLNESS_TYPE (ILL_TYPE_ID,ILL_DESCRIPTION,ILL_TREATMENT) values (45,'Coccidioidomycosis','Rest');
Insert into ILLNESS_TYPE (ILL_TYPE_ID,ILL_DESCRIPTION,ILL_TREATMENT) values (46,'Colorado tick fever(CTF)','Rest');
Insert into ILLNESS_TYPE (ILL_TYPE_ID,ILL_DESCRIPTION,ILL_TREATMENT) values (47,'Common cold(Acute viral rhinopharyngitis; Acute coryza)','Rest');
Insert into ILLNESS_TYPE (ILL_TYPE_ID,ILL_DESCRIPTION,ILL_TREATMENT) values (48,'Creutzfeldt-Jakob disease(CJD)','Euthanize');
Insert into ILLNESS_TYPE (ILL_TYPE_ID,ILL_DESCRIPTION,ILL_TREATMENT) values (49,'Crimean-Congo hemorrhagic fever(CCHF)','Euthanize');
Insert into ILLNESS_TYPE (ILL_TYPE_ID,ILL_DESCRIPTION,ILL_TREATMENT) values (50,'Cryptococcosis','Medication');
Insert into ILLNESS_TYPE (ILL_TYPE_ID,ILL_DESCRIPTION,ILL_TREATMENT) values (51,'Cryptosporidiosis','Diet Change');
Insert into ILLNESS_TYPE (ILL_TYPE_ID,ILL_DESCRIPTION,ILL_TREATMENT) values (52,'Cutaneous larva migrans(CLM)','Medication');
Insert into ILLNESS_TYPE (ILL_TYPE_ID,ILL_DESCRIPTION,ILL_TREATMENT) values (53,'Cyclosporiasis','Euthanize');
Insert into ILLNESS_TYPE (ILL_TYPE_ID,ILL_DESCRIPTION,ILL_TREATMENT) values (54,'Cysticercosis','Diet Change');
Insert into ILLNESS_TYPE (ILL_TYPE_ID,ILL_DESCRIPTION,ILL_TREATMENT) values (55,'Cytomegalovirusinfection','Diet Change');
Insert into ILLNESS_TYPE (ILL_TYPE_ID,ILL_DESCRIPTION,ILL_TREATMENT) values (56,'Dengue fever','Rest');
Insert into ILLNESS_TYPE (ILL_TYPE_ID,ILL_DESCRIPTION,ILL_TREATMENT) values (57,'Dientamoebiasis','Euthanize');
Insert into ILLNESS_TYPE (ILL_TYPE_ID,ILL_DESCRIPTION,ILL_TREATMENT) values (58,'Diphtheria','Medication');
Insert into ILLNESS_TYPE (ILL_TYPE_ID,ILL_DESCRIPTION,ILL_TREATMENT) values (59,'Diphyllobothriasis','Medication');
Insert into ILLNESS_TYPE (ILL_TYPE_ID,ILL_DESCRIPTION,ILL_TREATMENT) values (60,'Dracunculiasis','Diet Change');
Insert into ILLNESS_TYPE (ILL_TYPE_ID,ILL_DESCRIPTION,ILL_TREATMENT) values (61,'Ebolahemorrhagic fever','Medication');
Insert into ILLNESS_TYPE (ILL_TYPE_ID,ILL_DESCRIPTION,ILL_TREATMENT) values (62,'Echinococcosis','Medication');
Insert into ILLNESS_TYPE (ILL_TYPE_ID,ILL_DESCRIPTION,ILL_TREATMENT) values (63,'Ehrlichiosis','Diet Change');
Insert into ILLNESS_TYPE (ILL_TYPE_ID,ILL_DESCRIPTION,ILL_TREATMENT) values (64,'Enterobiasis(Pinworm infection)','Euthanize');
Insert into ILLNESS_TYPE (ILL_TYPE_ID,ILL_DESCRIPTION,ILL_TREATMENT) values (65,'Enterococcusinfection','Diet Change');
Insert into ILLNESS_TYPE (ILL_TYPE_ID,ILL_DESCRIPTION,ILL_TREATMENT) values (66,'Enterovirusinfection','Diet Change');
Insert into ILLNESS_TYPE (ILL_TYPE_ID,ILL_DESCRIPTION,ILL_TREATMENT) values (67,'Epidemic typhus','Rest');
Insert into ILLNESS_TYPE (ILL_TYPE_ID,ILL_DESCRIPTION,ILL_TREATMENT) values (68,'Erythema infectiosum(Fifth disease)','Rest');
Insert into ILLNESS_TYPE (ILL_TYPE_ID,ILL_DESCRIPTION,ILL_TREATMENT) values (69,'Exanthem subitum','Medication');
Insert into ILLNESS_TYPE (ILL_TYPE_ID,ILL_DESCRIPTION,ILL_TREATMENT) values (70,'Fasciolopsiasis','Euthanize');
Insert into ILLNESS_TYPE (ILL_TYPE_ID,ILL_DESCRIPTION,ILL_TREATMENT) values (71,'Fasciolosis','Euthanize');
Insert into ILLNESS_TYPE (ILL_TYPE_ID,ILL_DESCRIPTION,ILL_TREATMENT) values (72,'Fatal familial insomnia(FFI)','Medication');
Insert into ILLNESS_TYPE (ILL_TYPE_ID,ILL_DESCRIPTION,ILL_TREATMENT) values (73,'Filariasis','Rest');
Insert into ILLNESS_TYPE (ILL_TYPE_ID,ILL_DESCRIPTION,ILL_TREATMENT) values (74,'Food poisoningbyClostridium perfringens','Euthanize');
Insert into ILLNESS_TYPE (ILL_TYPE_ID,ILL_DESCRIPTION,ILL_TREATMENT) values (75,'Free-living amebic infection','Medication');
Insert into ILLNESS_TYPE (ILL_TYPE_ID,ILL_DESCRIPTION,ILL_TREATMENT) values (76,'Fusobacteriuminfection','Medication');
Insert into ILLNESS_TYPE (ILL_TYPE_ID,ILL_DESCRIPTION,ILL_TREATMENT) values (77,'Gas gangrene(Clostridial myonecrosis)','Medication');
Insert into ILLNESS_TYPE (ILL_TYPE_ID,ILL_DESCRIPTION,ILL_TREATMENT) values (78,'Geotrichosis','Medication');
Insert into ILLNESS_TYPE (ILL_TYPE_ID,ILL_DESCRIPTION,ILL_TREATMENT) values (79,'Gerstmann-Strussler-Scheinker syndrome(GSS)','Diet Change');
Insert into ILLNESS_TYPE (ILL_TYPE_ID,ILL_DESCRIPTION,ILL_TREATMENT) values (80,'Giardiasis','Rest');
Insert into ILLNESS_TYPE (ILL_TYPE_ID,ILL_DESCRIPTION,ILL_TREATMENT) values (81,'Glanders','Diet Change');
Insert into ILLNESS_TYPE (ILL_TYPE_ID,ILL_DESCRIPTION,ILL_TREATMENT) values (82,'Gnathostomiasis','Euthanize');
Insert into ILLNESS_TYPE (ILL_TYPE_ID,ILL_DESCRIPTION,ILL_TREATMENT) values (84,'Granuloma inguinale(Donovanosis)','Euthanize');
Insert into ILLNESS_TYPE (ILL_TYPE_ID,ILL_DESCRIPTION,ILL_TREATMENT) values (85,'Group A streptococcal infection','Rest');
Insert into ILLNESS_TYPE (ILL_TYPE_ID,ILL_DESCRIPTION,ILL_TREATMENT) values (86,'Group B streptococcal infection','Diet Change');
Insert into ILLNESS_TYPE (ILL_TYPE_ID,ILL_DESCRIPTION,ILL_TREATMENT) values (87,'Haemophilus influenzaeinfection','Euthanize');
Insert into ILLNESS_TYPE (ILL_TYPE_ID,ILL_DESCRIPTION,ILL_TREATMENT) values (88,'Hand, foot and mouth disease(HFMD)','Medication');
Insert into ILLNESS_TYPE (ILL_TYPE_ID,ILL_DESCRIPTION,ILL_TREATMENT) values (89,'HantavirusPulmonary Syndrome (HPS)','Rest');
Insert into ILLNESS_TYPE (ILL_TYPE_ID,ILL_DESCRIPTION,ILL_TREATMENT) values (90,'Helicobacter pyloriinfection','Euthanize');
Insert into ILLNESS_TYPE (ILL_TYPE_ID,ILL_DESCRIPTION,ILL_TREATMENT) values (91,'Hemolytic-uremic syndrome(HUS)','Euthanize');
Insert into ILLNESS_TYPE (ILL_TYPE_ID,ILL_DESCRIPTION,ILL_TREATMENT) values (92,'Hemorrhagic fever with renal syndrome(HFRS)','Diet Change');
Insert into ILLNESS_TYPE (ILL_TYPE_ID,ILL_DESCRIPTION,ILL_TREATMENT) values (93,'Hepatitis A','Diet Change');
Insert into ILLNESS_TYPE (ILL_TYPE_ID,ILL_DESCRIPTION,ILL_TREATMENT) values (94,'Hepatitis B','Diet Change');
Insert into ILLNESS_TYPE (ILL_TYPE_ID,ILL_DESCRIPTION,ILL_TREATMENT) values (95,'Hepatitis C','Euthanize');
Insert into ILLNESS_TYPE (ILL_TYPE_ID,ILL_DESCRIPTION,ILL_TREATMENT) values (96,'Hepatitis D','Euthanize');
Insert into ILLNESS_TYPE (ILL_TYPE_ID,ILL_DESCRIPTION,ILL_TREATMENT) values (97,'Hepatitis E','Euthanize');
Insert into ILLNESS_TYPE (ILL_TYPE_ID,ILL_DESCRIPTION,ILL_TREATMENT) values (98,'Herpes simplex','Medication');
Insert into ILLNESS_TYPE (ILL_TYPE_ID,ILL_DESCRIPTION,ILL_TREATMENT) values (99,'Histoplasmosis','Medication');
Insert into ILLNESS_TYPE (ILL_TYPE_ID,ILL_DESCRIPTION,ILL_TREATMENT) values (100,'Hookworminfection','Diet Change');
Insert into ILLNESS_TYPE (ILL_TYPE_ID,ILL_DESCRIPTION,ILL_TREATMENT) values (101,'Human bocavirusinfection','Rest');
Insert into ILLNESS_TYPE (ILL_TYPE_ID,ILL_DESCRIPTION,ILL_TREATMENT) values (102,'Human ewingii ehrlichiosis','Rest');
Insert into ILLNESS_TYPE (ILL_TYPE_ID,ILL_DESCRIPTION,ILL_TREATMENT) values (103,'Human granulocytic anaplasmosis(HGA)','Rest');
Insert into ILLNESS_TYPE (ILL_TYPE_ID,ILL_DESCRIPTION,ILL_TREATMENT) values (104,'Human metapneumovirusinfection','Euthanize');
Insert into ILLNESS_TYPE (ILL_TYPE_ID,ILL_DESCRIPTION,ILL_TREATMENT) values (105,'Human monocytic ehrlichiosis','Euthanize');
Insert into ILLNESS_TYPE (ILL_TYPE_ID,ILL_DESCRIPTION,ILL_TREATMENT) values (106,'Human papillomavirus(HPV) infection','Euthanize');
Insert into ILLNESS_TYPE (ILL_TYPE_ID,ILL_DESCRIPTION,ILL_TREATMENT) values (107,'Human parainfluenza virusinfection','Medication');
Insert into ILLNESS_TYPE (ILL_TYPE_ID,ILL_DESCRIPTION,ILL_TREATMENT) values (108,'Hymenolepiasis','Rest');
Insert into ILLNESS_TYPE (ILL_TYPE_ID,ILL_DESCRIPTION,ILL_TREATMENT) values (109,'Epstein-Barr Virus Infectious Mononucleosis(Mono)','Diet Change');
Insert into ILLNESS_TYPE (ILL_TYPE_ID,ILL_DESCRIPTION,ILL_TREATMENT) values (110,'Influenza(flu)','Medication');
Insert into ILLNESS_TYPE (ILL_TYPE_ID,ILL_DESCRIPTION,ILL_TREATMENT) values (111,'Isosporiasis','Medication');
Insert into ILLNESS_TYPE (ILL_TYPE_ID,ILL_DESCRIPTION,ILL_TREATMENT) values (112,'Kawasaki disease','Medication');
Insert into ILLNESS_TYPE (ILL_TYPE_ID,ILL_DESCRIPTION,ILL_TREATMENT) values (113,'Keratitis','Euthanize');
Insert into ILLNESS_TYPE (ILL_TYPE_ID,ILL_DESCRIPTION,ILL_TREATMENT) values (114,'Kingella kingaeinfection','Rest');
Insert into ILLNESS_TYPE (ILL_TYPE_ID,ILL_DESCRIPTION,ILL_TREATMENT) values (115,'Kuru','Diet Change');
Insert into ILLNESS_TYPE (ILL_TYPE_ID,ILL_DESCRIPTION,ILL_TREATMENT) values (116,'Lassa fever','Euthanize');
Insert into ILLNESS_TYPE (ILL_TYPE_ID,ILL_DESCRIPTION,ILL_TREATMENT) values (117,'Legionellosis(Legionnaires'''' disease)','Euthanize');
Insert into ILLNESS_TYPE (ILL_TYPE_ID,ILL_DESCRIPTION,ILL_TREATMENT) values (118,'Legionellosis(Pontiac fever)','Medication');
Insert into ILLNESS_TYPE (ILL_TYPE_ID,ILL_DESCRIPTION,ILL_TREATMENT) values (119,'Leishmaniasis','Rest');
Insert into ILLNESS_TYPE (ILL_TYPE_ID,ILL_DESCRIPTION,ILL_TREATMENT) values (120,'Leprosy','Diet Change');
Insert into ILLNESS_TYPE (ILL_TYPE_ID,ILL_DESCRIPTION,ILL_TREATMENT) values (121,'Leptospirosis','Diet Change');
Insert into ILLNESS_TYPE (ILL_TYPE_ID,ILL_DESCRIPTION,ILL_TREATMENT) values (122,'Listeriosis','Medication');
Insert into ILLNESS_TYPE (ILL_TYPE_ID,ILL_DESCRIPTION,ILL_TREATMENT) values (123,'Lyme disease(Lyme borreliosis)','Medication');
Insert into ILLNESS_TYPE (ILL_TYPE_ID,ILL_DESCRIPTION,ILL_TREATMENT) values (124,'Lymphatic filariasis(Elephantiasis)','Euthanize');
Insert into ILLNESS_TYPE (ILL_TYPE_ID,ILL_DESCRIPTION,ILL_TREATMENT) values (125,'Lymphocytic choriomeningitis','Rest');
Insert into ILLNESS_TYPE (ILL_TYPE_ID,ILL_DESCRIPTION,ILL_TREATMENT) values (126,'Malaria','Rest');
Insert into ILLNESS_TYPE (ILL_TYPE_ID,ILL_DESCRIPTION,ILL_TREATMENT) values (127,'Marburghemorrhagic fever(MHF)','Euthanize');
Insert into ILLNESS_TYPE (ILL_TYPE_ID,ILL_DESCRIPTION,ILL_TREATMENT) values (128,'Measles','Medication');
Insert into ILLNESS_TYPE (ILL_TYPE_ID,ILL_DESCRIPTION,ILL_TREATMENT) values (129,'Melioidosis(Whitmore''''s disease)','Diet Change');
Insert into ILLNESS_TYPE (ILL_TYPE_ID,ILL_DESCRIPTION,ILL_TREATMENT) values (130,'Meningitis','Diet Change');
Insert into ILLNESS_TYPE (ILL_TYPE_ID,ILL_DESCRIPTION,ILL_TREATMENT) values (131,'Meningococcal disease','Euthanize');
Insert into ILLNESS_TYPE (ILL_TYPE_ID,ILL_DESCRIPTION,ILL_TREATMENT) values (132,'Metagonimiasis','Diet Change');
Insert into ILLNESS_TYPE (ILL_TYPE_ID,ILL_DESCRIPTION,ILL_TREATMENT) values (133,'Microsporidiosis','Medication');
Insert into ILLNESS_TYPE (ILL_TYPE_ID,ILL_DESCRIPTION,ILL_TREATMENT) values (134,'Molluscum contagiosum(MC)','Euthanize');
Insert into ILLNESS_TYPE (ILL_TYPE_ID,ILL_DESCRIPTION,ILL_TREATMENT) values (135,'Mumps','Diet Change');
Insert into ILLNESS_TYPE (ILL_TYPE_ID,ILL_DESCRIPTION,ILL_TREATMENT) values (136,'Murine typhus(Endemic typhus)','Rest');
Insert into ILLNESS_TYPE (ILL_TYPE_ID,ILL_DESCRIPTION,ILL_TREATMENT) values (137,'Mycoplasma pneumonia','Euthanize');
Insert into ILLNESS_TYPE (ILL_TYPE_ID,ILL_DESCRIPTION,ILL_TREATMENT) values (138,'Mycetoma','Euthanize');
Insert into ILLNESS_TYPE (ILL_TYPE_ID,ILL_DESCRIPTION,ILL_TREATMENT) values (139,'Myiasis','Euthanize');
Insert into ILLNESS_TYPE (ILL_TYPE_ID,ILL_DESCRIPTION,ILL_TREATMENT) values (140,'Neonatal conjunctivitis(Ophthalmia neonatorum)','Euthanize');
Insert into ILLNESS_TYPE (ILL_TYPE_ID,ILL_DESCRIPTION,ILL_TREATMENT) values (141,'(New) Variant Creutzfeldt-Jakob disease (vCJD, nvCJD)','Rest');
Insert into ILLNESS_TYPE (ILL_TYPE_ID,ILL_DESCRIPTION,ILL_TREATMENT) values (142,'Nocardiosis','Euthanize');
Insert into ILLNESS_TYPE (ILL_TYPE_ID,ILL_DESCRIPTION,ILL_TREATMENT) values (143,'Onchocerciasis(River blindness)','Medication');
Insert into ILLNESS_TYPE (ILL_TYPE_ID,ILL_DESCRIPTION,ILL_TREATMENT) values (144,'Paracoccidioidomycosis(South American blastomycosis)','Diet Change');
Insert into ILLNESS_TYPE (ILL_TYPE_ID,ILL_DESCRIPTION,ILL_TREATMENT) values (145,'Paragonimiasis','Medication');
Insert into ILLNESS_TYPE (ILL_TYPE_ID,ILL_DESCRIPTION,ILL_TREATMENT) values (146,'Pasteurellosis','Euthanize');
Insert into ILLNESS_TYPE (ILL_TYPE_ID,ILL_DESCRIPTION,ILL_TREATMENT) values (147,'Pediculosis capitis(Head lice)','Euthanize');
Insert into ILLNESS_TYPE (ILL_TYPE_ID,ILL_DESCRIPTION,ILL_TREATMENT) values (148,'Pediculosis corporis(Body lice)','Medication');
Insert into ILLNESS_TYPE (ILL_TYPE_ID,ILL_DESCRIPTION,ILL_TREATMENT) values (149,'Pediculosis pubis(Pubic lice, Crab lice)','Diet Change');
Insert into ILLNESS_TYPE (ILL_TYPE_ID,ILL_DESCRIPTION,ILL_TREATMENT) values (150,'Pelvic inflammatory disease(PID)','Rest');
Insert into ILLNESS_TYPE (ILL_TYPE_ID,ILL_DESCRIPTION,ILL_TREATMENT) values (151,'Pertussis(Whooping cough)','Euthanize');
Insert into ILLNESS_TYPE (ILL_TYPE_ID,ILL_DESCRIPTION,ILL_TREATMENT) values (152,'Plague','Rest');
Insert into ILLNESS_TYPE (ILL_TYPE_ID,ILL_DESCRIPTION,ILL_TREATMENT) values (153,'Pneumococcal infection','Medication');
Insert into ILLNESS_TYPE (ILL_TYPE_ID,ILL_DESCRIPTION,ILL_TREATMENT) values (154,'Pneumocystis pneumonia(PCP)','Euthanize');
Insert into ILLNESS_TYPE (ILL_TYPE_ID,ILL_DESCRIPTION,ILL_TREATMENT) values (155,'Pneumonia','Euthanize');
Insert into ILLNESS_TYPE (ILL_TYPE_ID,ILL_DESCRIPTION,ILL_TREATMENT) values (156,'Poliomyelitis','Medication');
Insert into ILLNESS_TYPE (ILL_TYPE_ID,ILL_DESCRIPTION,ILL_TREATMENT) values (157,'Prevotellainfection','Rest');
Insert into ILLNESS_TYPE (ILL_TYPE_ID,ILL_DESCRIPTION,ILL_TREATMENT) values (158,'Primary amoebic meningoencephalitis(PAM)','Diet Change');
Insert into ILLNESS_TYPE (ILL_TYPE_ID,ILL_DESCRIPTION,ILL_TREATMENT) values (159,'Progressive multifocal leukoencephalopathy','Rest');
Insert into ILLNESS_TYPE (ILL_TYPE_ID,ILL_DESCRIPTION,ILL_TREATMENT) values (160,'Psittacosis','Euthanize');
Insert into ILLNESS_TYPE (ILL_TYPE_ID,ILL_DESCRIPTION,ILL_TREATMENT) values (161,'Q fever','Euthanize');
Insert into ILLNESS_TYPE (ILL_TYPE_ID,ILL_DESCRIPTION,ILL_TREATMENT) values (162,'Rabies','Rest');
Insert into ILLNESS_TYPE (ILL_TYPE_ID,ILL_DESCRIPTION,ILL_TREATMENT) values (163,'Rat-bite fever','Diet Change');
Insert into ILLNESS_TYPE (ILL_TYPE_ID,ILL_DESCRIPTION,ILL_TREATMENT) values (164,'Respiratory syncytial virusinfection','Rest');
Insert into ILLNESS_TYPE (ILL_TYPE_ID,ILL_DESCRIPTION,ILL_TREATMENT) values (165,'Rhinosporidiosis','Medication');
Insert into ILLNESS_TYPE (ILL_TYPE_ID,ILL_DESCRIPTION,ILL_TREATMENT) values (166,'Rhinovirusinfection','Medication');
Insert into ILLNESS_TYPE (ILL_TYPE_ID,ILL_DESCRIPTION,ILL_TREATMENT) values (167,'Rickettsialinfection','Medication');
Insert into ILLNESS_TYPE (ILL_TYPE_ID,ILL_DESCRIPTION,ILL_TREATMENT) values (168,'Rickettsialpox','Medication');
Insert into ILLNESS_TYPE (ILL_TYPE_ID,ILL_DESCRIPTION,ILL_TREATMENT) values (169,'Rift Valley fever(RVF)','Euthanize');
Insert into ILLNESS_TYPE (ILL_TYPE_ID,ILL_DESCRIPTION,ILL_TREATMENT) values (170,'Rocky mountain spotted fever(RMSF)','Diet Change');
Insert into ILLNESS_TYPE (ILL_TYPE_ID,ILL_DESCRIPTION,ILL_TREATMENT) values (171,'Rotavirusinfection','Euthanize');
Insert into ILLNESS_TYPE (ILL_TYPE_ID,ILL_DESCRIPTION,ILL_TREATMENT) values (172,'Rubella','Rest');
Insert into ILLNESS_TYPE (ILL_TYPE_ID,ILL_DESCRIPTION,ILL_TREATMENT) values (173,'Salmonellosis','Diet Change');
Insert into ILLNESS_TYPE (ILL_TYPE_ID,ILL_DESCRIPTION,ILL_TREATMENT) values (174,'SARS (Severe Acute Respiratory Syndrome)','Euthanize');
Insert into ILLNESS_TYPE (ILL_TYPE_ID,ILL_DESCRIPTION,ILL_TREATMENT) values (175,'Scabies','Medication');
Insert into ILLNESS_TYPE (ILL_TYPE_ID,ILL_DESCRIPTION,ILL_TREATMENT) values (176,'Schistosomiasis','Rest');
Insert into ILLNESS_TYPE (ILL_TYPE_ID,ILL_DESCRIPTION,ILL_TREATMENT) values (177,'Sepsis','Medication');
Insert into ILLNESS_TYPE (ILL_TYPE_ID,ILL_DESCRIPTION,ILL_TREATMENT) values (178,'Shigellosis(Bacillary dysentery)','Euthanize');
Insert into ILLNESS_TYPE (ILL_TYPE_ID,ILL_DESCRIPTION,ILL_TREATMENT) values (179,'Shingles (Herpes zoster)','Diet Change');
Insert into ILLNESS_TYPE (ILL_TYPE_ID,ILL_DESCRIPTION,ILL_TREATMENT) values (180,'Smallpox(Variola)','Euthanize');
Insert into ILLNESS_TYPE (ILL_TYPE_ID,ILL_DESCRIPTION,ILL_TREATMENT) values (181,'Sporotrichosis','Euthanize');
Insert into ILLNESS_TYPE (ILL_TYPE_ID,ILL_DESCRIPTION,ILL_TREATMENT) values (182,'Staphylococcal food poisoning','Rest');
Insert into ILLNESS_TYPE (ILL_TYPE_ID,ILL_DESCRIPTION,ILL_TREATMENT) values (183,'Staphylococcal infection','Diet Change');
Insert into ILLNESS_TYPE (ILL_TYPE_ID,ILL_DESCRIPTION,ILL_TREATMENT) values (184,'Strongyloidiasis','Diet Change');
Insert into ILLNESS_TYPE (ILL_TYPE_ID,ILL_DESCRIPTION,ILL_TREATMENT) values (186,'Taeniasis','Medication');
Insert into ILLNESS_TYPE (ILL_TYPE_ID,ILL_DESCRIPTION,ILL_TREATMENT) values (187,'Tetanus(Lockjaw)','Rest');
Insert into ILLNESS_TYPE (ILL_TYPE_ID,ILL_DESCRIPTION,ILL_TREATMENT) values (188,'Tinea barbae(Barber''''s itch)','Medication');
Insert into ILLNESS_TYPE (ILL_TYPE_ID,ILL_DESCRIPTION,ILL_TREATMENT) values (189,'Tinea capitis(Ringworm of the Scalp)','Euthanize');
Insert into ILLNESS_TYPE (ILL_TYPE_ID,ILL_DESCRIPTION,ILL_TREATMENT) values (190,'Tinea corporis(Ringworm of the Body)','Euthanize');
Insert into ILLNESS_TYPE (ILL_TYPE_ID,ILL_DESCRIPTION,ILL_TREATMENT) values (191,'Tinea cruris(Jock itch)','Euthanize');
Insert into ILLNESS_TYPE (ILL_TYPE_ID,ILL_DESCRIPTION,ILL_TREATMENT) values (192,'Tinea manuum(Ringworm of the Hand)','Medication');
Insert into ILLNESS_TYPE (ILL_TYPE_ID,ILL_DESCRIPTION,ILL_TREATMENT) values (193,'Tinea nigra','Rest');
Insert into ILLNESS_TYPE (ILL_TYPE_ID,ILL_DESCRIPTION,ILL_TREATMENT) values (194,'Tinea pedis(Athletes foot)','Medication');
Insert into ILLNESS_TYPE (ILL_TYPE_ID,ILL_DESCRIPTION,ILL_TREATMENT) values (195,'Tinea unguium(Onychomycosis)','Rest');
Insert into ILLNESS_TYPE (ILL_TYPE_ID,ILL_DESCRIPTION,ILL_TREATMENT) values (196,'Tinea versicolor(Pityriasis versicolor)','Diet Change');
Insert into ILLNESS_TYPE (ILL_TYPE_ID,ILL_DESCRIPTION,ILL_TREATMENT) values (197,'Toxocariasis(Ocular Larva Migrans (OLM))','Rest');
Insert into ILLNESS_TYPE (ILL_TYPE_ID,ILL_DESCRIPTION,ILL_TREATMENT) values (198,'Toxocariasis(Visceral Larva Migrans (VLM))','Medication');
Insert into ILLNESS_TYPE (ILL_TYPE_ID,ILL_DESCRIPTION,ILL_TREATMENT) values (199,'Toxoplasmosis','Diet Change');
Insert into ILLNESS_TYPE (ILL_TYPE_ID,ILL_DESCRIPTION,ILL_TREATMENT) values (200,'Trichinellosis','Medication');
Insert into ILLNESS_TYPE (ILL_TYPE_ID,ILL_DESCRIPTION,ILL_TREATMENT) values (201,'Trichomoniasis','Rest');
Insert into ILLNESS_TYPE (ILL_TYPE_ID,ILL_DESCRIPTION,ILL_TREATMENT) values (202,'Trichuriasis(Whipworm infection)','Medication');
Insert into ILLNESS_TYPE (ILL_TYPE_ID,ILL_DESCRIPTION,ILL_TREATMENT) values (203,'Tuberculosis','Euthanize');
Insert into ILLNESS_TYPE (ILL_TYPE_ID,ILL_DESCRIPTION,ILL_TREATMENT) values (204,'Tularemia','Diet Change');
Insert into ILLNESS_TYPE (ILL_TYPE_ID,ILL_DESCRIPTION,ILL_TREATMENT) values (205,'Ureaplasma urealyticuminfection','Euthanize');
Insert into ILLNESS_TYPE (ILL_TYPE_ID,ILL_DESCRIPTION,ILL_TREATMENT) values (206,'Venezuelan equine encephalitis','Medication');
Insert into ILLNESS_TYPE (ILL_TYPE_ID,ILL_DESCRIPTION,ILL_TREATMENT) values (207,'Venezuelan hemorrhagic fever','Euthanize');
Insert into ILLNESS_TYPE (ILL_TYPE_ID,ILL_DESCRIPTION,ILL_TREATMENT) values (208,'Viral pneumonia','Rest');
Insert into ILLNESS_TYPE (ILL_TYPE_ID,ILL_DESCRIPTION,ILL_TREATMENT) values (209,'West Nile Fever','Diet Change');
Insert into ILLNESS_TYPE (ILL_TYPE_ID,ILL_DESCRIPTION,ILL_TREATMENT) values (210,'White piedra(Tinea blanca)','Euthanize');
Insert into ILLNESS_TYPE (ILL_TYPE_ID,ILL_DESCRIPTION,ILL_TREATMENT) values (211,'Yersinia pseudotuberculosisinfection','Diet Change');
Insert into ILLNESS_TYPE (ILL_TYPE_ID,ILL_DESCRIPTION,ILL_TREATMENT) values (212,'Yersiniosis','Rest');
Insert into ILLNESS_TYPE (ILL_TYPE_ID,ILL_DESCRIPTION,ILL_TREATMENT) values (213,'Yellow fever','Medication');
Insert into ILLNESS_TYPE (ILL_TYPE_ID,ILL_DESCRIPTION,ILL_TREATMENT) values (214,'Zygomycosis','Medication');

---------------------------------------------------
--   END DATA FOR TABLE ILLNESS_TYPE
---------------------------------------------------


---------------------------------------------------
--   DATA FOR TABLE INVENTORY
--   FILTER = none used
---------------------------------------------------
REM INSERTING into INVENTORY
Insert into INVENTORY (PRODUCT_ID,WAREHOUSE_ID,INVEN_AMOUNT,INVEN_DATE_RESTOCKED,INVEN_MAX_STOCK,INVEN_REORDER_POINT) values (145,1,112,to_timestamp('04-JAN-10 12.00.00.000000000 AM','DD-MON-RR HH.MI.SS.FF AM'),150,30);
Insert into INVENTORY (PRODUCT_ID,WAREHOUSE_ID,INVEN_AMOUNT,INVEN_DATE_RESTOCKED,INVEN_MAX_STOCK,INVEN_REORDER_POINT) values (145,2,143,to_timestamp('21-JAN-10 12.00.00.000000000 AM','DD-MON-RR HH.MI.SS.FF AM'),150,30);
Insert into INVENTORY (PRODUCT_ID,WAREHOUSE_ID,INVEN_AMOUNT,INVEN_DATE_RESTOCKED,INVEN_MAX_STOCK,INVEN_REORDER_POINT) values (145,3,29,to_timestamp('20-NOV-09 12.00.00.000000000 AM','DD-MON-RR HH.MI.SS.FF AM'),100,20);
Insert into INVENTORY (PRODUCT_ID,WAREHOUSE_ID,INVEN_AMOUNT,INVEN_DATE_RESTOCKED,INVEN_MAX_STOCK,INVEN_REORDER_POINT) values (145,4,95,to_timestamp('15-DEC-09 12.00.00.000000000 AM','DD-MON-RR HH.MI.SS.FF AM'),150,30);
Insert into INVENTORY (PRODUCT_ID,WAREHOUSE_ID,INVEN_AMOUNT,INVEN_DATE_RESTOCKED,INVEN_MAX_STOCK,INVEN_REORDER_POINT) values (145,5,176,to_timestamp('07-JAN-10 12.00.00.000000000 AM','DD-MON-RR HH.MI.SS.FF AM'),200,40);
Insert into INVENTORY (PRODUCT_ID,WAREHOUSE_ID,INVEN_AMOUNT,INVEN_DATE_RESTOCKED,INVEN_MAX_STOCK,INVEN_REORDER_POINT) values (145,6,135,to_timestamp('23-DEC-09 12.00.00.000000000 AM','DD-MON-RR HH.MI.SS.FF AM'),200,40);
Insert into INVENTORY (PRODUCT_ID,WAREHOUSE_ID,INVEN_AMOUNT,INVEN_DATE_RESTOCKED,INVEN_MAX_STOCK,INVEN_REORDER_POINT) values (463,1,135,to_timestamp('12-JAN-10 12.00.00.000000000 AM','DD-MON-RR HH.MI.SS.FF AM'),150,30);
Insert into INVENTORY (PRODUCT_ID,WAREHOUSE_ID,INVEN_AMOUNT,INVEN_DATE_RESTOCKED,INVEN_MAX_STOCK,INVEN_REORDER_POINT) values (463,2,120,to_timestamp('21-DEC-09 12.00.00.000000000 AM','DD-MON-RR HH.MI.SS.FF AM'),200,40);
Insert into INVENTORY (PRODUCT_ID,WAREHOUSE_ID,INVEN_AMOUNT,INVEN_DATE_RESTOCKED,INVEN_MAX_STOCK,INVEN_REORDER_POINT) values (463,3,85,to_timestamp('02-JAN-10 12.00.00.000000000 AM','DD-MON-RR HH.MI.SS.FF AM'),135,27);
Insert into INVENTORY (PRODUCT_ID,WAREHOUSE_ID,INVEN_AMOUNT,INVEN_DATE_RESTOCKED,INVEN_MAX_STOCK,INVEN_REORDER_POINT) values (463,4,123,to_timestamp('27-JAN-10 12.00.00.000000000 AM','DD-MON-RR HH.MI.SS.FF AM'),125,25);
Insert into INVENTORY (PRODUCT_ID,WAREHOUSE_ID,INVEN_AMOUNT,INVEN_DATE_RESTOCKED,INVEN_MAX_STOCK,INVEN_REORDER_POINT) values (463,5,186,to_timestamp('23-DEC-09 12.00.00.000000000 AM','DD-MON-RR HH.MI.SS.FF AM'),250,50);
Insert into INVENTORY (PRODUCT_ID,WAREHOUSE_ID,INVEN_AMOUNT,INVEN_DATE_RESTOCKED,INVEN_MAX_STOCK,INVEN_REORDER_POINT) values (463,6,115,to_timestamp('05-JAN-10 12.00.00.000000000 AM','DD-MON-RR HH.MI.SS.FF AM'),150,30);
Insert into INVENTORY (PRODUCT_ID,WAREHOUSE_ID,INVEN_AMOUNT,INVEN_DATE_RESTOCKED,INVEN_MAX_STOCK,INVEN_REORDER_POINT) values (225,1,45,to_timestamp('29-NOV-09 12.00.00.000000000 AM','DD-MON-RR HH.MI.SS.FF AM'),150,30);
Insert into INVENTORY (PRODUCT_ID,WAREHOUSE_ID,INVEN_AMOUNT,INVEN_DATE_RESTOCKED,INVEN_MAX_STOCK,INVEN_REORDER_POINT) values (225,2,35,to_timestamp('15-NOV-09 12.00.00.000000000 AM','DD-MON-RR HH.MI.SS.FF AM'),150,30);
Insert into INVENTORY (PRODUCT_ID,WAREHOUSE_ID,INVEN_AMOUNT,INVEN_DATE_RESTOCKED,INVEN_MAX_STOCK,INVEN_REORDER_POINT) values (225,3,64,to_timestamp('01-DEC-09 12.00.00.000000000 AM','DD-MON-RR HH.MI.SS.FF AM'),200,40);
Insert into INVENTORY (PRODUCT_ID,WAREHOUSE_ID,INVEN_AMOUNT,INVEN_DATE_RESTOCKED,INVEN_MAX_STOCK,INVEN_REORDER_POINT) values (225,4,52,to_timestamp('12-DEC-09 12.00.00.000000000 AM','DD-MON-RR HH.MI.SS.FF AM'),200,40);
Insert into INVENTORY (PRODUCT_ID,WAREHOUSE_ID,INVEN_AMOUNT,INVEN_DATE_RESTOCKED,INVEN_MAX_STOCK,INVEN_REORDER_POINT) values (225,5,50,to_timestamp('11-DEC-09 12.00.00.000000000 AM','DD-MON-RR HH.MI.SS.FF AM'),200,40);
Insert into INVENTORY (PRODUCT_ID,WAREHOUSE_ID,INVEN_AMOUNT,INVEN_DATE_RESTOCKED,INVEN_MAX_STOCK,INVEN_REORDER_POINT) values (225,6,36,to_timestamp('27-NOV-09 12.00.00.000000000 AM','DD-MON-RR HH.MI.SS.FF AM'),175,35);
Insert into INVENTORY (PRODUCT_ID,WAREHOUSE_ID,INVEN_AMOUNT,INVEN_DATE_RESTOCKED,INVEN_MAX_STOCK,INVEN_REORDER_POINT) values (341,1,226,to_timestamp('05-JAN-10 12.00.00.000000000 AM','DD-MON-RR HH.MI.SS.FF AM'),250,50);
Insert into INVENTORY (PRODUCT_ID,WAREHOUSE_ID,INVEN_AMOUNT,INVEN_DATE_RESTOCKED,INVEN_MAX_STOCK,INVEN_REORDER_POINT) values (341,2,210,to_timestamp('04-JAN-10 12.00.00.000000000 AM','DD-MON-RR HH.MI.SS.FF AM'),250,50);
Insert into INVENTORY (PRODUCT_ID,WAREHOUSE_ID,INVEN_AMOUNT,INVEN_DATE_RESTOCKED,INVEN_MAX_STOCK,INVEN_REORDER_POINT) values (341,3,187,to_timestamp('30-DEC-09 12.00.00.000000000 AM','DD-MON-RR HH.MI.SS.FF AM'),250,50);
Insert into INVENTORY (PRODUCT_ID,WAREHOUSE_ID,INVEN_AMOUNT,INVEN_DATE_RESTOCKED,INVEN_MAX_STOCK,INVEN_REORDER_POINT) values (341,4,195,to_timestamp('29-DEC-09 12.00.00.000000000 AM','DD-MON-RR HH.MI.SS.FF AM'),250,50);
Insert into INVENTORY (PRODUCT_ID,WAREHOUSE_ID,INVEN_AMOUNT,INVEN_DATE_RESTOCKED,INVEN_MAX_STOCK,INVEN_REORDER_POINT) values (341,5,60,to_timestamp('03-DEC-09 12.00.00.000000000 AM','DD-MON-RR HH.MI.SS.FF AM'),250,50);
Insert into INVENTORY (PRODUCT_ID,WAREHOUSE_ID,INVEN_AMOUNT,INVEN_DATE_RESTOCKED,INVEN_MAX_STOCK,INVEN_REORDER_POINT) values (341,6,125,to_timestamp('26-DEC-09 12.00.00.000000000 AM','DD-MON-RR HH.MI.SS.FF AM'),250,50);
Insert into INVENTORY (PRODUCT_ID,WAREHOUSE_ID,INVEN_AMOUNT,INVEN_DATE_RESTOCKED,INVEN_MAX_STOCK,INVEN_REORDER_POINT) values (763,1,27,to_timestamp('14-DEC-09 12.00.00.000000000 AM','DD-MON-RR HH.MI.SS.FF AM'),50,10);
Insert into INVENTORY (PRODUCT_ID,WAREHOUSE_ID,INVEN_AMOUNT,INVEN_DATE_RESTOCKED,INVEN_MAX_STOCK,INVEN_REORDER_POINT) values (763,2,31,to_timestamp('08-JAN-10 12.00.00.000000000 AM','DD-MON-RR HH.MI.SS.FF AM'),35,7);
Insert into INVENTORY (PRODUCT_ID,WAREHOUSE_ID,INVEN_AMOUNT,INVEN_DATE_RESTOCKED,INVEN_MAX_STOCK,INVEN_REORDER_POINT) values (763,3,25,to_timestamp('28-DEC-09 12.00.00.000000000 AM','DD-MON-RR HH.MI.SS.FF AM'),30,6);
Insert into INVENTORY (PRODUCT_ID,WAREHOUSE_ID,INVEN_AMOUNT,INVEN_DATE_RESTOCKED,INVEN_MAX_STOCK,INVEN_REORDER_POINT) values (763,4,30,to_timestamp('01-FEB-10 12.00.00.000000000 AM','DD-MON-RR HH.MI.SS.FF AM'),30,6);
Insert into INVENTORY (PRODUCT_ID,WAREHOUSE_ID,INVEN_AMOUNT,INVEN_DATE_RESTOCKED,INVEN_MAX_STOCK,INVEN_REORDER_POINT) values (763,5,35,to_timestamp('31-DEC-09 12.00.00.000000000 AM','DD-MON-RR HH.MI.SS.FF AM'),40,8);
Insert into INVENTORY (PRODUCT_ID,WAREHOUSE_ID,INVEN_AMOUNT,INVEN_DATE_RESTOCKED,INVEN_MAX_STOCK,INVEN_REORDER_POINT) values (763,6,32,to_timestamp('15-JAN-10 12.00.00.000000000 AM','DD-MON-RR HH.MI.SS.FF AM'),35,7);
Insert into INVENTORY (PRODUCT_ID,WAREHOUSE_ID,INVEN_AMOUNT,INVEN_DATE_RESTOCKED,INVEN_MAX_STOCK,INVEN_REORDER_POINT) values (846,1,212,to_timestamp('01-FEB-10 12.00.00.000000000 AM','DD-MON-RR HH.MI.SS.FF AM'),225,45);
Insert into INVENTORY (PRODUCT_ID,WAREHOUSE_ID,INVEN_AMOUNT,INVEN_DATE_RESTOCKED,INVEN_MAX_STOCK,INVEN_REORDER_POINT) values (846,2,185,to_timestamp('27-JAN-10 12.00.00.000000000 AM','DD-MON-RR HH.MI.SS.FF AM'),225,45);
Insert into INVENTORY (PRODUCT_ID,WAREHOUSE_ID,INVEN_AMOUNT,INVEN_DATE_RESTOCKED,INVEN_MAX_STOCK,INVEN_REORDER_POINT) values (846,3,117,to_timestamp('12-JAN-10 12.00.00.000000000 AM','DD-MON-RR HH.MI.SS.FF AM'),225,45);
Insert into INVENTORY (PRODUCT_ID,WAREHOUSE_ID,INVEN_AMOUNT,INVEN_DATE_RESTOCKED,INVEN_MAX_STOCK,INVEN_REORDER_POINT) values (846,4,150,to_timestamp('15-JAN-10 12.00.00.000000000 AM','DD-MON-RR HH.MI.SS.FF AM'),225,45);
Insert into INVENTORY (PRODUCT_ID,WAREHOUSE_ID,INVEN_AMOUNT,INVEN_DATE_RESTOCKED,INVEN_MAX_STOCK,INVEN_REORDER_POINT) values (846,5,74,to_timestamp('05-JAN-10 12.00.00.000000000 AM','DD-MON-RR HH.MI.SS.FF AM'),225,45);
Insert into INVENTORY (PRODUCT_ID,WAREHOUSE_ID,INVEN_AMOUNT,INVEN_DATE_RESTOCKED,INVEN_MAX_STOCK,INVEN_REORDER_POINT) values (846,6,221,to_timestamp('30-JAN-10 12.00.00.000000000 AM','DD-MON-RR HH.MI.SS.FF AM'),225,45);
Insert into INVENTORY (PRODUCT_ID,WAREHOUSE_ID,INVEN_AMOUNT,INVEN_DATE_RESTOCKED,INVEN_MAX_STOCK,INVEN_REORDER_POINT) values (735,1,125,to_timestamp('15-JAN-10 12.00.00.000000000 AM','DD-MON-RR HH.MI.SS.FF AM'),150,30);
Insert into INVENTORY (PRODUCT_ID,WAREHOUSE_ID,INVEN_AMOUNT,INVEN_DATE_RESTOCKED,INVEN_MAX_STOCK,INVEN_REORDER_POINT) values (735,2,64,to_timestamp('31-DEC-09 12.00.00.000000000 AM','DD-MON-RR HH.MI.SS.FF AM'),100,20);
Insert into INVENTORY (PRODUCT_ID,WAREHOUSE_ID,INVEN_AMOUNT,INVEN_DATE_RESTOCKED,INVEN_MAX_STOCK,INVEN_REORDER_POINT) values (735,3,75,to_timestamp('05-JAN-10 12.00.00.000000000 AM','DD-MON-RR HH.MI.SS.FF AM'),100,20);
Insert into INVENTORY (PRODUCT_ID,WAREHOUSE_ID,INVEN_AMOUNT,INVEN_DATE_RESTOCKED,INVEN_MAX_STOCK,INVEN_REORDER_POINT) values (735,4,89,to_timestamp('23-DEC-09 12.00.00.000000000 AM','DD-MON-RR HH.MI.SS.FF AM'),150,30);
Insert into INVENTORY (PRODUCT_ID,WAREHOUSE_ID,INVEN_AMOUNT,INVEN_DATE_RESTOCKED,INVEN_MAX_STOCK,INVEN_REORDER_POINT) values (735,5,82,to_timestamp('21-DEC-09 12.00.00.000000000 AM','DD-MON-RR HH.MI.SS.FF AM'),150,30);
Insert into INVENTORY (PRODUCT_ID,WAREHOUSE_ID,INVEN_AMOUNT,INVEN_DATE_RESTOCKED,INVEN_MAX_STOCK,INVEN_REORDER_POINT) values (735,6,99,to_timestamp('03-JAN-10 12.00.00.000000000 AM','DD-MON-RR HH.MI.SS.FF AM'),150,30);
Insert into INVENTORY (PRODUCT_ID,WAREHOUSE_ID,INVEN_AMOUNT,INVEN_DATE_RESTOCKED,INVEN_MAX_STOCK,INVEN_REORDER_POINT) values (736,1,64,to_timestamp('15-DEC-09 12.00.00.000000000 AM','DD-MON-RR HH.MI.SS.FF AM'),100,20);
Insert into INVENTORY (PRODUCT_ID,WAREHOUSE_ID,INVEN_AMOUNT,INVEN_DATE_RESTOCKED,INVEN_MAX_STOCK,INVEN_REORDER_POINT) values (736,2,37,to_timestamp('14-NOV-09 12.00.00.000000000 AM','DD-MON-RR HH.MI.SS.FF AM'),100,20);
Insert into INVENTORY (PRODUCT_ID,WAREHOUSE_ID,INVEN_AMOUNT,INVEN_DATE_RESTOCKED,INVEN_MAX_STOCK,INVEN_REORDER_POINT) values (736,3,62,to_timestamp('11-DEC-09 12.00.00.000000000 AM','DD-MON-RR HH.MI.SS.FF AM'),100,20);
Insert into INVENTORY (PRODUCT_ID,WAREHOUSE_ID,INVEN_AMOUNT,INVEN_DATE_RESTOCKED,INVEN_MAX_STOCK,INVEN_REORDER_POINT) values (736,4,64,to_timestamp('21-DEC-09 12.00.00.000000000 AM','DD-MON-RR HH.MI.SS.FF AM'),100,20);
Insert into INVENTORY (PRODUCT_ID,WAREHOUSE_ID,INVEN_AMOUNT,INVEN_DATE_RESTOCKED,INVEN_MAX_STOCK,INVEN_REORDER_POINT) values (736,5,57,to_timestamp('17-DEC-09 12.00.00.000000000 AM','DD-MON-RR HH.MI.SS.FF AM'),100,20);
Insert into INVENTORY (PRODUCT_ID,WAREHOUSE_ID,INVEN_AMOUNT,INVEN_DATE_RESTOCKED,INVEN_MAX_STOCK,INVEN_REORDER_POINT) values (736,6,48,to_timestamp('30-NOV-09 12.00.00.000000000 AM','DD-MON-RR HH.MI.SS.FF AM'),100,20);
Insert into INVENTORY (PRODUCT_ID,WAREHOUSE_ID,INVEN_AMOUNT,INVEN_DATE_RESTOCKED,INVEN_MAX_STOCK,INVEN_REORDER_POINT) values (452,1,75,to_timestamp('20-JAN-10 12.00.00.000000000 AM','DD-MON-RR HH.MI.SS.FF AM'),100,20);
Insert into INVENTORY (PRODUCT_ID,WAREHOUSE_ID,INVEN_AMOUNT,INVEN_DATE_RESTOCKED,INVEN_MAX_STOCK,INVEN_REORDER_POINT) values (452,2,42,to_timestamp('23-DEC-09 12.00.00.000000000 AM','DD-MON-RR HH.MI.SS.FF AM'),100,20);
Insert into INVENTORY (PRODUCT_ID,WAREHOUSE_ID,INVEN_AMOUNT,INVEN_DATE_RESTOCKED,INVEN_MAX_STOCK,INVEN_REORDER_POINT) values (452,3,32,to_timestamp('11-DEC-09 12.00.00.000000000 AM','DD-MON-RR HH.MI.SS.FF AM'),100,20);
Insert into INVENTORY (PRODUCT_ID,WAREHOUSE_ID,INVEN_AMOUNT,INVEN_DATE_RESTOCKED,INVEN_MAX_STOCK,INVEN_REORDER_POINT) values (452,4,36,to_timestamp('20-NOV-09 12.00.00.000000000 AM','DD-MON-RR HH.MI.SS.FF AM'),150,30);
Insert into INVENTORY (PRODUCT_ID,WAREHOUSE_ID,INVEN_AMOUNT,INVEN_DATE_RESTOCKED,INVEN_MAX_STOCK,INVEN_REORDER_POINT) values (452,5,96,to_timestamp('27-JAN-10 12.00.00.000000000 AM','DD-MON-RR HH.MI.SS.FF AM'),100,20);
Insert into INVENTORY (PRODUCT_ID,WAREHOUSE_ID,INVEN_AMOUNT,INVEN_DATE_RESTOCKED,INVEN_MAX_STOCK,INVEN_REORDER_POINT) values (452,6,65,to_timestamp('31-DEC-09 12.00.00.000000000 AM','DD-MON-RR HH.MI.SS.FF AM'),125,25);
Insert into INVENTORY (PRODUCT_ID,WAREHOUSE_ID,INVEN_AMOUNT,INVEN_DATE_RESTOCKED,INVEN_MAX_STOCK,INVEN_REORDER_POINT) values (124,1,36,to_timestamp('27-OCT-09 12.00.00.000000000 AM','DD-MON-RR HH.MI.SS.FF AM'),100,20);
Insert into INVENTORY (PRODUCT_ID,WAREHOUSE_ID,INVEN_AMOUNT,INVEN_DATE_RESTOCKED,INVEN_MAX_STOCK,INVEN_REORDER_POINT) values (124,2,32,to_timestamp('24-NOV-09 12.00.00.000000000 AM','DD-MON-RR HH.MI.SS.FF AM'),75,15);
Insert into INVENTORY (PRODUCT_ID,WAREHOUSE_ID,INVEN_AMOUNT,INVEN_DATE_RESTOCKED,INVEN_MAX_STOCK,INVEN_REORDER_POINT) values (124,3,46,to_timestamp('01-DEC-09 12.00.00.000000000 AM','DD-MON-RR HH.MI.SS.FF AM'),75,15);
Insert into INVENTORY (PRODUCT_ID,WAREHOUSE_ID,INVEN_AMOUNT,INVEN_DATE_RESTOCKED,INVEN_MAX_STOCK,INVEN_REORDER_POINT) values (124,4,27,to_timestamp('20-NOV-09 12.00.00.000000000 AM','DD-MON-RR HH.MI.SS.FF AM'),80,16);
Insert into INVENTORY (PRODUCT_ID,WAREHOUSE_ID,INVEN_AMOUNT,INVEN_DATE_RESTOCKED,INVEN_MAX_STOCK,INVEN_REORDER_POINT) values (124,5,39,to_timestamp('25-NOV-09 12.00.00.000000000 AM','DD-MON-RR HH.MI.SS.FF AM'),100,20);
Insert into INVENTORY (PRODUCT_ID,WAREHOUSE_ID,INVEN_AMOUNT,INVEN_DATE_RESTOCKED,INVEN_MAX_STOCK,INVEN_REORDER_POINT) values (124,6,36,to_timestamp('12-NOV-09 12.00.00.000000000 AM','DD-MON-RR HH.MI.SS.FF AM'),75,15);
Insert into INVENTORY (PRODUCT_ID,WAREHOUSE_ID,INVEN_AMOUNT,INVEN_DATE_RESTOCKED,INVEN_MAX_STOCK,INVEN_REORDER_POINT) values (272,1,74,to_timestamp('24-JAN-10 12.00.00.000000000 AM','DD-MON-RR HH.MI.SS.FF AM'),150,30);
Insert into INVENTORY (PRODUCT_ID,WAREHOUSE_ID,INVEN_AMOUNT,INVEN_DATE_RESTOCKED,INVEN_MAX_STOCK,INVEN_REORDER_POINT) values (272,2,36,to_timestamp('15-JAN-10 12.00.00.000000000 AM','DD-MON-RR HH.MI.SS.FF AM'),150,30);
Insert into INVENTORY (PRODUCT_ID,WAREHOUSE_ID,INVEN_AMOUNT,INVEN_DATE_RESTOCKED,INVEN_MAX_STOCK,INVEN_REORDER_POINT) values (272,3,125,to_timestamp('26-JAN-10 12.00.00.000000000 AM','DD-MON-RR HH.MI.SS.FF AM'),200,40);
Insert into INVENTORY (PRODUCT_ID,WAREHOUSE_ID,INVEN_AMOUNT,INVEN_DATE_RESTOCKED,INVEN_MAX_STOCK,INVEN_REORDER_POINT) values (272,4,111,to_timestamp('24-JAN-10 12.00.00.000000000 AM','DD-MON-RR HH.MI.SS.FF AM'),200,40);
Insert into INVENTORY (PRODUCT_ID,WAREHOUSE_ID,INVEN_AMOUNT,INVEN_DATE_RESTOCKED,INVEN_MAX_STOCK,INVEN_REORDER_POINT) values (272,5,174,to_timestamp('28-JAN-10 12.00.00.000000000 AM','DD-MON-RR HH.MI.SS.FF AM'),200,40);
Insert into INVENTORY (PRODUCT_ID,WAREHOUSE_ID,INVEN_AMOUNT,INVEN_DATE_RESTOCKED,INVEN_MAX_STOCK,INVEN_REORDER_POINT) values (272,6,164,to_timestamp('28-JAN-10 12.00.00.000000000 AM','DD-MON-RR HH.MI.SS.FF AM'),175,35);
Insert into INVENTORY (PRODUCT_ID,WAREHOUSE_ID,INVEN_AMOUNT,INVEN_DATE_RESTOCKED,INVEN_MAX_STOCK,INVEN_REORDER_POINT) values (273,1,74,to_timestamp('21-JAN-10 12.00.00.000000000 AM','DD-MON-RR HH.MI.SS.FF AM'),150,30);
Insert into INVENTORY (PRODUCT_ID,WAREHOUSE_ID,INVEN_AMOUNT,INVEN_DATE_RESTOCKED,INVEN_MAX_STOCK,INVEN_REORDER_POINT) values (273,2,105,to_timestamp('22-JAN-10 12.00.00.000000000 AM','DD-MON-RR HH.MI.SS.FF AM'),150,30);
Insert into INVENTORY (PRODUCT_ID,WAREHOUSE_ID,INVEN_AMOUNT,INVEN_DATE_RESTOCKED,INVEN_MAX_STOCK,INVEN_REORDER_POINT) values (273,3,89,to_timestamp('19-JAN-10 12.00.00.000000000 AM','DD-MON-RR HH.MI.SS.FF AM'),200,40);
Insert into INVENTORY (PRODUCT_ID,WAREHOUSE_ID,INVEN_AMOUNT,INVEN_DATE_RESTOCKED,INVEN_MAX_STOCK,INVEN_REORDER_POINT) values (273,4,145,to_timestamp('01-FEB-10 12.00.00.000000000 AM','DD-MON-RR HH.MI.SS.FF AM'),150,30);
Insert into INVENTORY (PRODUCT_ID,WAREHOUSE_ID,INVEN_AMOUNT,INVEN_DATE_RESTOCKED,INVEN_MAX_STOCK,INVEN_REORDER_POINT) values (273,5,100,to_timestamp('17-JAN-10 12.00.00.000000000 AM','DD-MON-RR HH.MI.SS.FF AM'),150,30);
Insert into INVENTORY (PRODUCT_ID,WAREHOUSE_ID,INVEN_AMOUNT,INVEN_DATE_RESTOCKED,INVEN_MAX_STOCK,INVEN_REORDER_POINT) values (273,6,48,to_timestamp('11-JAN-10 12.00.00.000000000 AM','DD-MON-RR HH.MI.SS.FF AM'),175,35);
Insert into INVENTORY (PRODUCT_ID,WAREHOUSE_ID,INVEN_AMOUNT,INVEN_DATE_RESTOCKED,INVEN_MAX_STOCK,INVEN_REORDER_POINT) values (274,1,85,to_timestamp('21-JAN-10 12.00.00.000000000 AM','DD-MON-RR HH.MI.SS.FF AM'),200,40);
Insert into INVENTORY (PRODUCT_ID,WAREHOUSE_ID,INVEN_AMOUNT,INVEN_DATE_RESTOCKED,INVEN_MAX_STOCK,INVEN_REORDER_POINT) values (274,2,133,to_timestamp('25-JAN-10 12.00.00.000000000 AM','DD-MON-RR HH.MI.SS.FF AM'),200,40);
Insert into INVENTORY (PRODUCT_ID,WAREHOUSE_ID,INVEN_AMOUNT,INVEN_DATE_RESTOCKED,INVEN_MAX_STOCK,INVEN_REORDER_POINT) values (274,3,145,to_timestamp('26-JAN-10 12.00.00.000000000 AM','DD-MON-RR HH.MI.SS.FF AM'),200,40);
Insert into INVENTORY (PRODUCT_ID,WAREHOUSE_ID,INVEN_AMOUNT,INVEN_DATE_RESTOCKED,INVEN_MAX_STOCK,INVEN_REORDER_POINT) values (274,4,56,to_timestamp('16-JAN-10 12.00.00.000000000 AM','DD-MON-RR HH.MI.SS.FF AM'),150,30);
Insert into INVENTORY (PRODUCT_ID,WAREHOUSE_ID,INVEN_AMOUNT,INVEN_DATE_RESTOCKED,INVEN_MAX_STOCK,INVEN_REORDER_POINT) values (274,5,62,to_timestamp('18-JAN-10 12.00.00.000000000 AM','DD-MON-RR HH.MI.SS.FF AM'),150,30);
Insert into INVENTORY (PRODUCT_ID,WAREHOUSE_ID,INVEN_AMOUNT,INVEN_DATE_RESTOCKED,INVEN_MAX_STOCK,INVEN_REORDER_POINT) values (274,6,85,to_timestamp('22-JAN-10 12.00.00.000000000 AM','DD-MON-RR HH.MI.SS.FF AM'),200,40);
Insert into INVENTORY (PRODUCT_ID,WAREHOUSE_ID,INVEN_AMOUNT,INVEN_DATE_RESTOCKED,INVEN_MAX_STOCK,INVEN_REORDER_POINT) values (385,1,26,to_timestamp('15-JAN-10 12.00.00.000000000 AM','DD-MON-RR HH.MI.SS.FF AM'),50,10);
Insert into INVENTORY (PRODUCT_ID,WAREHOUSE_ID,INVEN_AMOUNT,INVEN_DATE_RESTOCKED,INVEN_MAX_STOCK,INVEN_REORDER_POINT) values (385,2,35,to_timestamp('12-JAN-10 12.00.00.000000000 AM','DD-MON-RR HH.MI.SS.FF AM'),75,15);
Insert into INVENTORY (PRODUCT_ID,WAREHOUSE_ID,INVEN_AMOUNT,INVEN_DATE_RESTOCKED,INVEN_MAX_STOCK,INVEN_REORDER_POINT) values (385,3,45,to_timestamp('25-JAN-10 12.00.00.000000000 AM','DD-MON-RR HH.MI.SS.FF AM'),50,10);
Insert into INVENTORY (PRODUCT_ID,WAREHOUSE_ID,INVEN_AMOUNT,INVEN_DATE_RESTOCKED,INVEN_MAX_STOCK,INVEN_REORDER_POINT) values (385,4,37,to_timestamp('28-JAN-10 12.00.00.000000000 AM','DD-MON-RR HH.MI.SS.FF AM'),40,8);
Insert into INVENTORY (PRODUCT_ID,WAREHOUSE_ID,INVEN_AMOUNT,INVEN_DATE_RESTOCKED,INVEN_MAX_STOCK,INVEN_REORDER_POINT) values (385,5,36,to_timestamp('25-JAN-10 12.00.00.000000000 AM','DD-MON-RR HH.MI.SS.FF AM'),50,10);
Insert into INVENTORY (PRODUCT_ID,WAREHOUSE_ID,INVEN_AMOUNT,INVEN_DATE_RESTOCKED,INVEN_MAX_STOCK,INVEN_REORDER_POINT) values (385,6,41,to_timestamp('24-JAN-10 12.00.00.000000000 AM','DD-MON-RR HH.MI.SS.FF AM'),50,10);
Insert into INVENTORY (PRODUCT_ID,WAREHOUSE_ID,INVEN_AMOUNT,INVEN_DATE_RESTOCKED,INVEN_MAX_STOCK,INVEN_REORDER_POINT) values (885,1,27,to_timestamp('27-DEC-09 12.00.00.000000000 AM','DD-MON-RR HH.MI.SS.FF AM'),40,8);
Insert into INVENTORY (PRODUCT_ID,WAREHOUSE_ID,INVEN_AMOUNT,INVEN_DATE_RESTOCKED,INVEN_MAX_STOCK,INVEN_REORDER_POINT) values (885,2,25,to_timestamp('03-JAN-10 12.00.00.000000000 AM','DD-MON-RR HH.MI.SS.FF AM'),35,7);
Insert into INVENTORY (PRODUCT_ID,WAREHOUSE_ID,INVEN_AMOUNT,INVEN_DATE_RESTOCKED,INVEN_MAX_STOCK,INVEN_REORDER_POINT) values (885,3,33,to_timestamp('06-JAN-10 12.00.00.000000000 AM','DD-MON-RR HH.MI.SS.FF AM'),40,8);
Insert into INVENTORY (PRODUCT_ID,WAREHOUSE_ID,INVEN_AMOUNT,INVEN_DATE_RESTOCKED,INVEN_MAX_STOCK,INVEN_REORDER_POINT) values (885,4,35,to_timestamp('05-JAN-10 12.00.00.000000000 AM','DD-MON-RR HH.MI.SS.FF AM'),40,8);
Insert into INVENTORY (PRODUCT_ID,WAREHOUSE_ID,INVEN_AMOUNT,INVEN_DATE_RESTOCKED,INVEN_MAX_STOCK,INVEN_REORDER_POINT) values (885,5,29,to_timestamp('30-DEC-09 12.00.00.000000000 AM','DD-MON-RR HH.MI.SS.FF AM'),40,8);
Insert into INVENTORY (PRODUCT_ID,WAREHOUSE_ID,INVEN_AMOUNT,INVEN_DATE_RESTOCKED,INVEN_MAX_STOCK,INVEN_REORDER_POINT) values (885,6,39,to_timestamp('29-JAN-10 12.00.00.000000000 AM','DD-MON-RR HH.MI.SS.FF AM'),40,8);
Insert into INVENTORY (PRODUCT_ID,WAREHOUSE_ID,INVEN_AMOUNT,INVEN_DATE_RESTOCKED,INVEN_MAX_STOCK,INVEN_REORDER_POINT) values (843,1,125,to_timestamp('18-JAN-10 12.00.00.000000000 AM','DD-MON-RR HH.MI.SS.FF AM'),150,30);
Insert into INVENTORY (PRODUCT_ID,WAREHOUSE_ID,INVEN_AMOUNT,INVEN_DATE_RESTOCKED,INVEN_MAX_STOCK,INVEN_REORDER_POINT) values (843,2,134,to_timestamp('19-JAN-10 12.00.00.000000000 AM','DD-MON-RR HH.MI.SS.FF AM'),150,30);
Insert into INVENTORY (PRODUCT_ID,WAREHOUSE_ID,INVEN_AMOUNT,INVEN_DATE_RESTOCKED,INVEN_MAX_STOCK,INVEN_REORDER_POINT) values (843,3,74,to_timestamp('27-DEC-09 12.00.00.000000000 AM','DD-MON-RR HH.MI.SS.FF AM'),125,25);
Insert into INVENTORY (PRODUCT_ID,WAREHOUSE_ID,INVEN_AMOUNT,INVEN_DATE_RESTOCKED,INVEN_MAX_STOCK,INVEN_REORDER_POINT) values (843,4,35,to_timestamp('21-DEC-09 12.00.00.000000000 AM','DD-MON-RR HH.MI.SS.FF AM'),150,30);
Insert into INVENTORY (PRODUCT_ID,WAREHOUSE_ID,INVEN_AMOUNT,INVEN_DATE_RESTOCKED,INVEN_MAX_STOCK,INVEN_REORDER_POINT) values (843,5,94,to_timestamp('02-JAN-10 12.00.00.000000000 AM','DD-MON-RR HH.MI.SS.FF AM'),150,30);
Insert into INVENTORY (PRODUCT_ID,WAREHOUSE_ID,INVEN_AMOUNT,INVEN_DATE_RESTOCKED,INVEN_MAX_STOCK,INVEN_REORDER_POINT) values (843,6,130,to_timestamp('25-JAN-10 12.00.00.000000000 AM','DD-MON-RR HH.MI.SS.FF AM'),150,30);
Insert into INVENTORY (PRODUCT_ID,WAREHOUSE_ID,INVEN_AMOUNT,INVEN_DATE_RESTOCKED,INVEN_MAX_STOCK,INVEN_REORDER_POINT) values (968,1,115,to_timestamp('19-JAN-10 12.00.00.000000000 AM','DD-MON-RR HH.MI.SS.FF AM'),150,30);
Insert into INVENTORY (PRODUCT_ID,WAREHOUSE_ID,INVEN_AMOUNT,INVEN_DATE_RESTOCKED,INVEN_MAX_STOCK,INVEN_REORDER_POINT) values (968,2,75,to_timestamp('05-JAN-10 12.00.00.000000000 AM','DD-MON-RR HH.MI.SS.FF AM'),150,30);
Insert into INVENTORY (PRODUCT_ID,WAREHOUSE_ID,INVEN_AMOUNT,INVEN_DATE_RESTOCKED,INVEN_MAX_STOCK,INVEN_REORDER_POINT) values (968,3,125,to_timestamp('02-FEB-10 12.00.00.000000000 AM','DD-MON-RR HH.MI.SS.FF AM'),125,25);
Insert into INVENTORY (PRODUCT_ID,WAREHOUSE_ID,INVEN_AMOUNT,INVEN_DATE_RESTOCKED,INVEN_MAX_STOCK,INVEN_REORDER_POINT) values (968,4,94,to_timestamp('10-JAN-10 12.00.00.000000000 AM','DD-MON-RR HH.MI.SS.FF AM'),150,30);
Insert into INVENTORY (PRODUCT_ID,WAREHOUSE_ID,INVEN_AMOUNT,INVEN_DATE_RESTOCKED,INVEN_MAX_STOCK,INVEN_REORDER_POINT) values (968,5,90,to_timestamp('08-JAN-10 12.00.00.000000000 AM','DD-MON-RR HH.MI.SS.FF AM'),150,30);
Insert into INVENTORY (PRODUCT_ID,WAREHOUSE_ID,INVEN_AMOUNT,INVEN_DATE_RESTOCKED,INVEN_MAX_STOCK,INVEN_REORDER_POINT) values (968,6,46,to_timestamp('29-DEC-09 12.00.00.000000000 AM','DD-MON-RR HH.MI.SS.FF AM'),150,30);
Insert into INVENTORY (PRODUCT_ID,WAREHOUSE_ID,INVEN_AMOUNT,INVEN_DATE_RESTOCKED,INVEN_MAX_STOCK,INVEN_REORDER_POINT) values (442,1,35,to_timestamp('02-FEB-10 12.00.00.000000000 AM','DD-MON-RR HH.MI.SS.FF AM'),35,7);
Insert into INVENTORY (PRODUCT_ID,WAREHOUSE_ID,INVEN_AMOUNT,INVEN_DATE_RESTOCKED,INVEN_MAX_STOCK,INVEN_REORDER_POINT) values (442,2,29,to_timestamp('05-JAN-10 12.00.00.000000000 AM','DD-MON-RR HH.MI.SS.FF AM'),35,7);
Insert into INVENTORY (PRODUCT_ID,WAREHOUSE_ID,INVEN_AMOUNT,INVEN_DATE_RESTOCKED,INVEN_MAX_STOCK,INVEN_REORDER_POINT) values (442,3,31,to_timestamp('15-JAN-10 12.00.00.000000000 AM','DD-MON-RR HH.MI.SS.FF AM'),35,7);
Insert into INVENTORY (PRODUCT_ID,WAREHOUSE_ID,INVEN_AMOUNT,INVEN_DATE_RESTOCKED,INVEN_MAX_STOCK,INVEN_REORDER_POINT) values (442,4,10,to_timestamp('15-NOV-09 12.00.00.000000000 AM','DD-MON-RR HH.MI.SS.FF AM'),45,9);
Insert into INVENTORY (PRODUCT_ID,WAREHOUSE_ID,INVEN_AMOUNT,INVEN_DATE_RESTOCKED,INVEN_MAX_STOCK,INVEN_REORDER_POINT) values (442,5,15,to_timestamp('07-DEC-09 12.00.00.000000000 AM','DD-MON-RR HH.MI.SS.FF AM'),35,7);
Insert into INVENTORY (PRODUCT_ID,WAREHOUSE_ID,INVEN_AMOUNT,INVEN_DATE_RESTOCKED,INVEN_MAX_STOCK,INVEN_REORDER_POINT) values (442,6,12,to_timestamp('08-NOV-09 12.00.00.000000000 AM','DD-MON-RR HH.MI.SS.FF AM'),30,6);
Insert into INVENTORY (PRODUCT_ID,WAREHOUSE_ID,INVEN_AMOUNT,INVEN_DATE_RESTOCKED,INVEN_MAX_STOCK,INVEN_REORDER_POINT) values (751,1,12,to_timestamp('30-OCT-09 12.00.00.000000000 AM','DD-MON-RR HH.MI.SS.FF AM'),25,5);
Insert into INVENTORY (PRODUCT_ID,WAREHOUSE_ID,INVEN_AMOUNT,INVEN_DATE_RESTOCKED,INVEN_MAX_STOCK,INVEN_REORDER_POINT) values (751,2,16,to_timestamp('13-NOV-09 12.00.00.000000000 AM','DD-MON-RR HH.MI.SS.FF AM'),25,5);
Insert into INVENTORY (PRODUCT_ID,WAREHOUSE_ID,INVEN_AMOUNT,INVEN_DATE_RESTOCKED,INVEN_MAX_STOCK,INVEN_REORDER_POINT) values (751,3,25,to_timestamp('02-JAN-10 12.00.00.000000000 AM','DD-MON-RR HH.MI.SS.FF AM'),30,6);
Insert into INVENTORY (PRODUCT_ID,WAREHOUSE_ID,INVEN_AMOUNT,INVEN_DATE_RESTOCKED,INVEN_MAX_STOCK,INVEN_REORDER_POINT) values (751,4,13,to_timestamp('29-NOV-09 12.00.00.000000000 AM','DD-MON-RR HH.MI.SS.FF AM'),30,6);
Insert into INVENTORY (PRODUCT_ID,WAREHOUSE_ID,INVEN_AMOUNT,INVEN_DATE_RESTOCKED,INVEN_MAX_STOCK,INVEN_REORDER_POINT) values (751,5,29,to_timestamp('28-JAN-10 12.00.00.000000000 AM','DD-MON-RR HH.MI.SS.FF AM'),30,6);
Insert into INVENTORY (PRODUCT_ID,WAREHOUSE_ID,INVEN_AMOUNT,INVEN_DATE_RESTOCKED,INVEN_MAX_STOCK,INVEN_REORDER_POINT) values (751,6,9,to_timestamp('06-NOV-09 12.00.00.000000000 AM','DD-MON-RR HH.MI.SS.FF AM'),30,6);
Insert into INVENTORY (PRODUCT_ID,WAREHOUSE_ID,INVEN_AMOUNT,INVEN_DATE_RESTOCKED,INVEN_MAX_STOCK,INVEN_REORDER_POINT) values (613,1,29,to_timestamp('27-JAN-10 12.00.00.000000000 AM','DD-MON-RR HH.MI.SS.FF AM'),30,6);
Insert into INVENTORY (PRODUCT_ID,WAREHOUSE_ID,INVEN_AMOUNT,INVEN_DATE_RESTOCKED,INVEN_MAX_STOCK,INVEN_REORDER_POINT) values (613,2,25,to_timestamp('21-JAN-10 12.00.00.000000000 AM','DD-MON-RR HH.MI.SS.FF AM'),30,6);
Insert into INVENTORY (PRODUCT_ID,WAREHOUSE_ID,INVEN_AMOUNT,INVEN_DATE_RESTOCKED,INVEN_MAX_STOCK,INVEN_REORDER_POINT) values (613,3,17,to_timestamp('27-DEC-09 12.00.00.000000000 AM','DD-MON-RR HH.MI.SS.FF AM'),30,6);
Insert into INVENTORY (PRODUCT_ID,WAREHOUSE_ID,INVEN_AMOUNT,INVEN_DATE_RESTOCKED,INVEN_MAX_STOCK,INVEN_REORDER_POINT) values (613,4,23,to_timestamp('15-JAN-10 12.00.00.000000000 AM','DD-MON-RR HH.MI.SS.FF AM'),25,5);
Insert into INVENTORY (PRODUCT_ID,WAREHOUSE_ID,INVEN_AMOUNT,INVEN_DATE_RESTOCKED,INVEN_MAX_STOCK,INVEN_REORDER_POINT) values (613,5,18,to_timestamp('21-DEC-09 12.00.00.000000000 AM','DD-MON-RR HH.MI.SS.FF AM'),25,5);
Insert into INVENTORY (PRODUCT_ID,WAREHOUSE_ID,INVEN_AMOUNT,INVEN_DATE_RESTOCKED,INVEN_MAX_STOCK,INVEN_REORDER_POINT) values (613,6,14,to_timestamp('08-DEC-09 12.00.00.000000000 AM','DD-MON-RR HH.MI.SS.FF AM'),30,6);
Insert into INVENTORY (PRODUCT_ID,WAREHOUSE_ID,INVEN_AMOUNT,INVEN_DATE_RESTOCKED,INVEN_MAX_STOCK,INVEN_REORDER_POINT) values (513,1,36,to_timestamp('07-JAN-10 12.00.00.000000000 AM','DD-MON-RR HH.MI.SS.FF AM'),40,8);
Insert into INVENTORY (PRODUCT_ID,WAREHOUSE_ID,INVEN_AMOUNT,INVEN_DATE_RESTOCKED,INVEN_MAX_STOCK,INVEN_REORDER_POINT) values (513,2,30,to_timestamp('11-JAN-10 12.00.00.000000000 AM','DD-MON-RR HH.MI.SS.FF AM'),35,7);
Insert into INVENTORY (PRODUCT_ID,WAREHOUSE_ID,INVEN_AMOUNT,INVEN_DATE_RESTOCKED,INVEN_MAX_STOCK,INVEN_REORDER_POINT) values (513,3,14,to_timestamp('07-DEC-09 12.00.00.000000000 AM','DD-MON-RR HH.MI.SS.FF AM'),40,8);
Insert into INVENTORY (PRODUCT_ID,WAREHOUSE_ID,INVEN_AMOUNT,INVEN_DATE_RESTOCKED,INVEN_MAX_STOCK,INVEN_REORDER_POINT) values (513,4,32,to_timestamp('27-DEC-09 12.00.00.000000000 AM','DD-MON-RR HH.MI.SS.FF AM'),40,8);
Insert into INVENTORY (PRODUCT_ID,WAREHOUSE_ID,INVEN_AMOUNT,INVEN_DATE_RESTOCKED,INVEN_MAX_STOCK,INVEN_REORDER_POINT) values (513,5,28,to_timestamp('04-JAN-10 12.00.00.000000000 AM','DD-MON-RR HH.MI.SS.FF AM'),35,7);
Insert into INVENTORY (PRODUCT_ID,WAREHOUSE_ID,INVEN_AMOUNT,INVEN_DATE_RESTOCKED,INVEN_MAX_STOCK,INVEN_REORDER_POINT) values (513,6,28,to_timestamp('23-DEC-09 12.00.00.000000000 AM','DD-MON-RR HH.MI.SS.FF AM'),40,8);
Insert into INVENTORY (PRODUCT_ID,WAREHOUSE_ID,INVEN_AMOUNT,INVEN_DATE_RESTOCKED,INVEN_MAX_STOCK,INVEN_REORDER_POINT) values (851,1,89,to_timestamp('17-JAN-10 12.00.00.000000000 AM','DD-MON-RR HH.MI.SS.FF AM'),150,30);
Insert into INVENTORY (PRODUCT_ID,WAREHOUSE_ID,INVEN_AMOUNT,INVEN_DATE_RESTOCKED,INVEN_MAX_STOCK,INVEN_REORDER_POINT) values (851,2,112,to_timestamp('23-JAN-10 12.00.00.000000000 AM','DD-MON-RR HH.MI.SS.FF AM'),150,30);
Insert into INVENTORY (PRODUCT_ID,WAREHOUSE_ID,INVEN_AMOUNT,INVEN_DATE_RESTOCKED,INVEN_MAX_STOCK,INVEN_REORDER_POINT) values (851,3,75,to_timestamp('14-JAN-10 12.00.00.000000000 AM','DD-MON-RR HH.MI.SS.FF AM'),125,25);
Insert into INVENTORY (PRODUCT_ID,WAREHOUSE_ID,INVEN_AMOUNT,INVEN_DATE_RESTOCKED,INVEN_MAX_STOCK,INVEN_REORDER_POINT) values (851,4,45,to_timestamp('10-JAN-10 12.00.00.000000000 AM','DD-MON-RR HH.MI.SS.FF AM'),150,30);
Insert into INVENTORY (PRODUCT_ID,WAREHOUSE_ID,INVEN_AMOUNT,INVEN_DATE_RESTOCKED,INVEN_MAX_STOCK,INVEN_REORDER_POINT) values (851,5,117,to_timestamp('20-JAN-10 12.00.00.000000000 AM','DD-MON-RR HH.MI.SS.FF AM'),150,30);
Insert into INVENTORY (PRODUCT_ID,WAREHOUSE_ID,INVEN_AMOUNT,INVEN_DATE_RESTOCKED,INVEN_MAX_STOCK,INVEN_REORDER_POINT) values (851,6,84,to_timestamp('08-JAN-10 12.00.00.000000000 AM','DD-MON-RR HH.MI.SS.FF AM'),150,30);
Insert into INVENTORY (PRODUCT_ID,WAREHOUSE_ID,INVEN_AMOUNT,INVEN_DATE_RESTOCKED,INVEN_MAX_STOCK,INVEN_REORDER_POINT) values (975,1,126,to_timestamp('25-JAN-10 12.00.00.000000000 AM','DD-MON-RR HH.MI.SS.FF AM'),150,30);
Insert into INVENTORY (PRODUCT_ID,WAREHOUSE_ID,INVEN_AMOUNT,INVEN_DATE_RESTOCKED,INVEN_MAX_STOCK,INVEN_REORDER_POINT) values (975,2,164,to_timestamp('27-JAN-10 12.00.00.000000000 AM','DD-MON-RR HH.MI.SS.FF AM'),175,35);
Insert into INVENTORY (PRODUCT_ID,WAREHOUSE_ID,INVEN_AMOUNT,INVEN_DATE_RESTOCKED,INVEN_MAX_STOCK,INVEN_REORDER_POINT) values (975,3,145,to_timestamp('31-JAN-10 12.00.00.000000000 AM','DD-MON-RR HH.MI.SS.FF AM'),150,30);
Insert into INVENTORY (PRODUCT_ID,WAREHOUSE_ID,INVEN_AMOUNT,INVEN_DATE_RESTOCKED,INVEN_MAX_STOCK,INVEN_REORDER_POINT) values (975,4,75,to_timestamp('16-JAN-10 12.00.00.000000000 AM','DD-MON-RR HH.MI.SS.FF AM'),150,30);
Insert into INVENTORY (PRODUCT_ID,WAREHOUSE_ID,INVEN_AMOUNT,INVEN_DATE_RESTOCKED,INVEN_MAX_STOCK,INVEN_REORDER_POINT) values (975,5,59,to_timestamp('13-JAN-10 12.00.00.000000000 AM','DD-MON-RR HH.MI.SS.FF AM'),150,30);
Insert into INVENTORY (PRODUCT_ID,WAREHOUSE_ID,INVEN_AMOUNT,INVEN_DATE_RESTOCKED,INVEN_MAX_STOCK,INVEN_REORDER_POINT) values (975,6,132,to_timestamp('24-JAN-10 12.00.00.000000000 AM','DD-MON-RR HH.MI.SS.FF AM'),150,30);
Insert into INVENTORY (PRODUCT_ID,WAREHOUSE_ID,INVEN_AMOUNT,INVEN_DATE_RESTOCKED,INVEN_MAX_STOCK,INVEN_REORDER_POINT) values (907,1,243,to_timestamp('01-FEB-10 12.00.00.000000000 AM','DD-MON-RR HH.MI.SS.FF AM'),250,50);
Insert into INVENTORY (PRODUCT_ID,WAREHOUSE_ID,INVEN_AMOUNT,INVEN_DATE_RESTOCKED,INVEN_MAX_STOCK,INVEN_REORDER_POINT) values (907,2,164,to_timestamp('27-JAN-10 12.00.00.000000000 AM','DD-MON-RR HH.MI.SS.FF AM'),200,40);
Insert into INVENTORY (PRODUCT_ID,WAREHOUSE_ID,INVEN_AMOUNT,INVEN_DATE_RESTOCKED,INVEN_MAX_STOCK,INVEN_REORDER_POINT) values (907,3,194,to_timestamp('28-JAN-10 12.00.00.000000000 AM','DD-MON-RR HH.MI.SS.FF AM'),225,45);
Insert into INVENTORY (PRODUCT_ID,WAREHOUSE_ID,INVEN_AMOUNT,INVEN_DATE_RESTOCKED,INVEN_MAX_STOCK,INVEN_REORDER_POINT) values (907,4,94,to_timestamp('25-JAN-10 12.00.00.000000000 AM','DD-MON-RR HH.MI.SS.FF AM'),200,40);
Insert into INVENTORY (PRODUCT_ID,WAREHOUSE_ID,INVEN_AMOUNT,INVEN_DATE_RESTOCKED,INVEN_MAX_STOCK,INVEN_REORDER_POINT) values (907,5,235,to_timestamp('31-JAN-10 12.00.00.000000000 AM','DD-MON-RR HH.MI.SS.FF AM'),250,50);
Insert into INVENTORY (PRODUCT_ID,WAREHOUSE_ID,INVEN_AMOUNT,INVEN_DATE_RESTOCKED,INVEN_MAX_STOCK,INVEN_REORDER_POINT) values (907,6,64,to_timestamp('23-JAN-10 12.00.00.000000000 AM','DD-MON-RR HH.MI.SS.FF AM'),250,50);
Insert into INVENTORY (PRODUCT_ID,WAREHOUSE_ID,INVEN_AMOUNT,INVEN_DATE_RESTOCKED,INVEN_MAX_STOCK,INVEN_REORDER_POINT) values (603,1,197,to_timestamp('24-JAN-10 12.00.00.000000000 AM','DD-MON-RR HH.MI.SS.FF AM'),250,50);
Insert into INVENTORY (PRODUCT_ID,WAREHOUSE_ID,INVEN_AMOUNT,INVEN_DATE_RESTOCKED,INVEN_MAX_STOCK,INVEN_REORDER_POINT) values (603,2,223,to_timestamp('29-JAN-10 12.00.00.000000000 AM','DD-MON-RR HH.MI.SS.FF AM'),250,50);
Insert into INVENTORY (PRODUCT_ID,WAREHOUSE_ID,INVEN_AMOUNT,INVEN_DATE_RESTOCKED,INVEN_MAX_STOCK,INVEN_REORDER_POINT) values (603,3,82,to_timestamp('25-JAN-10 12.00.00.000000000 AM','DD-MON-RR HH.MI.SS.FF AM'),200,40);
Insert into INVENTORY (PRODUCT_ID,WAREHOUSE_ID,INVEN_AMOUNT,INVEN_DATE_RESTOCKED,INVEN_MAX_STOCK,INVEN_REORDER_POINT) values (603,4,120,to_timestamp('24-JAN-10 12.00.00.000000000 AM','DD-MON-RR HH.MI.SS.FF AM'),250,50);
Insert into INVENTORY (PRODUCT_ID,WAREHOUSE_ID,INVEN_AMOUNT,INVEN_DATE_RESTOCKED,INVEN_MAX_STOCK,INVEN_REORDER_POINT) values (603,5,227,to_timestamp('28-JAN-10 12.00.00.000000000 AM','DD-MON-RR HH.MI.SS.FF AM'),250,50);
Insert into INVENTORY (PRODUCT_ID,WAREHOUSE_ID,INVEN_AMOUNT,INVEN_DATE_RESTOCKED,INVEN_MAX_STOCK,INVEN_REORDER_POINT) values (603,6,135,to_timestamp('23-JAN-10 12.00.00.000000000 AM','DD-MON-RR HH.MI.SS.FF AM'),250,50);
Insert into INVENTORY (PRODUCT_ID,WAREHOUSE_ID,INVEN_AMOUNT,INVEN_DATE_RESTOCKED,INVEN_MAX_STOCK,INVEN_REORDER_POINT) values (576,1,74,to_timestamp('01-FEB-10 12.00.00.000000000 AM','DD-MON-RR HH.MI.SS.FF AM'),75,15);
Insert into INVENTORY (PRODUCT_ID,WAREHOUSE_ID,INVEN_AMOUNT,INVEN_DATE_RESTOCKED,INVEN_MAX_STOCK,INVEN_REORDER_POINT) values (576,2,42,to_timestamp('15-JAN-10 12.00.00.000000000 AM','DD-MON-RR HH.MI.SS.FF AM'),100,20);
Insert into INVENTORY (PRODUCT_ID,WAREHOUSE_ID,INVEN_AMOUNT,INVEN_DATE_RESTOCKED,INVEN_MAX_STOCK,INVEN_REORDER_POINT) values (576,3,55,to_timestamp('21-JAN-10 12.00.00.000000000 AM','DD-MON-RR HH.MI.SS.FF AM'),75,15);
Insert into INVENTORY (PRODUCT_ID,WAREHOUSE_ID,INVEN_AMOUNT,INVEN_DATE_RESTOCKED,INVEN_MAX_STOCK,INVEN_REORDER_POINT) values (576,4,58,to_timestamp('22-JAN-10 12.00.00.000000000 AM','DD-MON-RR HH.MI.SS.FF AM'),75,15);
Insert into INVENTORY (PRODUCT_ID,WAREHOUSE_ID,INVEN_AMOUNT,INVEN_DATE_RESTOCKED,INVEN_MAX_STOCK,INVEN_REORDER_POINT) values (576,5,69,to_timestamp('27-JAN-10 12.00.00.000000000 AM','DD-MON-RR HH.MI.SS.FF AM'),75,15);
Insert into INVENTORY (PRODUCT_ID,WAREHOUSE_ID,INVEN_AMOUNT,INVEN_DATE_RESTOCKED,INVEN_MAX_STOCK,INVEN_REORDER_POINT) values (576,6,72,to_timestamp('18-JAN-10 12.00.00.000000000 AM','DD-MON-RR HH.MI.SS.FF AM'),100,20);
Insert into INVENTORY (PRODUCT_ID,WAREHOUSE_ID,INVEN_AMOUNT,INVEN_DATE_RESTOCKED,INVEN_MAX_STOCK,INVEN_REORDER_POINT) values (354,1,12,to_timestamp('30-NOV-09 12.00.00.000000000 AM','DD-MON-RR HH.MI.SS.FF AM'),25,5);
Insert into INVENTORY (PRODUCT_ID,WAREHOUSE_ID,INVEN_AMOUNT,INVEN_DATE_RESTOCKED,INVEN_MAX_STOCK,INVEN_REORDER_POINT) values (354,2,17,to_timestamp('05-JAN-10 12.00.00.000000000 AM','DD-MON-RR HH.MI.SS.FF AM'),20,4);
Insert into INVENTORY (PRODUCT_ID,WAREHOUSE_ID,INVEN_AMOUNT,INVEN_DATE_RESTOCKED,INVEN_MAX_STOCK,INVEN_REORDER_POINT) values (354,3,15,to_timestamp('18-DEC-09 12.00.00.000000000 AM','DD-MON-RR HH.MI.SS.FF AM'),25,5);
Insert into INVENTORY (PRODUCT_ID,WAREHOUSE_ID,INVEN_AMOUNT,INVEN_DATE_RESTOCKED,INVEN_MAX_STOCK,INVEN_REORDER_POINT) values (354,4,21,to_timestamp('03-JAN-10 12.00.00.000000000 AM','DD-MON-RR HH.MI.SS.FF AM'),25,5);
Insert into INVENTORY (PRODUCT_ID,WAREHOUSE_ID,INVEN_AMOUNT,INVEN_DATE_RESTOCKED,INVEN_MAX_STOCK,INVEN_REORDER_POINT) values (354,5,18,to_timestamp('30-DEC-09 12.00.00.000000000 AM','DD-MON-RR HH.MI.SS.FF AM'),25,5);
Insert into INVENTORY (PRODUCT_ID,WAREHOUSE_ID,INVEN_AMOUNT,INVEN_DATE_RESTOCKED,INVEN_MAX_STOCK,INVEN_REORDER_POINT) values (354,6,20,to_timestamp('01-FEB-10 12.00.00.000000000 AM','DD-MON-RR HH.MI.SS.FF AM'),20,4);
Insert into INVENTORY (PRODUCT_ID,WAREHOUSE_ID,INVEN_AMOUNT,INVEN_DATE_RESTOCKED,INVEN_MAX_STOCK,INVEN_REORDER_POINT) values (984,1,45,to_timestamp('05-JAN-10 12.00.00.000000000 AM','DD-MON-RR HH.MI.SS.FF AM'),50,10);
Insert into INVENTORY (PRODUCT_ID,WAREHOUSE_ID,INVEN_AMOUNT,INVEN_DATE_RESTOCKED,INVEN_MAX_STOCK,INVEN_REORDER_POINT) values (984,2,56,to_timestamp('08-JAN-10 12.00.00.000000000 AM','DD-MON-RR HH.MI.SS.FF AM'),65,13);
Insert into INVENTORY (PRODUCT_ID,WAREHOUSE_ID,INVEN_AMOUNT,INVEN_DATE_RESTOCKED,INVEN_MAX_STOCK,INVEN_REORDER_POINT) values (984,3,41,to_timestamp('05-JAN-10 12.00.00.000000000 AM','DD-MON-RR HH.MI.SS.FF AM'),50,10);
Insert into INVENTORY (PRODUCT_ID,WAREHOUSE_ID,INVEN_AMOUNT,INVEN_DATE_RESTOCKED,INVEN_MAX_STOCK,INVEN_REORDER_POINT) values (984,4,15,to_timestamp('27-NOV-09 12.00.00.000000000 AM','DD-MON-RR HH.MI.SS.FF AM'),50,10);
Insert into INVENTORY (PRODUCT_ID,WAREHOUSE_ID,INVEN_AMOUNT,INVEN_DATE_RESTOCKED,INVEN_MAX_STOCK,INVEN_REORDER_POINT) values (984,5,21,to_timestamp('10-DEC-09 12.00.00.000000000 AM','DD-MON-RR HH.MI.SS.FF AM'),50,10);
Insert into INVENTORY (PRODUCT_ID,WAREHOUSE_ID,INVEN_AMOUNT,INVEN_DATE_RESTOCKED,INVEN_MAX_STOCK,INVEN_REORDER_POINT) values (984,6,37,to_timestamp('02-JAN-10 12.00.00.000000000 AM','DD-MON-RR HH.MI.SS.FF AM'),50,10);
Insert into INVENTORY (PRODUCT_ID,WAREHOUSE_ID,INVEN_AMOUNT,INVEN_DATE_RESTOCKED,INVEN_MAX_STOCK,INVEN_REORDER_POINT) values (231,1,12,to_timestamp('05-DEC-09 12.00.00.000000000 AM','DD-MON-RR HH.MI.SS.FF AM'),45,9);
Insert into INVENTORY (PRODUCT_ID,WAREHOUSE_ID,INVEN_AMOUNT,INVEN_DATE_RESTOCKED,INVEN_MAX_STOCK,INVEN_REORDER_POINT) values (231,2,38,to_timestamp('11-JAN-10 12.00.00.000000000 AM','DD-MON-RR HH.MI.SS.FF AM'),45,9);
Insert into INVENTORY (PRODUCT_ID,WAREHOUSE_ID,INVEN_AMOUNT,INVEN_DATE_RESTOCKED,INVEN_MAX_STOCK,INVEN_REORDER_POINT) values (231,3,34,to_timestamp('30-DEC-09 12.00.00.000000000 AM','DD-MON-RR HH.MI.SS.FF AM'),50,10);
Insert into INVENTORY (PRODUCT_ID,WAREHOUSE_ID,INVEN_AMOUNT,INVEN_DATE_RESTOCKED,INVEN_MAX_STOCK,INVEN_REORDER_POINT) values (231,4,25,to_timestamp('15-DEC-09 12.00.00.000000000 AM','DD-MON-RR HH.MI.SS.FF AM'),50,10);
Insert into INVENTORY (PRODUCT_ID,WAREHOUSE_ID,INVEN_AMOUNT,INVEN_DATE_RESTOCKED,INVEN_MAX_STOCK,INVEN_REORDER_POINT) values (231,5,21,to_timestamp('19-DEC-09 12.00.00.000000000 AM','DD-MON-RR HH.MI.SS.FF AM'),45,9);
Insert into INVENTORY (PRODUCT_ID,WAREHOUSE_ID,INVEN_AMOUNT,INVEN_DATE_RESTOCKED,INVEN_MAX_STOCK,INVEN_REORDER_POINT) values (231,6,36,to_timestamp('03-JAN-10 12.00.00.000000000 AM','DD-MON-RR HH.MI.SS.FF AM'),50,10);
Insert into INVENTORY (PRODUCT_ID,WAREHOUSE_ID,INVEN_AMOUNT,INVEN_DATE_RESTOCKED,INVEN_MAX_STOCK,INVEN_REORDER_POINT) values (516,1,106,to_timestamp('30-DEC-09 12.00.00.000000000 AM','DD-MON-RR HH.MI.SS.FF AM'),150,30);
Insert into INVENTORY (PRODUCT_ID,WAREHOUSE_ID,INVEN_AMOUNT,INVEN_DATE_RESTOCKED,INVEN_MAX_STOCK,INVEN_REORDER_POINT) values (516,2,84,to_timestamp('23-DEC-09 12.00.00.000000000 AM','DD-MON-RR HH.MI.SS.FF AM'),175,35);
Insert into INVENTORY (PRODUCT_ID,WAREHOUSE_ID,INVEN_AMOUNT,INVEN_DATE_RESTOCKED,INVEN_MAX_STOCK,INVEN_REORDER_POINT) values (516,3,129,to_timestamp('12-JAN-10 12.00.00.000000000 AM','DD-MON-RR HH.MI.SS.FF AM'),150,30);
Insert into INVENTORY (PRODUCT_ID,WAREHOUSE_ID,INVEN_AMOUNT,INVEN_DATE_RESTOCKED,INVEN_MAX_STOCK,INVEN_REORDER_POINT) values (516,4,135,to_timestamp('18-DEC-09 12.00.00.000000000 AM','DD-MON-RR HH.MI.SS.FF AM'),150,30);
Insert into INVENTORY (PRODUCT_ID,WAREHOUSE_ID,INVEN_AMOUNT,INVEN_DATE_RESTOCKED,INVEN_MAX_STOCK,INVEN_REORDER_POINT) values (516,5,95,to_timestamp('04-JAN-10 12.00.00.000000000 AM','DD-MON-RR HH.MI.SS.FF AM'),150,30);
Insert into INVENTORY (PRODUCT_ID,WAREHOUSE_ID,INVEN_AMOUNT,INVEN_DATE_RESTOCKED,INVEN_MAX_STOCK,INVEN_REORDER_POINT) values (516,6,157,to_timestamp('19-JAN-10 12.00.00.000000000 AM','DD-MON-RR HH.MI.SS.FF AM'),175,35);
Insert into INVENTORY (PRODUCT_ID,WAREHOUSE_ID,INVEN_AMOUNT,INVEN_DATE_RESTOCKED,INVEN_MAX_STOCK,INVEN_REORDER_POINT) values (942,1,56,to_timestamp('22-DEC-09 12.00.00.000000000 AM','DD-MON-RR HH.MI.SS.FF AM'),125,25);
Insert into INVENTORY (PRODUCT_ID,WAREHOUSE_ID,INVEN_AMOUNT,INVEN_DATE_RESTOCKED,INVEN_MAX_STOCK,INVEN_REORDER_POINT) values (942,2,97,to_timestamp('08-JAN-10 12.00.00.000000000 AM','DD-MON-RR HH.MI.SS.FF AM'),125,25);
Insert into INVENTORY (PRODUCT_ID,WAREHOUSE_ID,INVEN_AMOUNT,INVEN_DATE_RESTOCKED,INVEN_MAX_STOCK,INVEN_REORDER_POINT) values (942,3,115,to_timestamp('25-JAN-10 12.00.00.000000000 AM','DD-MON-RR HH.MI.SS.FF AM'),125,25);
Insert into INVENTORY (PRODUCT_ID,WAREHOUSE_ID,INVEN_AMOUNT,INVEN_DATE_RESTOCKED,INVEN_MAX_STOCK,INVEN_REORDER_POINT) values (942,4,85,to_timestamp('22-JAN-10 12.00.00.000000000 AM','DD-MON-RR HH.MI.SS.FF AM'),100,20);
Insert into INVENTORY (PRODUCT_ID,WAREHOUSE_ID,INVEN_AMOUNT,INVEN_DATE_RESTOCKED,INVEN_MAX_STOCK,INVEN_REORDER_POINT) values (942,5,39,to_timestamp('17-DEC-09 12.00.00.000000000 AM','DD-MON-RR HH.MI.SS.FF AM'),125,25);
Insert into INVENTORY (PRODUCT_ID,WAREHOUSE_ID,INVEN_AMOUNT,INVEN_DATE_RESTOCKED,INVEN_MAX_STOCK,INVEN_REORDER_POINT) values (942,6,75,to_timestamp('30-DEC-09 12.00.00.000000000 AM','DD-MON-RR HH.MI.SS.FF AM'),125,25);
Insert into INVENTORY (PRODUCT_ID,WAREHOUSE_ID,INVEN_AMOUNT,INVEN_DATE_RESTOCKED,INVEN_MAX_STOCK,INVEN_REORDER_POINT) values (583,1,65,to_timestamp('27-DEC-09 12.00.00.000000000 AM','DD-MON-RR HH.MI.SS.FF AM'),100,20);
Insert into INVENTORY (PRODUCT_ID,WAREHOUSE_ID,INVEN_AMOUNT,INVEN_DATE_RESTOCKED,INVEN_MAX_STOCK,INVEN_REORDER_POINT) values (583,2,79,to_timestamp('03-JAN-10 12.00.00.000000000 AM','DD-MON-RR HH.MI.SS.FF AM'),100,20);
Insert into INVENTORY (PRODUCT_ID,WAREHOUSE_ID,INVEN_AMOUNT,INVEN_DATE_RESTOCKED,INVEN_MAX_STOCK,INVEN_REORDER_POINT) values (583,3,46,to_timestamp('06-JAN-10 12.00.00.000000000 AM','DD-MON-RR HH.MI.SS.FF AM'),75,15);
Insert into INVENTORY (PRODUCT_ID,WAREHOUSE_ID,INVEN_AMOUNT,INVEN_DATE_RESTOCKED,INVEN_MAX_STOCK,INVEN_REORDER_POINT) values (583,4,70,to_timestamp('04-JAN-10 12.00.00.000000000 AM','DD-MON-RR HH.MI.SS.FF AM'),100,20);
Insert into INVENTORY (PRODUCT_ID,WAREHOUSE_ID,INVEN_AMOUNT,INVEN_DATE_RESTOCKED,INVEN_MAX_STOCK,INVEN_REORDER_POINT) values (583,5,59,to_timestamp('14-JAN-10 12.00.00.000000000 AM','DD-MON-RR HH.MI.SS.FF AM'),75,15);
Insert into INVENTORY (PRODUCT_ID,WAREHOUSE_ID,INVEN_AMOUNT,INVEN_DATE_RESTOCKED,INVEN_MAX_STOCK,INVEN_REORDER_POINT) values (583,6,32,to_timestamp('23-DEC-09 12.00.00.000000000 AM','DD-MON-RR HH.MI.SS.FF AM'),100,20);
Insert into INVENTORY (PRODUCT_ID,WAREHOUSE_ID,INVEN_AMOUNT,INVEN_DATE_RESTOCKED,INVEN_MAX_STOCK,INVEN_REORDER_POINT) values (845,1,35,to_timestamp('17-DEC-09 12.00.00.000000000 AM','DD-MON-RR HH.MI.SS.FF AM'),75,15);
Insert into INVENTORY (PRODUCT_ID,WAREHOUSE_ID,INVEN_AMOUNT,INVEN_DATE_RESTOCKED,INVEN_MAX_STOCK,INVEN_REORDER_POINT) values (845,2,47,to_timestamp('30-DEC-09 12.00.00.000000000 AM','DD-MON-RR HH.MI.SS.FF AM'),75,15);
Insert into INVENTORY (PRODUCT_ID,WAREHOUSE_ID,INVEN_AMOUNT,INVEN_DATE_RESTOCKED,INVEN_MAX_STOCK,INVEN_REORDER_POINT) values (845,3,22,to_timestamp('02-JAN-10 12.00.00.000000000 AM','DD-MON-RR HH.MI.SS.FF AM'),50,10);
Insert into INVENTORY (PRODUCT_ID,WAREHOUSE_ID,INVEN_AMOUNT,INVEN_DATE_RESTOCKED,INVEN_MAX_STOCK,INVEN_REORDER_POINT) values (845,4,57,to_timestamp('09-JAN-10 12.00.00.000000000 AM','DD-MON-RR HH.MI.SS.FF AM'),75,15);
Insert into INVENTORY (PRODUCT_ID,WAREHOUSE_ID,INVEN_AMOUNT,INVEN_DATE_RESTOCKED,INVEN_MAX_STOCK,INVEN_REORDER_POINT) values (845,5,52,to_timestamp('06-JAN-10 12.00.00.000000000 AM','DD-MON-RR HH.MI.SS.FF AM'),75,15);
Insert into INVENTORY (PRODUCT_ID,WAREHOUSE_ID,INVEN_AMOUNT,INVEN_DATE_RESTOCKED,INVEN_MAX_STOCK,INVEN_REORDER_POINT) values (845,6,39,to_timestamp('23-DEC-09 12.00.00.000000000 AM','DD-MON-RR HH.MI.SS.FF AM'),75,15);
Insert into INVENTORY (PRODUCT_ID,WAREHOUSE_ID,INVEN_AMOUNT,INVEN_DATE_RESTOCKED,INVEN_MAX_STOCK,INVEN_REORDER_POINT) values (311,1,75,to_timestamp('05-JAN-10 12.00.00.000000000 AM','DD-MON-RR HH.MI.SS.FF AM'),100,20);
Insert into INVENTORY (PRODUCT_ID,WAREHOUSE_ID,INVEN_AMOUNT,INVEN_DATE_RESTOCKED,INVEN_MAX_STOCK,INVEN_REORDER_POINT) values (311,2,108,to_timestamp('16-JAN-10 12.00.00.000000000 AM','DD-MON-RR HH.MI.SS.FF AM'),125,25);
Insert into INVENTORY (PRODUCT_ID,WAREHOUSE_ID,INVEN_AMOUNT,INVEN_DATE_RESTOCKED,INVEN_MAX_STOCK,INVEN_REORDER_POINT) values (311,3,92,to_timestamp('18-JAN-10 12.00.00.000000000 AM','DD-MON-RR HH.MI.SS.FF AM'),125,25);
Insert into INVENTORY (PRODUCT_ID,WAREHOUSE_ID,INVEN_AMOUNT,INVEN_DATE_RESTOCKED,INVEN_MAX_STOCK,INVEN_REORDER_POINT) values (311,4,97,to_timestamp('16-JAN-10 12.00.00.000000000 AM','DD-MON-RR HH.MI.SS.FF AM'),100,20);
Insert into INVENTORY (PRODUCT_ID,WAREHOUSE_ID,INVEN_AMOUNT,INVEN_DATE_RESTOCKED,INVEN_MAX_STOCK,INVEN_REORDER_POINT) values (311,5,35,to_timestamp('31-DEC-09 12.00.00.000000000 AM','DD-MON-RR HH.MI.SS.FF AM'),125,25);
Insert into INVENTORY (PRODUCT_ID,WAREHOUSE_ID,INVEN_AMOUNT,INVEN_DATE_RESTOCKED,INVEN_MAX_STOCK,INVEN_REORDER_POINT) values (311,6,71,to_timestamp('29-JAN-10 12.00.00.000000000 AM','DD-MON-RR HH.MI.SS.FF AM'),75,15);
Insert into INVENTORY (PRODUCT_ID,WAREHOUSE_ID,INVEN_AMOUNT,INVEN_DATE_RESTOCKED,INVEN_MAX_STOCK,INVEN_REORDER_POINT) values (563,1,24,to_timestamp('24-NOV-09 12.00.00.000000000 AM','DD-MON-RR HH.MI.SS.FF AM'),75,15);
Insert into INVENTORY (PRODUCT_ID,WAREHOUSE_ID,INVEN_AMOUNT,INVEN_DATE_RESTOCKED,INVEN_MAX_STOCK,INVEN_REORDER_POINT) values (563,2,62,to_timestamp('05-JAN-10 12.00.00.000000000 AM','DD-MON-RR HH.MI.SS.FF AM'),75,15);
Insert into INVENTORY (PRODUCT_ID,WAREHOUSE_ID,INVEN_AMOUNT,INVEN_DATE_RESTOCKED,INVEN_MAX_STOCK,INVEN_REORDER_POINT) values (563,3,50,to_timestamp('23-DEC-09 12.00.00.000000000 AM','DD-MON-RR HH.MI.SS.FF AM'),75,15);
Insert into INVENTORY (PRODUCT_ID,WAREHOUSE_ID,INVEN_AMOUNT,INVEN_DATE_RESTOCKED,INVEN_MAX_STOCK,INVEN_REORDER_POINT) values (563,4,63,to_timestamp('03-JAN-10 12.00.00.000000000 AM','DD-MON-RR HH.MI.SS.FF AM'),75,15);
Insert into INVENTORY (PRODUCT_ID,WAREHOUSE_ID,INVEN_AMOUNT,INVEN_DATE_RESTOCKED,INVEN_MAX_STOCK,INVEN_REORDER_POINT) values (563,5,22,to_timestamp('20-DEC-09 12.00.00.000000000 AM','DD-MON-RR HH.MI.SS.FF AM'),50,10);
Insert into INVENTORY (PRODUCT_ID,WAREHOUSE_ID,INVEN_AMOUNT,INVEN_DATE_RESTOCKED,INVEN_MAX_STOCK,INVEN_REORDER_POINT) values (563,6,57,to_timestamp('07-JAN-10 12.00.00.000000000 AM','DD-MON-RR HH.MI.SS.FF AM'),75,15);

---------------------------------------------------
--   END DATA FOR TABLE INVENTORY
---------------------------------------------------


---------------------------------------------------
--   DATA FOR TABLE KEEPER
--   FILTER = none used
---------------------------------------------------
REM INSERTING into KEEPER
Insert into KEEPER (EMP_ID,KEEP_CERTIFIED) values (4031,'YES');
Insert into KEEPER (EMP_ID,KEEP_CERTIFIED) values (4045,'YES');
Insert into KEEPER (EMP_ID,KEEP_CERTIFIED) values (4066,'YES');
Insert into KEEPER (EMP_ID,KEEP_CERTIFIED) values (4094,'YES');
Insert into KEEPER (EMP_ID,KEEP_CERTIFIED) values (4129,'NO');
Insert into KEEPER (EMP_ID,KEEP_CERTIFIED) values (4136,'NO');
Insert into KEEPER (EMP_ID,KEEP_CERTIFIED) values (4171,'YES');
Insert into KEEPER (EMP_ID,KEEP_CERTIFIED) values (4227,'YES');
Insert into KEEPER (EMP_ID,KEEP_CERTIFIED) values (4234,'NO');
Insert into KEEPER (EMP_ID,KEEP_CERTIFIED) values (4248,'YES');
Insert into KEEPER (EMP_ID,KEEP_CERTIFIED) values (4262,'YES');
Insert into KEEPER (EMP_ID,KEEP_CERTIFIED) values (4276,'YES');
Insert into KEEPER (EMP_ID,KEEP_CERTIFIED) values (4283,'YES');
Insert into KEEPER (EMP_ID,KEEP_CERTIFIED) values (4304,'YES');
Insert into KEEPER (EMP_ID,KEEP_CERTIFIED) values (4353,'YES');
Insert into KEEPER (EMP_ID,KEEP_CERTIFIED) values (4367,'YES');
Insert into KEEPER (EMP_ID,KEEP_CERTIFIED) values (4388,'YES');
Insert into KEEPER (EMP_ID,KEEP_CERTIFIED) values (4409,'NO');
Insert into KEEPER (EMP_ID,KEEP_CERTIFIED) values (4472,'NO');
Insert into KEEPER (EMP_ID,KEEP_CERTIFIED) values (4486,'NO');
Insert into KEEPER (EMP_ID,KEEP_CERTIFIED) values (4500,'YES');
Insert into KEEPER (EMP_ID,KEEP_CERTIFIED) values (4507,'YES');
Insert into KEEPER (EMP_ID,KEEP_CERTIFIED) values (4535,'YES');
Insert into KEEPER (EMP_ID,KEEP_CERTIFIED) values (4542,'NO');
Insert into KEEPER (EMP_ID,KEEP_CERTIFIED) values (4549,'YES');
Insert into KEEPER (EMP_ID,KEEP_CERTIFIED) values (4570,'YES');
Insert into KEEPER (EMP_ID,KEEP_CERTIFIED) values (4577,'NO');
Insert into KEEPER (EMP_ID,KEEP_CERTIFIED) values (4647,'NO');
Insert into KEEPER (EMP_ID,KEEP_CERTIFIED) values (4654,'NO');
Insert into KEEPER (EMP_ID,KEEP_CERTIFIED) values (4696,'YES');
Insert into KEEPER (EMP_ID,KEEP_CERTIFIED) values (4710,'YES');

---------------------------------------------------
--   END DATA FOR TABLE KEEPER
---------------------------------------------------


---------------------------------------------------
--   DATA FOR TABLE MAINTENANCE
--   FILTER = none used
---------------------------------------------------
REM INSERTING into MAINTENANCE
Insert into MAINTENANCE (EMP_ID,MAINT_TITLE) values (4024,'HVAC');
Insert into MAINTENANCE (EMP_ID,MAINT_TITLE) values (4073,'Janitor');
Insert into MAINTENANCE (EMP_ID,MAINT_TITLE) values (4101,'Electrician');
Insert into MAINTENANCE (EMP_ID,MAINT_TITLE) values (4157,'Janitor');
Insert into MAINTENANCE (EMP_ID,MAINT_TITLE) values (4165,'Janitor');
Insert into MAINTENANCE (EMP_ID,MAINT_TITLE) values (4220,'Janitor');
Insert into MAINTENANCE (EMP_ID,MAINT_TITLE) values (4087,'Electrician');
Insert into MAINTENANCE (EMP_ID,MAINT_TITLE) values (4311,'HVAC');
Insert into MAINTENANCE (EMP_ID,MAINT_TITLE) values (4318,'Electrician');
Insert into MAINTENANCE (EMP_ID,MAINT_TITLE) values (4332,'Janitor');
Insert into MAINTENANCE (EMP_ID,MAINT_TITLE) values (4374,'Janitor');
Insert into MAINTENANCE (EMP_ID,MAINT_TITLE) values (4381,'Janitor');
Insert into MAINTENANCE (EMP_ID,MAINT_TITLE) values (4416,'HVAC');
Insert into MAINTENANCE (EMP_ID,MAINT_TITLE) values (4458,'Electrician');
Insert into MAINTENANCE (EMP_ID,MAINT_TITLE) values (4465,'Janitor');
Insert into MAINTENANCE (EMP_ID,MAINT_TITLE) values (4514,'HVAC');
Insert into MAINTENANCE (EMP_ID,MAINT_TITLE) values (4563,'Janitor');
Insert into MAINTENANCE (EMP_ID,MAINT_TITLE) values (4591,'HVAC');
Insert into MAINTENANCE (EMP_ID,MAINT_TITLE) values (4605,'Janitor');
Insert into MAINTENANCE (EMP_ID,MAINT_TITLE) values (4619,'Janitor');
Insert into MAINTENANCE (EMP_ID,MAINT_TITLE) values (4626,'Electrician');
Insert into MAINTENANCE (EMP_ID,MAINT_TITLE) values (4668,'Janitor');
Insert into MAINTENANCE (EMP_ID,MAINT_TITLE) values (4675,'Janitor');

---------------------------------------------------
--   END DATA FOR TABLE MAINTENANCE
---------------------------------------------------


---------------------------------------------------
--   DATA FOR TABLE MANUFACTURED_PRODUCT
--   FILTER = none used
---------------------------------------------------
REM INSERTING into MANUFACTURED_PRODUCT
Insert into MANUFACTURED_PRODUCT (PRODUCT_ID,PRODUCT_START_DATE,PRODUCT_FINISH_DATE) values (463,to_timestamp('12-JUN-09 12.00.00.000000000 AM','DD-MON-RR HH.MI.SS.FF AM'),to_timestamp('28-JUN-09 12.00.00.000000000 AM','DD-MON-RR HH.MI.SS.FF AM'));
Insert into MANUFACTURED_PRODUCT (PRODUCT_ID,PRODUCT_START_DATE,PRODUCT_FINISH_DATE) values (225,to_timestamp('15-APR-07 12.00.00.000000000 AM','DD-MON-RR HH.MI.SS.FF AM'),to_timestamp('25-APR-07 12.00.00.000000000 AM','DD-MON-RR HH.MI.SS.FF AM'));
Insert into MANUFACTURED_PRODUCT (PRODUCT_ID,PRODUCT_START_DATE,PRODUCT_FINISH_DATE) values (763,to_timestamp('05-DEC-08 12.00.00.000000000 AM','DD-MON-RR HH.MI.SS.FF AM'),to_timestamp('03-FEB-09 12.00.00.000000000 AM','DD-MON-RR HH.MI.SS.FF AM'));
Insert into MANUFACTURED_PRODUCT (PRODUCT_ID,PRODUCT_START_DATE,PRODUCT_FINISH_DATE) values (124,to_timestamp('19-FEB-09 12.00.00.000000000 AM','DD-MON-RR HH.MI.SS.FF AM'),to_timestamp('04-MAR-09 12.00.00.000000000 AM','DD-MON-RR HH.MI.SS.FF AM'));
Insert into MANUFACTURED_PRODUCT (PRODUCT_ID,PRODUCT_START_DATE,PRODUCT_FINISH_DATE) values (272,to_timestamp('07-APR-07 12.00.00.000000000 AM','DD-MON-RR HH.MI.SS.FF AM'),to_timestamp('21-APR-07 12.00.00.000000000 AM','DD-MON-RR HH.MI.SS.FF AM'));
Insert into MANUFACTURED_PRODUCT (PRODUCT_ID,PRODUCT_START_DATE,PRODUCT_FINISH_DATE) values (273,to_timestamp('07-APR-07 12.00.00.000000000 AM','DD-MON-RR HH.MI.SS.FF AM'),to_timestamp('19-APR-07 12.00.00.000000000 AM','DD-MON-RR HH.MI.SS.FF AM'));
Insert into MANUFACTURED_PRODUCT (PRODUCT_ID,PRODUCT_START_DATE,PRODUCT_FINISH_DATE) values (274,to_timestamp('07-APR-07 12.00.00.000000000 AM','DD-MON-RR HH.MI.SS.FF AM'),to_timestamp('20-APR-07 12.00.00.000000000 AM','DD-MON-RR HH.MI.SS.FF AM'));
Insert into MANUFACTURED_PRODUCT (PRODUCT_ID,PRODUCT_START_DATE,PRODUCT_FINISH_DATE) values (385,to_timestamp('18-AUG-07 12.00.00.000000000 AM','DD-MON-RR HH.MI.SS.FF AM'),to_timestamp('13-SEP-07 12.00.00.000000000 AM','DD-MON-RR HH.MI.SS.FF AM'));
Insert into MANUFACTURED_PRODUCT (PRODUCT_ID,PRODUCT_START_DATE,PRODUCT_FINISH_DATE) values (442,to_timestamp('27-AUG-08 12.00.00.000000000 AM','DD-MON-RR HH.MI.SS.FF AM'),to_timestamp('15-SEP-08 12.00.00.000000000 AM','DD-MON-RR HH.MI.SS.FF AM'));
Insert into MANUFACTURED_PRODUCT (PRODUCT_ID,PRODUCT_START_DATE,PRODUCT_FINISH_DATE) values (603,to_timestamp('13-MAY-08 12.00.00.000000000 AM','DD-MON-RR HH.MI.SS.FF AM'),to_timestamp('17-MAY-08 12.00.00.000000000 AM','DD-MON-RR HH.MI.SS.FF AM'));
Insert into MANUFACTURED_PRODUCT (PRODUCT_ID,PRODUCT_START_DATE,PRODUCT_FINISH_DATE) values (576,to_timestamp('25-OCT-07 12.00.00.000000000 AM','DD-MON-RR HH.MI.SS.FF AM'),to_timestamp('20-NOV-07 12.00.00.000000000 AM','DD-MON-RR HH.MI.SS.FF AM'));
Insert into MANUFACTURED_PRODUCT (PRODUCT_ID,PRODUCT_START_DATE,PRODUCT_FINISH_DATE) values (354,to_timestamp('26-FEB-09 12.00.00.000000000 AM','DD-MON-RR HH.MI.SS.FF AM'),to_timestamp('01-MAR-09 12.00.00.000000000 AM','DD-MON-RR HH.MI.SS.FF AM'));

---------------------------------------------------
--   END DATA FOR TABLE MANUFACTURED_PRODUCT
---------------------------------------------------


---------------------------------------------------
--   DATA FOR TABLE MEDICATION
--   FILTER = none used
---------------------------------------------------
REM INSERTING into MEDICATION
Insert into MEDICATION (MED_ID,MED_TYPE,MED_DIRECTIONS,MED_UNIT_OF_MEASURE) values (1,'Acepromazine','Take 3 tsp 2 times daily.','tsp');
Insert into MEDICATION (MED_ID,MED_TYPE,MED_DIRECTIONS,MED_UNIT_OF_MEASURE) values (2,'Artificial','Take 1 tbsp 2 times daily.','tbsp');
Insert into MEDICATION (MED_ID,MED_TYPE,MED_DIRECTIONS,MED_UNIT_OF_MEASURE) values (3,'Atipamezole','Take 123 ml 1 times daily.','ml');
Insert into MEDICATION (MED_ID,MED_TYPE,MED_DIRECTIONS,MED_UNIT_OF_MEASURE) values (4,'Boldenone','Take 102 ml 3 times daily.','ml');
Insert into MEDICATION (MED_ID,MED_TYPE,MED_DIRECTIONS,MED_UNIT_OF_MEASURE) values (5,'Buprenorphine','Take 222 mg 1 times daily.','mg');
Insert into MEDICATION (MED_ID,MED_TYPE,MED_DIRECTIONS,MED_UNIT_OF_MEASURE) values (6,'Butorphanol','Take 2 tbsp 1 times daily.','tbsp');
Insert into MEDICATION (MED_ID,MED_TYPE,MED_DIRECTIONS,MED_UNIT_OF_MEASURE) values (7,'Clamoxyquine','Take 1 tbsp 3 times daily.','tbsp');
Insert into MEDICATION (MED_ID,MED_TYPE,MED_DIRECTIONS,MED_UNIT_OF_MEASURE) values (8,'Clenbuterol','Take 3 tsp 3 times daily.','tsp');
Insert into MEDICATION (MED_ID,MED_TYPE,MED_DIRECTIONS,MED_UNIT_OF_MEASURE) values (9,'Dichlorophene','Take 612 mg 3 times daily.','mg');
Insert into MEDICATION (MED_ID,MED_TYPE,MED_DIRECTIONS,MED_UNIT_OF_MEASURE) values (10,'Equine','Take 3 tsp 2 times daily.','tsp');
Insert into MEDICATION (MED_ID,MED_TYPE,MED_DIRECTIONS,MED_UNIT_OF_MEASURE) values (11,'Flunixin','Take 870 mg 2 times daily.','mg');
Insert into MEDICATION (MED_ID,MED_TYPE,MED_DIRECTIONS,MED_UNIT_OF_MEASURE) values (12,'Furosemide','Take 3 tbsp 1 times daily.','tbsp');
Insert into MEDICATION (MED_ID,MED_TYPE,MED_DIRECTIONS,MED_UNIT_OF_MEASURE) values (13,'Isoxsuprine','Take 546 mg 1 times daily.','mg');
Insert into MEDICATION (MED_ID,MED_TYPE,MED_DIRECTIONS,MED_UNIT_OF_MEASURE) values (14,'Ivermectin','Take 3 tsp 3 times daily.','tsp');
Insert into MEDICATION (MED_ID,MED_TYPE,MED_DIRECTIONS,MED_UNIT_OF_MEASURE) values (15,'Ketamine','Take 347 mg 2 times daily.','mg');
Insert into MEDICATION (MED_ID,MED_TYPE,MED_DIRECTIONS,MED_UNIT_OF_MEASURE) values (16,'Ketoprofen','Take 419 mg 1 times daily.','mg');
Insert into MEDICATION (MED_ID,MED_TYPE,MED_DIRECTIONS,MED_UNIT_OF_MEASURE) values (17,'Lufenuron','Take 666 mg 3 times daily.','mg');
Insert into MEDICATION (MED_ID,MED_TYPE,MED_DIRECTIONS,MED_UNIT_OF_MEASURE) values (18,'Marbofloxacin','Take 2 tsp 2 times daily.','tsp');
Insert into MEDICATION (MED_ID,MED_TYPE,MED_DIRECTIONS,MED_UNIT_OF_MEASURE) values (19,'Medetomidine','Take 1 tsp 3 times daily.','tsp');
Insert into MEDICATION (MED_ID,MED_TYPE,MED_DIRECTIONS,MED_UNIT_OF_MEASURE) values (20,'Meloxicam','Take 787 mg 3 times daily.','mg');
Insert into MEDICATION (MED_ID,MED_TYPE,MED_DIRECTIONS,MED_UNIT_OF_MEASURE) values (21,'Milbemycin','Take 1 tbsp 2 times daily.','tbsp');
Insert into MEDICATION (MED_ID,MED_TYPE,MED_DIRECTIONS,MED_UNIT_OF_MEASURE) values (22,'Mirtazapine','Take 2 tbsp 3 times daily.','tbsp');
Insert into MEDICATION (MED_ID,MED_TYPE,MED_DIRECTIONS,MED_UNIT_OF_MEASURE) values (23,'Nitenpyram','Take 2 tsp 1 times daily.','tsp');
Insert into MEDICATION (MED_ID,MED_TYPE,MED_DIRECTIONS,MED_UNIT_OF_MEASURE) values (24,'Oxibendazole','Take 771 mg 3 times daily.','mg');
Insert into MEDICATION (MED_ID,MED_TYPE,MED_DIRECTIONS,MED_UNIT_OF_MEASURE) values (25,'Phenylbutazone','Take 399 ml 1 times daily.','ml');
Insert into MEDICATION (MED_ID,MED_TYPE,MED_DIRECTIONS,MED_UNIT_OF_MEASURE) values (26,'Pirlimycin','Take 883 mg 1 times daily.','mg');
Insert into MEDICATION (MED_ID,MED_TYPE,MED_DIRECTIONS,MED_UNIT_OF_MEASURE) values (27,'Ponazuril','Take 535 ml 3 times daily.','ml');
Insert into MEDICATION (MED_ID,MED_TYPE,MED_DIRECTIONS,MED_UNIT_OF_MEASURE) values (28,'Sentinel','Take 118 ml 1 times daily.','ml');
Insert into MEDICATION (MED_ID,MED_TYPE,MED_DIRECTIONS,MED_UNIT_OF_MEASURE) values (29,'Synulox','Take 1 tsp 2 times daily.','tsp');
Insert into MEDICATION (MED_ID,MED_TYPE,MED_DIRECTIONS,MED_UNIT_OF_MEASURE) values (30,'Tylosin','Take 344 ml 3 times daily.','ml');

---------------------------------------------------
--   END DATA FOR TABLE MEDICATION
---------------------------------------------------


---------------------------------------------------
--   DATA FOR TABLE MEMBERSHIP_OWNER
--   FILTER = none used
---------------------------------------------------
REM INSERTING into MEMBERSHIP_OWNER
Insert into MEMBERSHIP_OWNER (MEMB_OWNER_ID,MEMB_FIRST_NAME,MEMB_LAST_NAME,MEMB_PHONE_NUMBER,MEMB_DATE_OF_BIRTH,MEMB_ADDRESS,MEMB_CITY,MEMB_ZIP_CODE,MEMB_STATE,MEMB_TYPE_ID,ZOO_ID) values (2,'Brad','Smith',5072983872,to_timestamp('18-MAY-88 12.00.00.000000000 AM','DD-MON-RR HH.MI.SS.FF AM'),'9100 Hidden Valley Rd.','Mankato',56001,'MN',200,1001);
Insert into MEMBERSHIP_OWNER (MEMB_OWNER_ID,MEMB_FIRST_NAME,MEMB_LAST_NAME,MEMB_PHONE_NUMBER,MEMB_DATE_OF_BIRTH,MEMB_ADDRESS,MEMB_CITY,MEMB_ZIP_CODE,MEMB_STATE,MEMB_TYPE_ID,ZOO_ID) values (3,'Victoria','Peer',5071983182,to_timestamp('27-JUL-78 12.00.00.000000000 AM','DD-MON-RR HH.MI.SS.FF AM'),'43298 Twin Bluffs Dr.','St. Paul',55103,'MN',300,1002);
Insert into MEMBERSHIP_OWNER (MEMB_OWNER_ID,MEMB_FIRST_NAME,MEMB_LAST_NAME,MEMB_PHONE_NUMBER,MEMB_DATE_OF_BIRTH,MEMB_ADDRESS,MEMB_CITY,MEMB_ZIP_CODE,MEMB_STATE,MEMB_TYPE_ID,ZOO_ID) values (4,'Alex','Iverson',5078637887,to_timestamp('01-APR-59 12.00.00.000000000 AM','DD-MON-RR HH.MI.SS.FF AM'),'1226 Highland Ave','Maple Grove',55311,'MN',400,1002);
Insert into MEMBERSHIP_OWNER (MEMB_OWNER_ID,MEMB_FIRST_NAME,MEMB_LAST_NAME,MEMB_PHONE_NUMBER,MEMB_DATE_OF_BIRTH,MEMB_ADDRESS,MEMB_CITY,MEMB_ZIP_CODE,MEMB_STATE,MEMB_TYPE_ID,ZOO_ID) values (5,'Natalie','Thompson',6518365583,to_timestamp('23-JUN-63 12.00.00.000000000 AM','DD-MON-RR HH.MI.SS.FF AM'),'827 4th St.','Minnetonka',55345,'MN',1000,1000);
Insert into MEMBERSHIP_OWNER (MEMB_OWNER_ID,MEMB_FIRST_NAME,MEMB_LAST_NAME,MEMB_PHONE_NUMBER,MEMB_DATE_OF_BIRTH,MEMB_ADDRESS,MEMB_CITY,MEMB_ZIP_CODE,MEMB_STATE,MEMB_TYPE_ID,ZOO_ID) values (6,'Cammey','Olson',9527261922,to_timestamp('14-SEP-77 12.00.00.000000000 AM','DD-MON-RR HH.MI.SS.FF AM'),'5656 Forest Wood Dr.','St. Paul',55103,'MN',200,1001);
Insert into MEMBERSHIP_OWNER (MEMB_OWNER_ID,MEMB_FIRST_NAME,MEMB_LAST_NAME,MEMB_PHONE_NUMBER,MEMB_DATE_OF_BIRTH,MEMB_ADDRESS,MEMB_CITY,MEMB_ZIP_CODE,MEMB_STATE,MEMB_TYPE_ID,ZOO_ID) values (7,'Robert','Finch',5077432832,to_timestamp('17-OCT-65 12.00.00.000000000 AM','DD-MON-RR HH.MI.SS.FF AM'),'11700 Riverfront Dr.','Mankato',56001,'MN',700,1002);
Insert into MEMBERSHIP_OWNER (MEMB_OWNER_ID,MEMB_FIRST_NAME,MEMB_LAST_NAME,MEMB_PHONE_NUMBER,MEMB_DATE_OF_BIRTH,MEMB_ADDRESS,MEMB_CITY,MEMB_ZIP_CODE,MEMB_STATE,MEMB_TYPE_ID,ZOO_ID) values (8,'Mike','Kline',9528139542,to_timestamp('03-DEC-78 12.00.00.000000000 AM','DD-MON-RR HH.MI.SS.FF AM'),'45122 Layer Ave.','Maple Grove',55311,'MN',800,1001);
Insert into MEMBERSHIP_OWNER (MEMB_OWNER_ID,MEMB_FIRST_NAME,MEMB_LAST_NAME,MEMB_PHONE_NUMBER,MEMB_DATE_OF_BIRTH,MEMB_ADDRESS,MEMB_CITY,MEMB_ZIP_CODE,MEMB_STATE,MEMB_TYPE_ID,ZOO_ID) values (9,'Casey','Meshka',5079347103,to_timestamp('01-FEB-67 12.00.00.000000000 AM','DD-MON-RR HH.MI.SS.FF AM'),'2562 Minor Valley Blvd.','St. Paul',55103,'MN',900,1000);
Insert into MEMBERSHIP_OWNER (MEMB_OWNER_ID,MEMB_FIRST_NAME,MEMB_LAST_NAME,MEMB_PHONE_NUMBER,MEMB_DATE_OF_BIRTH,MEMB_ADDRESS,MEMB_CITY,MEMB_ZIP_CODE,MEMB_STATE,MEMB_TYPE_ID,ZOO_ID) values (10,'Leah','Stoos',5073928331,to_timestamp('11-MAR-81 12.00.00.000000000 AM','DD-MON-RR HH.MI.SS.FF AM'),'284 Main St.','Mankato',56001,'MN',1000,1001);
Insert into MEMBERSHIP_OWNER (MEMB_OWNER_ID,MEMB_FIRST_NAME,MEMB_LAST_NAME,MEMB_PHONE_NUMBER,MEMB_DATE_OF_BIRTH,MEMB_ADDRESS,MEMB_CITY,MEMB_ZIP_CODE,MEMB_STATE,MEMB_TYPE_ID,ZOO_ID) values (11,'Pat','Rally',6510294729,to_timestamp('10-AUG-58 12.00.00.000000000 AM','DD-MON-RR HH.MI.SS.FF AM'),'7365 Rainbow Rd.','Minnetonka',55345,'MN',600,1002);
Insert into MEMBERSHIP_OWNER (MEMB_OWNER_ID,MEMB_FIRST_NAME,MEMB_LAST_NAME,MEMB_PHONE_NUMBER,MEMB_DATE_OF_BIRTH,MEMB_ADDRESS,MEMB_CITY,MEMB_ZIP_CODE,MEMB_STATE,MEMB_TYPE_ID,ZOO_ID) values (12,'Josie','Banks',6518240384,to_timestamp('18-SEP-68 12.00.00.000000000 AM','DD-MON-RR HH.MI.SS.FF AM'),'32311 Franklin St.','Winona',55987,'MN',100,1000);
Insert into MEMBERSHIP_OWNER (MEMB_OWNER_ID,MEMB_FIRST_NAME,MEMB_LAST_NAME,MEMB_PHONE_NUMBER,MEMB_DATE_OF_BIRTH,MEMB_ADDRESS,MEMB_CITY,MEMB_ZIP_CODE,MEMB_STATE,MEMB_TYPE_ID,ZOO_ID) values (13,'Spencer','Brown',5079238429,to_timestamp('04-DEC-63 12.00.00.000000000 AM','DD-MON-RR HH.MI.SS.FF AM'),'2253 Madison Ave.','Maple Grove',55311,'MN',800,1001);
Insert into MEMBERSHIP_OWNER (MEMB_OWNER_ID,MEMB_FIRST_NAME,MEMB_LAST_NAME,MEMB_PHONE_NUMBER,MEMB_DATE_OF_BIRTH,MEMB_ADDRESS,MEMB_CITY,MEMB_ZIP_CODE,MEMB_STATE,MEMB_TYPE_ID,ZOO_ID) values (14,'Chris','Holmes',6519283482,to_timestamp('15-JUN-88 12.00.00.000000000 AM','DD-MON-RR HH.MI.SS.FF AM'),'833 19th St.','Minnetonka',55345,'MN',400,1002);
Insert into MEMBERSHIP_OWNER (MEMB_OWNER_ID,MEMB_FIRST_NAME,MEMB_LAST_NAME,MEMB_PHONE_NUMBER,MEMB_DATE_OF_BIRTH,MEMB_ADDRESS,MEMB_CITY,MEMB_ZIP_CODE,MEMB_STATE,MEMB_TYPE_ID,ZOO_ID) values (15,'Quinn','Hoffman',5073198422,to_timestamp('02-JUN-76 12.00.00.000000000 AM','DD-MON-RR HH.MI.SS.FF AM'),'907 Sarnia Lane','Winona',55987,'MN',700,1002);
Insert into MEMBERSHIP_OWNER (MEMB_OWNER_ID,MEMB_FIRST_NAME,MEMB_LAST_NAME,MEMB_PHONE_NUMBER,MEMB_DATE_OF_BIRTH,MEMB_ADDRESS,MEMB_CITY,MEMB_ZIP_CODE,MEMB_STATE,MEMB_TYPE_ID,ZOO_ID) values (16,'George','Reech',9528418635,to_timestamp('09-MAY-69 12.00.00.000000000 AM','DD-MON-RR HH.MI.SS.FF AM'),'29358 Thrushwood','St. Paul',55103,'MN',200,1002);
Insert into MEMBERSHIP_OWNER (MEMB_OWNER_ID,MEMB_FIRST_NAME,MEMB_LAST_NAME,MEMB_PHONE_NUMBER,MEMB_DATE_OF_BIRTH,MEMB_ADDRESS,MEMB_CITY,MEMB_ZIP_CODE,MEMB_STATE,MEMB_TYPE_ID,ZOO_ID) values (17,'Candice','Peterson',9528741633,to_timestamp('25-SEP-80 12.00.00.000000000 AM','DD-MON-RR HH.MI.SS.FF AM'),'393722 Lake St.','Winona',55987,'MN',300,1001);
Insert into MEMBERSHIP_OWNER (MEMB_OWNER_ID,MEMB_FIRST_NAME,MEMB_LAST_NAME,MEMB_PHONE_NUMBER,MEMB_DATE_OF_BIRTH,MEMB_ADDRESS,MEMB_CITY,MEMB_ZIP_CODE,MEMB_STATE,MEMB_TYPE_ID,ZOO_ID) values (18,'Madison','Leaf',5072948251,to_timestamp('27-NOV-71 12.00.00.000000000 AM','DD-MON-RR HH.MI.SS.FF AM'),'2827 Red Sky Rd.','St. Paul',55103,'MN',100,1002);
Insert into MEMBERSHIP_OWNER (MEMB_OWNER_ID,MEMB_FIRST_NAME,MEMB_LAST_NAME,MEMB_PHONE_NUMBER,MEMB_DATE_OF_BIRTH,MEMB_ADDRESS,MEMB_CITY,MEMB_ZIP_CODE,MEMB_STATE,MEMB_TYPE_ID,ZOO_ID) values (1,'Shelly','Johnson',5073472456,to_timestamp('15-JAN-68 12.00.00.000000000 AM','DD-MON-RR HH.MI.SS.FF AM'),'214 Tree St.','Winona',55987,'MN',100,1000);
Insert into MEMBERSHIP_OWNER (MEMB_OWNER_ID,MEMB_FIRST_NAME,MEMB_LAST_NAME,MEMB_PHONE_NUMBER,MEMB_DATE_OF_BIRTH,MEMB_ADDRESS,MEMB_CITY,MEMB_ZIP_CODE,MEMB_STATE,MEMB_TYPE_ID,ZOO_ID) values (19,'Emma','Kennedy',9523837516,to_timestamp('14-MAR-74 12.00.00.000000000 AM','DD-MON-RR HH.MI.SS.FF AM'),'239 Ellas Ln.','Maple Grove',55311,'MN',500,1002);
Insert into MEMBERSHIP_OWNER (MEMB_OWNER_ID,MEMB_FIRST_NAME,MEMB_LAST_NAME,MEMB_PHONE_NUMBER,MEMB_DATE_OF_BIRTH,MEMB_ADDRESS,MEMB_CITY,MEMB_ZIP_CODE,MEMB_STATE,MEMB_TYPE_ID,ZOO_ID) values (20,'April','Price',5072849178,to_timestamp('06-DEC-83 12.00.00.000000000 AM','DD-MON-RR HH.MI.SS.FF AM'),'23644 Birchwood Rd.','Mankato',56001,'MN',200,1001);
Insert into MEMBERSHIP_OWNER (MEMB_OWNER_ID,MEMB_FIRST_NAME,MEMB_LAST_NAME,MEMB_PHONE_NUMBER,MEMB_DATE_OF_BIRTH,MEMB_ADDRESS,MEMB_CITY,MEMB_ZIP_CODE,MEMB_STATE,MEMB_TYPE_ID,ZOO_ID) values (21,'Elizabeth','Savat',5072938271,to_timestamp('04-JUL-89 12.00.00.000000000 AM','DD-MON-RR HH.MI.SS.FF AM'),'7366 Cleveland St.','Minnetonka',55345,'MN',400,1002);
Insert into MEMBERSHIP_OWNER (MEMB_OWNER_ID,MEMB_FIRST_NAME,MEMB_LAST_NAME,MEMB_PHONE_NUMBER,MEMB_DATE_OF_BIRTH,MEMB_ADDRESS,MEMB_CITY,MEMB_ZIP_CODE,MEMB_STATE,MEMB_TYPE_ID,ZOO_ID) values (22,'Alivia','Nelson',9528371672,to_timestamp('13-AUG-68 12.00.00.000000000 AM','DD-MON-RR HH.MI.SS.FF AM'),'8337 Warren Blvd.','Mankato',56001,'MN',1000,1001);
Insert into MEMBERSHIP_OWNER (MEMB_OWNER_ID,MEMB_FIRST_NAME,MEMB_LAST_NAME,MEMB_PHONE_NUMBER,MEMB_DATE_OF_BIRTH,MEMB_ADDRESS,MEMB_CITY,MEMB_ZIP_CODE,MEMB_STATE,MEMB_TYPE_ID,ZOO_ID) values (23,'Autumn','Coombe',6519328432,to_timestamp('09-APR-77 12.00.00.000000000 AM','DD-MON-RR HH.MI.SS.FF AM'),'38722 Hunnington St.','Winona',55987,'MN',600,1000);
Insert into MEMBERSHIP_OWNER (MEMB_OWNER_ID,MEMB_FIRST_NAME,MEMB_LAST_NAME,MEMB_PHONE_NUMBER,MEMB_DATE_OF_BIRTH,MEMB_ADDRESS,MEMB_CITY,MEMB_ZIP_CODE,MEMB_STATE,MEMB_TYPE_ID,ZOO_ID) values (24,'Jenice','Everson',5072923483,to_timestamp('26-MAY-69 12.00.00.000000000 AM','DD-MON-RR HH.MI.SS.FF AM'),'436 Wheel Ave.','Mankato',56001,'MN',100,1001);
Insert into MEMBERSHIP_OWNER (MEMB_OWNER_ID,MEMB_FIRST_NAME,MEMB_LAST_NAME,MEMB_PHONE_NUMBER,MEMB_DATE_OF_BIRTH,MEMB_ADDRESS,MEMB_CITY,MEMB_ZIP_CODE,MEMB_STATE,MEMB_TYPE_ID,ZOO_ID) values (25,'John','Curran',5072481048,to_timestamp('20-JUN-90 12.00.00.000000000 AM','DD-MON-RR HH.MI.SS.FF AM'),'623 Cherry Dr.','Winona',55987,'MN',700,1002);
Insert into MEMBERSHIP_OWNER (MEMB_OWNER_ID,MEMB_FIRST_NAME,MEMB_LAST_NAME,MEMB_PHONE_NUMBER,MEMB_DATE_OF_BIRTH,MEMB_ADDRESS,MEMB_CITY,MEMB_ZIP_CODE,MEMB_STATE,MEMB_TYPE_ID,ZOO_ID) values (26,'Mary','Emans',9529817823,to_timestamp('11-JAN-64 12.00.00.000000000 AM','DD-MON-RR HH.MI.SS.FF AM'),'28323 Wild Berry Ln.','St. Paul',55103,'MN',300,1002);
Insert into MEMBERSHIP_OWNER (MEMB_OWNER_ID,MEMB_FIRST_NAME,MEMB_LAST_NAME,MEMB_PHONE_NUMBER,MEMB_DATE_OF_BIRTH,MEMB_ADDRESS,MEMB_CITY,MEMB_ZIP_CODE,MEMB_STATE,MEMB_TYPE_ID,ZOO_ID) values (27,'David','Anderson',9529417162,to_timestamp('25-DEC-72 12.00.00.000000000 AM','DD-MON-RR HH.MI.SS.FF AM'),'21213 Wilson Blvd.','St. Paul',55103,'MN',800,1000);
Insert into MEMBERSHIP_OWNER (MEMB_OWNER_ID,MEMB_FIRST_NAME,MEMB_LAST_NAME,MEMB_PHONE_NUMBER,MEMB_DATE_OF_BIRTH,MEMB_ADDRESS,MEMB_CITY,MEMB_ZIP_CODE,MEMB_STATE,MEMB_TYPE_ID,ZOO_ID) values (28,'Carly','Blaisdell',5079282673,to_timestamp('03-JUN-83 12.00.00.000000000 AM','DD-MON-RR HH.MI.SS.FF AM'),'683 Agency Ln.','Winona',55987,'MN',200,1002);
Insert into MEMBERSHIP_OWNER (MEMB_OWNER_ID,MEMB_FIRST_NAME,MEMB_LAST_NAME,MEMB_PHONE_NUMBER,MEMB_DATE_OF_BIRTH,MEMB_ADDRESS,MEMB_CITY,MEMB_ZIP_CODE,MEMB_STATE,MEMB_TYPE_ID,ZOO_ID) values (29,'Dylan','Johnstone',5072927496,to_timestamp('19-AUG-85 12.00.00.000000000 AM','DD-MON-RR HH.MI.SS.FF AM'),'38372 Aveeno Ave.','Minnetonka',55345,'MN',400,1001);
Insert into MEMBERSHIP_OWNER (MEMB_OWNER_ID,MEMB_FIRST_NAME,MEMB_LAST_NAME,MEMB_PHONE_NUMBER,MEMB_DATE_OF_BIRTH,MEMB_ADDRESS,MEMB_CITY,MEMB_ZIP_CODE,MEMB_STATE,MEMB_TYPE_ID,ZOO_ID) values (30,'Victor','Locksmith',6510294722,to_timestamp('05-MAR-67 12.00.00.000000000 AM','DD-MON-RR HH.MI.SS.FF AM'),'295 Victory Ln.','Minnetonka',55345,'MN',800,1002);
Insert into MEMBERSHIP_OWNER (MEMB_OWNER_ID,MEMB_FIRST_NAME,MEMB_LAST_NAME,MEMB_PHONE_NUMBER,MEMB_DATE_OF_BIRTH,MEMB_ADDRESS,MEMB_CITY,MEMB_ZIP_CODE,MEMB_STATE,MEMB_TYPE_ID,ZOO_ID) values (31,'Frank','Gloede',5079283834,to_timestamp('06-APR-71 12.00.00.000000000 AM','DD-MON-RR HH.MI.SS.FF AM'),'9387 River Rd.','Mankato',56001,'MN',600,1001);
Insert into MEMBERSHIP_OWNER (MEMB_OWNER_ID,MEMB_FIRST_NAME,MEMB_LAST_NAME,MEMB_PHONE_NUMBER,MEMB_DATE_OF_BIRTH,MEMB_ADDRESS,MEMB_CITY,MEMB_ZIP_CODE,MEMB_STATE,MEMB_TYPE_ID,ZOO_ID) values (32,'Barb','Rivers',6510123972,to_timestamp('14-FEB-73 12.00.00.000000000 AM','DD-MON-RR HH.MI.SS.FF AM'),'6434 National Blvd.','Maple Grove',55311,'MN',200,1000);
Insert into MEMBERSHIP_OWNER (MEMB_OWNER_ID,MEMB_FIRST_NAME,MEMB_LAST_NAME,MEMB_PHONE_NUMBER,MEMB_DATE_OF_BIRTH,MEMB_ADDRESS,MEMB_CITY,MEMB_ZIP_CODE,MEMB_STATE,MEMB_TYPE_ID,ZOO_ID) values (33,'Jacob','Heth',9529237282,to_timestamp('09-JUL-74 12.00.00.000000000 AM','DD-MON-RR HH.MI.SS.FF AM'),'4543 Palms Rd.','St. Paul',55103,'MN',700,1002);
Insert into MEMBERSHIP_OWNER (MEMB_OWNER_ID,MEMB_FIRST_NAME,MEMB_LAST_NAME,MEMB_PHONE_NUMBER,MEMB_DATE_OF_BIRTH,MEMB_ADDRESS,MEMB_CITY,MEMB_ZIP_CODE,MEMB_STATE,MEMB_TYPE_ID,ZOO_ID) values (34,'Kyle','Hardtke',5072927422,to_timestamp('24-MAY-85 12.00.00.000000000 AM','DD-MON-RR HH.MI.SS.FF AM'),'44398 Fan St.','Mankato',56001,'MN',300,1002);
Insert into MEMBERSHIP_OWNER (MEMB_OWNER_ID,MEMB_FIRST_NAME,MEMB_LAST_NAME,MEMB_PHONE_NUMBER,MEMB_DATE_OF_BIRTH,MEMB_ADDRESS,MEMB_CITY,MEMB_ZIP_CODE,MEMB_STATE,MEMB_TYPE_ID,ZOO_ID) values (35,'Preston','Nordstrom',5073937598,to_timestamp('26-OCT-83 12.00.00.000000000 AM','DD-MON-RR HH.MI.SS.FF AM'),'6799 Dove Dr.','Maple Grove',55311,'MN',1000,1001);
Insert into MEMBERSHIP_OWNER (MEMB_OWNER_ID,MEMB_FIRST_NAME,MEMB_LAST_NAME,MEMB_PHONE_NUMBER,MEMB_DATE_OF_BIRTH,MEMB_ADDRESS,MEMB_CITY,MEMB_ZIP_CODE,MEMB_STATE,MEMB_TYPE_ID,ZOO_ID) values (36,'Jenny','Richardson',9529343743,to_timestamp('11-FEB-71 12.00.00.000000000 AM','DD-MON-RR HH.MI.SS.FF AM'),'9887 St. Thomas Ln.','Winona',55987,'MN',100,1000);
Insert into MEMBERSHIP_OWNER (MEMB_OWNER_ID,MEMB_FIRST_NAME,MEMB_LAST_NAME,MEMB_PHONE_NUMBER,MEMB_DATE_OF_BIRTH,MEMB_ADDRESS,MEMB_CITY,MEMB_ZIP_CODE,MEMB_STATE,MEMB_TYPE_ID,ZOO_ID) values (37,'Becky','Adams',6519237341,to_timestamp('22-MAY-79 12.00.00.000000000 AM','DD-MON-RR HH.MI.SS.FF AM'),'2363 Freedom St.','Minnetonka',55345,'MN',800,1002);
Insert into MEMBERSHIP_OWNER (MEMB_OWNER_ID,MEMB_FIRST_NAME,MEMB_LAST_NAME,MEMB_PHONE_NUMBER,MEMB_DATE_OF_BIRTH,MEMB_ADDRESS,MEMB_CITY,MEMB_ZIP_CODE,MEMB_STATE,MEMB_TYPE_ID,ZOO_ID) values (38,'Benjamin','Erickson',5079283728,to_timestamp('04-FEB-69 12.00.00.000000000 AM','DD-MON-RR HH.MI.SS.FF AM'),'398 Stadium Blvd.','St. Paul',55103,'MN',500,1001);
Insert into MEMBERSHIP_OWNER (MEMB_OWNER_ID,MEMB_FIRST_NAME,MEMB_LAST_NAME,MEMB_PHONE_NUMBER,MEMB_DATE_OF_BIRTH,MEMB_ADDRESS,MEMB_CITY,MEMB_ZIP_CODE,MEMB_STATE,MEMB_TYPE_ID,ZOO_ID) values (39,'Sean','Board',5074689238,to_timestamp('12-DEC-89 12.00.00.000000000 AM','DD-MON-RR HH.MI.SS.FF AM'),'937 Light St.','Mankato',56001,'MN',600,1001);

---------------------------------------------------
--   END DATA FOR TABLE MEMBERSHIP_OWNER
---------------------------------------------------


---------------------------------------------------
--   DATA FOR TABLE MEMBERSHIP_TYPE
--   FILTER = none used
---------------------------------------------------
REM INSERTING into MEMBERSHIP_TYPE
Insert into MEMBERSHIP_TYPE (MEMB_TYPE_ID,MEMB_TYPE_TITLE,MEMB_TYPE_PRICE,MEMB_TYPE_DESCRIPTION) values (100,'Student Membership',30,'Benefits for one student, plus one guest with each visit.');
Insert into MEMBERSHIP_TYPE (MEMB_TYPE_ID,MEMB_TYPE_TITLE,MEMB_TYPE_PRICE,MEMB_TYPE_DESCRIPTION) values (200,'Senior Membership',35,'Benefits for one senior, plus one guest with each visit');
Insert into MEMBERSHIP_TYPE (MEMB_TYPE_ID,MEMB_TYPE_TITLE,MEMB_TYPE_PRICE,MEMB_TYPE_DESCRIPTION) values (300,'Individual Membership',40,'Benefits for one adult, plus one guest with each visit.');
Insert into MEMBERSHIP_TYPE (MEMB_TYPE_ID,MEMB_TYPE_TITLE,MEMB_TYPE_PRICE,MEMB_TYPE_DESCRIPTION) values (400,'Grandparent Membership',60,'Benefits for two seniors, plus all their grandchildren under 18 with each visit.');
Insert into MEMBERSHIP_TYPE (MEMB_TYPE_ID,MEMB_TYPE_TITLE,MEMB_TYPE_PRICE,MEMB_TYPE_DESCRIPTION) values (500,'Family Membership',85,'Benefits for two adults, plus all their children under 18 with each visit.');
Insert into MEMBERSHIP_TYPE (MEMB_TYPE_ID,MEMB_TYPE_TITLE,MEMB_TYPE_PRICE,MEMB_TYPE_DESCRIPTION) values (600,'Family Deluxe Membership',140,'Benefits for two adults, plus all their children under 18.  Also includes one guest with each visit.');
Insert into MEMBERSHIP_TYPE (MEMB_TYPE_ID,MEMB_TYPE_TITLE,MEMB_TYPE_PRICE,MEMB_TYPE_DESCRIPTION) values (700,'ZooKeepers Membership',155,'Benefits for two adults, plus all their children under 18.  Also includes 10% discount at Zoo gift shops.');
Insert into MEMBERSHIP_TYPE (MEMB_TYPE_ID,MEMB_TYPE_TITLE,MEMB_TYPE_PRICE,MEMB_TYPE_DESCRIPTION) values (800,'Naturalist Membership',180,'Benefits for two adults, plus all their children under 18.  Also includes 20% discount at Zoo gift shops along with 20% discount on food purchases.');
Insert into MEMBERSHIP_TYPE (MEMB_TYPE_ID,MEMB_TYPE_TITLE,MEMB_TYPE_PRICE,MEMB_TYPE_DESCRIPTION) values (900,'Explorer Membership',200,'Benefits for two adults, plus all their children under 18.  Includes 20% discount at Zoo gift shops along with 20% discount on food purchases.  Also free unlimited parking.');
Insert into MEMBERSHIP_TYPE (MEMB_TYPE_ID,MEMB_TYPE_TITLE,MEMB_TYPE_PRICE,MEMB_TYPE_DESCRIPTION) values (1000,'Zoologist Membership',235,'Benefits for four adults, plus all their children under 18.  Includes 20% discount at Zoo gift shops along with 20% discount on food purchases.  Also free unlimited parking.');

---------------------------------------------------
--   END DATA FOR TABLE MEMBERSHIP_TYPE
---------------------------------------------------


---------------------------------------------------
--   DATA FOR TABLE OFFICE
--   FILTER = none used
---------------------------------------------------
REM INSERTING into OFFICE
Insert into OFFICE (OFFICE_ID,OFFICE_PHONE_NUMBER,OFFICE_BUILDING) values (220,6515552542,'Administration');
Insert into OFFICE (OFFICE_ID,OFFICE_PHONE_NUMBER,OFFICE_BUILDING) values (213,6515550345,'Administration');
Insert into OFFICE (OFFICE_ID,OFFICE_PHONE_NUMBER,OFFICE_BUILDING) values (135,6515559346,'Research Center');
Insert into OFFICE (OFFICE_ID,OFFICE_PHONE_NUMBER,OFFICE_BUILDING) values (105,9525551373,'Main Office');
Insert into OFFICE (OFFICE_ID,OFFICE_PHONE_NUMBER,OFFICE_BUILDING) values (109,6515554966,'Administration');
Insert into OFFICE (OFFICE_ID,OFFICE_PHONE_NUMBER,OFFICE_BUILDING) values (106,9525557525,'Aquatic Research');
Insert into OFFICE (OFFICE_ID,OFFICE_PHONE_NUMBER,OFFICE_BUILDING) values (108,9525555235,'Aquatic Research');
Insert into OFFICE (OFFICE_ID,OFFICE_PHONE_NUMBER,OFFICE_BUILDING) values (207,6515555213,'Administration');
Insert into OFFICE (OFFICE_ID,OFFICE_PHONE_NUMBER,OFFICE_BUILDING) values (205,9525550825,'Main Office');
Insert into OFFICE (OFFICE_ID,OFFICE_PHONE_NUMBER,OFFICE_BUILDING) values (203,9525557234,'Main Office');
Insert into OFFICE (OFFICE_ID,OFFICE_PHONE_NUMBER,OFFICE_BUILDING) values (215,9525551953,'Administration');
Insert into OFFICE (OFFICE_ID,OFFICE_PHONE_NUMBER,OFFICE_BUILDING) values (209,9525552396,'Inner Zoo Research Facility');
Insert into OFFICE (OFFICE_ID,OFFICE_PHONE_NUMBER,OFFICE_BUILDING) values (315,9525554783,'Main Office');
Insert into OFFICE (OFFICE_ID,OFFICE_PHONE_NUMBER,OFFICE_BUILDING) values (307,9525559688,'Inner Zoo Research Facility');
Insert into OFFICE (OFFICE_ID,OFFICE_PHONE_NUMBER,OFFICE_BUILDING) values (302,9525552787,'Inner Zoo Research Facility');
Insert into OFFICE (OFFICE_ID,OFFICE_PHONE_NUMBER,OFFICE_BUILDING) values (217,6515552347,'Research Center');
Insert into OFFICE (OFFICE_ID,OFFICE_PHONE_NUMBER,OFFICE_BUILDING) values (327,6515554876,'Research Center');
Insert into OFFICE (OFFICE_ID,OFFICE_PHONE_NUMBER,OFFICE_BUILDING) values (304,6515559648,'Research Center');
Insert into OFFICE (OFFICE_ID,OFFICE_PHONE_NUMBER,OFFICE_BUILDING) values (218,9525557635,'Aquatic Research');

---------------------------------------------------
--   END DATA FOR TABLE OFFICE
---------------------------------------------------


---------------------------------------------------
--   DATA FOR TABLE PAYMENT
--   FILTER = none used
---------------------------------------------------
REM INSERTING into PAYMENT
Insert into PAYMENT (PAY_ID,PAY_TYPE,PAY_CREDIT_CARD_NUMBER,PAY_EXPIRATION_DATE,PAY_CREDIT_CARD_TYPE,PAY_AMOUNT,PAY_CHECK_NUMBER) values (10170,'Check',null,null,null,793,780);
Insert into PAYMENT (PAY_ID,PAY_TYPE,PAY_CREDIT_CARD_NUMBER,PAY_EXPIRATION_DATE,PAY_CREDIT_CARD_TYPE,PAY_AMOUNT,PAY_CHECK_NUMBER) values (10234,'Check',null,null,null,415,811);
Insert into PAYMENT (PAY_ID,PAY_TYPE,PAY_CREDIT_CARD_NUMBER,PAY_EXPIRATION_DATE,PAY_CREDIT_CARD_TYPE,PAY_AMOUNT,PAY_CHECK_NUMBER) values (10298,'Credit Card',6629269322651600,to_timestamp('01-SEP-12 12.00.00.000000000 AM','DD-MON-RR HH.MI.SS.FF AM'),'American Express',371,null);
Insert into PAYMENT (PAY_ID,PAY_TYPE,PAY_CREDIT_CARD_NUMBER,PAY_EXPIRATION_DATE,PAY_CREDIT_CARD_TYPE,PAY_AMOUNT,PAY_CHECK_NUMBER) values (10362,'Credit Card',1979970464361280,to_timestamp('01-APR-11 12.00.00.000000000 AM','DD-MON-RR HH.MI.SS.FF AM'),'Visa',316,null);
Insert into PAYMENT (PAY_ID,PAY_TYPE,PAY_CREDIT_CARD_NUMBER,PAY_EXPIRATION_DATE,PAY_CREDIT_CARD_TYPE,PAY_AMOUNT,PAY_CHECK_NUMBER) values (10426,'Credit Card',4948609983483460,to_timestamp('01-MAY-11 12.00.00.000000000 AM','DD-MON-RR HH.MI.SS.FF AM'),null,781,null);
Insert into PAYMENT (PAY_ID,PAY_TYPE,PAY_CREDIT_CARD_NUMBER,PAY_EXPIRATION_DATE,PAY_CREDIT_CARD_TYPE,PAY_AMOUNT,PAY_CHECK_NUMBER) values (10490,'Check',null,null,null,822,893);
Insert into PAYMENT (PAY_ID,PAY_TYPE,PAY_CREDIT_CARD_NUMBER,PAY_EXPIRATION_DATE,PAY_CREDIT_CARD_TYPE,PAY_AMOUNT,PAY_CHECK_NUMBER) values (10554,'Credit Card',4970172663664400,to_timestamp('01-MAY-12 12.00.00.000000000 AM','DD-MON-RR HH.MI.SS.FF AM'),'Visa',99,null);
Insert into PAYMENT (PAY_ID,PAY_TYPE,PAY_CREDIT_CARD_NUMBER,PAY_EXPIRATION_DATE,PAY_CREDIT_CARD_TYPE,PAY_AMOUNT,PAY_CHECK_NUMBER) values (10618,'Credit Card',8630320140226280,to_timestamp('01-JAN-12 12.00.00.000000000 AM','DD-MON-RR HH.MI.SS.FF AM'),'Visa',97,null);
Insert into PAYMENT (PAY_ID,PAY_TYPE,PAY_CREDIT_CARD_NUMBER,PAY_EXPIRATION_DATE,PAY_CREDIT_CARD_TYPE,PAY_AMOUNT,PAY_CHECK_NUMBER) values (10682,'Check',null,null,null,651,135);
Insert into PAYMENT (PAY_ID,PAY_TYPE,PAY_CREDIT_CARD_NUMBER,PAY_EXPIRATION_DATE,PAY_CREDIT_CARD_TYPE,PAY_AMOUNT,PAY_CHECK_NUMBER) values (10746,'Check',null,null,null,50,876);
Insert into PAYMENT (PAY_ID,PAY_TYPE,PAY_CREDIT_CARD_NUMBER,PAY_EXPIRATION_DATE,PAY_CREDIT_CARD_TYPE,PAY_AMOUNT,PAY_CHECK_NUMBER) values (10810,'Credit Card',8580149039897600,to_timestamp('01-JUL-11 12.00.00.000000000 AM','DD-MON-RR HH.MI.SS.FF AM'),'Visa',493,null);
Insert into PAYMENT (PAY_ID,PAY_TYPE,PAY_CREDIT_CARD_NUMBER,PAY_EXPIRATION_DATE,PAY_CREDIT_CARD_TYPE,PAY_AMOUNT,PAY_CHECK_NUMBER) values (10874,'Check',null,null,null,796,715);
Insert into PAYMENT (PAY_ID,PAY_TYPE,PAY_CREDIT_CARD_NUMBER,PAY_EXPIRATION_DATE,PAY_CREDIT_CARD_TYPE,PAY_AMOUNT,PAY_CHECK_NUMBER) values (10938,'Credit Card',7320789461920900,to_timestamp('01-FEB-11 12.00.00.000000000 AM','DD-MON-RR HH.MI.SS.FF AM'),'MasterCard',25,null);
Insert into PAYMENT (PAY_ID,PAY_TYPE,PAY_CREDIT_CARD_NUMBER,PAY_EXPIRATION_DATE,PAY_CREDIT_CARD_TYPE,PAY_AMOUNT,PAY_CHECK_NUMBER) values (11002,'Check',null,null,null,711,764);
Insert into PAYMENT (PAY_ID,PAY_TYPE,PAY_CREDIT_CARD_NUMBER,PAY_EXPIRATION_DATE,PAY_CREDIT_CARD_TYPE,PAY_AMOUNT,PAY_CHECK_NUMBER) values (11066,'Credit Card',2398837185870700,to_timestamp('01-APR-13 12.00.00.000000000 AM','DD-MON-RR HH.MI.SS.FF AM'),'Visa',900,null);
Insert into PAYMENT (PAY_ID,PAY_TYPE,PAY_CREDIT_CARD_NUMBER,PAY_EXPIRATION_DATE,PAY_CREDIT_CARD_TYPE,PAY_AMOUNT,PAY_CHECK_NUMBER) values (11130,'Credit Card',4636394639674530,to_timestamp('01-NOV-11 12.00.00.000000000 AM','DD-MON-RR HH.MI.SS.FF AM'),'Visa',800,null);
Insert into PAYMENT (PAY_ID,PAY_TYPE,PAY_CREDIT_CARD_NUMBER,PAY_EXPIRATION_DATE,PAY_CREDIT_CARD_TYPE,PAY_AMOUNT,PAY_CHECK_NUMBER) values (11194,'Check',null,null,null,378,180);
Insert into PAYMENT (PAY_ID,PAY_TYPE,PAY_CREDIT_CARD_NUMBER,PAY_EXPIRATION_DATE,PAY_CREDIT_CARD_TYPE,PAY_AMOUNT,PAY_CHECK_NUMBER) values (11258,'Credit Card',4007074710661450,to_timestamp('01-SEP-12 12.00.00.000000000 AM','DD-MON-RR HH.MI.SS.FF AM'),'MasterCard',321,null);
Insert into PAYMENT (PAY_ID,PAY_TYPE,PAY_CREDIT_CARD_NUMBER,PAY_EXPIRATION_DATE,PAY_CREDIT_CARD_TYPE,PAY_AMOUNT,PAY_CHECK_NUMBER) values (11322,'Check',null,null,null,99,830);
Insert into PAYMENT (PAY_ID,PAY_TYPE,PAY_CREDIT_CARD_NUMBER,PAY_EXPIRATION_DATE,PAY_CREDIT_CARD_TYPE,PAY_AMOUNT,PAY_CHECK_NUMBER) values (11386,'Check',null,null,null,20,638);
Insert into PAYMENT (PAY_ID,PAY_TYPE,PAY_CREDIT_CARD_NUMBER,PAY_EXPIRATION_DATE,PAY_CREDIT_CARD_TYPE,PAY_AMOUNT,PAY_CHECK_NUMBER) values (11450,'Check',null,null,null,33,460);
Insert into PAYMENT (PAY_ID,PAY_TYPE,PAY_CREDIT_CARD_NUMBER,PAY_EXPIRATION_DATE,PAY_CREDIT_CARD_TYPE,PAY_AMOUNT,PAY_CHECK_NUMBER) values (11514,'Credit Card',5918709067334070,to_timestamp('01-JUL-11 12.00.00.000000000 AM','DD-MON-RR HH.MI.SS.FF AM'),'MasterCard',616,null);
Insert into PAYMENT (PAY_ID,PAY_TYPE,PAY_CREDIT_CARD_NUMBER,PAY_EXPIRATION_DATE,PAY_CREDIT_CARD_TYPE,PAY_AMOUNT,PAY_CHECK_NUMBER) values (11578,'Credit Card',9088382525433510,to_timestamp('01-OCT-12 12.00.00.000000000 AM','DD-MON-RR HH.MI.SS.FF AM'),'Discover',318,null);
Insert into PAYMENT (PAY_ID,PAY_TYPE,PAY_CREDIT_CARD_NUMBER,PAY_EXPIRATION_DATE,PAY_CREDIT_CARD_TYPE,PAY_AMOUNT,PAY_CHECK_NUMBER) values (11642,'Check',null,null,null,350,953);
Insert into PAYMENT (PAY_ID,PAY_TYPE,PAY_CREDIT_CARD_NUMBER,PAY_EXPIRATION_DATE,PAY_CREDIT_CARD_TYPE,PAY_AMOUNT,PAY_CHECK_NUMBER) values (11706,'Check',null,null,null,823,487);
Insert into PAYMENT (PAY_ID,PAY_TYPE,PAY_CREDIT_CARD_NUMBER,PAY_EXPIRATION_DATE,PAY_CREDIT_CARD_TYPE,PAY_AMOUNT,PAY_CHECK_NUMBER) values (11770,'Credit Card',6354326882373130,to_timestamp('01-JUN-11 12.00.00.000000000 AM','DD-MON-RR HH.MI.SS.FF AM'),'Visa',237,null);
Insert into PAYMENT (PAY_ID,PAY_TYPE,PAY_CREDIT_CARD_NUMBER,PAY_EXPIRATION_DATE,PAY_CREDIT_CARD_TYPE,PAY_AMOUNT,PAY_CHECK_NUMBER) values (11834,'Credit Card',4935033783983360,to_timestamp('01-DEC-12 12.00.00.000000000 AM','DD-MON-RR HH.MI.SS.FF AM'),'MasterCard',392,null);
Insert into PAYMENT (PAY_ID,PAY_TYPE,PAY_CREDIT_CARD_NUMBER,PAY_EXPIRATION_DATE,PAY_CREDIT_CARD_TYPE,PAY_AMOUNT,PAY_CHECK_NUMBER) values (11898,'Check',null,null,null,708,227);
Insert into PAYMENT (PAY_ID,PAY_TYPE,PAY_CREDIT_CARD_NUMBER,PAY_EXPIRATION_DATE,PAY_CREDIT_CARD_TYPE,PAY_AMOUNT,PAY_CHECK_NUMBER) values (11962,'Credit Card',3864422306682340,to_timestamp('01-MAR-11 12.00.00.000000000 AM','DD-MON-RR HH.MI.SS.FF AM'),'Visa',690,null);
Insert into PAYMENT (PAY_ID,PAY_TYPE,PAY_CREDIT_CARD_NUMBER,PAY_EXPIRATION_DATE,PAY_CREDIT_CARD_TYPE,PAY_AMOUNT,PAY_CHECK_NUMBER) values (12026,'Credit Card',8003815527438050,to_timestamp('01-MAY-11 12.00.00.000000000 AM','DD-MON-RR HH.MI.SS.FF AM'),'MasterCard',827,null);
Insert into PAYMENT (PAY_ID,PAY_TYPE,PAY_CREDIT_CARD_NUMBER,PAY_EXPIRATION_DATE,PAY_CREDIT_CARD_TYPE,PAY_AMOUNT,PAY_CHECK_NUMBER) values (12090,'Check',null,null,null,416,712);
Insert into PAYMENT (PAY_ID,PAY_TYPE,PAY_CREDIT_CARD_NUMBER,PAY_EXPIRATION_DATE,PAY_CREDIT_CARD_TYPE,PAY_AMOUNT,PAY_CHECK_NUMBER) values (12154,'Credit Card',6079659746893240,to_timestamp('01-APR-13 12.00.00.000000000 AM','DD-MON-RR HH.MI.SS.FF AM'),'MasterCard',449,null);
Insert into PAYMENT (PAY_ID,PAY_TYPE,PAY_CREDIT_CARD_NUMBER,PAY_EXPIRATION_DATE,PAY_CREDIT_CARD_TYPE,PAY_AMOUNT,PAY_CHECK_NUMBER) values (12218,'Check',null,null,null,131,550);
Insert into PAYMENT (PAY_ID,PAY_TYPE,PAY_CREDIT_CARD_NUMBER,PAY_EXPIRATION_DATE,PAY_CREDIT_CARD_TYPE,PAY_AMOUNT,PAY_CHECK_NUMBER) values (12282,'Credit Card',2420979402662580,to_timestamp('01-JUL-12 12.00.00.000000000 AM','DD-MON-RR HH.MI.SS.FF AM'),'American Express',353,null);
Insert into PAYMENT (PAY_ID,PAY_TYPE,PAY_CREDIT_CARD_NUMBER,PAY_EXPIRATION_DATE,PAY_CREDIT_CARD_TYPE,PAY_AMOUNT,PAY_CHECK_NUMBER) values (12346,'Check',null,null,null,882,198);
Insert into PAYMENT (PAY_ID,PAY_TYPE,PAY_CREDIT_CARD_NUMBER,PAY_EXPIRATION_DATE,PAY_CREDIT_CARD_TYPE,PAY_AMOUNT,PAY_CHECK_NUMBER) values (12410,'Check',null,null,null,30,943);
Insert into PAYMENT (PAY_ID,PAY_TYPE,PAY_CREDIT_CARD_NUMBER,PAY_EXPIRATION_DATE,PAY_CREDIT_CARD_TYPE,PAY_AMOUNT,PAY_CHECK_NUMBER) values (12474,'Check',null,null,null,66,581);
Insert into PAYMENT (PAY_ID,PAY_TYPE,PAY_CREDIT_CARD_NUMBER,PAY_EXPIRATION_DATE,PAY_CREDIT_CARD_TYPE,PAY_AMOUNT,PAY_CHECK_NUMBER) values (12538,'Check',null,null,null,849,344);
Insert into PAYMENT (PAY_ID,PAY_TYPE,PAY_CREDIT_CARD_NUMBER,PAY_EXPIRATION_DATE,PAY_CREDIT_CARD_TYPE,PAY_AMOUNT,PAY_CHECK_NUMBER) values (12602,'Credit Card',6129297858629600,to_timestamp('01-JUN-11 12.00.00.000000000 AM','DD-MON-RR HH.MI.SS.FF AM'),'MasterCard',885,null);
Insert into PAYMENT (PAY_ID,PAY_TYPE,PAY_CREDIT_CARD_NUMBER,PAY_EXPIRATION_DATE,PAY_CREDIT_CARD_TYPE,PAY_AMOUNT,PAY_CHECK_NUMBER) values (31150,'Credit Card',6033144090441390,to_timestamp('01-JUL-11 12.00.00.000000000 AM','DD-MON-RR HH.MI.SS.FF AM'),'Visa',5000,null);
Insert into PAYMENT (PAY_ID,PAY_TYPE,PAY_CREDIT_CARD_NUMBER,PAY_EXPIRATION_DATE,PAY_CREDIT_CARD_TYPE,PAY_AMOUNT,PAY_CHECK_NUMBER) values (31233,'Credit Card',1677255450295960,to_timestamp('01-MAR-12 12.00.00.000000000 AM','DD-MON-RR HH.MI.SS.FF AM'),'Visa',4500,null);
Insert into PAYMENT (PAY_ID,PAY_TYPE,PAY_CREDIT_CARD_NUMBER,PAY_EXPIRATION_DATE,PAY_CREDIT_CARD_TYPE,PAY_AMOUNT,PAY_CHECK_NUMBER) values (31316,'Credit Card',8153673775683800,to_timestamp('01-JUN-12 12.00.00.000000000 AM','DD-MON-RR HH.MI.SS.FF AM'),'American Express',14000,null);
Insert into PAYMENT (PAY_ID,PAY_TYPE,PAY_CREDIT_CARD_NUMBER,PAY_EXPIRATION_DATE,PAY_CREDIT_CARD_TYPE,PAY_AMOUNT,PAY_CHECK_NUMBER) values (31399,'Credit Card',1484441484494730,to_timestamp('01-MAR-12 12.00.00.000000000 AM','DD-MON-RR HH.MI.SS.FF AM'),'Visa',2500,null);
Insert into PAYMENT (PAY_ID,PAY_TYPE,PAY_CREDIT_CARD_NUMBER,PAY_EXPIRATION_DATE,PAY_CREDIT_CARD_TYPE,PAY_AMOUNT,PAY_CHECK_NUMBER) values (31482,'Credit Card',5229362248663300,to_timestamp('01-OCT-10 12.00.00.000000000 AM','DD-MON-RR HH.MI.SS.FF AM'),'MasterCard',2000,null);
Insert into PAYMENT (PAY_ID,PAY_TYPE,PAY_CREDIT_CARD_NUMBER,PAY_EXPIRATION_DATE,PAY_CREDIT_CARD_TYPE,PAY_AMOUNT,PAY_CHECK_NUMBER) values (31565,'Credit Card',3422214364251320,to_timestamp('01-DEC-10 12.00.00.000000000 AM','DD-MON-RR HH.MI.SS.FF AM'),'Visa',2350,null);
Insert into PAYMENT (PAY_ID,PAY_TYPE,PAY_CREDIT_CARD_NUMBER,PAY_EXPIRATION_DATE,PAY_CREDIT_CARD_TYPE,PAY_AMOUNT,PAY_CHECK_NUMBER) values (31648,'Credit Card',8653917914592240,to_timestamp('01-JUL-12 12.00.00.000000000 AM','DD-MON-RR HH.MI.SS.FF AM'),'Visa',3500,null);
Insert into PAYMENT (PAY_ID,PAY_TYPE,PAY_CREDIT_CARD_NUMBER,PAY_EXPIRATION_DATE,PAY_CREDIT_CARD_TYPE,PAY_AMOUNT,PAY_CHECK_NUMBER) values (31731,'Credit Card',9806735512452550,to_timestamp('01-APR-11 12.00.00.000000000 AM','DD-MON-RR HH.MI.SS.FF AM'),'MasterCard',17500,null);
Insert into PAYMENT (PAY_ID,PAY_TYPE,PAY_CREDIT_CARD_NUMBER,PAY_EXPIRATION_DATE,PAY_CREDIT_CARD_TYPE,PAY_AMOUNT,PAY_CHECK_NUMBER) values (31814,'Credit Card',2470515233822760,to_timestamp('01-AUG-11 12.00.00.000000000 AM','DD-MON-RR HH.MI.SS.FF AM'),'Visa',3500,null);
Insert into PAYMENT (PAY_ID,PAY_TYPE,PAY_CREDIT_CARD_NUMBER,PAY_EXPIRATION_DATE,PAY_CREDIT_CARD_TYPE,PAY_AMOUNT,PAY_CHECK_NUMBER) values (31897,'Credit Card',2429519152271640,to_timestamp('01-MAR-11 12.00.00.000000000 AM','DD-MON-RR HH.MI.SS.FF AM'),'Visa',1750,null);
Insert into PAYMENT (PAY_ID,PAY_TYPE,PAY_CREDIT_CARD_NUMBER,PAY_EXPIRATION_DATE,PAY_CREDIT_CARD_TYPE,PAY_AMOUNT,PAY_CHECK_NUMBER) values (31980,'Credit Card',3328733462820950,to_timestamp('01-MAY-13 12.00.00.000000000 AM','DD-MON-RR HH.MI.SS.FF AM'),'American Express',3200,null);
Insert into PAYMENT (PAY_ID,PAY_TYPE,PAY_CREDIT_CARD_NUMBER,PAY_EXPIRATION_DATE,PAY_CREDIT_CARD_TYPE,PAY_AMOUNT,PAY_CHECK_NUMBER) values (32063,'Credit Card',7183526938314490,to_timestamp('01-JUL-12 12.00.00.000000000 AM','DD-MON-RR HH.MI.SS.FF AM'),'Visa',7100,null);
Insert into PAYMENT (PAY_ID,PAY_TYPE,PAY_CREDIT_CARD_NUMBER,PAY_EXPIRATION_DATE,PAY_CREDIT_CARD_TYPE,PAY_AMOUNT,PAY_CHECK_NUMBER) values (32146,'Credit Card',7828658912424540,to_timestamp('01-JUL-12 12.00.00.000000000 AM','DD-MON-RR HH.MI.SS.FF AM'),'Discover',7950,null);
Insert into PAYMENT (PAY_ID,PAY_TYPE,PAY_CREDIT_CARD_NUMBER,PAY_EXPIRATION_DATE,PAY_CREDIT_CARD_TYPE,PAY_AMOUNT,PAY_CHECK_NUMBER) values (32229,'Credit Card',2741650035319790,to_timestamp('01-MAY-11 12.00.00.000000000 AM','DD-MON-RR HH.MI.SS.FF AM'),'Visa',6500,null);
Insert into PAYMENT (PAY_ID,PAY_TYPE,PAY_CREDIT_CARD_NUMBER,PAY_EXPIRATION_DATE,PAY_CREDIT_CARD_TYPE,PAY_AMOUNT,PAY_CHECK_NUMBER) values (32312,'Credit Card',7119072291591720,to_timestamp('01-OCT-11 12.00.00.000000000 AM','DD-MON-RR HH.MI.SS.FF AM'),'Discover',8600,null);
Insert into PAYMENT (PAY_ID,PAY_TYPE,PAY_CREDIT_CARD_NUMBER,PAY_EXPIRATION_DATE,PAY_CREDIT_CARD_TYPE,PAY_AMOUNT,PAY_CHECK_NUMBER) values (32395,'Credit Card',3181231848572840,to_timestamp('01-NOV-11 12.00.00.000000000 AM','DD-MON-RR HH.MI.SS.FF AM'),'MasterCard',18000,null);
Insert into PAYMENT (PAY_ID,PAY_TYPE,PAY_CREDIT_CARD_NUMBER,PAY_EXPIRATION_DATE,PAY_CREDIT_CARD_TYPE,PAY_AMOUNT,PAY_CHECK_NUMBER) values (32478,'Check',null,null,null,2000,444);
Insert into PAYMENT (PAY_ID,PAY_TYPE,PAY_CREDIT_CARD_NUMBER,PAY_EXPIRATION_DATE,PAY_CREDIT_CARD_TYPE,PAY_AMOUNT,PAY_CHECK_NUMBER) values (32561,'Credit Card',8476185254846600,to_timestamp('01-APR-12 12.00.00.000000000 AM','DD-MON-RR HH.MI.SS.FF AM'),'MasterCard',6400,null);
Insert into PAYMENT (PAY_ID,PAY_TYPE,PAY_CREDIT_CARD_NUMBER,PAY_EXPIRATION_DATE,PAY_CREDIT_CARD_TYPE,PAY_AMOUNT,PAY_CHECK_NUMBER) values (32644,'Credit Card',2427781322166520,to_timestamp('01-FEB-11 12.00.00.000000000 AM','DD-MON-RR HH.MI.SS.FF AM'),'Visa',2700,null);
Insert into PAYMENT (PAY_ID,PAY_TYPE,PAY_CREDIT_CARD_NUMBER,PAY_EXPIRATION_DATE,PAY_CREDIT_CARD_TYPE,PAY_AMOUNT,PAY_CHECK_NUMBER) values (32727,'Credit Card',3970985656969310,to_timestamp('01-DEC-10 12.00.00.000000000 AM','DD-MON-RR HH.MI.SS.FF AM'),'MasterCard',2500,null);
Insert into PAYMENT (PAY_ID,PAY_TYPE,PAY_CREDIT_CARD_NUMBER,PAY_EXPIRATION_DATE,PAY_CREDIT_CARD_TYPE,PAY_AMOUNT,PAY_CHECK_NUMBER) values (32810,'Credit Card',8679706491849130,to_timestamp('01-SEP-12 12.00.00.000000000 AM','DD-MON-RR HH.MI.SS.FF AM'),'Visa',7500,null);
Insert into PAYMENT (PAY_ID,PAY_TYPE,PAY_CREDIT_CARD_NUMBER,PAY_EXPIRATION_DATE,PAY_CREDIT_CARD_TYPE,PAY_AMOUNT,PAY_CHECK_NUMBER) values (32893,'Credit Card',8838735786413340,to_timestamp('01-JUN-11 12.00.00.000000000 AM','DD-MON-RR HH.MI.SS.FF AM'),'Visa',14000,null);
Insert into PAYMENT (PAY_ID,PAY_TYPE,PAY_CREDIT_CARD_NUMBER,PAY_EXPIRATION_DATE,PAY_CREDIT_CARD_TYPE,PAY_AMOUNT,PAY_CHECK_NUMBER) values (32976,'Credit Card',1714166668087420,to_timestamp('01-AUG-11 12.00.00.000000000 AM','DD-MON-RR HH.MI.SS.FF AM'),'American Express',12500,null);
Insert into PAYMENT (PAY_ID,PAY_TYPE,PAY_CREDIT_CARD_NUMBER,PAY_EXPIRATION_DATE,PAY_CREDIT_CARD_TYPE,PAY_AMOUNT,PAY_CHECK_NUMBER) values (33059,'Credit Card',5142927845343960,to_timestamp('01-APR-13 12.00.00.000000000 AM','DD-MON-RR HH.MI.SS.FF AM'),'Visa',16400,null);
Insert into PAYMENT (PAY_ID,PAY_TYPE,PAY_CREDIT_CARD_NUMBER,PAY_EXPIRATION_DATE,PAY_CREDIT_CARD_TYPE,PAY_AMOUNT,PAY_CHECK_NUMBER) values (33142,'Credit Card',1860401798891750,to_timestamp('01-MAY-11 12.00.00.000000000 AM','DD-MON-RR HH.MI.SS.FF AM'),'Discover',22500,null);
Insert into PAYMENT (PAY_ID,PAY_TYPE,PAY_CREDIT_CARD_NUMBER,PAY_EXPIRATION_DATE,PAY_CREDIT_CARD_TYPE,PAY_AMOUNT,PAY_CHECK_NUMBER) values (61150,'Credit Card',2306669833813130,to_timestamp('01-APR-10 12.00.00.000000000 AM','DD-MON-RR HH.MI.SS.FF AM'),'Visa',450,null);
Insert into PAYMENT (PAY_ID,PAY_TYPE,PAY_CREDIT_CARD_NUMBER,PAY_EXPIRATION_DATE,PAY_CREDIT_CARD_TYPE,PAY_AMOUNT,PAY_CHECK_NUMBER) values (61213,'Check',null,null,null,675,505);
Insert into PAYMENT (PAY_ID,PAY_TYPE,PAY_CREDIT_CARD_NUMBER,PAY_EXPIRATION_DATE,PAY_CREDIT_CARD_TYPE,PAY_AMOUNT,PAY_CHECK_NUMBER) values (61276,'Credit Card',6590029138027170,to_timestamp('01-JAN-10 12.00.00.000000000 AM','DD-MON-RR HH.MI.SS.FF AM'),'Visa',150,null);
Insert into PAYMENT (PAY_ID,PAY_TYPE,PAY_CREDIT_CARD_NUMBER,PAY_EXPIRATION_DATE,PAY_CREDIT_CARD_TYPE,PAY_AMOUNT,PAY_CHECK_NUMBER) values (61339,'Credit Card',5610040604049280,to_timestamp('01-MAR-10 12.00.00.000000000 AM','DD-MON-RR HH.MI.SS.FF AM'),'MasterCard',225,null);
Insert into PAYMENT (PAY_ID,PAY_TYPE,PAY_CREDIT_CARD_NUMBER,PAY_EXPIRATION_DATE,PAY_CREDIT_CARD_TYPE,PAY_AMOUNT,PAY_CHECK_NUMBER) values (61402,'Check',null,null,null,175,202);
Insert into PAYMENT (PAY_ID,PAY_TYPE,PAY_CREDIT_CARD_NUMBER,PAY_EXPIRATION_DATE,PAY_CREDIT_CARD_TYPE,PAY_AMOUNT,PAY_CHECK_NUMBER) values (61465,'Credit Card',9663146736525500,to_timestamp('01-APR-12 12.00.00.000000000 AM','DD-MON-RR HH.MI.SS.FF AM'),'American Express',275,null);
Insert into PAYMENT (PAY_ID,PAY_TYPE,PAY_CREDIT_CARD_NUMBER,PAY_EXPIRATION_DATE,PAY_CREDIT_CARD_TYPE,PAY_AMOUNT,PAY_CHECK_NUMBER) values (61528,'Credit Card',7759513014964230,to_timestamp('01-SEP-12 12.00.00.000000000 AM','DD-MON-RR HH.MI.SS.FF AM'),'Visa',400,null);
Insert into PAYMENT (PAY_ID,PAY_TYPE,PAY_CREDIT_CARD_NUMBER,PAY_EXPIRATION_DATE,PAY_CREDIT_CARD_TYPE,PAY_AMOUNT,PAY_CHECK_NUMBER) values (61591,'Credit Card',9412420493765620,to_timestamp('01-JUL-11 12.00.00.000000000 AM','DD-MON-RR HH.MI.SS.FF AM'),'Visa',175,null);
Insert into PAYMENT (PAY_ID,PAY_TYPE,PAY_CREDIT_CARD_NUMBER,PAY_EXPIRATION_DATE,PAY_CREDIT_CARD_TYPE,PAY_AMOUNT,PAY_CHECK_NUMBER) values (61654,'Credit Card',5098052121127150,to_timestamp('01-DEC-11 12.00.00.000000000 AM','DD-MON-RR HH.MI.SS.FF AM'),'MasterCard',650,null);
Insert into PAYMENT (PAY_ID,PAY_TYPE,PAY_CREDIT_CARD_NUMBER,PAY_EXPIRATION_DATE,PAY_CREDIT_CARD_TYPE,PAY_AMOUNT,PAY_CHECK_NUMBER) values (61717,'Check',null,null,null,325,384);
Insert into PAYMENT (PAY_ID,PAY_TYPE,PAY_CREDIT_CARD_NUMBER,PAY_EXPIRATION_DATE,PAY_CREDIT_CARD_TYPE,PAY_AMOUNT,PAY_CHECK_NUMBER) values (61780,'Credit Card',2039706035516900,to_timestamp('01-AUG-10 12.00.00.000000000 AM','DD-MON-RR HH.MI.SS.FF AM'),'Visa',400,null);
Insert into PAYMENT (PAY_ID,PAY_TYPE,PAY_CREDIT_CARD_NUMBER,PAY_EXPIRATION_DATE,PAY_CREDIT_CARD_TYPE,PAY_AMOUNT,PAY_CHECK_NUMBER) values (61843,'Check',null,null,null,225,530);
Insert into PAYMENT (PAY_ID,PAY_TYPE,PAY_CREDIT_CARD_NUMBER,PAY_EXPIRATION_DATE,PAY_CREDIT_CARD_TYPE,PAY_AMOUNT,PAY_CHECK_NUMBER) values (61906,'Credit Card',2408107325322100,to_timestamp('01-NOV-12 12.00.00.000000000 AM','DD-MON-RR HH.MI.SS.FF AM'),'American Express',465,null);
Insert into PAYMENT (PAY_ID,PAY_TYPE,PAY_CREDIT_CARD_NUMBER,PAY_EXPIRATION_DATE,PAY_CREDIT_CARD_TYPE,PAY_AMOUNT,PAY_CHECK_NUMBER) values (61969,'Credit Card',9311144557533590,to_timestamp('01-AUG-11 12.00.00.000000000 AM','DD-MON-RR HH.MI.SS.FF AM'),'Visa',595,null);
Insert into PAYMENT (PAY_ID,PAY_TYPE,PAY_CREDIT_CARD_NUMBER,PAY_EXPIRATION_DATE,PAY_CREDIT_CARD_TYPE,PAY_AMOUNT,PAY_CHECK_NUMBER) values (62032,'Check',null,null,null,175,298);
Insert into PAYMENT (PAY_ID,PAY_TYPE,PAY_CREDIT_CARD_NUMBER,PAY_EXPIRATION_DATE,PAY_CREDIT_CARD_TYPE,PAY_AMOUNT,PAY_CHECK_NUMBER) values (62095,'Check',null,null,null,200,356);
Insert into PAYMENT (PAY_ID,PAY_TYPE,PAY_CREDIT_CARD_NUMBER,PAY_EXPIRATION_DATE,PAY_CREDIT_CARD_TYPE,PAY_AMOUNT,PAY_CHECK_NUMBER) values (62158,'Credit Card',5025438406698410,to_timestamp('01-MAY-10 12.00.00.000000000 AM','DD-MON-RR HH.MI.SS.FF AM'),'MasterCard',750,null);
Insert into PAYMENT (PAY_ID,PAY_TYPE,PAY_CREDIT_CARD_NUMBER,PAY_EXPIRATION_DATE,PAY_CREDIT_CARD_TYPE,PAY_AMOUNT,PAY_CHECK_NUMBER) values (62221,'Credit Card',8981355364188240,to_timestamp('01-JUL-11 12.00.00.000000000 AM','DD-MON-RR HH.MI.SS.FF AM'),'Visa',950,null);
Insert into PAYMENT (PAY_ID,PAY_TYPE,PAY_CREDIT_CARD_NUMBER,PAY_EXPIRATION_DATE,PAY_CREDIT_CARD_TYPE,PAY_AMOUNT,PAY_CHECK_NUMBER) values (62284,'Credit Card',9958169762116480,to_timestamp('01-FEB-12 12.00.00.000000000 AM','DD-MON-RR HH.MI.SS.FF AM'),'Visa',300,null);
Insert into PAYMENT (PAY_ID,PAY_TYPE,PAY_CREDIT_CARD_NUMBER,PAY_EXPIRATION_DATE,PAY_CREDIT_CARD_TYPE,PAY_AMOUNT,PAY_CHECK_NUMBER) values (62347,'Credit Card',3856807962574400,to_timestamp('01-SEP-10 12.00.00.000000000 AM','DD-MON-RR HH.MI.SS.FF AM'),'MasterCard',415,null);
Insert into PAYMENT (PAY_ID,PAY_TYPE,PAY_CREDIT_CARD_NUMBER,PAY_EXPIRATION_DATE,PAY_CREDIT_CARD_TYPE,PAY_AMOUNT,PAY_CHECK_NUMBER) values (62410,'Check',null,null,null,195,272);
Insert into PAYMENT (PAY_ID,PAY_TYPE,PAY_CREDIT_CARD_NUMBER,PAY_EXPIRATION_DATE,PAY_CREDIT_CARD_TYPE,PAY_AMOUNT,PAY_CHECK_NUMBER) values (62473,'Check',null,null,null,205,227);
Insert into PAYMENT (PAY_ID,PAY_TYPE,PAY_CREDIT_CARD_NUMBER,PAY_EXPIRATION_DATE,PAY_CREDIT_CARD_TYPE,PAY_AMOUNT,PAY_CHECK_NUMBER) values (62536,'Credit Card',7888025377537590,to_timestamp('01-APR-11 12.00.00.000000000 AM','DD-MON-RR HH.MI.SS.FF AM'),'MasterCard',325,null);
Insert into PAYMENT (PAY_ID,PAY_TYPE,PAY_CREDIT_CARD_NUMBER,PAY_EXPIRATION_DATE,PAY_CREDIT_CARD_TYPE,PAY_AMOUNT,PAY_CHECK_NUMBER) values (62599,'Credit Card',5860797708789840,to_timestamp('01-JUN-11 12.00.00.000000000 AM','DD-MON-RR HH.MI.SS.FF AM'),'American Express',265,null);
Insert into PAYMENT (PAY_ID,PAY_TYPE,PAY_CREDIT_CARD_NUMBER,PAY_EXPIRATION_DATE,PAY_CREDIT_CARD_TYPE,PAY_AMOUNT,PAY_CHECK_NUMBER) values (62662,'Check',null,null,null,350,910);
Insert into PAYMENT (PAY_ID,PAY_TYPE,PAY_CREDIT_CARD_NUMBER,PAY_EXPIRATION_DATE,PAY_CREDIT_CARD_TYPE,PAY_AMOUNT,PAY_CHECK_NUMBER) values (62725,'Credit Card',3902702358616230,to_timestamp('01-JUN-12 12.00.00.000000000 AM','DD-MON-RR HH.MI.SS.FF AM'),'Visa',735,null);
Insert into PAYMENT (PAY_ID,PAY_TYPE,PAY_CREDIT_CARD_NUMBER,PAY_EXPIRATION_DATE,PAY_CREDIT_CARD_TYPE,PAY_AMOUNT,PAY_CHECK_NUMBER) values (62788,'Credit Card',9643737889075870,to_timestamp('01-MAR-11 12.00.00.000000000 AM','DD-MON-RR HH.MI.SS.FF AM'),'Visa',325,null);
Insert into PAYMENT (PAY_ID,PAY_TYPE,PAY_CREDIT_CARD_NUMBER,PAY_EXPIRATION_DATE,PAY_CREDIT_CARD_TYPE,PAY_AMOUNT,PAY_CHECK_NUMBER) values (62851,'Check',null,null,null,185,766);
Insert into PAYMENT (PAY_ID,PAY_TYPE,PAY_CREDIT_CARD_NUMBER,PAY_EXPIRATION_DATE,PAY_CREDIT_CARD_TYPE,PAY_AMOUNT,PAY_CHECK_NUMBER) values (62914,'Credit Card',1283074075603440,to_timestamp('01-SEP-12 12.00.00.000000000 AM','DD-MON-RR HH.MI.SS.FF AM'),'MasterCard',700,null);
Insert into PAYMENT (PAY_ID,PAY_TYPE,PAY_CREDIT_CARD_NUMBER,PAY_EXPIRATION_DATE,PAY_CREDIT_CARD_TYPE,PAY_AMOUNT,PAY_CHECK_NUMBER) values (62977,'Check',null,null,null,375,265);

---------------------------------------------------
--   END DATA FOR TABLE PAYMENT
---------------------------------------------------


---------------------------------------------------
--   DATA FOR TABLE PRESCRIPTION
--   FILTER = none used
---------------------------------------------------
REM INSERTING into PRESCRIPTION
Insert into PRESCRIPTION (ANIM_ID,MED_ID,VET_ID,ASSOC_ID,PRES_DOSAGE,PRES_DATE_TAKEN) values (93,22,6573,863,'40 tbsp',to_timestamp('07-JUN-06 12.00.00.000000000 AM','DD-MON-RR HH.MI.SS.FF AM'));
Insert into PRESCRIPTION (ANIM_ID,MED_ID,VET_ID,ASSOC_ID,PRES_DOSAGE,PRES_DATE_TAKEN) values (179,24,6317,863,'85 mg',to_timestamp('23-OCT-03 12.00.00.000000000 AM','DD-MON-RR HH.MI.SS.FF AM'));
Insert into PRESCRIPTION (ANIM_ID,MED_ID,VET_ID,ASSOC_ID,PRES_DOSAGE,PRES_DATE_TAKEN) values (27,15,6339,813,'26 mg',to_timestamp('24-FEB-04 12.00.00.000000000 AM','DD-MON-RR HH.MI.SS.FF AM'));
Insert into PRESCRIPTION (ANIM_ID,MED_ID,VET_ID,ASSOC_ID,PRES_DOSAGE,PRES_DATE_TAKEN) values (182,14,6317,863,'17 tsp',to_timestamp('23-APR-05 12.00.00.000000000 AM','DD-MON-RR HH.MI.SS.FF AM'));
Insert into PRESCRIPTION (ANIM_ID,MED_ID,VET_ID,ASSOC_ID,PRES_DOSAGE,PRES_DATE_TAKEN) values (15,11,6313,813,'82 mg',to_timestamp('18-OCT-09 12.00.00.000000000 AM','DD-MON-RR HH.MI.SS.FF AM'));
Insert into PRESCRIPTION (ANIM_ID,MED_ID,VET_ID,ASSOC_ID,PRES_DOSAGE,PRES_DATE_TAKEN) values (158,6,6274,805,'26 tbsp',to_timestamp('28-JUN-04 12.00.00.000000000 AM','DD-MON-RR HH.MI.SS.FF AM'));
Insert into PRESCRIPTION (ANIM_ID,MED_ID,VET_ID,ASSOC_ID,PRES_DOSAGE,PRES_DATE_TAKEN) values (69,14,6235,815,'33 tsp',to_timestamp('22-MAY-07 12.00.00.000000000 AM','DD-MON-RR HH.MI.SS.FF AM'));
Insert into PRESCRIPTION (ANIM_ID,MED_ID,VET_ID,ASSOC_ID,PRES_DOSAGE,PRES_DATE_TAKEN) values (3,4,6443,815,'16 ml',to_timestamp('27-FEB-06 12.00.00.000000000 AM','DD-MON-RR HH.MI.SS.FF AM'));
Insert into PRESCRIPTION (ANIM_ID,MED_ID,VET_ID,ASSOC_ID,PRES_DOSAGE,PRES_DATE_TAKEN) values (122,29,6577,813,'87 tsp',to_timestamp('18-FEB-09 12.00.00.000000000 AM','DD-MON-RR HH.MI.SS.FF AM'));
Insert into PRESCRIPTION (ANIM_ID,MED_ID,VET_ID,ASSOC_ID,PRES_DOSAGE,PRES_DATE_TAKEN) values (33,29,6265,887,'79 tsp',to_timestamp('17-DEC-06 12.00.00.000000000 AM','DD-MON-RR HH.MI.SS.FF AM'));
Insert into PRESCRIPTION (ANIM_ID,MED_ID,VET_ID,ASSOC_ID,PRES_DOSAGE,PRES_DATE_TAKEN) values (165,25,6664,805,'60 ml',to_timestamp('03-APR-02 12.00.00.000000000 AM','DD-MON-RR HH.MI.SS.FF AM'));
Insert into PRESCRIPTION (ANIM_ID,MED_ID,VET_ID,ASSOC_ID,PRES_DOSAGE,PRES_DATE_TAKEN) values (186,25,6969,833,'20 ml',to_timestamp('05-AUG-07 12.00.00.000000000 AM','DD-MON-RR HH.MI.SS.FF AM'));
Insert into PRESCRIPTION (ANIM_ID,MED_ID,VET_ID,ASSOC_ID,PRES_DOSAGE,PRES_DATE_TAKEN) values (46,18,6235,815,'48 tsp',to_timestamp('27-AUG-02 12.00.00.000000000 AM','DD-MON-RR HH.MI.SS.FF AM'));
Insert into PRESCRIPTION (ANIM_ID,MED_ID,VET_ID,ASSOC_ID,PRES_DOSAGE,PRES_DATE_TAKEN) values (101,1,6599,833,'11 tsp',to_timestamp('08-AUG-08 12.00.00.000000000 AM','DD-MON-RR HH.MI.SS.FF AM'));
Insert into PRESCRIPTION (ANIM_ID,MED_ID,VET_ID,ASSOC_ID,PRES_DOSAGE,PRES_DATE_TAKEN) values (31,27,6482,887,'56 ml',to_timestamp('08-JUN-09 12.00.00.000000000 AM','DD-MON-RR HH.MI.SS.FF AM'));
Insert into PRESCRIPTION (ANIM_ID,MED_ID,VET_ID,ASSOC_ID,PRES_DOSAGE,PRES_DATE_TAKEN) values (93,29,6651,859,'27 tsp',to_timestamp('07-JUN-06 12.00.00.000000000 AM','DD-MON-RR HH.MI.SS.FF AM'));
Insert into PRESCRIPTION (ANIM_ID,MED_ID,VET_ID,ASSOC_ID,PRES_DOSAGE,PRES_DATE_TAKEN) values (123,29,6248,833,'39 tsp',to_timestamp('25-APR-03 12.00.00.000000000 AM','DD-MON-RR HH.MI.SS.FF AM'));
Insert into PRESCRIPTION (ANIM_ID,MED_ID,VET_ID,ASSOC_ID,PRES_DOSAGE,PRES_DATE_TAKEN) values (37,7,6638,813,'44 tbsp',to_timestamp('14-OCT-04 12.00.00.000000000 AM','DD-MON-RR HH.MI.SS.FF AM'));
Insert into PRESCRIPTION (ANIM_ID,MED_ID,VET_ID,ASSOC_ID,PRES_DOSAGE,PRES_DATE_TAKEN) values (125,13,6612,863,'95 mg',to_timestamp('16-OCT-03 12.00.00.000000000 AM','DD-MON-RR HH.MI.SS.FF AM'));
Insert into PRESCRIPTION (ANIM_ID,MED_ID,VET_ID,ASSOC_ID,PRES_DOSAGE,PRES_DATE_TAKEN) values (36,16,6969,833,'82 mg',to_timestamp('17-FEB-08 12.00.00.000000000 AM','DD-MON-RR HH.MI.SS.FF AM'));
Insert into PRESCRIPTION (ANIM_ID,MED_ID,VET_ID,ASSOC_ID,PRES_DOSAGE,PRES_DATE_TAKEN) values (154,2,6625,833,'5 tbsp',to_timestamp('04-APR-09 12.00.00.000000000 AM','DD-MON-RR HH.MI.SS.FF AM'));
Insert into PRESCRIPTION (ANIM_ID,MED_ID,VET_ID,ASSOC_ID,PRES_DOSAGE,PRES_DATE_TAKEN) values (166,3,6287,887,'94 ml',to_timestamp('02-FEB-10 12.00.00.000000000 AM','DD-MON-RR HH.MI.SS.FF AM'));
Insert into PRESCRIPTION (ANIM_ID,MED_ID,VET_ID,ASSOC_ID,PRES_DOSAGE,PRES_DATE_TAKEN) values (146,6,6856,805,'72 tbsp',to_timestamp('31-MAR-04 12.00.00.000000000 AM','DD-MON-RR HH.MI.SS.FF AM'));
Insert into PRESCRIPTION (ANIM_ID,MED_ID,VET_ID,ASSOC_ID,PRES_DOSAGE,PRES_DATE_TAKEN) values (194,6,6586,863,'36 tbsp',to_timestamp('16-JAN-06 12.00.00.000000000 AM','DD-MON-RR HH.MI.SS.FF AM'));
Insert into PRESCRIPTION (ANIM_ID,MED_ID,VET_ID,ASSOC_ID,PRES_DOSAGE,PRES_DATE_TAKEN) values (154,10,6261,815,'6 tsp',to_timestamp('04-APR-09 12.00.00.000000000 AM','DD-MON-RR HH.MI.SS.FF AM'));
Insert into PRESCRIPTION (ANIM_ID,MED_ID,VET_ID,ASSOC_ID,PRES_DOSAGE,PRES_DATE_TAKEN) values (73,3,6482,887,'61 ml',to_timestamp('02-OCT-09 12.00.00.000000000 AM','DD-MON-RR HH.MI.SS.FF AM'));
Insert into PRESCRIPTION (ANIM_ID,MED_ID,VET_ID,ASSOC_ID,PRES_DOSAGE,PRES_DATE_TAKEN) values (90,17,6586,863,'5 mg',to_timestamp('18-AUG-04 12.00.00.000000000 AM','DD-MON-RR HH.MI.SS.FF AM'));
Insert into PRESCRIPTION (ANIM_ID,MED_ID,VET_ID,ASSOC_ID,PRES_DOSAGE,PRES_DATE_TAKEN) values (59,10,6339,813,'9 tsp',to_timestamp('02-JUL-08 12.00.00.000000000 AM','DD-MON-RR HH.MI.SS.FF AM'));
Insert into PRESCRIPTION (ANIM_ID,MED_ID,VET_ID,ASSOC_ID,PRES_DOSAGE,PRES_DATE_TAKEN) values (69,3,6391,813,'35 ml',to_timestamp('22-MAY-07 12.00.00.000000000 AM','DD-MON-RR HH.MI.SS.FF AM'));
Insert into PRESCRIPTION (ANIM_ID,MED_ID,VET_ID,ASSOC_ID,PRES_DOSAGE,PRES_DATE_TAKEN) values (20,30,6521,805,'62 ml',to_timestamp('19-MAR-10 12.00.00.000000000 AM','DD-MON-RR HH.MI.SS.FF AM'));
Insert into PRESCRIPTION (ANIM_ID,MED_ID,VET_ID,ASSOC_ID,PRES_DOSAGE,PRES_DATE_TAKEN) values (54,27,6586,863,'75 ml',to_timestamp('25-AUG-04 12.00.00.000000000 AM','DD-MON-RR HH.MI.SS.FF AM'));
Insert into PRESCRIPTION (ANIM_ID,MED_ID,VET_ID,ASSOC_ID,PRES_DOSAGE,PRES_DATE_TAKEN) values (150,17,6261,815,'31 mg',to_timestamp('23-JUN-03 12.00.00.000000000 AM','DD-MON-RR HH.MI.SS.FF AM'));
Insert into PRESCRIPTION (ANIM_ID,MED_ID,VET_ID,ASSOC_ID,PRES_DOSAGE,PRES_DATE_TAKEN) values (71,19,6730,833,'72 tsp',to_timestamp('11-SEP-07 12.00.00.000000000 AM','DD-MON-RR HH.MI.SS.FF AM'));
Insert into PRESCRIPTION (ANIM_ID,MED_ID,VET_ID,ASSOC_ID,PRES_DOSAGE,PRES_DATE_TAKEN) values (53,12,6326,805,'96 tbsp',to_timestamp('09-SEP-08 12.00.00.000000000 AM','DD-MON-RR HH.MI.SS.FF AM'));
Insert into PRESCRIPTION (ANIM_ID,MED_ID,VET_ID,ASSOC_ID,PRES_DOSAGE,PRES_DATE_TAKEN) values (193,21,6160,863,'52 tbsp',to_timestamp('09-SEP-03 12.00.00.000000000 AM','DD-MON-RR HH.MI.SS.FF AM'));
Insert into PRESCRIPTION (ANIM_ID,MED_ID,VET_ID,ASSOC_ID,PRES_DOSAGE,PRES_DATE_TAKEN) values (64,11,6300,859,'83 mg',to_timestamp('19-JUN-04 12.00.00.000000000 AM','DD-MON-RR HH.MI.SS.FF AM'));
Insert into PRESCRIPTION (ANIM_ID,MED_ID,VET_ID,ASSOC_ID,PRES_DOSAGE,PRES_DATE_TAKEN) values (51,8,6638,813,'74 tsp',to_timestamp('11-AUG-05 12.00.00.000000000 AM','DD-MON-RR HH.MI.SS.FF AM'));
Insert into PRESCRIPTION (ANIM_ID,MED_ID,VET_ID,ASSOC_ID,PRES_DOSAGE,PRES_DATE_TAKEN) values (174,14,6404,805,'43 tsp',to_timestamp('31-OCT-02 12.00.00.000000000 AM','DD-MON-RR HH.MI.SS.FF AM'));
Insert into PRESCRIPTION (ANIM_ID,MED_ID,VET_ID,ASSOC_ID,PRES_DOSAGE,PRES_DATE_TAKEN) values (1,7,6248,833,'55 tbsp',to_timestamp('03-JAN-02 12.00.00.000000000 AM','DD-MON-RR HH.MI.SS.FF AM'));
Insert into PRESCRIPTION (ANIM_ID,MED_ID,VET_ID,ASSOC_ID,PRES_DOSAGE,PRES_DATE_TAKEN) values (74,17,6300,859,'52 mg',to_timestamp('27-MAY-07 12.00.00.000000000 AM','DD-MON-RR HH.MI.SS.FF AM'));
Insert into PRESCRIPTION (ANIM_ID,MED_ID,VET_ID,ASSOC_ID,PRES_DOSAGE,PRES_DATE_TAKEN) values (52,4,6730,833,'65 ml',to_timestamp('27-JAN-10 12.00.00.000000000 AM','DD-MON-RR HH.MI.SS.FF AM'));
Insert into PRESCRIPTION (ANIM_ID,MED_ID,VET_ID,ASSOC_ID,PRES_DOSAGE,PRES_DATE_TAKEN) values (163,13,6300,859,'17 mg',to_timestamp('26-JUL-09 12.00.00.000000000 AM','DD-MON-RR HH.MI.SS.FF AM'));
Insert into PRESCRIPTION (ANIM_ID,MED_ID,VET_ID,ASSOC_ID,PRES_DOSAGE,PRES_DATE_TAKEN) values (11,26,6391,813,'65 mg',to_timestamp('28-JUN-05 12.00.00.000000000 AM','DD-MON-RR HH.MI.SS.FF AM'));
Insert into PRESCRIPTION (ANIM_ID,MED_ID,VET_ID,ASSOC_ID,PRES_DOSAGE,PRES_DATE_TAKEN) values (129,23,6482,887,'100 tsp',to_timestamp('09-AUG-07 12.00.00.000000000 AM','DD-MON-RR HH.MI.SS.FF AM'));
Insert into PRESCRIPTION (ANIM_ID,MED_ID,VET_ID,ASSOC_ID,PRES_DOSAGE,PRES_DATE_TAKEN) values (22,13,6313,813,'50 mg',to_timestamp('11-SEP-09 12.00.00.000000000 AM','DD-MON-RR HH.MI.SS.FF AM'));
Insert into PRESCRIPTION (ANIM_ID,MED_ID,VET_ID,ASSOC_ID,PRES_DOSAGE,PRES_DATE_TAKEN) values (29,25,6664,805,'9 ml',to_timestamp('16-MAY-04 12.00.00.000000000 AM','DD-MON-RR HH.MI.SS.FF AM'));
Insert into PRESCRIPTION (ANIM_ID,MED_ID,VET_ID,ASSOC_ID,PRES_DOSAGE,PRES_DATE_TAKEN) values (80,11,6443,815,'78 mg',to_timestamp('15-JUN-09 12.00.00.000000000 AM','DD-MON-RR HH.MI.SS.FF AM'));
Insert into PRESCRIPTION (ANIM_ID,MED_ID,VET_ID,ASSOC_ID,PRES_DOSAGE,PRES_DATE_TAKEN) values (27,2,6404,805,'41 tbsp',to_timestamp('24-FEB-04 12.00.00.000000000 AM','DD-MON-RR HH.MI.SS.FF AM'));
Insert into PRESCRIPTION (ANIM_ID,MED_ID,VET_ID,ASSOC_ID,PRES_DOSAGE,PRES_DATE_TAKEN) values (46,8,6664,805,'68 tsp',to_timestamp('27-AUG-02 12.00.00.000000000 AM','DD-MON-RR HH.MI.SS.FF AM'));
Insert into PRESCRIPTION (ANIM_ID,MED_ID,VET_ID,ASSOC_ID,PRES_DOSAGE,PRES_DATE_TAKEN) values (134,10,6573,863,'69 tsp',to_timestamp('12-MAR-10 12.00.00.000000000 AM','DD-MON-RR HH.MI.SS.FF AM'));
Insert into PRESCRIPTION (ANIM_ID,MED_ID,VET_ID,ASSOC_ID,PRES_DOSAGE,PRES_DATE_TAKEN) values (137,15,6248,833,'3 mg',to_timestamp('17-AUG-05 12.00.00.000000000 AM','DD-MON-RR HH.MI.SS.FF AM'));
Insert into PRESCRIPTION (ANIM_ID,MED_ID,VET_ID,ASSOC_ID,PRES_DOSAGE,PRES_DATE_TAKEN) values (150,9,6287,887,'14 mg',to_timestamp('23-JUN-03 12.00.00.000000000 AM','DD-MON-RR HH.MI.SS.FF AM'));
Insert into PRESCRIPTION (ANIM_ID,MED_ID,VET_ID,ASSOC_ID,PRES_DOSAGE,PRES_DATE_TAKEN) values (30,30,6300,859,'87 ml',to_timestamp('07-FEB-06 12.00.00.000000000 AM','DD-MON-RR HH.MI.SS.FF AM'));
Insert into PRESCRIPTION (ANIM_ID,MED_ID,VET_ID,ASSOC_ID,PRES_DOSAGE,PRES_DATE_TAKEN) values (109,7,6265,887,'66 tbsp',to_timestamp('30-NOV-99 12.00.00.000000000 AM','DD-MON-RR HH.MI.SS.FF AM'));
Insert into PRESCRIPTION (ANIM_ID,MED_ID,VET_ID,ASSOC_ID,PRES_DOSAGE,PRES_DATE_TAKEN) values (154,20,6547,887,'58 mg',to_timestamp('04-APR-09 12.00.00.000000000 AM','DD-MON-RR HH.MI.SS.FF AM'));
Insert into PRESCRIPTION (ANIM_ID,MED_ID,VET_ID,ASSOC_ID,PRES_DOSAGE,PRES_DATE_TAKEN) values (57,22,6248,833,'7 tbsp',to_timestamp('28-NOV-99 12.00.00.000000000 AM','DD-MON-RR HH.MI.SS.FF AM'));
Insert into PRESCRIPTION (ANIM_ID,MED_ID,VET_ID,ASSOC_ID,PRES_DOSAGE,PRES_DATE_TAKEN) values (175,3,6638,813,'75 ml',to_timestamp('22-JAN-10 12.00.00.000000000 AM','DD-MON-RR HH.MI.SS.FF AM'));
Insert into PRESCRIPTION (ANIM_ID,MED_ID,VET_ID,ASSOC_ID,PRES_DOSAGE,PRES_DATE_TAKEN) values (132,19,6573,863,'85 tsp',to_timestamp('11-OCT-09 12.00.00.000000000 AM','DD-MON-RR HH.MI.SS.FF AM'));
Insert into PRESCRIPTION (ANIM_ID,MED_ID,VET_ID,ASSOC_ID,PRES_DOSAGE,PRES_DATE_TAKEN) values (106,3,6443,815,'22 ml',to_timestamp('21-DEC-05 12.00.00.000000000 AM','DD-MON-RR HH.MI.SS.FF AM'));
Insert into PRESCRIPTION (ANIM_ID,MED_ID,VET_ID,ASSOC_ID,PRES_DOSAGE,PRES_DATE_TAKEN) values (72,7,6651,859,'16 tbsp',to_timestamp('24-SEP-05 12.00.00.000000000 AM','DD-MON-RR HH.MI.SS.FF AM'));
Insert into PRESCRIPTION (ANIM_ID,MED_ID,VET_ID,ASSOC_ID,PRES_DOSAGE,PRES_DATE_TAKEN) values (136,8,6404,805,'49 tsp',to_timestamp('08-MAY-01 12.00.00.000000000 AM','DD-MON-RR HH.MI.SS.FF AM'));
Insert into PRESCRIPTION (ANIM_ID,MED_ID,VET_ID,ASSOC_ID,PRES_DOSAGE,PRES_DATE_TAKEN) values (135,11,6313,813,'73 mg',to_timestamp('11-JAN-10 12.00.00.000000000 AM','DD-MON-RR HH.MI.SS.FF AM'));
Insert into PRESCRIPTION (ANIM_ID,MED_ID,VET_ID,ASSOC_ID,PRES_DOSAGE,PRES_DATE_TAKEN) values (11,30,6508,815,'26 ml',to_timestamp('28-JUN-05 12.00.00.000000000 AM','DD-MON-RR HH.MI.SS.FF AM'));
Insert into PRESCRIPTION (ANIM_ID,MED_ID,VET_ID,ASSOC_ID,PRES_DOSAGE,PRES_DATE_TAKEN) values (124,2,6599,833,'73 tbsp',to_timestamp('13-OCT-06 12.00.00.000000000 AM','DD-MON-RR HH.MI.SS.FF AM'));
Insert into PRESCRIPTION (ANIM_ID,MED_ID,VET_ID,ASSOC_ID,PRES_DOSAGE,PRES_DATE_TAKEN) values (158,30,6638,813,'58 ml',to_timestamp('28-JUN-04 12.00.00.000000000 AM','DD-MON-RR HH.MI.SS.FF AM'));
Insert into PRESCRIPTION (ANIM_ID,MED_ID,VET_ID,ASSOC_ID,PRES_DOSAGE,PRES_DATE_TAKEN) values (89,5,6443,815,'21 mg',to_timestamp('20-JUL-06 12.00.00.000000000 AM','DD-MON-RR HH.MI.SS.FF AM'));
Insert into PRESCRIPTION (ANIM_ID,MED_ID,VET_ID,ASSOC_ID,PRES_DOSAGE,PRES_DATE_TAKEN) values (75,11,6261,815,'46 mg',to_timestamp('25-DEC-02 12.00.00.000000000 AM','DD-MON-RR HH.MI.SS.FF AM'));
Insert into PRESCRIPTION (ANIM_ID,MED_ID,VET_ID,ASSOC_ID,PRES_DOSAGE,PRES_DATE_TAKEN) values (190,25,6638,813,'23 ml',to_timestamp('17-NOV-09 12.00.00.000000000 AM','DD-MON-RR HH.MI.SS.FF AM'));
Insert into PRESCRIPTION (ANIM_ID,MED_ID,VET_ID,ASSOC_ID,PRES_DOSAGE,PRES_DATE_TAKEN) values (26,19,6625,833,'55 tsp',to_timestamp('11-JUL-09 12.00.00.000000000 AM','DD-MON-RR HH.MI.SS.FF AM'));
Insert into PRESCRIPTION (ANIM_ID,MED_ID,VET_ID,ASSOC_ID,PRES_DOSAGE,PRES_DATE_TAKEN) values (115,25,6261,815,'5 ml',to_timestamp('20-NOV-07 12.00.00.000000000 AM','DD-MON-RR HH.MI.SS.FF AM'));
Insert into PRESCRIPTION (ANIM_ID,MED_ID,VET_ID,ASSOC_ID,PRES_DOSAGE,PRES_DATE_TAKEN) values (11,16,6160,863,'10 mg',to_timestamp('28-JUN-05 12.00.00.000000000 AM','DD-MON-RR HH.MI.SS.FF AM'));
Insert into PRESCRIPTION (ANIM_ID,MED_ID,VET_ID,ASSOC_ID,PRES_DOSAGE,PRES_DATE_TAKEN) values (3,15,6235,815,'92 mg',to_timestamp('27-FEB-06 12.00.00.000000000 AM','DD-MON-RR HH.MI.SS.FF AM'));
Insert into PRESCRIPTION (ANIM_ID,MED_ID,VET_ID,ASSOC_ID,PRES_DOSAGE,PRES_DATE_TAKEN) values (170,1,6352,805,'71 tsp',to_timestamp('27-JUL-07 12.00.00.000000000 AM','DD-MON-RR HH.MI.SS.FF AM'));
Insert into PRESCRIPTION (ANIM_ID,MED_ID,VET_ID,ASSOC_ID,PRES_DOSAGE,PRES_DATE_TAKEN) values (177,30,6352,805,'77 ml',to_timestamp('01-JAN-10 12.00.00.000000000 AM','DD-MON-RR HH.MI.SS.FF AM'));
Insert into PRESCRIPTION (ANIM_ID,MED_ID,VET_ID,ASSOC_ID,PRES_DOSAGE,PRES_DATE_TAKEN) values (141,22,6378,815,'83 tbsp',to_timestamp('18-NOV-09 12.00.00.000000000 AM','DD-MON-RR HH.MI.SS.FF AM'));
Insert into PRESCRIPTION (ANIM_ID,MED_ID,VET_ID,ASSOC_ID,PRES_DOSAGE,PRES_DATE_TAKEN) values (195,15,6612,863,'60 mg',to_timestamp('24-JUL-09 12.00.00.000000000 AM','DD-MON-RR HH.MI.SS.FF AM'));
Insert into PRESCRIPTION (ANIM_ID,MED_ID,VET_ID,ASSOC_ID,PRES_DOSAGE,PRES_DATE_TAKEN) values (15,25,6638,813,'35 ml',to_timestamp('18-OCT-09 12.00.00.000000000 AM','DD-MON-RR HH.MI.SS.FF AM'));
Insert into PRESCRIPTION (ANIM_ID,MED_ID,VET_ID,ASSOC_ID,PRES_DOSAGE,PRES_DATE_TAKEN) values (81,25,6482,887,'100 ml',to_timestamp('12-JUN-07 12.00.00.000000000 AM','DD-MON-RR HH.MI.SS.FF AM'));
Insert into PRESCRIPTION (ANIM_ID,MED_ID,VET_ID,ASSOC_ID,PRES_DOSAGE,PRES_DATE_TAKEN) values (192,21,6300,859,'45 tbsp',to_timestamp('01-SEP-98 12.00.00.000000000 AM','DD-MON-RR HH.MI.SS.FF AM'));
Insert into PRESCRIPTION (ANIM_ID,MED_ID,VET_ID,ASSOC_ID,PRES_DOSAGE,PRES_DATE_TAKEN) values (107,20,6443,815,'92 mg',to_timestamp('02-NOV-99 12.00.00.000000000 AM','DD-MON-RR HH.MI.SS.FF AM'));
Insert into PRESCRIPTION (ANIM_ID,MED_ID,VET_ID,ASSOC_ID,PRES_DOSAGE,PRES_DATE_TAKEN) values (46,4,6969,833,'99 ml',to_timestamp('27-AUG-02 12.00.00.000000000 AM','DD-MON-RR HH.MI.SS.FF AM'));
Insert into PRESCRIPTION (ANIM_ID,MED_ID,VET_ID,ASSOC_ID,PRES_DOSAGE,PRES_DATE_TAKEN) values (29,24,6625,833,'86 mg',to_timestamp('16-MAY-04 12.00.00.000000000 AM','DD-MON-RR HH.MI.SS.FF AM'));
Insert into PRESCRIPTION (ANIM_ID,MED_ID,VET_ID,ASSOC_ID,PRES_DOSAGE,PRES_DATE_TAKEN) values (96,18,6326,805,'87 tsp',to_timestamp('15-MAR-09 12.00.00.000000000 AM','DD-MON-RR HH.MI.SS.FF AM'));
Insert into PRESCRIPTION (ANIM_ID,MED_ID,VET_ID,ASSOC_ID,PRES_DOSAGE,PRES_DATE_TAKEN) values (165,23,6521,805,'48 tsp',to_timestamp('03-APR-02 12.00.00.000000000 AM','DD-MON-RR HH.MI.SS.FF AM'));
Insert into PRESCRIPTION (ANIM_ID,MED_ID,VET_ID,ASSOC_ID,PRES_DOSAGE,PRES_DATE_TAKEN) values (110,4,6160,863,'6 ml',to_timestamp('13-NOV-09 12.00.00.000000000 AM','DD-MON-RR HH.MI.SS.FF AM'));
Insert into PRESCRIPTION (ANIM_ID,MED_ID,VET_ID,ASSOC_ID,PRES_DOSAGE,PRES_DATE_TAKEN) values (85,23,6482,887,'50 tsp',to_timestamp('25-FEB-02 12.00.00.000000000 AM','DD-MON-RR HH.MI.SS.FF AM'));
Insert into PRESCRIPTION (ANIM_ID,MED_ID,VET_ID,ASSOC_ID,PRES_DOSAGE,PRES_DATE_TAKEN) values (93,30,6160,863,'75 ml',to_timestamp('07-JUN-06 12.00.00.000000000 AM','DD-MON-RR HH.MI.SS.FF AM'));
Insert into PRESCRIPTION (ANIM_ID,MED_ID,VET_ID,ASSOC_ID,PRES_DOSAGE,PRES_DATE_TAKEN) values (48,17,6265,887,'66 mg',to_timestamp('10-DEC-07 12.00.00.000000000 AM','DD-MON-RR HH.MI.SS.FF AM'));
Insert into PRESCRIPTION (ANIM_ID,MED_ID,VET_ID,ASSOC_ID,PRES_DOSAGE,PRES_DATE_TAKEN) values (42,26,6404,805,'100 mg',to_timestamp('02-FEB-08 12.00.00.000000000 AM','DD-MON-RR HH.MI.SS.FF AM'));
Insert into PRESCRIPTION (ANIM_ID,MED_ID,VET_ID,ASSOC_ID,PRES_DOSAGE,PRES_DATE_TAKEN) values (159,8,6586,863,'82 tsp',to_timestamp('14-DEC-08 12.00.00.000000000 AM','DD-MON-RR HH.MI.SS.FF AM'));
Insert into PRESCRIPTION (ANIM_ID,MED_ID,VET_ID,ASSOC_ID,PRES_DOSAGE,PRES_DATE_TAKEN) values (53,9,6235,815,'15 mg',to_timestamp('09-SEP-08 12.00.00.000000000 AM','DD-MON-RR HH.MI.SS.FF AM'));
Insert into PRESCRIPTION (ANIM_ID,MED_ID,VET_ID,ASSOC_ID,PRES_DOSAGE,PRES_DATE_TAKEN) values (115,11,6274,805,'75 mg',to_timestamp('20-NOV-07 12.00.00.000000000 AM','DD-MON-RR HH.MI.SS.FF AM'));
Insert into PRESCRIPTION (ANIM_ID,MED_ID,VET_ID,ASSOC_ID,PRES_DOSAGE,PRES_DATE_TAKEN) values (137,9,6404,805,'39 mg',to_timestamp('17-AUG-05 12.00.00.000000000 AM','DD-MON-RR HH.MI.SS.FF AM'));
Insert into PRESCRIPTION (ANIM_ID,MED_ID,VET_ID,ASSOC_ID,PRES_DOSAGE,PRES_DATE_TAKEN) values (22,3,6638,813,'82 ml',to_timestamp('11-SEP-09 12.00.00.000000000 AM','DD-MON-RR HH.MI.SS.FF AM'));
Insert into PRESCRIPTION (ANIM_ID,MED_ID,VET_ID,ASSOC_ID,PRES_DOSAGE,PRES_DATE_TAKEN) values (153,30,6287,887,'13 ml',to_timestamp('15-AUG-98 12.00.00.000000000 AM','DD-MON-RR HH.MI.SS.FF AM'));
Insert into PRESCRIPTION (ANIM_ID,MED_ID,VET_ID,ASSOC_ID,PRES_DOSAGE,PRES_DATE_TAKEN) values (34,25,6443,815,'13 ml',to_timestamp('03-JUN-03 12.00.00.000000000 AM','DD-MON-RR HH.MI.SS.FF AM'));
Insert into PRESCRIPTION (ANIM_ID,MED_ID,VET_ID,ASSOC_ID,PRES_DOSAGE,PRES_DATE_TAKEN) values (151,24,6313,813,'82 mg',to_timestamp('24-MAY-08 12.00.00.000000000 AM','DD-MON-RR HH.MI.SS.FF AM'));
Insert into PRESCRIPTION (ANIM_ID,MED_ID,VET_ID,ASSOC_ID,PRES_DOSAGE,PRES_DATE_TAKEN) values (78,20,6160,863,'55 mg',to_timestamp('14-AUG-02 12.00.00.000000000 AM','DD-MON-RR HH.MI.SS.FF AM'));
Insert into PRESCRIPTION (ANIM_ID,MED_ID,VET_ID,ASSOC_ID,PRES_DOSAGE,PRES_DATE_TAKEN) values (122,30,6547,887,'70 ml',to_timestamp('18-FEB-09 12.00.00.000000000 AM','DD-MON-RR HH.MI.SS.FF AM'));
Insert into PRESCRIPTION (ANIM_ID,MED_ID,VET_ID,ASSOC_ID,PRES_DOSAGE,PRES_DATE_TAKEN) values (57,5,6287,887,'22 mg',to_timestamp('28-NOV-99 12.00.00.000000000 AM','DD-MON-RR HH.MI.SS.FF AM'));
Insert into PRESCRIPTION (ANIM_ID,MED_ID,VET_ID,ASSOC_ID,PRES_DOSAGE,PRES_DATE_TAKEN) values (9,15,6326,805,'5 mg',to_timestamp('06-JUN-07 12.00.00.000000000 AM','DD-MON-RR HH.MI.SS.FF AM'));
Insert into PRESCRIPTION (ANIM_ID,MED_ID,VET_ID,ASSOC_ID,PRES_DOSAGE,PRES_DATE_TAKEN) values (170,17,6664,805,'99 mg',to_timestamp('27-JUL-07 12.00.00.000000000 AM','DD-MON-RR HH.MI.SS.FF AM'));
Insert into PRESCRIPTION (ANIM_ID,MED_ID,VET_ID,ASSOC_ID,PRES_DOSAGE,PRES_DATE_TAKEN) values (124,24,6625,833,'95 mg',to_timestamp('13-OCT-06 12.00.00.000000000 AM','DD-MON-RR HH.MI.SS.FF AM'));
Insert into PRESCRIPTION (ANIM_ID,MED_ID,VET_ID,ASSOC_ID,PRES_DOSAGE,PRES_DATE_TAKEN) values (50,11,6482,887,'81 mg',to_timestamp('24-MAY-08 12.00.00.000000000 AM','DD-MON-RR HH.MI.SS.FF AM'));
Insert into PRESCRIPTION (ANIM_ID,MED_ID,VET_ID,ASSOC_ID,PRES_DOSAGE,PRES_DATE_TAKEN) values (22,5,6664,805,'5 mg',to_timestamp('11-SEP-09 12.00.00.000000000 AM','DD-MON-RR HH.MI.SS.FF AM'));
Insert into PRESCRIPTION (ANIM_ID,MED_ID,VET_ID,ASSOC_ID,PRES_DOSAGE,PRES_DATE_TAKEN) values (64,25,6547,887,'55 ml',to_timestamp('19-JUN-04 12.00.00.000000000 AM','DD-MON-RR HH.MI.SS.FF AM'));
Insert into PRESCRIPTION (ANIM_ID,MED_ID,VET_ID,ASSOC_ID,PRES_DOSAGE,PRES_DATE_TAKEN) values (44,28,6664,805,'35 ml',to_timestamp('06-MAY-98 12.00.00.000000000 AM','DD-MON-RR HH.MI.SS.FF AM'));
Insert into PRESCRIPTION (ANIM_ID,MED_ID,VET_ID,ASSOC_ID,PRES_DOSAGE,PRES_DATE_TAKEN) values (30,9,6352,805,'84 mg',to_timestamp('07-FEB-06 12.00.00.000000000 AM','DD-MON-RR HH.MI.SS.FF AM'));
Insert into PRESCRIPTION (ANIM_ID,MED_ID,VET_ID,ASSOC_ID,PRES_DOSAGE,PRES_DATE_TAKEN) values (195,30,6317,863,'6 ml',to_timestamp('24-JUL-09 12.00.00.000000000 AM','DD-MON-RR HH.MI.SS.FF AM'));
Insert into PRESCRIPTION (ANIM_ID,MED_ID,VET_ID,ASSOC_ID,PRES_DOSAGE,PRES_DATE_TAKEN) values (172,16,6261,815,'7 mg',to_timestamp('23-FEB-09 12.00.00.000000000 AM','DD-MON-RR HH.MI.SS.FF AM'));
Insert into PRESCRIPTION (ANIM_ID,MED_ID,VET_ID,ASSOC_ID,PRES_DOSAGE,PRES_DATE_TAKEN) values (4,10,6508,815,'73 tsp',to_timestamp('10-JUL-09 12.00.00.000000000 AM','DD-MON-RR HH.MI.SS.FF AM'));
Insert into PRESCRIPTION (ANIM_ID,MED_ID,VET_ID,ASSOC_ID,PRES_DOSAGE,PRES_DATE_TAKEN) values (144,8,6730,833,'99 tsp',to_timestamp('08-SEP-09 12.00.00.000000000 AM','DD-MON-RR HH.MI.SS.FF AM'));
Insert into PRESCRIPTION (ANIM_ID,MED_ID,VET_ID,ASSOC_ID,PRES_DOSAGE,PRES_DATE_TAKEN) values (69,14,6274,805,'58 tsp',to_timestamp('22-MAY-07 12.00.00.000000000 AM','DD-MON-RR HH.MI.SS.FF AM'));
Insert into PRESCRIPTION (ANIM_ID,MED_ID,VET_ID,ASSOC_ID,PRES_DOSAGE,PRES_DATE_TAKEN) values (22,12,6495,805,'8 tbsp',to_timestamp('11-SEP-09 12.00.00.000000000 AM','DD-MON-RR HH.MI.SS.FF AM'));
Insert into PRESCRIPTION (ANIM_ID,MED_ID,VET_ID,ASSOC_ID,PRES_DOSAGE,PRES_DATE_TAKEN) values (50,20,6378,815,'98 mg',to_timestamp('24-MAY-08 12.00.00.000000000 AM','DD-MON-RR HH.MI.SS.FF AM'));
Insert into PRESCRIPTION (ANIM_ID,MED_ID,VET_ID,ASSOC_ID,PRES_DOSAGE,PRES_DATE_TAKEN) values (79,26,6664,805,'19 mg',to_timestamp('15-NOV-09 12.00.00.000000000 AM','DD-MON-RR HH.MI.SS.FF AM'));
Insert into PRESCRIPTION (ANIM_ID,MED_ID,VET_ID,ASSOC_ID,PRES_DOSAGE,PRES_DATE_TAKEN) values (137,25,6378,815,'76 ml',to_timestamp('17-AUG-05 12.00.00.000000000 AM','DD-MON-RR HH.MI.SS.FF AM'));
Insert into PRESCRIPTION (ANIM_ID,MED_ID,VET_ID,ASSOC_ID,PRES_DOSAGE,PRES_DATE_TAKEN) values (131,7,6235,815,'90 tbsp',to_timestamp('14-AUG-99 12.00.00.000000000 AM','DD-MON-RR HH.MI.SS.FF AM'));
Insert into PRESCRIPTION (ANIM_ID,MED_ID,VET_ID,ASSOC_ID,PRES_DOSAGE,PRES_DATE_TAKEN) values (185,27,6482,887,'72 ml',to_timestamp('17-SEP-08 12.00.00.000000000 AM','DD-MON-RR HH.MI.SS.FF AM'));
Insert into PRESCRIPTION (ANIM_ID,MED_ID,VET_ID,ASSOC_ID,PRES_DOSAGE,PRES_DATE_TAKEN) values (154,3,6313,813,'90 ml',to_timestamp('04-APR-09 12.00.00.000000000 AM','DD-MON-RR HH.MI.SS.FF AM'));
Insert into PRESCRIPTION (ANIM_ID,MED_ID,VET_ID,ASSOC_ID,PRES_DOSAGE,PRES_DATE_TAKEN) values (12,27,6378,815,'82 ml',to_timestamp('07-SEP-98 12.00.00.000000000 AM','DD-MON-RR HH.MI.SS.FF AM'));
Insert into PRESCRIPTION (ANIM_ID,MED_ID,VET_ID,ASSOC_ID,PRES_DOSAGE,PRES_DATE_TAKEN) values (145,19,6160,863,'34 tsp',to_timestamp('27-FEB-10 12.00.00.000000000 AM','DD-MON-RR HH.MI.SS.FF AM'));
Insert into PRESCRIPTION (ANIM_ID,MED_ID,VET_ID,ASSOC_ID,PRES_DOSAGE,PRES_DATE_TAKEN) values (131,13,6856,805,'69 mg',to_timestamp('14-AUG-99 12.00.00.000000000 AM','DD-MON-RR HH.MI.SS.FF AM'));
Insert into PRESCRIPTION (ANIM_ID,MED_ID,VET_ID,ASSOC_ID,PRES_DOSAGE,PRES_DATE_TAKEN) values (171,19,6287,887,'91 tsp',to_timestamp('05-FEB-04 12.00.00.000000000 AM','DD-MON-RR HH.MI.SS.FF AM'));
Insert into PRESCRIPTION (ANIM_ID,MED_ID,VET_ID,ASSOC_ID,PRES_DOSAGE,PRES_DATE_TAKEN) values (144,7,6969,833,'86 tbsp',to_timestamp('08-SEP-09 12.00.00.000000000 AM','DD-MON-RR HH.MI.SS.FF AM'));
Insert into PRESCRIPTION (ANIM_ID,MED_ID,VET_ID,ASSOC_ID,PRES_DOSAGE,PRES_DATE_TAKEN) values (79,4,6160,863,'20 ml',to_timestamp('15-NOV-09 12.00.00.000000000 AM','DD-MON-RR HH.MI.SS.FF AM'));
Insert into PRESCRIPTION (ANIM_ID,MED_ID,VET_ID,ASSOC_ID,PRES_DOSAGE,PRES_DATE_TAKEN) values (76,29,6404,805,'22 tsp',to_timestamp('25-JAN-10 12.00.00.000000000 AM','DD-MON-RR HH.MI.SS.FF AM'));
Insert into PRESCRIPTION (ANIM_ID,MED_ID,VET_ID,ASSOC_ID,PRES_DOSAGE,PRES_DATE_TAKEN) values (48,8,6248,833,'81 tsp',to_timestamp('10-DEC-07 12.00.00.000000000 AM','DD-MON-RR HH.MI.SS.FF AM'));
Insert into PRESCRIPTION (ANIM_ID,MED_ID,VET_ID,ASSOC_ID,PRES_DOSAGE,PRES_DATE_TAKEN) values (170,2,6521,805,'99 tbsp',to_timestamp('27-JUL-07 12.00.00.000000000 AM','DD-MON-RR HH.MI.SS.FF AM'));
Insert into PRESCRIPTION (ANIM_ID,MED_ID,VET_ID,ASSOC_ID,PRES_DOSAGE,PRES_DATE_TAKEN) values (133,12,6378,815,'62 tbsp',to_timestamp('05-AUG-98 12.00.00.000000000 AM','DD-MON-RR HH.MI.SS.FF AM'));
Insert into PRESCRIPTION (ANIM_ID,MED_ID,VET_ID,ASSOC_ID,PRES_DOSAGE,PRES_DATE_TAKEN) values (2,6,6339,813,'74 tbsp',to_timestamp('07-MAR-10 12.00.00.000000000 AM','DD-MON-RR HH.MI.SS.FF AM'));
Insert into PRESCRIPTION (ANIM_ID,MED_ID,VET_ID,ASSOC_ID,PRES_DOSAGE,PRES_DATE_TAKEN) values (106,11,6577,813,'28 mg',to_timestamp('21-DEC-05 12.00.00.000000000 AM','DD-MON-RR HH.MI.SS.FF AM'));
Insert into PRESCRIPTION (ANIM_ID,MED_ID,VET_ID,ASSOC_ID,PRES_DOSAGE,PRES_DATE_TAKEN) values (128,15,6248,833,'48 mg',to_timestamp('06-MAY-98 12.00.00.000000000 AM','DD-MON-RR HH.MI.SS.FF AM'));
Insert into PRESCRIPTION (ANIM_ID,MED_ID,VET_ID,ASSOC_ID,PRES_DOSAGE,PRES_DATE_TAKEN) values (153,4,6339,813,'76 ml',to_timestamp('15-AUG-98 12.00.00.000000000 AM','DD-MON-RR HH.MI.SS.FF AM'));
Insert into PRESCRIPTION (ANIM_ID,MED_ID,VET_ID,ASSOC_ID,PRES_DOSAGE,PRES_DATE_TAKEN) values (128,17,6326,805,'2 mg',to_timestamp('06-MAY-98 12.00.00.000000000 AM','DD-MON-RR HH.MI.SS.FF AM'));
Insert into PRESCRIPTION (ANIM_ID,MED_ID,VET_ID,ASSOC_ID,PRES_DOSAGE,PRES_DATE_TAKEN) values (113,3,6586,863,'29 ml',to_timestamp('07-AUG-09 12.00.00.000000000 AM','DD-MON-RR HH.MI.SS.FF AM'));
Insert into PRESCRIPTION (ANIM_ID,MED_ID,VET_ID,ASSOC_ID,PRES_DOSAGE,PRES_DATE_TAKEN) values (177,10,6317,863,'24 tsp',to_timestamp('01-JAN-10 12.00.00.000000000 AM','DD-MON-RR HH.MI.SS.FF AM'));
Insert into PRESCRIPTION (ANIM_ID,MED_ID,VET_ID,ASSOC_ID,PRES_DOSAGE,PRES_DATE_TAKEN) values (145,1,6326,805,'4 tsp',to_timestamp('27-FEB-10 12.00.00.000000000 AM','DD-MON-RR HH.MI.SS.FF AM'));
Insert into PRESCRIPTION (ANIM_ID,MED_ID,VET_ID,ASSOC_ID,PRES_DOSAGE,PRES_DATE_TAKEN) values (59,9,6287,887,'84 mg',to_timestamp('02-JUL-08 12.00.00.000000000 AM','DD-MON-RR HH.MI.SS.FF AM'));
Insert into PRESCRIPTION (ANIM_ID,MED_ID,VET_ID,ASSOC_ID,PRES_DOSAGE,PRES_DATE_TAKEN) values (31,18,6443,815,'4 tsp',to_timestamp('08-JUN-09 12.00.00.000000000 AM','DD-MON-RR HH.MI.SS.FF AM'));
Insert into PRESCRIPTION (ANIM_ID,MED_ID,VET_ID,ASSOC_ID,PRES_DOSAGE,PRES_DATE_TAKEN) values (139,24,6577,813,'57 mg',to_timestamp('18-APR-04 12.00.00.000000000 AM','DD-MON-RR HH.MI.SS.FF AM'));
Insert into PRESCRIPTION (ANIM_ID,MED_ID,VET_ID,ASSOC_ID,PRES_DOSAGE,PRES_DATE_TAKEN) values (78,12,6651,859,'91 tbsp',to_timestamp('14-AUG-02 12.00.00.000000000 AM','DD-MON-RR HH.MI.SS.FF AM'));
Insert into PRESCRIPTION (ANIM_ID,MED_ID,VET_ID,ASSOC_ID,PRES_DOSAGE,PRES_DATE_TAKEN) values (173,4,6404,805,'54 ml',to_timestamp('22-NOV-99 12.00.00.000000000 AM','DD-MON-RR HH.MI.SS.FF AM'));
Insert into PRESCRIPTION (ANIM_ID,MED_ID,VET_ID,ASSOC_ID,PRES_DOSAGE,PRES_DATE_TAKEN) values (46,6,6334,859,'92 tbsp',to_timestamp('27-AUG-02 12.00.00.000000000 AM','DD-MON-RR HH.MI.SS.FF AM'));
Insert into PRESCRIPTION (ANIM_ID,MED_ID,VET_ID,ASSOC_ID,PRES_DOSAGE,PRES_DATE_TAKEN) values (4,25,6547,887,'55 ml',to_timestamp('10-JUL-09 12.00.00.000000000 AM','DD-MON-RR HH.MI.SS.FF AM'));
Insert into PRESCRIPTION (ANIM_ID,MED_ID,VET_ID,ASSOC_ID,PRES_DOSAGE,PRES_DATE_TAKEN) values (20,11,6730,833,'66 mg',to_timestamp('19-MAR-10 12.00.00.000000000 AM','DD-MON-RR HH.MI.SS.FF AM'));
Insert into PRESCRIPTION (ANIM_ID,MED_ID,VET_ID,ASSOC_ID,PRES_DOSAGE,PRES_DATE_TAKEN) values (98,11,6664,805,'81 mg',to_timestamp('17-OCT-06 12.00.00.000000000 AM','DD-MON-RR HH.MI.SS.FF AM'));
Insert into PRESCRIPTION (ANIM_ID,MED_ID,VET_ID,ASSOC_ID,PRES_DOSAGE,PRES_DATE_TAKEN) values (119,12,6651,859,'36 tbsp',to_timestamp('20-OCT-05 12.00.00.000000000 AM','DD-MON-RR HH.MI.SS.FF AM'));
Insert into PRESCRIPTION (ANIM_ID,MED_ID,VET_ID,ASSOC_ID,PRES_DOSAGE,PRES_DATE_TAKEN) values (174,28,6317,863,'87 ml',to_timestamp('31-OCT-02 12.00.00.000000000 AM','DD-MON-RR HH.MI.SS.FF AM'));
Insert into PRESCRIPTION (ANIM_ID,MED_ID,VET_ID,ASSOC_ID,PRES_DOSAGE,PRES_DATE_TAKEN) values (45,8,6261,815,'82 tsp',to_timestamp('28-NOV-99 12.00.00.000000000 AM','DD-MON-RR HH.MI.SS.FF AM'));
Insert into PRESCRIPTION (ANIM_ID,MED_ID,VET_ID,ASSOC_ID,PRES_DOSAGE,PRES_DATE_TAKEN) values (86,1,6495,805,'38 tsp',to_timestamp('05-AUG-07 12.00.00.000000000 AM','DD-MON-RR HH.MI.SS.FF AM'));
Insert into PRESCRIPTION (ANIM_ID,MED_ID,VET_ID,ASSOC_ID,PRES_DOSAGE,PRES_DATE_TAKEN) values (74,24,6300,859,'64 mg',to_timestamp('27-MAY-07 12.00.00.000000000 AM','DD-MON-RR HH.MI.SS.FF AM'));
Insert into PRESCRIPTION (ANIM_ID,MED_ID,VET_ID,ASSOC_ID,PRES_DOSAGE,PRES_DATE_TAKEN) values (104,19,6378,815,'8 tsp',to_timestamp('14-MAY-98 12.00.00.000000000 AM','DD-MON-RR HH.MI.SS.FF AM'));
Insert into PRESCRIPTION (ANIM_ID,MED_ID,VET_ID,ASSOC_ID,PRES_DOSAGE,PRES_DATE_TAKEN) values (179,25,6664,805,'7 ml',to_timestamp('23-OCT-03 12.00.00.000000000 AM','DD-MON-RR HH.MI.SS.FF AM'));
Insert into PRESCRIPTION (ANIM_ID,MED_ID,VET_ID,ASSOC_ID,PRES_DOSAGE,PRES_DATE_TAKEN) values (20,22,6274,805,'43 tbsp',to_timestamp('19-MAR-10 12.00.00.000000000 AM','DD-MON-RR HH.MI.SS.FF AM'));
Insert into PRESCRIPTION (ANIM_ID,MED_ID,VET_ID,ASSOC_ID,PRES_DOSAGE,PRES_DATE_TAKEN) values (98,21,6300,859,'40 tbsp',to_timestamp('17-OCT-06 12.00.00.000000000 AM','DD-MON-RR HH.MI.SS.FF AM'));
Insert into PRESCRIPTION (ANIM_ID,MED_ID,VET_ID,ASSOC_ID,PRES_DOSAGE,PRES_DATE_TAKEN) values (156,21,6317,863,'29 tbsp',to_timestamp('10-MAR-10 12.00.00.000000000 AM','DD-MON-RR HH.MI.SS.FF AM'));
Insert into PRESCRIPTION (ANIM_ID,MED_ID,VET_ID,ASSOC_ID,PRES_DOSAGE,PRES_DATE_TAKEN) values (53,12,6651,859,'13 tbsp',to_timestamp('09-SEP-08 12.00.00.000000000 AM','DD-MON-RR HH.MI.SS.FF AM'));
Insert into PRESCRIPTION (ANIM_ID,MED_ID,VET_ID,ASSOC_ID,PRES_DOSAGE,PRES_DATE_TAKEN) values (156,26,6313,813,'19 mg',to_timestamp('10-MAR-10 12.00.00.000000000 AM','DD-MON-RR HH.MI.SS.FF AM'));
Insert into PRESCRIPTION (ANIM_ID,MED_ID,VET_ID,ASSOC_ID,PRES_DOSAGE,PRES_DATE_TAKEN) values (174,5,6326,805,'34 mg',to_timestamp('31-OCT-02 12.00.00.000000000 AM','DD-MON-RR HH.MI.SS.FF AM'));
Insert into PRESCRIPTION (ANIM_ID,MED_ID,VET_ID,ASSOC_ID,PRES_DOSAGE,PRES_DATE_TAKEN) values (82,26,6352,805,'34 mg',to_timestamp('05-MAR-06 12.00.00.000000000 AM','DD-MON-RR HH.MI.SS.FF AM'));
Insert into PRESCRIPTION (ANIM_ID,MED_ID,VET_ID,ASSOC_ID,PRES_DOSAGE,PRES_DATE_TAKEN) values (95,11,6612,863,'60 mg',to_timestamp('01-DEC-09 12.00.00.000000000 AM','DD-MON-RR HH.MI.SS.FF AM'));
Insert into PRESCRIPTION (ANIM_ID,MED_ID,VET_ID,ASSOC_ID,PRES_DOSAGE,PRES_DATE_TAKEN) values (117,9,6625,833,'87 mg',to_timestamp('11-JUL-08 12.00.00.000000000 AM','DD-MON-RR HH.MI.SS.FF AM'));
Insert into PRESCRIPTION (ANIM_ID,MED_ID,VET_ID,ASSOC_ID,PRES_DOSAGE,PRES_DATE_TAKEN) values (93,23,6313,813,'44 tsp',to_timestamp('07-JUN-06 12.00.00.000000000 AM','DD-MON-RR HH.MI.SS.FF AM'));
Insert into PRESCRIPTION (ANIM_ID,MED_ID,VET_ID,ASSOC_ID,PRES_DOSAGE,PRES_DATE_TAKEN) values (60,7,6300,859,'42 tbsp',to_timestamp('25-NOV-05 12.00.00.000000000 AM','DD-MON-RR HH.MI.SS.FF AM'));
Insert into PRESCRIPTION (ANIM_ID,MED_ID,VET_ID,ASSOC_ID,PRES_DOSAGE,PRES_DATE_TAKEN) values (148,12,6391,813,'81 tbsp',to_timestamp('31-JUL-09 12.00.00.000000000 AM','DD-MON-RR HH.MI.SS.FF AM'));
Insert into PRESCRIPTION (ANIM_ID,MED_ID,VET_ID,ASSOC_ID,PRES_DOSAGE,PRES_DATE_TAKEN) values (135,21,6969,833,'35 tbsp',to_timestamp('11-JAN-10 12.00.00.000000000 AM','DD-MON-RR HH.MI.SS.FF AM'));
Insert into PRESCRIPTION (ANIM_ID,MED_ID,VET_ID,ASSOC_ID,PRES_DOSAGE,PRES_DATE_TAKEN) values (26,4,6495,805,'34 ml',to_timestamp('11-JUL-09 12.00.00.000000000 AM','DD-MON-RR HH.MI.SS.FF AM'));
Insert into PRESCRIPTION (ANIM_ID,MED_ID,VET_ID,ASSOC_ID,PRES_DOSAGE,PRES_DATE_TAKEN) values (61,6,6586,863,'100 tbsp',to_timestamp('03-JUN-09 12.00.00.000000000 AM','DD-MON-RR HH.MI.SS.FF AM'));
Insert into PRESCRIPTION (ANIM_ID,MED_ID,VET_ID,ASSOC_ID,PRES_DOSAGE,PRES_DATE_TAKEN) values (20,29,6317,863,'27 tsp',to_timestamp('19-MAR-10 12.00.00.000000000 AM','DD-MON-RR HH.MI.SS.FF AM'));
Insert into PRESCRIPTION (ANIM_ID,MED_ID,VET_ID,ASSOC_ID,PRES_DOSAGE,PRES_DATE_TAKEN) values (177,11,6317,863,'32 mg',to_timestamp('01-JAN-10 12.00.00.000000000 AM','DD-MON-RR HH.MI.SS.FF AM'));
Insert into PRESCRIPTION (ANIM_ID,MED_ID,VET_ID,ASSOC_ID,PRES_DOSAGE,PRES_DATE_TAKEN) values (118,14,6300,859,'59 tsp',to_timestamp('13-AUG-09 12.00.00.000000000 AM','DD-MON-RR HH.MI.SS.FF AM'));
Insert into PRESCRIPTION (ANIM_ID,MED_ID,VET_ID,ASSOC_ID,PRES_DOSAGE,PRES_DATE_TAKEN) values (109,6,6391,813,'20 tbsp',to_timestamp('30-NOV-99 12.00.00.000000000 AM','DD-MON-RR HH.MI.SS.FF AM'));
Insert into PRESCRIPTION (ANIM_ID,MED_ID,VET_ID,ASSOC_ID,PRES_DOSAGE,PRES_DATE_TAKEN) values (87,16,6508,815,'90 mg',to_timestamp('14-OCT-01 12.00.00.000000000 AM','DD-MON-RR HH.MI.SS.FF AM'));
Insert into PRESCRIPTION (ANIM_ID,MED_ID,VET_ID,ASSOC_ID,PRES_DOSAGE,PRES_DATE_TAKEN) values (36,2,6482,887,'45 tbsp',to_timestamp('17-FEB-08 12.00.00.000000000 AM','DD-MON-RR HH.MI.SS.FF AM'));
Insert into PRESCRIPTION (ANIM_ID,MED_ID,VET_ID,ASSOC_ID,PRES_DOSAGE,PRES_DATE_TAKEN) values (150,3,6300,859,'65 ml',to_timestamp('23-JUN-03 12.00.00.000000000 AM','DD-MON-RR HH.MI.SS.FF AM'));
Insert into PRESCRIPTION (ANIM_ID,MED_ID,VET_ID,ASSOC_ID,PRES_DOSAGE,PRES_DATE_TAKEN) values (19,23,6443,815,'51 tsp',to_timestamp('13-DEC-08 12.00.00.000000000 AM','DD-MON-RR HH.MI.SS.FF AM'));
Insert into PRESCRIPTION (ANIM_ID,MED_ID,VET_ID,ASSOC_ID,PRES_DOSAGE,PRES_DATE_TAKEN) values (159,17,6352,805,'18 mg',to_timestamp('14-DEC-08 12.00.00.000000000 AM','DD-MON-RR HH.MI.SS.FF AM'));
Insert into PRESCRIPTION (ANIM_ID,MED_ID,VET_ID,ASSOC_ID,PRES_DOSAGE,PRES_DATE_TAKEN) values (20,3,6261,815,'46 ml',to_timestamp('19-MAR-10 12.00.00.000000000 AM','DD-MON-RR HH.MI.SS.FF AM'));
Insert into PRESCRIPTION (ANIM_ID,MED_ID,VET_ID,ASSOC_ID,PRES_DOSAGE,PRES_DATE_TAKEN) values (130,3,6856,805,'18 ml',to_timestamp('04-JUN-07 12.00.00.000000000 AM','DD-MON-RR HH.MI.SS.FF AM'));
Insert into PRESCRIPTION (ANIM_ID,MED_ID,VET_ID,ASSOC_ID,PRES_DOSAGE,PRES_DATE_TAKEN) values (29,9,6326,805,'70 mg',to_timestamp('16-MAY-04 12.00.00.000000000 AM','DD-MON-RR HH.MI.SS.FF AM'));
Insert into PRESCRIPTION (ANIM_ID,MED_ID,VET_ID,ASSOC_ID,PRES_DOSAGE,PRES_DATE_TAKEN) values (149,1,6856,805,'66 tsp',to_timestamp('06-FEB-10 12.00.00.000000000 AM','DD-MON-RR HH.MI.SS.FF AM'));
Insert into PRESCRIPTION (ANIM_ID,MED_ID,VET_ID,ASSOC_ID,PRES_DOSAGE,PRES_DATE_TAKEN) values (8,29,6856,805,'34 tsp',to_timestamp('10-SEP-08 12.00.00.000000000 AM','DD-MON-RR HH.MI.SS.FF AM'));
Insert into PRESCRIPTION (ANIM_ID,MED_ID,VET_ID,ASSOC_ID,PRES_DOSAGE,PRES_DATE_TAKEN) values (113,22,6638,813,'60 tbsp',to_timestamp('07-AUG-09 12.00.00.000000000 AM','DD-MON-RR HH.MI.SS.FF AM'));
Insert into PRESCRIPTION (ANIM_ID,MED_ID,VET_ID,ASSOC_ID,PRES_DOSAGE,PRES_DATE_TAKEN) values (14,2,6404,805,'97 tbsp',to_timestamp('28-FEB-10 12.00.00.000000000 AM','DD-MON-RR HH.MI.SS.FF AM'));
Insert into PRESCRIPTION (ANIM_ID,MED_ID,VET_ID,ASSOC_ID,PRES_DOSAGE,PRES_DATE_TAKEN) values (173,18,6378,815,'23 tsp',to_timestamp('22-NOV-99 12.00.00.000000000 AM','DD-MON-RR HH.MI.SS.FF AM'));
Insert into PRESCRIPTION (ANIM_ID,MED_ID,VET_ID,ASSOC_ID,PRES_DOSAGE,PRES_DATE_TAKEN) values (182,6,6391,813,'67 tbsp',to_timestamp('23-APR-05 12.00.00.000000000 AM','DD-MON-RR HH.MI.SS.FF AM'));
Insert into PRESCRIPTION (ANIM_ID,MED_ID,VET_ID,ASSOC_ID,PRES_DOSAGE,PRES_DATE_TAKEN) values (104,23,6352,805,'5 tsp',to_timestamp('14-MAY-98 12.00.00.000000000 AM','DD-MON-RR HH.MI.SS.FF AM'));
Insert into PRESCRIPTION (ANIM_ID,MED_ID,VET_ID,ASSOC_ID,PRES_DOSAGE,PRES_DATE_TAKEN) values (61,24,6160,863,'18 mg',to_timestamp('03-JUN-09 12.00.00.000000000 AM','DD-MON-RR HH.MI.SS.FF AM'));
Insert into PRESCRIPTION (ANIM_ID,MED_ID,VET_ID,ASSOC_ID,PRES_DOSAGE,PRES_DATE_TAKEN) values (184,21,6339,813,'16 tbsp',to_timestamp('19-OCT-08 12.00.00.000000000 AM','DD-MON-RR HH.MI.SS.FF AM'));
Insert into PRESCRIPTION (ANIM_ID,MED_ID,VET_ID,ASSOC_ID,PRES_DOSAGE,PRES_DATE_TAKEN) values (189,7,6287,887,'55 tbsp',to_timestamp('22-DEC-08 12.00.00.000000000 AM','DD-MON-RR HH.MI.SS.FF AM'));
Insert into PRESCRIPTION (ANIM_ID,MED_ID,VET_ID,ASSOC_ID,PRES_DOSAGE,PRES_DATE_TAKEN) values (111,6,6378,815,'73 tbsp',to_timestamp('28-JUN-98 12.00.00.000000000 AM','DD-MON-RR HH.MI.SS.FF AM'));
Insert into PRESCRIPTION (ANIM_ID,MED_ID,VET_ID,ASSOC_ID,PRES_DOSAGE,PRES_DATE_TAKEN) values (36,24,6547,887,'43 mg',to_timestamp('17-FEB-08 12.00.00.000000000 AM','DD-MON-RR HH.MI.SS.FF AM'));
Insert into PRESCRIPTION (ANIM_ID,MED_ID,VET_ID,ASSOC_ID,PRES_DOSAGE,PRES_DATE_TAKEN) values (143,5,6638,813,'14 mg',to_timestamp('27-JAN-08 12.00.00.000000000 AM','DD-MON-RR HH.MI.SS.FF AM'));
Insert into PRESCRIPTION (ANIM_ID,MED_ID,VET_ID,ASSOC_ID,PRES_DOSAGE,PRES_DATE_TAKEN) values (56,9,6235,815,'62 mg',to_timestamp('15-SEP-99 12.00.00.000000000 AM','DD-MON-RR HH.MI.SS.FF AM'));
Insert into PRESCRIPTION (ANIM_ID,MED_ID,VET_ID,ASSOC_ID,PRES_DOSAGE,PRES_DATE_TAKEN) values (70,2,6599,833,'25 tbsp',to_timestamp('29-JAN-07 12.00.00.000000000 AM','DD-MON-RR HH.MI.SS.FF AM'));
Insert into PRESCRIPTION (ANIM_ID,MED_ID,VET_ID,ASSOC_ID,PRES_DOSAGE,PRES_DATE_TAKEN) values (61,4,6248,833,'35 ml',to_timestamp('03-JUN-09 12.00.00.000000000 AM','DD-MON-RR HH.MI.SS.FF AM'));
Insert into PRESCRIPTION (ANIM_ID,MED_ID,VET_ID,ASSOC_ID,PRES_DOSAGE,PRES_DATE_TAKEN) values (155,22,6856,805,'7 tbsp',to_timestamp('25-JAN-09 12.00.00.000000000 AM','DD-MON-RR HH.MI.SS.FF AM'));
Insert into PRESCRIPTION (ANIM_ID,MED_ID,VET_ID,ASSOC_ID,PRES_DOSAGE,PRES_DATE_TAKEN) values (55,10,6599,833,'25 tsp',to_timestamp('17-SEP-08 12.00.00.000000000 AM','DD-MON-RR HH.MI.SS.FF AM'));
Insert into PRESCRIPTION (ANIM_ID,MED_ID,VET_ID,ASSOC_ID,PRES_DOSAGE,PRES_DATE_TAKEN) values (25,23,6334,859,'7 tsp',to_timestamp('25-JUN-06 12.00.00.000000000 AM','DD-MON-RR HH.MI.SS.FF AM'));
Insert into PRESCRIPTION (ANIM_ID,MED_ID,VET_ID,ASSOC_ID,PRES_DOSAGE,PRES_DATE_TAKEN) values (96,6,6664,805,'83 tbsp',to_timestamp('15-MAR-09 12.00.00.000000000 AM','DD-MON-RR HH.MI.SS.FF AM'));
Insert into PRESCRIPTION (ANIM_ID,MED_ID,VET_ID,ASSOC_ID,PRES_DOSAGE,PRES_DATE_TAKEN) values (192,25,6391,813,'2 ml',to_timestamp('01-SEP-98 12.00.00.000000000 AM','DD-MON-RR HH.MI.SS.FF AM'));
Insert into PRESCRIPTION (ANIM_ID,MED_ID,VET_ID,ASSOC_ID,PRES_DOSAGE,PRES_DATE_TAKEN) values (32,6,6265,887,'92 tbsp',to_timestamp('25-AUG-06 12.00.00.000000000 AM','DD-MON-RR HH.MI.SS.FF AM'));
Insert into PRESCRIPTION (ANIM_ID,MED_ID,VET_ID,ASSOC_ID,PRES_DOSAGE,PRES_DATE_TAKEN) values (70,25,6352,805,'12 ml',to_timestamp('29-JAN-07 12.00.00.000000000 AM','DD-MON-RR HH.MI.SS.FF AM'));
Insert into PRESCRIPTION (ANIM_ID,MED_ID,VET_ID,ASSOC_ID,PRES_DOSAGE,PRES_DATE_TAKEN) values (156,10,6248,833,'34 tsp',to_timestamp('10-MAR-10 12.00.00.000000000 AM','DD-MON-RR HH.MI.SS.FF AM'));
Insert into PRESCRIPTION (ANIM_ID,MED_ID,VET_ID,ASSOC_ID,PRES_DOSAGE,PRES_DATE_TAKEN) values (177,10,6235,815,'72 tsp',to_timestamp('01-JAN-10 12.00.00.000000000 AM','DD-MON-RR HH.MI.SS.FF AM'));
Insert into PRESCRIPTION (ANIM_ID,MED_ID,VET_ID,ASSOC_ID,PRES_DOSAGE,PRES_DATE_TAKEN) values (61,4,6495,805,'15 ml',to_timestamp('03-JUN-09 12.00.00.000000000 AM','DD-MON-RR HH.MI.SS.FF AM'));
Insert into PRESCRIPTION (ANIM_ID,MED_ID,VET_ID,ASSOC_ID,PRES_DOSAGE,PRES_DATE_TAKEN) values (153,12,6334,859,'7 tbsp',to_timestamp('15-AUG-98 12.00.00.000000000 AM','DD-MON-RR HH.MI.SS.FF AM'));
Insert into PRESCRIPTION (ANIM_ID,MED_ID,VET_ID,ASSOC_ID,PRES_DOSAGE,PRES_DATE_TAKEN) values (88,3,6287,887,'80 ml',to_timestamp('20-FEB-10 12.00.00.000000000 AM','DD-MON-RR HH.MI.SS.FF AM'));
Insert into PRESCRIPTION (ANIM_ID,MED_ID,VET_ID,ASSOC_ID,PRES_DOSAGE,PRES_DATE_TAKEN) values (163,28,6586,863,'17 ml',to_timestamp('26-JUL-09 12.00.00.000000000 AM','DD-MON-RR HH.MI.SS.FF AM'));
Insert into PRESCRIPTION (ANIM_ID,MED_ID,VET_ID,ASSOC_ID,PRES_DOSAGE,PRES_DATE_TAKEN) values (46,13,6160,863,'68 mg',to_timestamp('27-AUG-02 12.00.00.000000000 AM','DD-MON-RR HH.MI.SS.FF AM'));
Insert into PRESCRIPTION (ANIM_ID,MED_ID,VET_ID,ASSOC_ID,PRES_DOSAGE,PRES_DATE_TAKEN) values (125,7,6443,815,'66 tbsp',to_timestamp('16-OCT-03 12.00.00.000000000 AM','DD-MON-RR HH.MI.SS.FF AM'));
Insert into PRESCRIPTION (ANIM_ID,MED_ID,VET_ID,ASSOC_ID,PRES_DOSAGE,PRES_DATE_TAKEN) values (33,10,6317,863,'44 tsp',to_timestamp('17-DEC-06 12.00.00.000000000 AM','DD-MON-RR HH.MI.SS.FF AM'));
Insert into PRESCRIPTION (ANIM_ID,MED_ID,VET_ID,ASSOC_ID,PRES_DOSAGE,PRES_DATE_TAKEN) values (109,17,6612,863,'92 mg',to_timestamp('30-NOV-99 12.00.00.000000000 AM','DD-MON-RR HH.MI.SS.FF AM'));
Insert into PRESCRIPTION (ANIM_ID,MED_ID,VET_ID,ASSOC_ID,PRES_DOSAGE,PRES_DATE_TAKEN) values (45,2,6482,887,'27 tbsp',to_timestamp('28-NOV-99 12.00.00.000000000 AM','DD-MON-RR HH.MI.SS.FF AM'));
Insert into PRESCRIPTION (ANIM_ID,MED_ID,VET_ID,ASSOC_ID,PRES_DOSAGE,PRES_DATE_TAKEN) values (49,18,6317,863,'40 tsp',to_timestamp('27-APR-07 12.00.00.000000000 AM','DD-MON-RR HH.MI.SS.FF AM'));
Insert into PRESCRIPTION (ANIM_ID,MED_ID,VET_ID,ASSOC_ID,PRES_DOSAGE,PRES_DATE_TAKEN) values (57,26,6391,813,'44 mg',to_timestamp('28-NOV-99 12.00.00.000000000 AM','DD-MON-RR HH.MI.SS.FF AM'));
Insert into PRESCRIPTION (ANIM_ID,MED_ID,VET_ID,ASSOC_ID,PRES_DOSAGE,PRES_DATE_TAKEN) values (145,29,6612,863,'83 tsp',to_timestamp('27-FEB-10 12.00.00.000000000 AM','DD-MON-RR HH.MI.SS.FF AM'));
Insert into PRESCRIPTION (ANIM_ID,MED_ID,VET_ID,ASSOC_ID,PRES_DOSAGE,PRES_DATE_TAKEN) values (50,10,6599,833,'98 tsp',to_timestamp('24-MAY-08 12.00.00.000000000 AM','DD-MON-RR HH.MI.SS.FF AM'));
Insert into PRESCRIPTION (ANIM_ID,MED_ID,VET_ID,ASSOC_ID,PRES_DOSAGE,PRES_DATE_TAKEN) values (130,15,6378,815,'63 mg',to_timestamp('04-JUN-07 12.00.00.000000000 AM','DD-MON-RR HH.MI.SS.FF AM'));
Insert into PRESCRIPTION (ANIM_ID,MED_ID,VET_ID,ASSOC_ID,PRES_DOSAGE,PRES_DATE_TAKEN) values (172,28,6586,863,'74 ml',to_timestamp('23-FEB-09 12.00.00.000000000 AM','DD-MON-RR HH.MI.SS.FF AM'));
Insert into PRESCRIPTION (ANIM_ID,MED_ID,VET_ID,ASSOC_ID,PRES_DOSAGE,PRES_DATE_TAKEN) values (127,24,6577,813,'57 mg',to_timestamp('14-NOV-09 12.00.00.000000000 AM','DD-MON-RR HH.MI.SS.FF AM'));
Insert into PRESCRIPTION (ANIM_ID,MED_ID,VET_ID,ASSOC_ID,PRES_DOSAGE,PRES_DATE_TAKEN) values (19,20,6326,805,'72 mg',to_timestamp('13-DEC-08 12.00.00.000000000 AM','DD-MON-RR HH.MI.SS.FF AM'));
Insert into PRESCRIPTION (ANIM_ID,MED_ID,VET_ID,ASSOC_ID,PRES_DOSAGE,PRES_DATE_TAKEN) values (5,27,6378,815,'72 ml',to_timestamp('07-AUG-09 12.00.00.000000000 AM','DD-MON-RR HH.MI.SS.FF AM'));
Insert into PRESCRIPTION (ANIM_ID,MED_ID,VET_ID,ASSOC_ID,PRES_DOSAGE,PRES_DATE_TAKEN) values (153,21,6404,805,'64 tbsp',to_timestamp('15-AUG-98 12.00.00.000000000 AM','DD-MON-RR HH.MI.SS.FF AM'));
Insert into PRESCRIPTION (ANIM_ID,MED_ID,VET_ID,ASSOC_ID,PRES_DOSAGE,PRES_DATE_TAKEN) values (144,14,6248,833,'84 tsp',to_timestamp('08-SEP-09 12.00.00.000000000 AM','DD-MON-RR HH.MI.SS.FF AM'));
Insert into PRESCRIPTION (ANIM_ID,MED_ID,VET_ID,ASSOC_ID,PRES_DOSAGE,PRES_DATE_TAKEN) values (70,26,6651,859,'55 mg',to_timestamp('29-JAN-07 12.00.00.000000000 AM','DD-MON-RR HH.MI.SS.FF AM'));
Insert into PRESCRIPTION (ANIM_ID,MED_ID,VET_ID,ASSOC_ID,PRES_DOSAGE,PRES_DATE_TAKEN) values (186,20,6352,805,'64 mg',to_timestamp('05-AUG-07 12.00.00.000000000 AM','DD-MON-RR HH.MI.SS.FF AM'));
Insert into PRESCRIPTION (ANIM_ID,MED_ID,VET_ID,ASSOC_ID,PRES_DOSAGE,PRES_DATE_TAKEN) values (36,23,6482,887,'49 tsp',to_timestamp('17-FEB-08 12.00.00.000000000 AM','DD-MON-RR HH.MI.SS.FF AM'));
Insert into PRESCRIPTION (ANIM_ID,MED_ID,VET_ID,ASSOC_ID,PRES_DOSAGE,PRES_DATE_TAKEN) values (90,12,6248,833,'32 tbsp',to_timestamp('18-AUG-04 12.00.00.000000000 AM','DD-MON-RR HH.MI.SS.FF AM'));
Insert into PRESCRIPTION (ANIM_ID,MED_ID,VET_ID,ASSOC_ID,PRES_DOSAGE,PRES_DATE_TAKEN) values (145,7,6352,805,'30 tbsp',to_timestamp('27-FEB-10 12.00.00.000000000 AM','DD-MON-RR HH.MI.SS.FF AM'));
Insert into PRESCRIPTION (ANIM_ID,MED_ID,VET_ID,ASSOC_ID,PRES_DOSAGE,PRES_DATE_TAKEN) values (63,18,6586,863,'36 tsp',to_timestamp('13-APR-04 12.00.00.000000000 AM','DD-MON-RR HH.MI.SS.FF AM'));
Insert into PRESCRIPTION (ANIM_ID,MED_ID,VET_ID,ASSOC_ID,PRES_DOSAGE,PRES_DATE_TAKEN) values (163,9,6274,805,'95 mg',to_timestamp('26-JUL-09 12.00.00.000000000 AM','DD-MON-RR HH.MI.SS.FF AM'));
Insert into PRESCRIPTION (ANIM_ID,MED_ID,VET_ID,ASSOC_ID,PRES_DOSAGE,PRES_DATE_TAKEN) values (177,12,6378,815,'26 tbsp',to_timestamp('01-JAN-10 12.00.00.000000000 AM','DD-MON-RR HH.MI.SS.FF AM'));
Insert into PRESCRIPTION (ANIM_ID,MED_ID,VET_ID,ASSOC_ID,PRES_DOSAGE,PRES_DATE_TAKEN) values (115,16,6235,815,'9 mg',to_timestamp('20-NOV-07 12.00.00.000000000 AM','DD-MON-RR HH.MI.SS.FF AM'));
Insert into PRESCRIPTION (ANIM_ID,MED_ID,VET_ID,ASSOC_ID,PRES_DOSAGE,PRES_DATE_TAKEN) values (119,15,6443,815,'37 mg',to_timestamp('20-OCT-05 12.00.00.000000000 AM','DD-MON-RR HH.MI.SS.FF AM'));
Insert into PRESCRIPTION (ANIM_ID,MED_ID,VET_ID,ASSOC_ID,PRES_DOSAGE,PRES_DATE_TAKEN) values (76,4,6443,815,'25 ml',to_timestamp('25-JAN-10 12.00.00.000000000 AM','DD-MON-RR HH.MI.SS.FF AM'));
Insert into PRESCRIPTION (ANIM_ID,MED_ID,VET_ID,ASSOC_ID,PRES_DOSAGE,PRES_DATE_TAKEN) values (115,28,6969,833,'83 ml',to_timestamp('20-NOV-07 12.00.00.000000000 AM','DD-MON-RR HH.MI.SS.FF AM'));
Insert into PRESCRIPTION (ANIM_ID,MED_ID,VET_ID,ASSOC_ID,PRES_DOSAGE,PRES_DATE_TAKEN) values (106,5,6334,859,'89 mg',to_timestamp('21-DEC-05 12.00.00.000000000 AM','DD-MON-RR HH.MI.SS.FF AM'));
Insert into PRESCRIPTION (ANIM_ID,MED_ID,VET_ID,ASSOC_ID,PRES_DOSAGE,PRES_DATE_TAKEN) values (7,26,6577,813,'84 mg',to_timestamp('09-MAY-02 12.00.00.000000000 AM','DD-MON-RR HH.MI.SS.FF AM'));
Insert into PRESCRIPTION (ANIM_ID,MED_ID,VET_ID,ASSOC_ID,PRES_DOSAGE,PRES_DATE_TAKEN) values (169,14,6248,833,'79 tsp',to_timestamp('08-JUL-99 12.00.00.000000000 AM','DD-MON-RR HH.MI.SS.FF AM'));
Insert into PRESCRIPTION (ANIM_ID,MED_ID,VET_ID,ASSOC_ID,PRES_DOSAGE,PRES_DATE_TAKEN) values (192,17,6586,863,'21 mg',to_timestamp('01-SEP-98 12.00.00.000000000 AM','DD-MON-RR HH.MI.SS.FF AM'));
Insert into PRESCRIPTION (ANIM_ID,MED_ID,VET_ID,ASSOC_ID,PRES_DOSAGE,PRES_DATE_TAKEN) values (130,20,6638,813,'1 mg',to_timestamp('04-JUN-07 12.00.00.000000000 AM','DD-MON-RR HH.MI.SS.FF AM'));
Insert into PRESCRIPTION (ANIM_ID,MED_ID,VET_ID,ASSOC_ID,PRES_DOSAGE,PRES_DATE_TAKEN) values (171,14,6248,833,'13 tsp',to_timestamp('05-FEB-04 12.00.00.000000000 AM','DD-MON-RR HH.MI.SS.FF AM'));
Insert into PRESCRIPTION (ANIM_ID,MED_ID,VET_ID,ASSOC_ID,PRES_DOSAGE,PRES_DATE_TAKEN) values (142,21,6248,833,'51 tbsp',to_timestamp('12-AUG-06 12.00.00.000000000 AM','DD-MON-RR HH.MI.SS.FF AM'));
Insert into PRESCRIPTION (ANIM_ID,MED_ID,VET_ID,ASSOC_ID,PRES_DOSAGE,PRES_DATE_TAKEN) values (125,21,6261,815,'83 tbsp',to_timestamp('16-OCT-03 12.00.00.000000000 AM','DD-MON-RR HH.MI.SS.FF AM'));
Insert into PRESCRIPTION (ANIM_ID,MED_ID,VET_ID,ASSOC_ID,PRES_DOSAGE,PRES_DATE_TAKEN) values (79,24,6274,805,'56 mg',to_timestamp('15-NOV-09 12.00.00.000000000 AM','DD-MON-RR HH.MI.SS.FF AM'));
Insert into PRESCRIPTION (ANIM_ID,MED_ID,VET_ID,ASSOC_ID,PRES_DOSAGE,PRES_DATE_TAKEN) values (35,25,6287,887,'38 ml',to_timestamp('14-JAN-03 12.00.00.000000000 AM','DD-MON-RR HH.MI.SS.FF AM'));
Insert into PRESCRIPTION (ANIM_ID,MED_ID,VET_ID,ASSOC_ID,PRES_DOSAGE,PRES_DATE_TAKEN) values (114,15,6521,805,'99 mg',to_timestamp('29-MAR-07 12.00.00.000000000 AM','DD-MON-RR HH.MI.SS.FF AM'));
Insert into PRESCRIPTION (ANIM_ID,MED_ID,VET_ID,ASSOC_ID,PRES_DOSAGE,PRES_DATE_TAKEN) values (132,14,6300,859,'88 tsp',to_timestamp('11-OCT-09 12.00.00.000000000 AM','DD-MON-RR HH.MI.SS.FF AM'));
Insert into PRESCRIPTION (ANIM_ID,MED_ID,VET_ID,ASSOC_ID,PRES_DOSAGE,PRES_DATE_TAKEN) values (160,23,6378,815,'68 tsp',to_timestamp('01-JUN-08 12.00.00.000000000 AM','DD-MON-RR HH.MI.SS.FF AM'));
Insert into PRESCRIPTION (ANIM_ID,MED_ID,VET_ID,ASSOC_ID,PRES_DOSAGE,PRES_DATE_TAKEN) values (16,22,6339,813,'30 tbsp',to_timestamp('01-MAR-04 12.00.00.000000000 AM','DD-MON-RR HH.MI.SS.FF AM'));
Insert into PRESCRIPTION (ANIM_ID,MED_ID,VET_ID,ASSOC_ID,PRES_DOSAGE,PRES_DATE_TAKEN) values (129,6,6287,887,'8 tbsp',to_timestamp('09-AUG-07 12.00.00.000000000 AM','DD-MON-RR HH.MI.SS.FF AM'));
Insert into PRESCRIPTION (ANIM_ID,MED_ID,VET_ID,ASSOC_ID,PRES_DOSAGE,PRES_DATE_TAKEN) values (128,29,6969,833,'8 tsp',to_timestamp('06-MAY-98 12.00.00.000000000 AM','DD-MON-RR HH.MI.SS.FF AM'));
Insert into PRESCRIPTION (ANIM_ID,MED_ID,VET_ID,ASSOC_ID,PRES_DOSAGE,PRES_DATE_TAKEN) values (155,2,6612,863,'58 tbsp',to_timestamp('25-JAN-09 12.00.00.000000000 AM','DD-MON-RR HH.MI.SS.FF AM'));
Insert into PRESCRIPTION (ANIM_ID,MED_ID,VET_ID,ASSOC_ID,PRES_DOSAGE,PRES_DATE_TAKEN) values (178,5,6651,859,'59 mg',to_timestamp('21-JUL-05 12.00.00.000000000 AM','DD-MON-RR HH.MI.SS.FF AM'));
Insert into PRESCRIPTION (ANIM_ID,MED_ID,VET_ID,ASSOC_ID,PRES_DOSAGE,PRES_DATE_TAKEN) values (149,4,6317,863,'21 ml',to_timestamp('06-FEB-10 12.00.00.000000000 AM','DD-MON-RR HH.MI.SS.FF AM'));
Insert into PRESCRIPTION (ANIM_ID,MED_ID,VET_ID,ASSOC_ID,PRES_DOSAGE,PRES_DATE_TAKEN) values (21,1,6313,813,'56 tsp',to_timestamp('14-JUN-09 12.00.00.000000000 AM','DD-MON-RR HH.MI.SS.FF AM'));
Insert into PRESCRIPTION (ANIM_ID,MED_ID,VET_ID,ASSOC_ID,PRES_DOSAGE,PRES_DATE_TAKEN) values (33,15,6261,815,'78 mg',to_timestamp('17-DEC-06 12.00.00.000000000 AM','DD-MON-RR HH.MI.SS.FF AM'));
Insert into PRESCRIPTION (ANIM_ID,MED_ID,VET_ID,ASSOC_ID,PRES_DOSAGE,PRES_DATE_TAKEN) values (97,11,6326,805,'54 mg',to_timestamp('02-FEB-10 12.00.00.000000000 AM','DD-MON-RR HH.MI.SS.FF AM'));
Insert into PRESCRIPTION (ANIM_ID,MED_ID,VET_ID,ASSOC_ID,PRES_DOSAGE,PRES_DATE_TAKEN) values (136,10,6235,815,'66 tsp',to_timestamp('08-MAY-01 12.00.00.000000000 AM','DD-MON-RR HH.MI.SS.FF AM'));
Insert into PRESCRIPTION (ANIM_ID,MED_ID,VET_ID,ASSOC_ID,PRES_DOSAGE,PRES_DATE_TAKEN) values (162,29,6482,887,'49 tsp',to_timestamp('31-JUL-09 12.00.00.000000000 AM','DD-MON-RR HH.MI.SS.FF AM'));
Insert into PRESCRIPTION (ANIM_ID,MED_ID,VET_ID,ASSOC_ID,PRES_DOSAGE,PRES_DATE_TAKEN) values (154,15,6261,815,'43 mg',to_timestamp('04-APR-09 12.00.00.000000000 AM','DD-MON-RR HH.MI.SS.FF AM'));
Insert into PRESCRIPTION (ANIM_ID,MED_ID,VET_ID,ASSOC_ID,PRES_DOSAGE,PRES_DATE_TAKEN) values (71,30,6248,833,'47 ml',to_timestamp('11-SEP-07 12.00.00.000000000 AM','DD-MON-RR HH.MI.SS.FF AM'));
Insert into PRESCRIPTION (ANIM_ID,MED_ID,VET_ID,ASSOC_ID,PRES_DOSAGE,PRES_DATE_TAKEN) values (140,14,6265,887,'44 tsp',to_timestamp('15-JUN-02 12.00.00.000000000 AM','DD-MON-RR HH.MI.SS.FF AM'));
Insert into PRESCRIPTION (ANIM_ID,MED_ID,VET_ID,ASSOC_ID,PRES_DOSAGE,PRES_DATE_TAKEN) values (167,17,6651,859,'80 mg',to_timestamp('28-OCT-09 12.00.00.000000000 AM','DD-MON-RR HH.MI.SS.FF AM'));
Insert into PRESCRIPTION (ANIM_ID,MED_ID,VET_ID,ASSOC_ID,PRES_DOSAGE,PRES_DATE_TAKEN) values (69,20,6404,805,'74 mg',to_timestamp('22-MAY-07 12.00.00.000000000 AM','DD-MON-RR HH.MI.SS.FF AM'));
Insert into PRESCRIPTION (ANIM_ID,MED_ID,VET_ID,ASSOC_ID,PRES_DOSAGE,PRES_DATE_TAKEN) values (114,12,6547,887,'58 tbsp',to_timestamp('29-MAR-07 12.00.00.000000000 AM','DD-MON-RR HH.MI.SS.FF AM'));
Insert into PRESCRIPTION (ANIM_ID,MED_ID,VET_ID,ASSOC_ID,PRES_DOSAGE,PRES_DATE_TAKEN) values (71,16,6334,859,'5 mg',to_timestamp('11-SEP-07 12.00.00.000000000 AM','DD-MON-RR HH.MI.SS.FF AM'));
Insert into PRESCRIPTION (ANIM_ID,MED_ID,VET_ID,ASSOC_ID,PRES_DOSAGE,PRES_DATE_TAKEN) values (49,9,6235,815,'37 mg',to_timestamp('27-APR-07 12.00.00.000000000 AM','DD-MON-RR HH.MI.SS.FF AM'));
Insert into PRESCRIPTION (ANIM_ID,MED_ID,VET_ID,ASSOC_ID,PRES_DOSAGE,PRES_DATE_TAKEN) values (74,6,6651,859,'33 tbsp',to_timestamp('27-MAY-07 12.00.00.000000000 AM','DD-MON-RR HH.MI.SS.FF AM'));
Insert into PRESCRIPTION (ANIM_ID,MED_ID,VET_ID,ASSOC_ID,PRES_DOSAGE,PRES_DATE_TAKEN) values (104,9,6391,813,'96 mg',to_timestamp('14-MAY-98 12.00.00.000000000 AM','DD-MON-RR HH.MI.SS.FF AM'));
Insert into PRESCRIPTION (ANIM_ID,MED_ID,VET_ID,ASSOC_ID,PRES_DOSAGE,PRES_DATE_TAKEN) values (178,24,6599,833,'63 mg',to_timestamp('21-JUL-05 12.00.00.000000000 AM','DD-MON-RR HH.MI.SS.FF AM'));
Insert into PRESCRIPTION (ANIM_ID,MED_ID,VET_ID,ASSOC_ID,PRES_DOSAGE,PRES_DATE_TAKEN) values (55,28,6521,805,'32 ml',to_timestamp('17-SEP-08 12.00.00.000000000 AM','DD-MON-RR HH.MI.SS.FF AM'));
Insert into PRESCRIPTION (ANIM_ID,MED_ID,VET_ID,ASSOC_ID,PRES_DOSAGE,PRES_DATE_TAKEN) values (6,6,6508,815,'70 tbsp',to_timestamp('16-APR-06 12.00.00.000000000 AM','DD-MON-RR HH.MI.SS.FF AM'));
Insert into PRESCRIPTION (ANIM_ID,MED_ID,VET_ID,ASSOC_ID,PRES_DOSAGE,PRES_DATE_TAKEN) values (11,15,6265,887,'70 mg',to_timestamp('28-JUN-05 12.00.00.000000000 AM','DD-MON-RR HH.MI.SS.FF AM'));
Insert into PRESCRIPTION (ANIM_ID,MED_ID,VET_ID,ASSOC_ID,PRES_DOSAGE,PRES_DATE_TAKEN) values (20,19,6547,887,'52 tsp',to_timestamp('19-MAR-10 12.00.00.000000000 AM','DD-MON-RR HH.MI.SS.FF AM'));
Insert into PRESCRIPTION (ANIM_ID,MED_ID,VET_ID,ASSOC_ID,PRES_DOSAGE,PRES_DATE_TAKEN) values (158,12,6612,863,'74 tbsp',to_timestamp('28-JUN-04 12.00.00.000000000 AM','DD-MON-RR HH.MI.SS.FF AM'));
Insert into PRESCRIPTION (ANIM_ID,MED_ID,VET_ID,ASSOC_ID,PRES_DOSAGE,PRES_DATE_TAKEN) values (113,10,6856,805,'33 tsp',to_timestamp('07-AUG-09 12.00.00.000000000 AM','DD-MON-RR HH.MI.SS.FF AM'));
Insert into PRESCRIPTION (ANIM_ID,MED_ID,VET_ID,ASSOC_ID,PRES_DOSAGE,PRES_DATE_TAKEN) values (131,2,6313,813,'73 tbsp',to_timestamp('14-AUG-99 12.00.00.000000000 AM','DD-MON-RR HH.MI.SS.FF AM'));
Insert into PRESCRIPTION (ANIM_ID,MED_ID,VET_ID,ASSOC_ID,PRES_DOSAGE,PRES_DATE_TAKEN) values (130,8,6482,887,'18 tsp',to_timestamp('04-JUN-07 12.00.00.000000000 AM','DD-MON-RR HH.MI.SS.FF AM'));
Insert into PRESCRIPTION (ANIM_ID,MED_ID,VET_ID,ASSOC_ID,PRES_DOSAGE,PRES_DATE_TAKEN) values (29,28,6586,863,'29 ml',to_timestamp('16-MAY-04 12.00.00.000000000 AM','DD-MON-RR HH.MI.SS.FF AM'));
Insert into PRESCRIPTION (ANIM_ID,MED_ID,VET_ID,ASSOC_ID,PRES_DOSAGE,PRES_DATE_TAKEN) values (109,12,6573,863,'52 tbsp',to_timestamp('30-NOV-99 12.00.00.000000000 AM','DD-MON-RR HH.MI.SS.FF AM'));
Insert into PRESCRIPTION (ANIM_ID,MED_ID,VET_ID,ASSOC_ID,PRES_DOSAGE,PRES_DATE_TAKEN) values (37,27,6612,863,'50 ml',to_timestamp('14-OCT-04 12.00.00.000000000 AM','DD-MON-RR HH.MI.SS.FF AM'));
Insert into PRESCRIPTION (ANIM_ID,MED_ID,VET_ID,ASSOC_ID,PRES_DOSAGE,PRES_DATE_TAKEN) values (8,14,6730,833,'22 tsp',to_timestamp('10-SEP-08 12.00.00.000000000 AM','DD-MON-RR HH.MI.SS.FF AM'));
Insert into PRESCRIPTION (ANIM_ID,MED_ID,VET_ID,ASSOC_ID,PRES_DOSAGE,PRES_DATE_TAKEN) values (116,29,6856,805,'44 tsp',to_timestamp('16-SEP-06 12.00.00.000000000 AM','DD-MON-RR HH.MI.SS.FF AM'));
Insert into PRESCRIPTION (ANIM_ID,MED_ID,VET_ID,ASSOC_ID,PRES_DOSAGE,PRES_DATE_TAKEN) values (105,22,6300,859,'14 tbsp',to_timestamp('22-MAY-09 12.00.00.000000000 AM','DD-MON-RR HH.MI.SS.FF AM'));
Insert into PRESCRIPTION (ANIM_ID,MED_ID,VET_ID,ASSOC_ID,PRES_DOSAGE,PRES_DATE_TAKEN) values (11,29,6313,813,'90 tsp',to_timestamp('28-JUN-05 12.00.00.000000000 AM','DD-MON-RR HH.MI.SS.FF AM'));
Insert into PRESCRIPTION (ANIM_ID,MED_ID,VET_ID,ASSOC_ID,PRES_DOSAGE,PRES_DATE_TAKEN) values (96,30,6625,833,'33 ml',to_timestamp('15-MAR-09 12.00.00.000000000 AM','DD-MON-RR HH.MI.SS.FF AM'));
Insert into PRESCRIPTION (ANIM_ID,MED_ID,VET_ID,ASSOC_ID,PRES_DOSAGE,PRES_DATE_TAKEN) values (143,16,6577,813,'1 mg',to_timestamp('27-JAN-08 12.00.00.000000000 AM','DD-MON-RR HH.MI.SS.FF AM'));
Insert into PRESCRIPTION (ANIM_ID,MED_ID,VET_ID,ASSOC_ID,PRES_DOSAGE,PRES_DATE_TAKEN) values (24,20,6638,813,'51 mg',to_timestamp('21-JAN-99 12.00.00.000000000 AM','DD-MON-RR HH.MI.SS.FF AM'));
Insert into PRESCRIPTION (ANIM_ID,MED_ID,VET_ID,ASSOC_ID,PRES_DOSAGE,PRES_DATE_TAKEN) values (56,23,6521,805,'20 tsp',to_timestamp('15-SEP-99 12.00.00.000000000 AM','DD-MON-RR HH.MI.SS.FF AM'));
Insert into PRESCRIPTION (ANIM_ID,MED_ID,VET_ID,ASSOC_ID,PRES_DOSAGE,PRES_DATE_TAKEN) values (178,26,6300,859,'43 mg',to_timestamp('21-JUL-05 12.00.00.000000000 AM','DD-MON-RR HH.MI.SS.FF AM'));
Insert into PRESCRIPTION (ANIM_ID,MED_ID,VET_ID,ASSOC_ID,PRES_DOSAGE,PRES_DATE_TAKEN) values (9,28,6352,805,'17 ml',to_timestamp('06-JUN-07 12.00.00.000000000 AM','DD-MON-RR HH.MI.SS.FF AM'));
Insert into PRESCRIPTION (ANIM_ID,MED_ID,VET_ID,ASSOC_ID,PRES_DOSAGE,PRES_DATE_TAKEN) values (168,20,6326,805,'92 mg',to_timestamp('31-JAN-08 12.00.00.000000000 AM','DD-MON-RR HH.MI.SS.FF AM'));
Insert into PRESCRIPTION (ANIM_ID,MED_ID,VET_ID,ASSOC_ID,PRES_DOSAGE,PRES_DATE_TAKEN) values (159,20,6339,813,'12 mg',to_timestamp('14-DEC-08 12.00.00.000000000 AM','DD-MON-RR HH.MI.SS.FF AM'));
Insert into PRESCRIPTION (ANIM_ID,MED_ID,VET_ID,ASSOC_ID,PRES_DOSAGE,PRES_DATE_TAKEN) values (123,23,6969,833,'11 tsp',to_timestamp('25-APR-03 12.00.00.000000000 AM','DD-MON-RR HH.MI.SS.FF AM'));
Insert into PRESCRIPTION (ANIM_ID,MED_ID,VET_ID,ASSOC_ID,PRES_DOSAGE,PRES_DATE_TAKEN) values (122,7,6969,833,'43 tbsp',to_timestamp('18-FEB-09 12.00.00.000000000 AM','DD-MON-RR HH.MI.SS.FF AM'));
Insert into PRESCRIPTION (ANIM_ID,MED_ID,VET_ID,ASSOC_ID,PRES_DOSAGE,PRES_DATE_TAKEN) values (79,26,6586,863,'52 mg',to_timestamp('15-NOV-09 12.00.00.000000000 AM','DD-MON-RR HH.MI.SS.FF AM'));
Insert into PRESCRIPTION (ANIM_ID,MED_ID,VET_ID,ASSOC_ID,PRES_DOSAGE,PRES_DATE_TAKEN) values (156,11,6495,805,'6 mg',to_timestamp('10-MAR-10 12.00.00.000000000 AM','DD-MON-RR HH.MI.SS.FF AM'));
Insert into PRESCRIPTION (ANIM_ID,MED_ID,VET_ID,ASSOC_ID,PRES_DOSAGE,PRES_DATE_TAKEN) values (104,26,6339,813,'28 mg',to_timestamp('14-MAY-98 12.00.00.000000000 AM','DD-MON-RR HH.MI.SS.FF AM'));
Insert into PRESCRIPTION (ANIM_ID,MED_ID,VET_ID,ASSOC_ID,PRES_DOSAGE,PRES_DATE_TAKEN) values (114,26,6856,805,'16 mg',to_timestamp('29-MAR-07 12.00.00.000000000 AM','DD-MON-RR HH.MI.SS.FF AM'));
Insert into PRESCRIPTION (ANIM_ID,MED_ID,VET_ID,ASSOC_ID,PRES_DOSAGE,PRES_DATE_TAKEN) values (110,8,6339,813,'37 tsp',to_timestamp('13-NOV-09 12.00.00.000000000 AM','DD-MON-RR HH.MI.SS.FF AM'));
Insert into PRESCRIPTION (ANIM_ID,MED_ID,VET_ID,ASSOC_ID,PRES_DOSAGE,PRES_DATE_TAKEN) values (189,19,6326,805,'76 tsp',to_timestamp('22-DEC-08 12.00.00.000000000 AM','DD-MON-RR HH.MI.SS.FF AM'));
Insert into PRESCRIPTION (ANIM_ID,MED_ID,VET_ID,ASSOC_ID,PRES_DOSAGE,PRES_DATE_TAKEN) values (13,28,6664,805,'19 ml',to_timestamp('21-JUN-08 12.00.00.000000000 AM','DD-MON-RR HH.MI.SS.FF AM'));
Insert into PRESCRIPTION (ANIM_ID,MED_ID,VET_ID,ASSOC_ID,PRES_DOSAGE,PRES_DATE_TAKEN) values (6,10,6326,805,'34 tsp',to_timestamp('16-APR-06 12.00.00.000000000 AM','DD-MON-RR HH.MI.SS.FF AM'));
Insert into PRESCRIPTION (ANIM_ID,MED_ID,VET_ID,ASSOC_ID,PRES_DOSAGE,PRES_DATE_TAKEN) values (0,29,6730,833,'96 tsp',to_timestamp('09-MAR-08 12.00.00.000000000 AM','DD-MON-RR HH.MI.SS.FF AM'));
Insert into PRESCRIPTION (ANIM_ID,MED_ID,VET_ID,ASSOC_ID,PRES_DOSAGE,PRES_DATE_TAKEN) values (65,15,6599,833,'71 mg',to_timestamp('10-NOV-01 12.00.00.000000000 AM','DD-MON-RR HH.MI.SS.FF AM'));
Insert into PRESCRIPTION (ANIM_ID,MED_ID,VET_ID,ASSOC_ID,PRES_DOSAGE,PRES_DATE_TAKEN) values (193,6,6160,863,'98 tbsp',to_timestamp('09-SEP-03 12.00.00.000000000 AM','DD-MON-RR HH.MI.SS.FF AM'));
Insert into PRESCRIPTION (ANIM_ID,MED_ID,VET_ID,ASSOC_ID,PRES_DOSAGE,PRES_DATE_TAKEN) values (47,18,6378,815,'16 tsp',to_timestamp('10-JUL-03 12.00.00.000000000 AM','DD-MON-RR HH.MI.SS.FF AM'));
Insert into PRESCRIPTION (ANIM_ID,MED_ID,VET_ID,ASSOC_ID,PRES_DOSAGE,PRES_DATE_TAKEN) values (170,24,6586,863,'83 mg',to_timestamp('27-JUL-07 12.00.00.000000000 AM','DD-MON-RR HH.MI.SS.FF AM'));
Insert into PRESCRIPTION (ANIM_ID,MED_ID,VET_ID,ASSOC_ID,PRES_DOSAGE,PRES_DATE_TAKEN) values (82,21,6235,815,'4 tbsp',to_timestamp('05-MAR-06 12.00.00.000000000 AM','DD-MON-RR HH.MI.SS.FF AM'));
Insert into PRESCRIPTION (ANIM_ID,MED_ID,VET_ID,ASSOC_ID,PRES_DOSAGE,PRES_DATE_TAKEN) values (97,19,6586,863,'69 tsp',to_timestamp('02-FEB-10 12.00.00.000000000 AM','DD-MON-RR HH.MI.SS.FF AM'));
Insert into PRESCRIPTION (ANIM_ID,MED_ID,VET_ID,ASSOC_ID,PRES_DOSAGE,PRES_DATE_TAKEN) values (117,20,6482,887,'100 mg',to_timestamp('11-JUL-08 12.00.00.000000000 AM','DD-MON-RR HH.MI.SS.FF AM'));
Insert into PRESCRIPTION (ANIM_ID,MED_ID,VET_ID,ASSOC_ID,PRES_DOSAGE,PRES_DATE_TAKEN) values (10,11,6495,805,'33 mg',to_timestamp('12-JAN-10 12.00.00.000000000 AM','DD-MON-RR HH.MI.SS.FF AM'));
Insert into PRESCRIPTION (ANIM_ID,MED_ID,VET_ID,ASSOC_ID,PRES_DOSAGE,PRES_DATE_TAKEN) values (160,19,6482,887,'73 tsp',to_timestamp('01-JUN-08 12.00.00.000000000 AM','DD-MON-RR HH.MI.SS.FF AM'));
Insert into PRESCRIPTION (ANIM_ID,MED_ID,VET_ID,ASSOC_ID,PRES_DOSAGE,PRES_DATE_TAKEN) values (115,26,6730,833,'37 mg',to_timestamp('20-NOV-07 12.00.00.000000000 AM','DD-MON-RR HH.MI.SS.FF AM'));
Insert into PRESCRIPTION (ANIM_ID,MED_ID,VET_ID,ASSOC_ID,PRES_DOSAGE,PRES_DATE_TAKEN) values (194,13,6261,815,'95 mg',to_timestamp('16-JAN-06 12.00.00.000000000 AM','DD-MON-RR HH.MI.SS.FF AM'));
Insert into PRESCRIPTION (ANIM_ID,MED_ID,VET_ID,ASSOC_ID,PRES_DOSAGE,PRES_DATE_TAKEN) values (123,16,6378,815,'72 mg',to_timestamp('25-APR-03 12.00.00.000000000 AM','DD-MON-RR HH.MI.SS.FF AM'));
Insert into PRESCRIPTION (ANIM_ID,MED_ID,VET_ID,ASSOC_ID,PRES_DOSAGE,PRES_DATE_TAKEN) values (20,30,6404,805,'43 ml',to_timestamp('19-MAR-10 12.00.00.000000000 AM','DD-MON-RR HH.MI.SS.FF AM'));
Insert into PRESCRIPTION (ANIM_ID,MED_ID,VET_ID,ASSOC_ID,PRES_DOSAGE,PRES_DATE_TAKEN) values (106,22,6339,813,'33 tbsp',to_timestamp('21-DEC-05 12.00.00.000000000 AM','DD-MON-RR HH.MI.SS.FF AM'));
Insert into PRESCRIPTION (ANIM_ID,MED_ID,VET_ID,ASSOC_ID,PRES_DOSAGE,PRES_DATE_TAKEN) values (1,19,6326,805,'79 tsp',to_timestamp('03-JAN-02 12.00.00.000000000 AM','DD-MON-RR HH.MI.SS.FF AM'));
Insert into PRESCRIPTION (ANIM_ID,MED_ID,VET_ID,ASSOC_ID,PRES_DOSAGE,PRES_DATE_TAKEN) values (74,15,6612,863,'70 mg',to_timestamp('27-MAY-07 12.00.00.000000000 AM','DD-MON-RR HH.MI.SS.FF AM'));
Insert into PRESCRIPTION (ANIM_ID,MED_ID,VET_ID,ASSOC_ID,PRES_DOSAGE,PRES_DATE_TAKEN) values (78,2,6235,815,'72 tbsp',to_timestamp('14-AUG-02 12.00.00.000000000 AM','DD-MON-RR HH.MI.SS.FF AM'));
Insert into PRESCRIPTION (ANIM_ID,MED_ID,VET_ID,ASSOC_ID,PRES_DOSAGE,PRES_DATE_TAKEN) values (9,2,6730,833,'57 tbsp',to_timestamp('06-JUN-07 12.00.00.000000000 AM','DD-MON-RR HH.MI.SS.FF AM'));
Insert into PRESCRIPTION (ANIM_ID,MED_ID,VET_ID,ASSOC_ID,PRES_DOSAGE,PRES_DATE_TAKEN) values (55,6,6651,859,'14 tbsp',to_timestamp('17-SEP-08 12.00.00.000000000 AM','DD-MON-RR HH.MI.SS.FF AM'));
Insert into PRESCRIPTION (ANIM_ID,MED_ID,VET_ID,ASSOC_ID,PRES_DOSAGE,PRES_DATE_TAKEN) values (98,10,6508,815,'45 tsp',to_timestamp('17-OCT-06 12.00.00.000000000 AM','DD-MON-RR HH.MI.SS.FF AM'));
Insert into PRESCRIPTION (ANIM_ID,MED_ID,VET_ID,ASSOC_ID,PRES_DOSAGE,PRES_DATE_TAKEN) values (128,26,6547,887,'78 mg',to_timestamp('06-MAY-98 12.00.00.000000000 AM','DD-MON-RR HH.MI.SS.FF AM'));
Insert into PRESCRIPTION (ANIM_ID,MED_ID,VET_ID,ASSOC_ID,PRES_DOSAGE,PRES_DATE_TAKEN) values (24,14,6326,805,'67 tsp',to_timestamp('21-JAN-99 12.00.00.000000000 AM','DD-MON-RR HH.MI.SS.FF AM'));
Insert into PRESCRIPTION (ANIM_ID,MED_ID,VET_ID,ASSOC_ID,PRES_DOSAGE,PRES_DATE_TAKEN) values (39,27,6160,863,'17 ml',to_timestamp('23-NOV-08 12.00.00.000000000 AM','DD-MON-RR HH.MI.SS.FF AM'));
Insert into PRESCRIPTION (ANIM_ID,MED_ID,VET_ID,ASSOC_ID,PRES_DOSAGE,PRES_DATE_TAKEN) values (172,26,6404,805,'56 mg',to_timestamp('23-FEB-09 12.00.00.000000000 AM','DD-MON-RR HH.MI.SS.FF AM'));
Insert into PRESCRIPTION (ANIM_ID,MED_ID,VET_ID,ASSOC_ID,PRES_DOSAGE,PRES_DATE_TAKEN) values (4,6,6160,863,'95 tbsp',to_timestamp('10-JUL-09 12.00.00.000000000 AM','DD-MON-RR HH.MI.SS.FF AM'));
Insert into PRESCRIPTION (ANIM_ID,MED_ID,VET_ID,ASSOC_ID,PRES_DOSAGE,PRES_DATE_TAKEN) values (34,22,6482,887,'41 tbsp',to_timestamp('03-JUN-03 12.00.00.000000000 AM','DD-MON-RR HH.MI.SS.FF AM'));
Insert into PRESCRIPTION (ANIM_ID,MED_ID,VET_ID,ASSOC_ID,PRES_DOSAGE,PRES_DATE_TAKEN) values (166,13,6638,813,'21 mg',to_timestamp('02-FEB-10 12.00.00.000000000 AM','DD-MON-RR HH.MI.SS.FF AM'));
Insert into PRESCRIPTION (ANIM_ID,MED_ID,VET_ID,ASSOC_ID,PRES_DOSAGE,PRES_DATE_TAKEN) values (130,21,6248,833,'8 tbsp',to_timestamp('04-JUN-07 12.00.00.000000000 AM','DD-MON-RR HH.MI.SS.FF AM'));
Insert into PRESCRIPTION (ANIM_ID,MED_ID,VET_ID,ASSOC_ID,PRES_DOSAGE,PRES_DATE_TAKEN) values (103,26,6326,805,'29 mg',to_timestamp('01-NOV-05 12.00.00.000000000 AM','DD-MON-RR HH.MI.SS.FF AM'));
Insert into PRESCRIPTION (ANIM_ID,MED_ID,VET_ID,ASSOC_ID,PRES_DOSAGE,PRES_DATE_TAKEN) values (37,15,6352,805,'53 mg',to_timestamp('14-OCT-04 12.00.00.000000000 AM','DD-MON-RR HH.MI.SS.FF AM'));
Insert into PRESCRIPTION (ANIM_ID,MED_ID,VET_ID,ASSOC_ID,PRES_DOSAGE,PRES_DATE_TAKEN) values (39,15,6265,887,'15 mg',to_timestamp('23-NOV-08 12.00.00.000000000 AM','DD-MON-RR HH.MI.SS.FF AM'));
Insert into PRESCRIPTION (ANIM_ID,MED_ID,VET_ID,ASSOC_ID,PRES_DOSAGE,PRES_DATE_TAKEN) values (114,15,6730,833,'64 mg',to_timestamp('29-MAR-07 12.00.00.000000000 AM','DD-MON-RR HH.MI.SS.FF AM'));
Insert into PRESCRIPTION (ANIM_ID,MED_ID,VET_ID,ASSOC_ID,PRES_DOSAGE,PRES_DATE_TAKEN) values (98,27,6664,805,'96 ml',to_timestamp('17-OCT-06 12.00.00.000000000 AM','DD-MON-RR HH.MI.SS.FF AM'));
Insert into PRESCRIPTION (ANIM_ID,MED_ID,VET_ID,ASSOC_ID,PRES_DOSAGE,PRES_DATE_TAKEN) values (149,1,6391,813,'76 tsp',to_timestamp('06-FEB-10 12.00.00.000000000 AM','DD-MON-RR HH.MI.SS.FF AM'));
Insert into PRESCRIPTION (ANIM_ID,MED_ID,VET_ID,ASSOC_ID,PRES_DOSAGE,PRES_DATE_TAKEN) values (147,8,6577,813,'29 tsp',to_timestamp('22-AUG-08 12.00.00.000000000 AM','DD-MON-RR HH.MI.SS.FF AM'));
Insert into PRESCRIPTION (ANIM_ID,MED_ID,VET_ID,ASSOC_ID,PRES_DOSAGE,PRES_DATE_TAKEN) values (147,24,6300,859,'2 mg',to_timestamp('22-AUG-08 12.00.00.000000000 AM','DD-MON-RR HH.MI.SS.FF AM'));
Insert into PRESCRIPTION (ANIM_ID,MED_ID,VET_ID,ASSOC_ID,PRES_DOSAGE,PRES_DATE_TAKEN) values (106,12,6274,805,'29 tbsp',to_timestamp('21-DEC-05 12.00.00.000000000 AM','DD-MON-RR HH.MI.SS.FF AM'));
Insert into PRESCRIPTION (ANIM_ID,MED_ID,VET_ID,ASSOC_ID,PRES_DOSAGE,PRES_DATE_TAKEN) values (83,30,6443,815,'61 ml',to_timestamp('15-MAY-07 12.00.00.000000000 AM','DD-MON-RR HH.MI.SS.FF AM'));
Insert into PRESCRIPTION (ANIM_ID,MED_ID,VET_ID,ASSOC_ID,PRES_DOSAGE,PRES_DATE_TAKEN) values (31,26,6313,813,'20 mg',to_timestamp('08-JUN-09 12.00.00.000000000 AM','DD-MON-RR HH.MI.SS.FF AM'));
Insert into PRESCRIPTION (ANIM_ID,MED_ID,VET_ID,ASSOC_ID,PRES_DOSAGE,PRES_DATE_TAKEN) values (104,17,6443,815,'65 mg',to_timestamp('14-MAY-98 12.00.00.000000000 AM','DD-MON-RR HH.MI.SS.FF AM'));
Insert into PRESCRIPTION (ANIM_ID,MED_ID,VET_ID,ASSOC_ID,PRES_DOSAGE,PRES_DATE_TAKEN) values (68,21,6352,805,'29 tbsp',to_timestamp('31-DEC-08 12.00.00.000000000 AM','DD-MON-RR HH.MI.SS.FF AM'));
Insert into PRESCRIPTION (ANIM_ID,MED_ID,VET_ID,ASSOC_ID,PRES_DOSAGE,PRES_DATE_TAKEN) values (10,16,6508,815,'65 mg',to_timestamp('12-JAN-10 12.00.00.000000000 AM','DD-MON-RR HH.MI.SS.FF AM'));
Insert into PRESCRIPTION (ANIM_ID,MED_ID,VET_ID,ASSOC_ID,PRES_DOSAGE,PRES_DATE_TAKEN) values (48,22,6300,859,'5 tbsp',to_timestamp('10-DEC-07 12.00.00.000000000 AM','DD-MON-RR HH.MI.SS.FF AM'));
Insert into PRESCRIPTION (ANIM_ID,MED_ID,VET_ID,ASSOC_ID,PRES_DOSAGE,PRES_DATE_TAKEN) values (168,18,6261,815,'48 tsp',to_timestamp('31-JAN-08 12.00.00.000000000 AM','DD-MON-RR HH.MI.SS.FF AM'));
Insert into PRESCRIPTION (ANIM_ID,MED_ID,VET_ID,ASSOC_ID,PRES_DOSAGE,PRES_DATE_TAKEN) values (87,9,6495,805,'90 mg',to_timestamp('14-OCT-01 12.00.00.000000000 AM','DD-MON-RR HH.MI.SS.FF AM'));
Insert into PRESCRIPTION (ANIM_ID,MED_ID,VET_ID,ASSOC_ID,PRES_DOSAGE,PRES_DATE_TAKEN) values (81,14,6326,805,'13 tsp',to_timestamp('12-JUN-07 12.00.00.000000000 AM','DD-MON-RR HH.MI.SS.FF AM'));
Insert into PRESCRIPTION (ANIM_ID,MED_ID,VET_ID,ASSOC_ID,PRES_DOSAGE,PRES_DATE_TAKEN) values (44,28,6651,859,'76 ml',to_timestamp('06-MAY-98 12.00.00.000000000 AM','DD-MON-RR HH.MI.SS.FF AM'));
Insert into PRESCRIPTION (ANIM_ID,MED_ID,VET_ID,ASSOC_ID,PRES_DOSAGE,PRES_DATE_TAKEN) values (28,13,6638,813,'46 mg',to_timestamp('26-APR-04 12.00.00.000000000 AM','DD-MON-RR HH.MI.SS.FF AM'));
Insert into PRESCRIPTION (ANIM_ID,MED_ID,VET_ID,ASSOC_ID,PRES_DOSAGE,PRES_DATE_TAKEN) values (195,14,6969,833,'6 tsp',to_timestamp('24-JUL-09 12.00.00.000000000 AM','DD-MON-RR HH.MI.SS.FF AM'));
Insert into PRESCRIPTION (ANIM_ID,MED_ID,VET_ID,ASSOC_ID,PRES_DOSAGE,PRES_DATE_TAKEN) values (5,12,6521,805,'94 tbsp',to_timestamp('07-AUG-09 12.00.00.000000000 AM','DD-MON-RR HH.MI.SS.FF AM'));
Insert into PRESCRIPTION (ANIM_ID,MED_ID,VET_ID,ASSOC_ID,PRES_DOSAGE,PRES_DATE_TAKEN) values (50,13,6274,805,'86 mg',to_timestamp('24-MAY-08 12.00.00.000000000 AM','DD-MON-RR HH.MI.SS.FF AM'));
Insert into PRESCRIPTION (ANIM_ID,MED_ID,VET_ID,ASSOC_ID,PRES_DOSAGE,PRES_DATE_TAKEN) values (76,25,6326,805,'44 ml',to_timestamp('25-JAN-10 12.00.00.000000000 AM','DD-MON-RR HH.MI.SS.FF AM'));
Insert into PRESCRIPTION (ANIM_ID,MED_ID,VET_ID,ASSOC_ID,PRES_DOSAGE,PRES_DATE_TAKEN) values (179,13,6287,887,'79 mg',to_timestamp('23-OCT-03 12.00.00.000000000 AM','DD-MON-RR HH.MI.SS.FF AM'));
Insert into PRESCRIPTION (ANIM_ID,MED_ID,VET_ID,ASSOC_ID,PRES_DOSAGE,PRES_DATE_TAKEN) values (60,27,6339,813,'42 ml',to_timestamp('25-NOV-05 12.00.00.000000000 AM','DD-MON-RR HH.MI.SS.FF AM'));
Insert into PRESCRIPTION (ANIM_ID,MED_ID,VET_ID,ASSOC_ID,PRES_DOSAGE,PRES_DATE_TAKEN) values (114,28,6160,863,'96 ml',to_timestamp('29-MAR-07 12.00.00.000000000 AM','DD-MON-RR HH.MI.SS.FF AM'));
Insert into PRESCRIPTION (ANIM_ID,MED_ID,VET_ID,ASSOC_ID,PRES_DOSAGE,PRES_DATE_TAKEN) values (185,14,6612,863,'14 tsp',to_timestamp('17-SEP-08 12.00.00.000000000 AM','DD-MON-RR HH.MI.SS.FF AM'));
Insert into PRESCRIPTION (ANIM_ID,MED_ID,VET_ID,ASSOC_ID,PRES_DOSAGE,PRES_DATE_TAKEN) values (1,12,6508,815,'23 tbsp',to_timestamp('03-JAN-02 12.00.00.000000000 AM','DD-MON-RR HH.MI.SS.FF AM'));
Insert into PRESCRIPTION (ANIM_ID,MED_ID,VET_ID,ASSOC_ID,PRES_DOSAGE,PRES_DATE_TAKEN) values (39,29,6730,833,'47 tsp',to_timestamp('23-NOV-08 12.00.00.000000000 AM','DD-MON-RR HH.MI.SS.FF AM'));
Insert into PRESCRIPTION (ANIM_ID,MED_ID,VET_ID,ASSOC_ID,PRES_DOSAGE,PRES_DATE_TAKEN) values (46,9,6508,815,'9 mg',to_timestamp('27-AUG-02 12.00.00.000000000 AM','DD-MON-RR HH.MI.SS.FF AM'));
Insert into PRESCRIPTION (ANIM_ID,MED_ID,VET_ID,ASSOC_ID,PRES_DOSAGE,PRES_DATE_TAKEN) values (162,4,6521,805,'92 ml',to_timestamp('31-JUL-09 12.00.00.000000000 AM','DD-MON-RR HH.MI.SS.FF AM'));
Insert into PRESCRIPTION (ANIM_ID,MED_ID,VET_ID,ASSOC_ID,PRES_DOSAGE,PRES_DATE_TAKEN) values (95,18,6391,813,'53 tsp',to_timestamp('01-DEC-09 12.00.00.000000000 AM','DD-MON-RR HH.MI.SS.FF AM'));
Insert into PRESCRIPTION (ANIM_ID,MED_ID,VET_ID,ASSOC_ID,PRES_DOSAGE,PRES_DATE_TAKEN) values (12,17,6248,833,'65 mg',to_timestamp('07-SEP-98 12.00.00.000000000 AM','DD-MON-RR HH.MI.SS.FF AM'));
Insert into PRESCRIPTION (ANIM_ID,MED_ID,VET_ID,ASSOC_ID,PRES_DOSAGE,PRES_DATE_TAKEN) values (25,12,6443,815,'92 tbsp',to_timestamp('25-JUN-06 12.00.00.000000000 AM','DD-MON-RR HH.MI.SS.FF AM'));
Insert into PRESCRIPTION (ANIM_ID,MED_ID,VET_ID,ASSOC_ID,PRES_DOSAGE,PRES_DATE_TAKEN) values (158,18,6547,887,'29 tsp',to_timestamp('28-JUN-04 12.00.00.000000000 AM','DD-MON-RR HH.MI.SS.FF AM'));
Insert into PRESCRIPTION (ANIM_ID,MED_ID,VET_ID,ASSOC_ID,PRES_DOSAGE,PRES_DATE_TAKEN) values (189,5,6317,863,'56 mg',to_timestamp('22-DEC-08 12.00.00.000000000 AM','DD-MON-RR HH.MI.SS.FF AM'));
Insert into PRESCRIPTION (ANIM_ID,MED_ID,VET_ID,ASSOC_ID,PRES_DOSAGE,PRES_DATE_TAKEN) values (47,4,6577,813,'98 ml',to_timestamp('10-JUL-03 12.00.00.000000000 AM','DD-MON-RR HH.MI.SS.FF AM'));
Insert into PRESCRIPTION (ANIM_ID,MED_ID,VET_ID,ASSOC_ID,PRES_DOSAGE,PRES_DATE_TAKEN) values (46,30,6495,805,'38 ml',to_timestamp('27-AUG-02 12.00.00.000000000 AM','DD-MON-RR HH.MI.SS.FF AM'));
Insert into PRESCRIPTION (ANIM_ID,MED_ID,VET_ID,ASSOC_ID,PRES_DOSAGE,PRES_DATE_TAKEN) values (86,9,6326,805,'26 mg',to_timestamp('05-AUG-07 12.00.00.000000000 AM','DD-MON-RR HH.MI.SS.FF AM'));
Insert into PRESCRIPTION (ANIM_ID,MED_ID,VET_ID,ASSOC_ID,PRES_DOSAGE,PRES_DATE_TAKEN) values (188,19,6326,805,'52 tsp',to_timestamp('13-MAR-10 12.00.00.000000000 AM','DD-MON-RR HH.MI.SS.FF AM'));
Insert into PRESCRIPTION (ANIM_ID,MED_ID,VET_ID,ASSOC_ID,PRES_DOSAGE,PRES_DATE_TAKEN) values (65,23,6547,887,'66 tsp',to_timestamp('10-NOV-01 12.00.00.000000000 AM','DD-MON-RR HH.MI.SS.FF AM'));
Insert into PRESCRIPTION (ANIM_ID,MED_ID,VET_ID,ASSOC_ID,PRES_DOSAGE,PRES_DATE_TAKEN) values (127,16,6969,833,'61 mg',to_timestamp('14-NOV-09 12.00.00.000000000 AM','DD-MON-RR HH.MI.SS.FF AM'));
Insert into PRESCRIPTION (ANIM_ID,MED_ID,VET_ID,ASSOC_ID,PRES_DOSAGE,PRES_DATE_TAKEN) values (194,19,6651,859,'13 tsp',to_timestamp('16-JAN-06 12.00.00.000000000 AM','DD-MON-RR HH.MI.SS.FF AM'));
Insert into PRESCRIPTION (ANIM_ID,MED_ID,VET_ID,ASSOC_ID,PRES_DOSAGE,PRES_DATE_TAKEN) values (36,11,6317,863,'84 mg',to_timestamp('17-FEB-08 12.00.00.000000000 AM','DD-MON-RR HH.MI.SS.FF AM'));
Insert into PRESCRIPTION (ANIM_ID,MED_ID,VET_ID,ASSOC_ID,PRES_DOSAGE,PRES_DATE_TAKEN) values (92,22,6378,815,'38 tbsp',to_timestamp('31-AUG-98 12.00.00.000000000 AM','DD-MON-RR HH.MI.SS.FF AM'));
Insert into PRESCRIPTION (ANIM_ID,MED_ID,VET_ID,ASSOC_ID,PRES_DOSAGE,PRES_DATE_TAKEN) values (107,21,6599,833,'83 tbsp',to_timestamp('02-NOV-99 12.00.00.000000000 AM','DD-MON-RR HH.MI.SS.FF AM'));
Insert into PRESCRIPTION (ANIM_ID,MED_ID,VET_ID,ASSOC_ID,PRES_DOSAGE,PRES_DATE_TAKEN) values (13,1,6599,833,'29 tsp',to_timestamp('21-JUN-08 12.00.00.000000000 AM','DD-MON-RR HH.MI.SS.FF AM'));
Insert into PRESCRIPTION (ANIM_ID,MED_ID,VET_ID,ASSOC_ID,PRES_DOSAGE,PRES_DATE_TAKEN) values (182,19,6577,813,'74 tsp',to_timestamp('23-APR-05 12.00.00.000000000 AM','DD-MON-RR HH.MI.SS.FF AM'));
Insert into PRESCRIPTION (ANIM_ID,MED_ID,VET_ID,ASSOC_ID,PRES_DOSAGE,PRES_DATE_TAKEN) values (73,7,6586,863,'33 tbsp',to_timestamp('02-OCT-09 12.00.00.000000000 AM','DD-MON-RR HH.MI.SS.FF AM'));
Insert into PRESCRIPTION (ANIM_ID,MED_ID,VET_ID,ASSOC_ID,PRES_DOSAGE,PRES_DATE_TAKEN) values (163,29,6287,887,'46 tsp',to_timestamp('26-JUL-09 12.00.00.000000000 AM','DD-MON-RR HH.MI.SS.FF AM'));
Insert into PRESCRIPTION (ANIM_ID,MED_ID,VET_ID,ASSOC_ID,PRES_DOSAGE,PRES_DATE_TAKEN) values (1,1,6573,863,'95 tsp',to_timestamp('03-JAN-02 12.00.00.000000000 AM','DD-MON-RR HH.MI.SS.FF AM'));
Insert into PRESCRIPTION (ANIM_ID,MED_ID,VET_ID,ASSOC_ID,PRES_DOSAGE,PRES_DATE_TAKEN) values (193,4,6235,815,'3 ml',to_timestamp('09-SEP-03 12.00.00.000000000 AM','DD-MON-RR HH.MI.SS.FF AM'));
Insert into PRESCRIPTION (ANIM_ID,MED_ID,VET_ID,ASSOC_ID,PRES_DOSAGE,PRES_DATE_TAKEN) values (116,14,6326,805,'41 tsp',to_timestamp('16-SEP-06 12.00.00.000000000 AM','DD-MON-RR HH.MI.SS.FF AM'));
Insert into PRESCRIPTION (ANIM_ID,MED_ID,VET_ID,ASSOC_ID,PRES_DOSAGE,PRES_DATE_TAKEN) values (72,27,6261,815,'64 ml',to_timestamp('24-SEP-05 12.00.00.000000000 AM','DD-MON-RR HH.MI.SS.FF AM'));
Insert into PRESCRIPTION (ANIM_ID,MED_ID,VET_ID,ASSOC_ID,PRES_DOSAGE,PRES_DATE_TAKEN) values (42,6,6573,863,'7 tbsp',to_timestamp('02-FEB-08 12.00.00.000000000 AM','DD-MON-RR HH.MI.SS.FF AM'));
Insert into PRESCRIPTION (ANIM_ID,MED_ID,VET_ID,ASSOC_ID,PRES_DOSAGE,PRES_DATE_TAKEN) values (57,6,6339,813,'67 tbsp',to_timestamp('28-NOV-99 12.00.00.000000000 AM','DD-MON-RR HH.MI.SS.FF AM'));
Insert into PRESCRIPTION (ANIM_ID,MED_ID,VET_ID,ASSOC_ID,PRES_DOSAGE,PRES_DATE_TAKEN) values (32,25,6577,813,'100 ml',to_timestamp('25-AUG-06 12.00.00.000000000 AM','DD-MON-RR HH.MI.SS.FF AM'));
Insert into PRESCRIPTION (ANIM_ID,MED_ID,VET_ID,ASSOC_ID,PRES_DOSAGE,PRES_DATE_TAKEN) values (27,16,6730,833,'5 mg',to_timestamp('24-FEB-04 12.00.00.000000000 AM','DD-MON-RR HH.MI.SS.FF AM'));
Insert into PRESCRIPTION (ANIM_ID,MED_ID,VET_ID,ASSOC_ID,PRES_DOSAGE,PRES_DATE_TAKEN) values (80,3,6404,805,'28 ml',to_timestamp('15-JUN-09 12.00.00.000000000 AM','DD-MON-RR HH.MI.SS.FF AM'));

---------------------------------------------------
--   END DATA FOR TABLE PRESCRIPTION
---------------------------------------------------


---------------------------------------------------
--   DATA FOR TABLE PRIVATE_EVENT
--   FILTER = none used
---------------------------------------------------
REM INSERTING into PRIVATE_EVENT
Insert into PRIVATE_EVENT (PRIV_EVEN_ID,PRIV_EVEN_DATE,PRIV_EVEN_TYPE,PRIV_EVEN_PRICE,ZOO_ID) values (610,to_timestamp('15-APR-09 12.00.00.000000000 AM','DD-MON-RR HH.MI.SS.FF AM'),'Field trip',450,1002);
Insert into PRIVATE_EVENT (PRIV_EVEN_ID,PRIV_EVEN_DATE,PRIV_EVEN_TYPE,PRIV_EVEN_PRICE,ZOO_ID) values (611,to_timestamp('13-AUG-07 12.00.00.000000000 AM','DD-MON-RR HH.MI.SS.FF AM'),'Wedding',675,1000);
Insert into PRIVATE_EVENT (PRIV_EVEN_ID,PRIV_EVEN_DATE,PRIV_EVEN_TYPE,PRIV_EVEN_PRICE,ZOO_ID) values (612,to_timestamp('13-JUL-08 12.00.00.000000000 AM','DD-MON-RR HH.MI.SS.FF AM'),'Birthday',150,1001);
Insert into PRIVATE_EVENT (PRIV_EVEN_ID,PRIV_EVEN_DATE,PRIV_EVEN_TYPE,PRIV_EVEN_PRICE,ZOO_ID) values (613,to_timestamp('25-SEP-09 12.00.00.000000000 AM','DD-MON-RR HH.MI.SS.FF AM'),'Adult party',225,1002);
Insert into PRIVATE_EVENT (PRIV_EVEN_ID,PRIV_EVEN_DATE,PRIV_EVEN_TYPE,PRIV_EVEN_PRICE,ZOO_ID) values (614,to_timestamp('26-APR-08 12.00.00.000000000 AM','DD-MON-RR HH.MI.SS.FF AM'),'Birthday',175,1002);
Insert into PRIVATE_EVENT (PRIV_EVEN_ID,PRIV_EVEN_DATE,PRIV_EVEN_TYPE,PRIV_EVEN_PRICE,ZOO_ID) values (615,to_timestamp('21-JUL-07 12.00.00.000000000 AM','DD-MON-RR HH.MI.SS.FF AM'),'Graduation party',275,1002);
Insert into PRIVATE_EVENT (PRIV_EVEN_ID,PRIV_EVEN_DATE,PRIV_EVEN_TYPE,PRIV_EVEN_PRICE,ZOO_ID) values (616,to_timestamp('18-SEP-07 12.00.00.000000000 AM','DD-MON-RR HH.MI.SS.FF AM'),'Field trip',400,1002);
Insert into PRIVATE_EVENT (PRIV_EVEN_ID,PRIV_EVEN_DATE,PRIV_EVEN_TYPE,PRIV_EVEN_PRICE,ZOO_ID) values (617,to_timestamp('02-SEP-07 12.00.00.000000000 AM','DD-MON-RR HH.MI.SS.FF AM'),'Birthday',175,1001);
Insert into PRIVATE_EVENT (PRIV_EVEN_ID,PRIV_EVEN_DATE,PRIV_EVEN_TYPE,PRIV_EVEN_PRICE,ZOO_ID) values (618,to_timestamp('06-AUG-07 12.00.00.000000000 AM','DD-MON-RR HH.MI.SS.FF AM'),'Wedding reception',650,1000);
Insert into PRIVATE_EVENT (PRIV_EVEN_ID,PRIV_EVEN_DATE,PRIV_EVEN_TYPE,PRIV_EVEN_PRICE,ZOO_ID) values (619,to_timestamp('26-SEP-08 12.00.00.000000000 AM','DD-MON-RR HH.MI.SS.FF AM'),'Dinner party',325,1001);
Insert into PRIVATE_EVENT (PRIV_EVEN_ID,PRIV_EVEN_DATE,PRIV_EVEN_TYPE,PRIV_EVEN_PRICE,ZOO_ID) values (620,to_timestamp('17-APR-08 12.00.00.000000000 AM','DD-MON-RR HH.MI.SS.FF AM'),'Field trip',400,1002);
Insert into PRIVATE_EVENT (PRIV_EVEN_ID,PRIV_EVEN_DATE,PRIV_EVEN_TYPE,PRIV_EVEN_PRICE,ZOO_ID) values (621,to_timestamp('15-MAY-07 12.00.00.000000000 AM','DD-MON-RR HH.MI.SS.FF AM'),'Birthday',225,1002);
Insert into PRIVATE_EVENT (PRIV_EVEN_ID,PRIV_EVEN_DATE,PRIV_EVEN_TYPE,PRIV_EVEN_PRICE,ZOO_ID) values (622,to_timestamp('14-SEP-09 12.00.00.000000000 AM','DD-MON-RR HH.MI.SS.FF AM'),'Field trip',465,1001);
Insert into PRIVATE_EVENT (PRIV_EVEN_ID,PRIV_EVEN_DATE,PRIV_EVEN_TYPE,PRIV_EVEN_PRICE,ZOO_ID) values (623,to_timestamp('21-JUN-08 12.00.00.000000000 AM','DD-MON-RR HH.MI.SS.FF AM'),'Wedding',595,1000);
Insert into PRIVATE_EVENT (PRIV_EVEN_ID,PRIV_EVEN_DATE,PRIV_EVEN_TYPE,PRIV_EVEN_PRICE,ZOO_ID) values (624,to_timestamp('03-AUG-07 12.00.00.000000000 AM','DD-MON-RR HH.MI.SS.FF AM'),'Birthday',175,1001);
Insert into PRIVATE_EVENT (PRIV_EVEN_ID,PRIV_EVEN_DATE,PRIV_EVEN_TYPE,PRIV_EVEN_PRICE,ZOO_ID) values (625,to_timestamp('06-JUL-08 12.00.00.000000000 AM','DD-MON-RR HH.MI.SS.FF AM'),'Birthday',200,1000);
Insert into PRIVATE_EVENT (PRIV_EVEN_ID,PRIV_EVEN_DATE,PRIV_EVEN_TYPE,PRIV_EVEN_PRICE,ZOO_ID) values (626,to_timestamp('15-JUL-08 12.00.00.000000000 AM','DD-MON-RR HH.MI.SS.FF AM'),'Wedding',750,1000);
Insert into PRIVATE_EVENT (PRIV_EVEN_ID,PRIV_EVEN_DATE,PRIV_EVEN_TYPE,PRIV_EVEN_PRICE,ZOO_ID) values (627,to_timestamp('15-JUL-08 12.00.00.000000000 AM','DD-MON-RR HH.MI.SS.FF AM'),'Wedding reception',950,1000);
Insert into PRIVATE_EVENT (PRIV_EVEN_ID,PRIV_EVEN_DATE,PRIV_EVEN_TYPE,PRIV_EVEN_PRICE,ZOO_ID) values (628,to_timestamp('17-AUG-08 12.00.00.000000000 AM','DD-MON-RR HH.MI.SS.FF AM'),'Birthday',300,1001);
Insert into PRIVATE_EVENT (PRIV_EVEN_ID,PRIV_EVEN_DATE,PRIV_EVEN_TYPE,PRIV_EVEN_PRICE,ZOO_ID) values (629,to_timestamp('22-APR-08 12.00.00.000000000 AM','DD-MON-RR HH.MI.SS.FF AM'),'Field trip',415,1002);
Insert into PRIVATE_EVENT (PRIV_EVEN_ID,PRIV_EVEN_DATE,PRIV_EVEN_TYPE,PRIV_EVEN_PRICE,ZOO_ID) values (630,to_timestamp('17-APR-07 12.00.00.000000000 AM','DD-MON-RR HH.MI.SS.FF AM'),'Birthday',195,1001);
Insert into PRIVATE_EVENT (PRIV_EVEN_ID,PRIV_EVEN_DATE,PRIV_EVEN_TYPE,PRIV_EVEN_PRICE,ZOO_ID) values (631,to_timestamp('06-JUL-08 12.00.00.000000000 AM','DD-MON-RR HH.MI.SS.FF AM'),'Birthday',205,1002);
Insert into PRIVATE_EVENT (PRIV_EVEN_ID,PRIV_EVEN_DATE,PRIV_EVEN_TYPE,PRIV_EVEN_PRICE,ZOO_ID) values (632,to_timestamp('26-JUN-08 12.00.00.000000000 AM','DD-MON-RR HH.MI.SS.FF AM'),'Graduation party',325,1002);
Insert into PRIVATE_EVENT (PRIV_EVEN_ID,PRIV_EVEN_DATE,PRIV_EVEN_TYPE,PRIV_EVEN_PRICE,ZOO_ID) values (633,to_timestamp('25-MAY-09 12.00.00.000000000 AM','DD-MON-RR HH.MI.SS.FF AM'),'Birthday',265,1001);
Insert into PRIVATE_EVENT (PRIV_EVEN_ID,PRIV_EVEN_DATE,PRIV_EVEN_TYPE,PRIV_EVEN_PRICE,ZOO_ID) values (634,to_timestamp('15-JUN-07 12.00.00.000000000 AM','DD-MON-RR HH.MI.SS.FF AM'),'Adult party',350,1002);
Insert into PRIVATE_EVENT (PRIV_EVEN_ID,PRIV_EVEN_DATE,PRIV_EVEN_TYPE,PRIV_EVEN_PRICE,ZOO_ID) values (635,to_timestamp('15-AUG-09 12.00.00.000000000 AM','DD-MON-RR HH.MI.SS.FF AM'),'Wedding',735,1000);
Insert into PRIVATE_EVENT (PRIV_EVEN_ID,PRIV_EVEN_DATE,PRIV_EVEN_TYPE,PRIV_EVEN_PRICE,ZOO_ID) values (636,to_timestamp('14-MAY-09 12.00.00.000000000 AM','DD-MON-RR HH.MI.SS.FF AM'),'Dinner party',325,1000);
Insert into PRIVATE_EVENT (PRIV_EVEN_ID,PRIV_EVEN_DATE,PRIV_EVEN_TYPE,PRIV_EVEN_PRICE,ZOO_ID) values (637,to_timestamp('14-AUG-08 12.00.00.000000000 AM','DD-MON-RR HH.MI.SS.FF AM'),'Birthday',185,1001);
Insert into PRIVATE_EVENT (PRIV_EVEN_ID,PRIV_EVEN_DATE,PRIV_EVEN_TYPE,PRIV_EVEN_PRICE,ZOO_ID) values (638,to_timestamp('30-JUL-07 12.00.00.000000000 AM','DD-MON-RR HH.MI.SS.FF AM'),'Wedding reception',700,1000);
Insert into PRIVATE_EVENT (PRIV_EVEN_ID,PRIV_EVEN_DATE,PRIV_EVEN_TYPE,PRIV_EVEN_PRICE,ZOO_ID) values (639,to_timestamp('05-OCT-07 12.00.00.000000000 AM','DD-MON-RR HH.MI.SS.FF AM'),'Field trip',375,1001);

---------------------------------------------------
--   END DATA FOR TABLE PRIVATE_EVENT
---------------------------------------------------


---------------------------------------------------
--   DATA FOR TABLE PRIVATE_EVENT_PAYMENT
--   FILTER = none used
---------------------------------------------------
REM INSERTING into PRIVATE_EVENT_PAYMENT
Insert into PRIVATE_EVENT_PAYMENT (PRIV_EVEN_ID,PAY_ID,PRIV_EVEN_PAY_PAYMENT_DATE) values (610,61150,to_timestamp('09-APR-09 12.00.00.000000000 AM','DD-MON-RR HH.MI.SS.FF AM'));
Insert into PRIVATE_EVENT_PAYMENT (PRIV_EVEN_ID,PAY_ID,PRIV_EVEN_PAY_PAYMENT_DATE) values (611,61213,to_timestamp('07-AUG-07 12.00.00.000000000 AM','DD-MON-RR HH.MI.SS.FF AM'));
Insert into PRIVATE_EVENT_PAYMENT (PRIV_EVEN_ID,PAY_ID,PRIV_EVEN_PAY_PAYMENT_DATE) values (612,61276,to_timestamp('10-JUL-08 12.00.00.000000000 AM','DD-MON-RR HH.MI.SS.FF AM'));
Insert into PRIVATE_EVENT_PAYMENT (PRIV_EVEN_ID,PAY_ID,PRIV_EVEN_PAY_PAYMENT_DATE) values (613,61339,to_timestamp('10-SEP-09 12.00.00.000000000 AM','DD-MON-RR HH.MI.SS.FF AM'));
Insert into PRIVATE_EVENT_PAYMENT (PRIV_EVEN_ID,PAY_ID,PRIV_EVEN_PAY_PAYMENT_DATE) values (614,61402,to_timestamp('11-APR-08 12.00.00.000000000 AM','DD-MON-RR HH.MI.SS.FF AM'));
Insert into PRIVATE_EVENT_PAYMENT (PRIV_EVEN_ID,PAY_ID,PRIV_EVEN_PAY_PAYMENT_DATE) values (615,61465,to_timestamp('18-JUL-07 12.00.00.000000000 AM','DD-MON-RR HH.MI.SS.FF AM'));
Insert into PRIVATE_EVENT_PAYMENT (PRIV_EVEN_ID,PAY_ID,PRIV_EVEN_PAY_PAYMENT_DATE) values (616,61528,to_timestamp('05-SEP-07 12.00.00.000000000 AM','DD-MON-RR HH.MI.SS.FF AM'));
Insert into PRIVATE_EVENT_PAYMENT (PRIV_EVEN_ID,PAY_ID,PRIV_EVEN_PAY_PAYMENT_DATE) values (617,61591,to_timestamp('24-AUG-07 12.00.00.000000000 AM','DD-MON-RR HH.MI.SS.FF AM'));
Insert into PRIVATE_EVENT_PAYMENT (PRIV_EVEN_ID,PAY_ID,PRIV_EVEN_PAY_PAYMENT_DATE) values (618,61654,to_timestamp('27-JUL-07 12.00.00.000000000 AM','DD-MON-RR HH.MI.SS.FF AM'));
Insert into PRIVATE_EVENT_PAYMENT (PRIV_EVEN_ID,PAY_ID,PRIV_EVEN_PAY_PAYMENT_DATE) values (619,61717,to_timestamp('14-SEP-08 12.00.00.000000000 AM','DD-MON-RR HH.MI.SS.FF AM'));
Insert into PRIVATE_EVENT_PAYMENT (PRIV_EVEN_ID,PAY_ID,PRIV_EVEN_PAY_PAYMENT_DATE) values (620,61780,to_timestamp('03-APR-08 12.00.00.000000000 AM','DD-MON-RR HH.MI.SS.FF AM'));
Insert into PRIVATE_EVENT_PAYMENT (PRIV_EVEN_ID,PAY_ID,PRIV_EVEN_PAY_PAYMENT_DATE) values (621,61843,to_timestamp('01-MAY-07 12.00.00.000000000 AM','DD-MON-RR HH.MI.SS.FF AM'));
Insert into PRIVATE_EVENT_PAYMENT (PRIV_EVEN_ID,PAY_ID,PRIV_EVEN_PAY_PAYMENT_DATE) values (622,61906,to_timestamp('07-SEP-09 12.00.00.000000000 AM','DD-MON-RR HH.MI.SS.FF AM'));
Insert into PRIVATE_EVENT_PAYMENT (PRIV_EVEN_ID,PAY_ID,PRIV_EVEN_PAY_PAYMENT_DATE) values (623,61969,to_timestamp('17-JUN-08 12.00.00.000000000 AM','DD-MON-RR HH.MI.SS.FF AM'));
Insert into PRIVATE_EVENT_PAYMENT (PRIV_EVEN_ID,PAY_ID,PRIV_EVEN_PAY_PAYMENT_DATE) values (624,62032,to_timestamp('27-JUL-07 12.00.00.000000000 AM','DD-MON-RR HH.MI.SS.FF AM'));
Insert into PRIVATE_EVENT_PAYMENT (PRIV_EVEN_ID,PAY_ID,PRIV_EVEN_PAY_PAYMENT_DATE) values (625,62095,to_timestamp('28-JUN-08 12.00.00.000000000 AM','DD-MON-RR HH.MI.SS.FF AM'));
Insert into PRIVATE_EVENT_PAYMENT (PRIV_EVEN_ID,PAY_ID,PRIV_EVEN_PAY_PAYMENT_DATE) values (626,62158,to_timestamp('12-JUL-08 12.00.00.000000000 AM','DD-MON-RR HH.MI.SS.FF AM'));
Insert into PRIVATE_EVENT_PAYMENT (PRIV_EVEN_ID,PAY_ID,PRIV_EVEN_PAY_PAYMENT_DATE) values (627,62221,to_timestamp('12-JUL-08 12.00.00.000000000 AM','DD-MON-RR HH.MI.SS.FF AM'));
Insert into PRIVATE_EVENT_PAYMENT (PRIV_EVEN_ID,PAY_ID,PRIV_EVEN_PAY_PAYMENT_DATE) values (628,62284,to_timestamp('13-AUG-08 12.00.00.000000000 AM','DD-MON-RR HH.MI.SS.FF AM'));
Insert into PRIVATE_EVENT_PAYMENT (PRIV_EVEN_ID,PAY_ID,PRIV_EVEN_PAY_PAYMENT_DATE) values (629,62347,to_timestamp('14-APR-08 12.00.00.000000000 AM','DD-MON-RR HH.MI.SS.FF AM'));
Insert into PRIVATE_EVENT_PAYMENT (PRIV_EVEN_ID,PAY_ID,PRIV_EVEN_PAY_PAYMENT_DATE) values (630,62410,to_timestamp('03-APR-07 12.00.00.000000000 AM','DD-MON-RR HH.MI.SS.FF AM'));
Insert into PRIVATE_EVENT_PAYMENT (PRIV_EVEN_ID,PAY_ID,PRIV_EVEN_PAY_PAYMENT_DATE) values (631,62473,to_timestamp('02-JUL-08 12.00.00.000000000 AM','DD-MON-RR HH.MI.SS.FF AM'));
Insert into PRIVATE_EVENT_PAYMENT (PRIV_EVEN_ID,PAY_ID,PRIV_EVEN_PAY_PAYMENT_DATE) values (632,62536,to_timestamp('13-JUN-08 12.00.00.000000000 AM','DD-MON-RR HH.MI.SS.FF AM'));
Insert into PRIVATE_EVENT_PAYMENT (PRIV_EVEN_ID,PAY_ID,PRIV_EVEN_PAY_PAYMENT_DATE) values (633,62599,to_timestamp('13-MAY-09 12.00.00.000000000 AM','DD-MON-RR HH.MI.SS.FF AM'));
Insert into PRIVATE_EVENT_PAYMENT (PRIV_EVEN_ID,PAY_ID,PRIV_EVEN_PAY_PAYMENT_DATE) values (634,62662,to_timestamp('04-JUN-07 12.00.00.000000000 AM','DD-MON-RR HH.MI.SS.FF AM'));
Insert into PRIVATE_EVENT_PAYMENT (PRIV_EVEN_ID,PAY_ID,PRIV_EVEN_PAY_PAYMENT_DATE) values (635,62725,to_timestamp('03-AUG-09 12.00.00.000000000 AM','DD-MON-RR HH.MI.SS.FF AM'));
Insert into PRIVATE_EVENT_PAYMENT (PRIV_EVEN_ID,PAY_ID,PRIV_EVEN_PAY_PAYMENT_DATE) values (636,62788,to_timestamp('02-MAY-09 12.00.00.000000000 AM','DD-MON-RR HH.MI.SS.FF AM'));
Insert into PRIVATE_EVENT_PAYMENT (PRIV_EVEN_ID,PAY_ID,PRIV_EVEN_PAY_PAYMENT_DATE) values (637,62851,to_timestamp('08-AUG-08 12.00.00.000000000 AM','DD-MON-RR HH.MI.SS.FF AM'));
Insert into PRIVATE_EVENT_PAYMENT (PRIV_EVEN_ID,PAY_ID,PRIV_EVEN_PAY_PAYMENT_DATE) values (638,62914,to_timestamp('21-JUL-07 12.00.00.000000000 AM','DD-MON-RR HH.MI.SS.FF AM'));
Insert into PRIVATE_EVENT_PAYMENT (PRIV_EVEN_ID,PAY_ID,PRIV_EVEN_PAY_PAYMENT_DATE) values (639,62977,to_timestamp('26-SEP-07 12.00.00.000000000 AM','DD-MON-RR HH.MI.SS.FF AM'));

---------------------------------------------------
--   END DATA FOR TABLE PRIVATE_EVENT_PAYMENT
---------------------------------------------------


---------------------------------------------------
--   DATA FOR TABLE PRODUCT
--   FILTER = none used
---------------------------------------------------
REM INSERTING into PRODUCT
Insert into PRODUCT (PRODUCT_ID,PRODUCT_NAME,PRODUCT_SUGGESTED_PRICE,PRODUCT_BAR_CODE_NUMBER,PRODUCT_TYPE) values (145,'Plush Giraffe',14.95,63876190,'PP');
Insert into PRODUCT (PRODUCT_ID,PRODUCT_NAME,PRODUCT_SUGGESTED_PRICE,PRODUCT_BAR_CODE_NUMBER,PRODUCT_TYPE) values (463,'Zoo Coffee Mug',10,90872463,'MP, PP');
Insert into PRODUCT (PRODUCT_ID,PRODUCT_NAME,PRODUCT_SUGGESTED_PRICE,PRODUCT_BAR_CODE_NUMBER,PRODUCT_TYPE) values (225,'Zoo Water bottle',8.75,72683098,'MP');
Insert into PRODUCT (PRODUCT_ID,PRODUCT_NAME,PRODUCT_SUGGESTED_PRICE,PRODUCT_BAR_CODE_NUMBER,PRODUCT_TYPE) values (341,'Collage key chain',5,63892973,'PP');
Insert into PRODUCT (PRODUCT_ID,PRODUCT_NAME,PRODUCT_SUGGESTED_PRICE,PRODUCT_BAR_CODE_NUMBER,PRODUCT_TYPE) values (763,'Animals in the Wild DVD',25,83794086,'MP');
Insert into PRODUCT (PRODUCT_ID,PRODUCT_NAME,PRODUCT_SUGGESTED_PRICE,PRODUCT_BAR_CODE_NUMBER,PRODUCT_TYPE) values (846,'Zoo Magnet',3.75,78390047,'PP');
Insert into PRODUCT (PRODUCT_ID,PRODUCT_NAME,PRODUCT_SUGGESTED_PRICE,PRODUCT_BAR_CODE_NUMBER,PRODUCT_TYPE) values (735,'Kid Picture Book',12,78493756,'PP');
Insert into PRODUCT (PRODUCT_ID,PRODUCT_NAME,PRODUCT_SUGGESTED_PRICE,PRODUCT_BAR_CODE_NUMBER,PRODUCT_TYPE) values (736,'Collage Picture Coffee Table Book',16,84673856,'PP');
Insert into PRODUCT (PRODUCT_ID,PRODUCT_NAME,PRODUCT_SUGGESTED_PRICE,PRODUCT_BAR_CODE_NUMBER,PRODUCT_TYPE) values (452,'Who''''s in the Jungle Book',9.99,44839563,'PP');
Insert into PRODUCT (PRODUCT_ID,PRODUCT_NAME,PRODUCT_SUGGESTED_PRICE,PRODUCT_BAR_CODE_NUMBER,PRODUCT_TYPE) values (124,'Sounds of the Jungle CD',15,76489021,'MP');
Insert into PRODUCT (PRODUCT_ID,PRODUCT_NAME,PRODUCT_SUGGESTED_PRICE,PRODUCT_BAR_CODE_NUMBER,PRODUCT_TYPE) values (272,'Panda T-shirt',14,73685921,'MP, PP');
Insert into PRODUCT (PRODUCT_ID,PRODUCT_NAME,PRODUCT_SUGGESTED_PRICE,PRODUCT_BAR_CODE_NUMBER,PRODUCT_TYPE) values (273,'Lion T-shirt',14,74829465,'MP, PP');
Insert into PRODUCT (PRODUCT_ID,PRODUCT_NAME,PRODUCT_SUGGESTED_PRICE,PRODUCT_BAR_CODE_NUMBER,PRODUCT_TYPE) values (274,'Zoo T-shirt',14,94873624,'MP, PP');
Insert into PRODUCT (PRODUCT_ID,PRODUCT_NAME,PRODUCT_SUGGESTED_PRICE,PRODUCT_BAR_CODE_NUMBER,PRODUCT_TYPE) values (385,'Leopard Scarf',11.99,46789642,'MP');
Insert into PRODUCT (PRODUCT_ID,PRODUCT_NAME,PRODUCT_SUGGESTED_PRICE,PRODUCT_BAR_CODE_NUMBER,PRODUCT_TYPE) values (885,'Zebra Handbag',18,45797542,'PP');
Insert into PRODUCT (PRODUCT_ID,PRODUCT_NAME,PRODUCT_SUGGESTED_PRICE,PRODUCT_BAR_CODE_NUMBER,PRODUCT_TYPE) values (843,'Plush Polar Bear',7.99,45797321,'PP');
Insert into PRODUCT (PRODUCT_ID,PRODUCT_NAME,PRODUCT_SUGGESTED_PRICE,PRODUCT_BAR_CODE_NUMBER,PRODUCT_TYPE) values (968,'Plush Lion',8.99,23479753,'PP');
Insert into PRODUCT (PRODUCT_ID,PRODUCT_NAME,PRODUCT_SUGGESTED_PRICE,PRODUCT_BAR_CODE_NUMBER,PRODUCT_TYPE) values (442,'Sounds of the Ocean CD',15,84723842,'MP');
Insert into PRODUCT (PRODUCT_ID,PRODUCT_NAME,PRODUCT_SUGGESTED_PRICE,PRODUCT_BAR_CODE_NUMBER,PRODUCT_TYPE) values (751,'Zoo Monopoly',20,57483997,'PP');
Insert into PRODUCT (PRODUCT_ID,PRODUCT_NAME,PRODUCT_SUGGESTED_PRICE,PRODUCT_BAR_CODE_NUMBER,PRODUCT_TYPE) values (613,'Pandamonium Game',20,78993742,'PP');
Insert into PRODUCT (PRODUCT_ID,PRODUCT_NAME,PRODUCT_SUGGESTED_PRICE,PRODUCT_BAR_CODE_NUMBER,PRODUCT_TYPE) values (513,'Elephant Collectible Statue',25.75,73829856,'PP');
Insert into PRODUCT (PRODUCT_ID,PRODUCT_NAME,PRODUCT_SUGGESTED_PRICE,PRODUCT_BAR_CODE_NUMBER,PRODUCT_TYPE) values (851,'Zoo Coloring Book',2.75,73895943,'PP');
Insert into PRODUCT (PRODUCT_ID,PRODUCT_NAME,PRODUCT_SUGGESTED_PRICE,PRODUCT_BAR_CODE_NUMBER,PRODUCT_TYPE) values (975,'Zoo Pen Pack',5,38599432,'PP');
Insert into PRODUCT (PRODUCT_ID,PRODUCT_NAME,PRODUCT_SUGGESTED_PRICE,PRODUCT_BAR_CODE_NUMBER,PRODUCT_TYPE) values (907,'Zoo Green Bag',0.99,37584986,'PP');
Insert into PRODUCT (PRODUCT_ID,PRODUCT_NAME,PRODUCT_SUGGESTED_PRICE,PRODUCT_BAR_CODE_NUMBER,PRODUCT_TYPE) values (603,'Zoo Postcard',1.99,98362789,'MP, PP');
Insert into PRODUCT (PRODUCT_ID,PRODUCT_NAME,PRODUCT_SUGGESTED_PRICE,PRODUCT_BAR_CODE_NUMBER,PRODUCT_TYPE) values (576,'Panda Babies 2010 Calendar',12.99,36478394,'MP');
Insert into PRODUCT (PRODUCT_ID,PRODUCT_NAME,PRODUCT_SUGGESTED_PRICE,PRODUCT_BAR_CODE_NUMBER,PRODUCT_TYPE) values (354,'Bird Watcher''''s Field Kit',18.71,46378956,'MP');
Insert into PRODUCT (PRODUCT_ID,PRODUCT_NAME,PRODUCT_SUGGESTED_PRICE,PRODUCT_BAR_CODE_NUMBER,PRODUCT_TYPE) values (984,'Giraffe Frame',14.95,36758946,'PP');
Insert into PRODUCT (PRODUCT_ID,PRODUCT_NAME,PRODUCT_SUGGESTED_PRICE,PRODUCT_BAR_CODE_NUMBER,PRODUCT_TYPE) values (231,'Magnetic Zoo Frame',8.95,65748923,'PP');
Insert into PRODUCT (PRODUCT_ID,PRODUCT_NAME,PRODUCT_SUGGESTED_PRICE,PRODUCT_BAR_CODE_NUMBER,PRODUCT_TYPE) values (516,'Elephant Hand Puppet',16.99,75637829,'PP');
Insert into PRODUCT (PRODUCT_ID,PRODUCT_NAME,PRODUCT_SUGGESTED_PRICE,PRODUCT_BAR_CODE_NUMBER,PRODUCT_TYPE) values (942,'Koala Puppet',29.99,84626385,'PP');
Insert into PRODUCT (PRODUCT_ID,PRODUCT_NAME,PRODUCT_SUGGESTED_PRICE,PRODUCT_BAR_CODE_NUMBER,PRODUCT_TYPE) values (583,'Animal Montage Puzzle',11.95,57399133,'PP');
Insert into PRODUCT (PRODUCT_ID,PRODUCT_NAME,PRODUCT_SUGGESTED_PRICE,PRODUCT_BAR_CODE_NUMBER,PRODUCT_TYPE) values (845,'2GB Elephant Flash Drive',29.95,66473894,'PP');
Insert into PRODUCT (PRODUCT_ID,PRODUCT_NAME,PRODUCT_SUGGESTED_PRICE,PRODUCT_BAR_CODE_NUMBER,PRODUCT_TYPE) values (311,'Lion Mouse Pad',5.95,67483954,'PP');
Insert into PRODUCT (PRODUCT_ID,PRODUCT_NAME,PRODUCT_SUGGESTED_PRICE,PRODUCT_BAR_CODE_NUMBER,PRODUCT_TYPE) values (563,'Panda Earrings',24.95,78946554,'PP');

---------------------------------------------------
--   END DATA FOR TABLE PRODUCT
---------------------------------------------------


---------------------------------------------------
--   DATA FOR TABLE PURCHASED_PRODUCT
--   FILTER = none used
---------------------------------------------------
REM INSERTING into PURCHASED_PRODUCT
Insert into PURCHASED_PRODUCT (PRODUCT_ID,PRODUCT_PURCHASE_PRICE,PRODUCT_PURCHASE_DATE) values (145,5,to_timestamp('28-MAR-07 12.00.00.000000000 AM','DD-MON-RR HH.MI.SS.FF AM'));
Insert into PURCHASED_PRODUCT (PRODUCT_ID,PRODUCT_PURCHASE_PRICE,PRODUCT_PURCHASE_DATE) values (341,0.25,to_timestamp('15-FEB-08 12.00.00.000000000 AM','DD-MON-RR HH.MI.SS.FF AM'));
Insert into PURCHASED_PRODUCT (PRODUCT_ID,PRODUCT_PURCHASE_PRICE,PRODUCT_PURCHASE_DATE) values (846,0.25,to_timestamp('05-OCT-07 12.00.00.000000000 AM','DD-MON-RR HH.MI.SS.FF AM'));
Insert into PURCHASED_PRODUCT (PRODUCT_ID,PRODUCT_PURCHASE_PRICE,PRODUCT_PURCHASE_DATE) values (735,5.75,to_timestamp('12-AUG-07 12.00.00.000000000 AM','DD-MON-RR HH.MI.SS.FF AM'));
Insert into PURCHASED_PRODUCT (PRODUCT_ID,PRODUCT_PURCHASE_PRICE,PRODUCT_PURCHASE_DATE) values (736,8.45,to_timestamp('17-MAY-08 12.00.00.000000000 AM','DD-MON-RR HH.MI.SS.FF AM'));
Insert into PURCHASED_PRODUCT (PRODUCT_ID,PRODUCT_PURCHASE_PRICE,PRODUCT_PURCHASE_DATE) values (452,4.25,to_timestamp('03-JUN-08 12.00.00.000000000 AM','DD-MON-RR HH.MI.SS.FF AM'));
Insert into PURCHASED_PRODUCT (PRODUCT_ID,PRODUCT_PURCHASE_PRICE,PRODUCT_PURCHASE_DATE) values (885,7.5,to_timestamp('25-MAR-07 12.00.00.000000000 AM','DD-MON-RR HH.MI.SS.FF AM'));
Insert into PURCHASED_PRODUCT (PRODUCT_ID,PRODUCT_PURCHASE_PRICE,PRODUCT_PURCHASE_DATE) values (843,2.25,to_timestamp('27-NOV-08 12.00.00.000000000 AM','DD-MON-RR HH.MI.SS.FF AM'));
Insert into PURCHASED_PRODUCT (PRODUCT_ID,PRODUCT_PURCHASE_PRICE,PRODUCT_PURCHASE_DATE) values (968,2.25,to_timestamp('14-MAR-09 12.00.00.000000000 AM','DD-MON-RR HH.MI.SS.FF AM'));
Insert into PURCHASED_PRODUCT (PRODUCT_ID,PRODUCT_PURCHASE_PRICE,PRODUCT_PURCHASE_DATE) values (751,13,to_timestamp('16-APR-07 12.00.00.000000000 AM','DD-MON-RR HH.MI.SS.FF AM'));
Insert into PURCHASED_PRODUCT (PRODUCT_ID,PRODUCT_PURCHASE_PRICE,PRODUCT_PURCHASE_DATE) values (613,13,to_timestamp('10-JUL-09 12.00.00.000000000 AM','DD-MON-RR HH.MI.SS.FF AM'));
Insert into PURCHASED_PRODUCT (PRODUCT_ID,PRODUCT_PURCHASE_PRICE,PRODUCT_PURCHASE_DATE) values (513,12.75,to_timestamp('05-JUL-07 12.00.00.000000000 AM','DD-MON-RR HH.MI.SS.FF AM'));
Insert into PURCHASED_PRODUCT (PRODUCT_ID,PRODUCT_PURCHASE_PRICE,PRODUCT_PURCHASE_DATE) values (851,0.5,to_timestamp('19-MAY-08 12.00.00.000000000 AM','DD-MON-RR HH.MI.SS.FF AM'));
Insert into PURCHASED_PRODUCT (PRODUCT_ID,PRODUCT_PURCHASE_PRICE,PRODUCT_PURCHASE_DATE) values (975,1.65,to_timestamp('24-MAR-07 12.00.00.000000000 AM','DD-MON-RR HH.MI.SS.FF AM'));
Insert into PURCHASED_PRODUCT (PRODUCT_ID,PRODUCT_PURCHASE_PRICE,PRODUCT_PURCHASE_DATE) values (907,0.3,to_timestamp('20-AUG-07 12.00.00.000000000 AM','DD-MON-RR HH.MI.SS.FF AM'));
Insert into PURCHASED_PRODUCT (PRODUCT_ID,PRODUCT_PURCHASE_PRICE,PRODUCT_PURCHASE_DATE) values (984,6.45,to_timestamp('20-JUL-08 12.00.00.000000000 AM','DD-MON-RR HH.MI.SS.FF AM'));
Insert into PURCHASED_PRODUCT (PRODUCT_ID,PRODUCT_PURCHASE_PRICE,PRODUCT_PURCHASE_DATE) values (231,3,to_timestamp('17-APR-07 12.00.00.000000000 AM','DD-MON-RR HH.MI.SS.FF AM'));
Insert into PURCHASED_PRODUCT (PRODUCT_ID,PRODUCT_PURCHASE_PRICE,PRODUCT_PURCHASE_DATE) values (516,6.3,to_timestamp('20-FEB-08 12.00.00.000000000 AM','DD-MON-RR HH.MI.SS.FF AM'));
Insert into PURCHASED_PRODUCT (PRODUCT_ID,PRODUCT_PURCHASE_PRICE,PRODUCT_PURCHASE_DATE) values (942,7.8,to_timestamp('13-JAN-09 12.00.00.000000000 AM','DD-MON-RR HH.MI.SS.FF AM'));
Insert into PURCHASED_PRODUCT (PRODUCT_ID,PRODUCT_PURCHASE_PRICE,PRODUCT_PURCHASE_DATE) values (583,4.85,to_timestamp('20-AUG-09 12.00.00.000000000 AM','DD-MON-RR HH.MI.SS.FF AM'));
Insert into PURCHASED_PRODUCT (PRODUCT_ID,PRODUCT_PURCHASE_PRICE,PRODUCT_PURCHASE_DATE) values (845,10,to_timestamp('26-JUN-08 12.00.00.000000000 AM','DD-MON-RR HH.MI.SS.FF AM'));
Insert into PURCHASED_PRODUCT (PRODUCT_ID,PRODUCT_PURCHASE_PRICE,PRODUCT_PURCHASE_DATE) values (311,1,to_timestamp('05-JUL-07 12.00.00.000000000 AM','DD-MON-RR HH.MI.SS.FF AM'));
Insert into PURCHASED_PRODUCT (PRODUCT_ID,PRODUCT_PURCHASE_PRICE,PRODUCT_PURCHASE_DATE) values (563,17.25,to_timestamp('16-MAR-07 12.00.00.000000000 AM','DD-MON-RR HH.MI.SS.FF AM'));
Insert into PURCHASED_PRODUCT (PRODUCT_ID,PRODUCT_PURCHASE_PRICE,PRODUCT_PURCHASE_DATE) values (463,3.75,to_timestamp('25-AUG-09 12.00.00.000000000 AM','DD-MON-RR HH.MI.SS.FF AM'));
Insert into PURCHASED_PRODUCT (PRODUCT_ID,PRODUCT_PURCHASE_PRICE,PRODUCT_PURCHASE_DATE) values (272,4.25,to_timestamp('20-JUN-07 12.00.00.000000000 AM','DD-MON-RR HH.MI.SS.FF AM'));
Insert into PURCHASED_PRODUCT (PRODUCT_ID,PRODUCT_PURCHASE_PRICE,PRODUCT_PURCHASE_DATE) values (273,4.25,to_timestamp('20-JUN-07 12.00.00.000000000 AM','DD-MON-RR HH.MI.SS.FF AM'));
Insert into PURCHASED_PRODUCT (PRODUCT_ID,PRODUCT_PURCHASE_PRICE,PRODUCT_PURCHASE_DATE) values (274,4.25,to_timestamp('20-JUN-07 12.00.00.000000000 AM','DD-MON-RR HH.MI.SS.FF AM'));
Insert into PURCHASED_PRODUCT (PRODUCT_ID,PRODUCT_PURCHASE_PRICE,PRODUCT_PURCHASE_DATE) values (603,0.1,to_timestamp('15-JUN-09 12.00.00.000000000 AM','DD-MON-RR HH.MI.SS.FF AM'));

---------------------------------------------------
--   END DATA FOR TABLE PURCHASED_PRODUCT
---------------------------------------------------


---------------------------------------------------
--   DATA FOR TABLE RECEIPT_LINE
--   FILTER = none used
---------------------------------------------------
REM INSERTING into RECEIPT_LINE
Insert into RECEIPT_LINE (RECEIPT_LINE_ID,PRODUCT_ID,SELLING_PRICE,QUANTITY,TRANS_ID) values (54653,843,7.99,2,10003);
Insert into RECEIPT_LINE (RECEIPT_LINE_ID,PRODUCT_ID,SELLING_PRICE,QUANTITY,TRANS_ID) values (54654,272,14,1,10003);
Insert into RECEIPT_LINE (RECEIPT_LINE_ID,PRODUCT_ID,SELLING_PRICE,QUANTITY,TRANS_ID) values (54655,751,20,1,10003);
Insert into RECEIPT_LINE (RECEIPT_LINE_ID,PRODUCT_ID,SELLING_PRICE,QUANTITY,TRANS_ID) values (54656,975,5,1,10003);
Insert into RECEIPT_LINE (RECEIPT_LINE_ID,PRODUCT_ID,SELLING_PRICE,QUANTITY,TRANS_ID) values (54657,907,0.99,1,10003);
Insert into RECEIPT_LINE (RECEIPT_LINE_ID,PRODUCT_ID,SELLING_PRICE,QUANTITY,TRANS_ID) values (54658,603,1.99,1,10121);
Insert into RECEIPT_LINE (RECEIPT_LINE_ID,PRODUCT_ID,SELLING_PRICE,QUANTITY,TRANS_ID) values (54659,576,12.99,1,10121);
Insert into RECEIPT_LINE (RECEIPT_LINE_ID,PRODUCT_ID,SELLING_PRICE,QUANTITY,TRANS_ID) values (54660,225,8.75,1,10147);
Insert into RECEIPT_LINE (RECEIPT_LINE_ID,PRODUCT_ID,SELLING_PRICE,QUANTITY,TRANS_ID) values (54661,563,24.95,1,10215);
Insert into RECEIPT_LINE (RECEIPT_LINE_ID,PRODUCT_ID,SELLING_PRICE,QUANTITY,TRANS_ID) values (54662,354,18.71,1,10331);
Insert into RECEIPT_LINE (RECEIPT_LINE_ID,PRODUCT_ID,SELLING_PRICE,QUANTITY,TRANS_ID) values (54663,603,1.99,3,10331);
Insert into RECEIPT_LINE (RECEIPT_LINE_ID,PRODUCT_ID,SELLING_PRICE,QUANTITY,TRANS_ID) values (54664,907,0.99,1,10331);
Insert into RECEIPT_LINE (RECEIPT_LINE_ID,PRODUCT_ID,SELLING_PRICE,QUANTITY,TRANS_ID) values (54665,984,14.95,2,10435);
Insert into RECEIPT_LINE (RECEIPT_LINE_ID,PRODUCT_ID,SELLING_PRICE,QUANTITY,TRANS_ID) values (54666,576,12.99,1,10435);
Insert into RECEIPT_LINE (RECEIPT_LINE_ID,PRODUCT_ID,SELLING_PRICE,QUANTITY,TRANS_ID) values (54667,845,29.95,2,10443);
Insert into RECEIPT_LINE (RECEIPT_LINE_ID,PRODUCT_ID,SELLING_PRICE,QUANTITY,TRANS_ID) values (54668,603,1.99,1,10443);
Insert into RECEIPT_LINE (RECEIPT_LINE_ID,PRODUCT_ID,SELLING_PRICE,QUANTITY,TRANS_ID) values (54669,145,14.95,1,10597);
Insert into RECEIPT_LINE (RECEIPT_LINE_ID,PRODUCT_ID,SELLING_PRICE,QUANTITY,TRANS_ID) values (54670,516,16.99,1,10597);
Insert into RECEIPT_LINE (RECEIPT_LINE_ID,PRODUCT_ID,SELLING_PRICE,QUANTITY,TRANS_ID) values (54671,736,16,1,10597);
Insert into RECEIPT_LINE (RECEIPT_LINE_ID,PRODUCT_ID,SELLING_PRICE,QUANTITY,TRANS_ID) values (54672,273,14,1,10651);
Insert into RECEIPT_LINE (RECEIPT_LINE_ID,PRODUCT_ID,SELLING_PRICE,QUANTITY,TRANS_ID) values (54673,225,8.75,2,10651);
Insert into RECEIPT_LINE (RECEIPT_LINE_ID,PRODUCT_ID,SELLING_PRICE,QUANTITY,TRANS_ID) values (54674,272,14,2,10673);
Insert into RECEIPT_LINE (RECEIPT_LINE_ID,PRODUCT_ID,SELLING_PRICE,QUANTITY,TRANS_ID) values (54675,851,2.75,4,10687);
Insert into RECEIPT_LINE (RECEIPT_LINE_ID,PRODUCT_ID,SELLING_PRICE,QUANTITY,TRANS_ID) values (54676,516,16.99,1,10687);
Insert into RECEIPT_LINE (RECEIPT_LINE_ID,PRODUCT_ID,SELLING_PRICE,QUANTITY,TRANS_ID) values (54677,311,5.95,1,10715);
Insert into RECEIPT_LINE (RECEIPT_LINE_ID,PRODUCT_ID,SELLING_PRICE,QUANTITY,TRANS_ID) values (54678,843,7.99,2,10715);
Insert into RECEIPT_LINE (RECEIPT_LINE_ID,PRODUCT_ID,SELLING_PRICE,QUANTITY,TRANS_ID) values (54679,354,18.71,1,10715);
Insert into RECEIPT_LINE (RECEIPT_LINE_ID,PRODUCT_ID,SELLING_PRICE,QUANTITY,TRANS_ID) values (54680,385,11.99,1,10843);
Insert into RECEIPT_LINE (RECEIPT_LINE_ID,PRODUCT_ID,SELLING_PRICE,QUANTITY,TRANS_ID) values (54681,885,18,1,10891);
Insert into RECEIPT_LINE (RECEIPT_LINE_ID,PRODUCT_ID,SELLING_PRICE,QUANTITY,TRANS_ID) values (54682,341,5,3,10959);
Insert into RECEIPT_LINE (RECEIPT_LINE_ID,PRODUCT_ID,SELLING_PRICE,QUANTITY,TRANS_ID) values (54683,984,14.95,1,10959);
Insert into RECEIPT_LINE (RECEIPT_LINE_ID,PRODUCT_ID,SELLING_PRICE,QUANTITY,TRANS_ID) values (54684,516,16.99,1,11053);
Insert into RECEIPT_LINE (RECEIPT_LINE_ID,PRODUCT_ID,SELLING_PRICE,QUANTITY,TRANS_ID) values (54685,942,29.99,2,11053);
Insert into RECEIPT_LINE (RECEIPT_LINE_ID,PRODUCT_ID,SELLING_PRICE,QUANTITY,TRANS_ID) values (54686,272,14,1,11137);
Insert into RECEIPT_LINE (RECEIPT_LINE_ID,PRODUCT_ID,SELLING_PRICE,QUANTITY,TRANS_ID) values (54687,463,10,3,11137);
Insert into RECEIPT_LINE (RECEIPT_LINE_ID,PRODUCT_ID,SELLING_PRICE,QUANTITY,TRANS_ID) values (54688,885,18,1,11137);
Insert into RECEIPT_LINE (RECEIPT_LINE_ID,PRODUCT_ID,SELLING_PRICE,QUANTITY,TRANS_ID) values (54689,513,25.75,1,12315);
Insert into RECEIPT_LINE (RECEIPT_LINE_ID,PRODUCT_ID,SELLING_PRICE,QUANTITY,TRANS_ID) values (54690,845,29.95,1,12315);
Insert into RECEIPT_LINE (RECEIPT_LINE_ID,PRODUCT_ID,SELLING_PRICE,QUANTITY,TRANS_ID) values (54691,907,0.99,1,12315);
Insert into RECEIPT_LINE (RECEIPT_LINE_ID,PRODUCT_ID,SELLING_PRICE,QUANTITY,TRANS_ID) values (54692,385,11.99,2,12734);
Insert into RECEIPT_LINE (RECEIPT_LINE_ID,PRODUCT_ID,SELLING_PRICE,QUANTITY,TRANS_ID) values (54693,273,14,2,12925);
Insert into RECEIPT_LINE (RECEIPT_LINE_ID,PRODUCT_ID,SELLING_PRICE,QUANTITY,TRANS_ID) values (54694,145,14.95,1,12925);
Insert into RECEIPT_LINE (RECEIPT_LINE_ID,PRODUCT_ID,SELLING_PRICE,QUANTITY,TRANS_ID) values (54695,735,12,1,13391);
Insert into RECEIPT_LINE (RECEIPT_LINE_ID,PRODUCT_ID,SELLING_PRICE,QUANTITY,TRANS_ID) values (54696,272,14,2,13766);
Insert into RECEIPT_LINE (RECEIPT_LINE_ID,PRODUCT_ID,SELLING_PRICE,QUANTITY,TRANS_ID) values (54697,442,15,1,13766);
Insert into RECEIPT_LINE (RECEIPT_LINE_ID,PRODUCT_ID,SELLING_PRICE,QUANTITY,TRANS_ID) values (54698,942,29.99,1,13766);

---------------------------------------------------
--   END DATA FOR TABLE RECEIPT_LINE
---------------------------------------------------


---------------------------------------------------
--   DATA FOR TABLE RESEARCHER
--   FILTER = none used
---------------------------------------------------
REM INSERTING into RESEARCHER
Insert into RESEARCHER (EMP_ID,RES_BONUS) values (4010,10000);
Insert into RESEARCHER (EMP_ID,RES_BONUS) values (4052,null);
Insert into RESEARCHER (EMP_ID,RES_BONUS) values (4108,null);
Insert into RESEARCHER (EMP_ID,RES_BONUS) values (4115,15000);
Insert into RESEARCHER (EMP_ID,RES_BONUS) values (4192,null);
Insert into RESEARCHER (EMP_ID,RES_BONUS) values (4213,null);
Insert into RESEARCHER (EMP_ID,RES_BONUS) values (4360,null);
Insert into RESEARCHER (EMP_ID,RES_BONUS) values (4402,5000);
Insert into RESEARCHER (EMP_ID,RES_BONUS) values (4493,8000);
Insert into RESEARCHER (EMP_ID,RES_BONUS) values (4703,2500);

---------------------------------------------------
--   END DATA FOR TABLE RESEARCHER
---------------------------------------------------


---------------------------------------------------
--   DATA FOR TABLE STORE
--   FILTER = none used
---------------------------------------------------
REM INSERTING into STORE
Insert into STORE (STORE_ID,STORE_PHONE_NUMBER,STORE_ADDRESS,STORE_CITY,STORE_ZIP_CODE,STORE_STATE,ZOO_ID) values (1400,5073482473,'1226 Estabrook Drive','St.Paul',55103,'MN',1000);
Insert into STORE (STORE_ID,STORE_PHONE_NUMBER,STORE_ADDRESS,STORE_CITY,STORE_ZIP_CODE,STORE_STATE,ZOO_ID) values (1401,6518329432,'13015 Zoo Boulevard','Apple Valley',55124,'MN',1002);
Insert into STORE (STORE_ID,STORE_PHONE_NUMBER,STORE_ADDRESS,STORE_CITY,STORE_ZIP_CODE,STORE_STATE,ZOO_ID) values (1402,5079285213,'1240 Estabrook Drive','St.Paul',55103,'MN',1002);
Insert into STORE (STORE_ID,STORE_PHONE_NUMBER,STORE_ADDRESS,STORE_CITY,STORE_ZIP_CODE,STORE_STATE,ZOO_ID) values (1403,6513437275,'123 East Broadway','Bloomington',55425,'MN',1001);
Insert into STORE (STORE_ID,STORE_PHONE_NUMBER,STORE_ADDRESS,STORE_CITY,STORE_ZIP_CODE,STORE_STATE,ZOO_ID) values (1404,5078329178,'1235 Estabrook Drive','St.Paul',55103,'MN',1002);
Insert into STORE (STORE_ID,STORE_PHONE_NUMBER,STORE_ADDRESS,STORE_CITY,STORE_ZIP_CODE,STORE_STATE,ZOO_ID) values (1405,5072921782,'13021 Zoo Boulevard','Apple Valley',55124,'MN',1000);
Insert into STORE (STORE_ID,STORE_PHONE_NUMBER,STORE_ADDRESS,STORE_CITY,STORE_ZIP_CODE,STORE_STATE,ZOO_ID) values (1406,6519534789,'131 East Broadway','Bloomington',55425,'MN',1001);
Insert into STORE (STORE_ID,STORE_PHONE_NUMBER,STORE_ADDRESS,STORE_CITY,STORE_ZIP_CODE,STORE_STATE,ZOO_ID) values (1407,5070129743,'1229 Estabrook Drive','St.Paul',55103,'MN',1001);
Insert into STORE (STORE_ID,STORE_PHONE_NUMBER,STORE_ADDRESS,STORE_CITY,STORE_ZIP_CODE,STORE_STATE,ZOO_ID) values (1408,5073871632,'127 East Broadway','Bloomington',55425,'MN',1002);
Insert into STORE (STORE_ID,STORE_PHONE_NUMBER,STORE_ADDRESS,STORE_CITY,STORE_ZIP_CODE,STORE_STATE,ZOO_ID) values (1409,6513247182,'13008 Zoo Boulevard','Apple Valley',55124,'MN',1000);
Insert into STORE (STORE_ID,STORE_PHONE_NUMBER,STORE_ADDRESS,STORE_CITY,STORE_ZIP_CODE,STORE_STATE,ZOO_ID) values (1410,5079384372,'1233 Estabrook Drive','St.Paul',55103,'MN',1002);

---------------------------------------------------
--   END DATA FOR TABLE STORE
---------------------------------------------------


---------------------------------------------------
--   DATA FOR TABLE TEAM
--   FILTER = none used
---------------------------------------------------
REM INSERTING into TEAM
Insert into TEAM (TEAM_ID,ASSOC_ID,TEAM_NAME) values (313,813,'Gold');
Insert into TEAM (TEAM_ID,ASSOC_ID,TEAM_NAME) values (325,859,'Red');
Insert into TEAM (TEAM_ID,ASSOC_ID,TEAM_NAME) values (336,805,'Blue');
Insert into TEAM (TEAM_ID,ASSOC_ID,TEAM_NAME) values (342,863,'Silver');
Insert into TEAM (TEAM_ID,ASSOC_ID,TEAM_NAME) values (353,833,'Brown');
Insert into TEAM (TEAM_ID,ASSOC_ID,TEAM_NAME) values (367,813,'Fuschia');
Insert into TEAM (TEAM_ID,ASSOC_ID,TEAM_NAME) values (387,863,'Yellow');
Insert into TEAM (TEAM_ID,ASSOC_ID,TEAM_NAME) values (401,887,'Purple');
Insert into TEAM (TEAM_ID,ASSOC_ID,TEAM_NAME) values (415,805,'Green');
Insert into TEAM (TEAM_ID,ASSOC_ID,TEAM_NAME) values (432,859,'Black');
Insert into TEAM (TEAM_ID,ASSOC_ID,TEAM_NAME) values (446,815,'Pink');
Insert into TEAM (TEAM_ID,ASSOC_ID,TEAM_NAME) values (470,887,'Orange');

---------------------------------------------------
--   END DATA FOR TABLE TEAM
---------------------------------------------------


---------------------------------------------------
--   DATA FOR TABLE TRANSACTION
--   FILTER = none used
---------------------------------------------------
REM INSERTING into TRANSACTION
Insert into TRANSACTION (TRANS_ID,STORE_ID,TRANS_DATE,TRANS_TOTAL_AMT,EMP_ID) values (10003,1401,to_timestamp('07-MAR-07 12.00.00.000000000 AM','DD-MON-RR HH.MI.SS.FF AM'),47.98,4122);
Insert into TRANSACTION (TRANS_ID,STORE_ID,TRANS_DATE,TRANS_TOTAL_AMT,EMP_ID) values (10121,1400,to_timestamp('20-JUN-07 12.00.00.000000000 AM','DD-MON-RR HH.MI.SS.FF AM'),14.98,4339);
Insert into TRANSACTION (TRANS_ID,STORE_ID,TRANS_DATE,TRANS_TOTAL_AMT,EMP_ID) values (10147,1404,to_timestamp('15-JUL-07 12.00.00.000000000 AM','DD-MON-RR HH.MI.SS.FF AM'),8.75,4255);
Insert into TRANSACTION (TRANS_ID,STORE_ID,TRANS_DATE,TRANS_TOTAL_AMT,EMP_ID) values (10215,1408,to_timestamp('23-SEP-07 12.00.00.000000000 AM','DD-MON-RR HH.MI.SS.FF AM'),24.95,4017);
Insert into TRANSACTION (TRANS_ID,STORE_ID,TRANS_DATE,TRANS_TOTAL_AMT,EMP_ID) values (10331,1402,to_timestamp('06-NOV-07 12.00.00.000000000 AM','DD-MON-RR HH.MI.SS.FF AM'),21.69,4633);
Insert into TRANSACTION (TRANS_ID,STORE_ID,TRANS_DATE,TRANS_TOTAL_AMT,EMP_ID) values (10435,1401,to_timestamp('27-DEC-07 12.00.00.000000000 AM','DD-MON-RR HH.MI.SS.FF AM'),27.94,4717);
Insert into TRANSACTION (TRANS_ID,STORE_ID,TRANS_DATE,TRANS_TOTAL_AMT,EMP_ID) values (10443,1408,to_timestamp('12-JAN-08 12.00.00.000000000 AM','DD-MON-RR HH.MI.SS.FF AM'),31.94,4451);
Insert into TRANSACTION (TRANS_ID,STORE_ID,TRANS_DATE,TRANS_TOTAL_AMT,EMP_ID) values (10597,1409,to_timestamp('06-FEB-08 12.00.00.000000000 AM','DD-MON-RR HH.MI.SS.FF AM'),47.94,4556);
Insert into TRANSACTION (TRANS_ID,STORE_ID,TRANS_DATE,TRANS_TOTAL_AMT,EMP_ID) values (10651,1401,to_timestamp('18-FEB-08 12.00.00.000000000 AM','DD-MON-RR HH.MI.SS.FF AM'),22.75,4269);
Insert into TRANSACTION (TRANS_ID,STORE_ID,TRANS_DATE,TRANS_TOTAL_AMT,EMP_ID) values (10673,1409,to_timestamp('23-MAR-08 12.00.00.000000000 AM','DD-MON-RR HH.MI.SS.FF AM'),14,4241);
Insert into TRANSACTION (TRANS_ID,STORE_ID,TRANS_DATE,TRANS_TOTAL_AMT,EMP_ID) values (10687,1404,to_timestamp('25-MAY-08 12.00.00.000000000 AM','DD-MON-RR HH.MI.SS.FF AM'),19.74,4178);
Insert into TRANSACTION (TRANS_ID,STORE_ID,TRANS_DATE,TRANS_TOTAL_AMT,EMP_ID) values (10715,1409,to_timestamp('10-JUN-08 12.00.00.000000000 AM','DD-MON-RR HH.MI.SS.FF AM'),32.65,4437);
Insert into TRANSACTION (TRANS_ID,STORE_ID,TRANS_DATE,TRANS_TOTAL_AMT,EMP_ID) values (10843,1406,to_timestamp('19-JUL-08 12.00.00.000000000 AM','DD-MON-RR HH.MI.SS.FF AM'),11.99,4395);
Insert into TRANSACTION (TRANS_ID,STORE_ID,TRANS_DATE,TRANS_TOTAL_AMT,EMP_ID) values (10891,1406,to_timestamp('03-SEP-08 12.00.00.000000000 AM','DD-MON-RR HH.MI.SS.FF AM'),18,4584);
Insert into TRANSACTION (TRANS_ID,STORE_ID,TRANS_DATE,TRANS_TOTAL_AMT,EMP_ID) values (10959,1408,to_timestamp('09-SEP-08 12.00.00.000000000 AM','DD-MON-RR HH.MI.SS.FF AM'),19.95,4122);
Insert into TRANSACTION (TRANS_ID,STORE_ID,TRANS_DATE,TRANS_TOTAL_AMT,EMP_ID) values (11053,1406,to_timestamp('12-SEP-08 12.00.00.000000000 AM','DD-MON-RR HH.MI.SS.FF AM'),76.97,4717);
Insert into TRANSACTION (TRANS_ID,STORE_ID,TRANS_DATE,TRANS_TOTAL_AMT,EMP_ID) values (11137,1408,to_timestamp('27-SEP-08 12.00.00.000000000 AM','DD-MON-RR HH.MI.SS.FF AM'),62,4122);
Insert into TRANSACTION (TRANS_ID,STORE_ID,TRANS_DATE,TRANS_TOTAL_AMT,EMP_ID) values (12315,1409,to_timestamp('14-OCT-08 12.00.00.000000000 AM','DD-MON-RR HH.MI.SS.FF AM'),56.69,4241);
Insert into TRANSACTION (TRANS_ID,STORE_ID,TRANS_DATE,TRANS_TOTAL_AMT,EMP_ID) values (12734,1410,to_timestamp('27-OCT-08 12.00.00.000000000 AM','DD-MON-RR HH.MI.SS.FF AM'),23.98,4339);
Insert into TRANSACTION (TRANS_ID,STORE_ID,TRANS_DATE,TRANS_TOTAL_AMT,EMP_ID) values (12925,1401,to_timestamp('13-NOV-08 12.00.00.000000000 AM','DD-MON-RR HH.MI.SS.FF AM'),42.95,4241);
Insert into TRANSACTION (TRANS_ID,STORE_ID,TRANS_DATE,TRANS_TOTAL_AMT,EMP_ID) values (13391,1408,to_timestamp('28-NOV-08 12.00.00.000000000 AM','DD-MON-RR HH.MI.SS.FF AM'),12,4717);
Insert into TRANSACTION (TRANS_ID,STORE_ID,TRANS_DATE,TRANS_TOTAL_AMT,EMP_ID) values (13766,1408,to_timestamp('11-DEC-08 12.00.00.000000000 AM','DD-MON-RR HH.MI.SS.FF AM'),72.99,4339);

---------------------------------------------------
--   END DATA FOR TABLE TRANSACTION
---------------------------------------------------


---------------------------------------------------
--   DATA FOR TABLE VET
--   FILTER = none used
---------------------------------------------------
REM INSERTING into VET
Insert into VET (VET_ID,ASSOC_ID,VET_FIRST_NAME,VET_LAST_NAME,VET_HOSPITAL,VET_PHONE_NUMBER) values (6235,815,'Britney','Reynolds','Normandale Vet Hospital',6125553133);
Insert into VET (VET_ID,ASSOC_ID,VET_FIRST_NAME,VET_LAST_NAME,VET_HOSPITAL,VET_PHONE_NUMBER) values (6625,833,'Michael','Weaver','Gentle Touch Animal Hospital',6515557524);
Insert into VET (VET_ID,ASSOC_ID,VET_FIRST_NAME,VET_LAST_NAME,VET_HOSPITAL,VET_PHONE_NUMBER) values (6638,813,'Brent','Wade','Pet Crossing',6515558564);
Insert into VET (VET_ID,ASSOC_ID,VET_FIRST_NAME,VET_LAST_NAME,VET_HOSPITAL,VET_PHONE_NUMBER) values (6274,805,'Kari','Gregory','Broadview Veterinary Clinic',6125558634);
Insert into VET (VET_ID,ASSOC_ID,VET_FIRST_NAME,VET_LAST_NAME,VET_HOSPITAL,VET_PHONE_NUMBER) values (6287,887,'Michael','Sampson','Normandale Vet Hospital',6125551844);
Insert into VET (VET_ID,ASSOC_ID,VET_FIRST_NAME,VET_LAST_NAME,VET_HOSPITAL,VET_PHONE_NUMBER) values (6300,859,'Pam','Reid','Edina Pet Hospital',6515559564);
Insert into VET (VET_ID,ASSOC_ID,VET_FIRST_NAME,VET_LAST_NAME,VET_HOSPITAL,VET_PHONE_NUMBER) values (6313,813,'Steve','Connor','Murray Animal Hospital',6515552385);
Insert into VET (VET_ID,ASSOC_ID,VET_FIRST_NAME,VET_LAST_NAME,VET_HOSPITAL,VET_PHONE_NUMBER) values (6573,863,'Ann','Moore','Murray Animal Hospital',6515558665);
Insert into VET (VET_ID,ASSOC_ID,VET_FIRST_NAME,VET_LAST_NAME,VET_HOSPITAL,VET_PHONE_NUMBER) values (6586,863,'Dave','Moon','High Pointe Veterinary Clinic',6515550835);
Insert into VET (VET_ID,ASSOC_ID,VET_FIRST_NAME,VET_LAST_NAME,VET_HOSPITAL,VET_PHONE_NUMBER) values (6352,805,'Debra','Cain','Keller Animal Hospital',6515552204);
Insert into VET (VET_ID,ASSOC_ID,VET_FIRST_NAME,VET_LAST_NAME,VET_HOSPITAL,VET_PHONE_NUMBER) values (6495,805,'Bryan','Booth','Carver Lake Veterinary Center',6515551994);
Insert into VET (VET_ID,ASSOC_ID,VET_FIRST_NAME,VET_LAST_NAME,VET_HOSPITAL,VET_PHONE_NUMBER) values (6508,815,'Kelsey','Smith','Wolff Animal Hospital',6515556704);
Insert into VET (VET_ID,ASSOC_ID,VET_FIRST_NAME,VET_LAST_NAME,VET_HOSPITAL,VET_PHONE_NUMBER) values (6391,813,'Daniel','Schultz','Bush Lake Pet Hospital',6125557833);
Insert into VET (VET_ID,ASSOC_ID,VET_FIRST_NAME,VET_LAST_NAME,VET_HOSPITAL,VET_PHONE_NUMBER) values (6404,805,'Shawn','Newell','All Animals Clinic',6125553637);
Insert into VET (VET_ID,ASSOC_ID,VET_FIRST_NAME,VET_LAST_NAME,VET_HOSPITAL,VET_PHONE_NUMBER) values (6317,863,'Megan','Finley','Blue Cross Small Animal Hospital',6515553908);
Insert into VET (VET_ID,ASSOC_ID,VET_FIRST_NAME,VET_LAST_NAME,VET_HOSPITAL,VET_PHONE_NUMBER) values (6730,833,'Gregory','Moss','Northern Humane Animal Clinic',6515557652);
Insert into VET (VET_ID,ASSOC_ID,VET_FIRST_NAME,VET_LAST_NAME,VET_HOSPITAL,VET_PHONE_NUMBER) values (6443,815,'Emma','Tyson','All Animals Clinic',6125552865);
Insert into VET (VET_ID,ASSOC_ID,VET_FIRST_NAME,VET_LAST_NAME,VET_HOSPITAL,VET_PHONE_NUMBER) values (6856,805,'Mark','Frank','River Bend Vet Clinic',6125557534);
Insert into VET (VET_ID,ASSOC_ID,VET_FIRST_NAME,VET_LAST_NAME,VET_HOSPITAL,VET_PHONE_NUMBER) values (6969,833,'James','Simmons','River Bend Vet Clinic',6125558245);
Insert into VET (VET_ID,ASSOC_ID,VET_FIRST_NAME,VET_LAST_NAME,VET_HOSPITAL,VET_PHONE_NUMBER) values (6482,887,'Shannon','Norwood','Animalife Veterinary Center',6515557795);
Insert into VET (VET_ID,ASSOC_ID,VET_FIRST_NAME,VET_LAST_NAME,VET_HOSPITAL,VET_PHONE_NUMBER) values (6248,833,'Ruth','Mayfield','Pet Crossing',6515559086);
Insert into VET (VET_ID,ASSOC_ID,VET_FIRST_NAME,VET_LAST_NAME,VET_HOSPITAL,VET_PHONE_NUMBER) values (6261,815,'Tim','Hawkins','Crossroads Veterinary Clinic',6515554655);
Insert into VET (VET_ID,ASSOC_ID,VET_FIRST_NAME,VET_LAST_NAME,VET_HOSPITAL,VET_PHONE_NUMBER) values (6521,805,'Adam','Vang','High Pointe Veterinary Clinic',6515558675);
Insert into VET (VET_ID,ASSOC_ID,VET_FIRST_NAME,VET_LAST_NAME,VET_HOSPITAL,VET_PHONE_NUMBER) values (6334,859,'Kathy','Alpert','Woodbury Animal Hospital',6515551453);
Insert into VET (VET_ID,ASSOC_ID,VET_FIRST_NAME,VET_LAST_NAME,VET_HOSPITAL,VET_PHONE_NUMBER) values (6547,887,'Bruce','Sanderson','All Animals Clinic',6125557558);
Insert into VET (VET_ID,ASSOC_ID,VET_FIRST_NAME,VET_LAST_NAME,VET_HOSPITAL,VET_PHONE_NUMBER) values (6160,863,'Travor','Olsen','Grove Animal Hospital',6515557835);
Insert into VET (VET_ID,ASSOC_ID,VET_FIRST_NAME,VET_LAST_NAME,VET_HOSPITAL,VET_PHONE_NUMBER) values (6326,805,'Mary','Samuels','Broadview Veterinary Clinic',6125552346);
Insert into VET (VET_ID,ASSOC_ID,VET_FIRST_NAME,VET_LAST_NAME,VET_HOSPITAL,VET_PHONE_NUMBER) values (6339,813,'Ron','Charles','Murray Animal Hospital',6515557635);
Insert into VET (VET_ID,ASSOC_ID,VET_FIRST_NAME,VET_LAST_NAME,VET_HOSPITAL,VET_PHONE_NUMBER) values (6599,833,'Rachel','Lawrence','Wolff Animal Hospital',6515554693);
Insert into VET (VET_ID,ASSOC_ID,VET_FIRST_NAME,VET_LAST_NAME,VET_HOSPITAL,VET_PHONE_NUMBER) values (6612,863,'Erik','House','Animalife Veterinary Center',6515559085);
Insert into VET (VET_ID,ASSOC_ID,VET_FIRST_NAME,VET_LAST_NAME,VET_HOSPITAL,VET_PHONE_NUMBER) values (6265,887,'Danielle','Gates','Crossroads Veterinary Clinic',6515553977);
Insert into VET (VET_ID,ASSOC_ID,VET_FIRST_NAME,VET_LAST_NAME,VET_HOSPITAL,VET_PHONE_NUMBER) values (6378,815,'Dale','Tanner','Bush Lake Pet Hospital',6125553196);
Insert into VET (VET_ID,ASSOC_ID,VET_FIRST_NAME,VET_LAST_NAME,VET_HOSPITAL,VET_PHONE_NUMBER) values (6651,859,'Sarah','Krueger','Murray Animal Hospital',6515555937);
Insert into VET (VET_ID,ASSOC_ID,VET_FIRST_NAME,VET_LAST_NAME,VET_HOSPITAL,VET_PHONE_NUMBER) values (6664,805,'Kim','Crane','Crossroads Veterinary Clinic',6515552455);
Insert into VET (VET_ID,ASSOC_ID,VET_FIRST_NAME,VET_LAST_NAME,VET_HOSPITAL,VET_PHONE_NUMBER) values (6577,813,'Dave','Rowe','Broadview Veterinary Clinic',6125558690);

---------------------------------------------------
--   END DATA FOR TABLE VET
---------------------------------------------------


---------------------------------------------------
--   DATA FOR TABLE VOLUNTEER
--   FILTER = none used
---------------------------------------------------
REM INSERTING into VOLUNTEER
Insert into VOLUNTEER (VOL_ID,VOL_FIRST_NAME,VOL_LAST_NAME,VOL_PHONE_NUMBER,VOL_AVAILABILITY) values (1501,'Ben','Works',5072928322,'Mon. - Fri. 5pm - 8pm');
Insert into VOLUNTEER (VOL_ID,VOL_FIRST_NAME,VOL_LAST_NAME,VOL_PHONE_NUMBER,VOL_AVAILABILITY) values (1502,'Sandra','Stone',5072092173,'Sat. - Sun. 3pm - 6pm');
Insert into VOLUNTEER (VOL_ID,VOL_FIRST_NAME,VOL_LAST_NAME,VOL_PHONE_NUMBER,VOL_AVAILABILITY) values (1503,'George','Nelson',9528456393,'Mon. - Wed. 9am - 11am');
Insert into VOLUNTEER (VOL_ID,VOL_FIRST_NAME,VOL_LAST_NAME,VOL_PHONE_NUMBER,VOL_AVAILABILITY) values (1504,'Doug','Queen',5073367293,'Sat. - Sun. 9am - 10am');
Insert into VOLUNTEER (VOL_ID,VOL_FIRST_NAME,VOL_LAST_NAME,VOL_PHONE_NUMBER,VOL_AVAILABILITY) values (1505,'Ben','Wilson',9528538323,'Wed. - Fri. 5pm -7pm');
Insert into VOLUNTEER (VOL_ID,VOL_FIRST_NAME,VOL_LAST_NAME,VOL_PHONE_NUMBER,VOL_AVAILABILITY) values (1506,'Virginia','Theis',5072921733,'Sat. - Sun. 12pm - 3pm');
Insert into VOLUNTEER (VOL_ID,VOL_FIRST_NAME,VOL_LAST_NAME,VOL_PHONE_NUMBER,VOL_AVAILABILITY) values (1507,'William','Banks',5072195033,'Sat. - Sun. 5pm - 6pm');
Insert into VOLUNTEER (VOL_ID,VOL_FIRST_NAME,VOL_LAST_NAME,VOL_PHONE_NUMBER,VOL_AVAILABILITY) values (1508,'Zachary','Diederman',5070183925,'Sat. - Sun. 4pm - 7pm');
Insert into VOLUNTEER (VOL_ID,VOL_FIRST_NAME,VOL_LAST_NAME,VOL_PHONE_NUMBER,VOL_AVAILABILITY) values (1509,'Frank','Holmes',9524920175,'Tues. - Wed. 2pm -4pm');
Insert into VOLUNTEER (VOL_ID,VOL_FIRST_NAME,VOL_LAST_NAME,VOL_PHONE_NUMBER,VOL_AVAILABILITY) values (1510,'Eric','Freeman',5077395712,'Sat. - Sun. 12pm - 3pm');
Insert into VOLUNTEER (VOL_ID,VOL_FIRST_NAME,VOL_LAST_NAME,VOL_PHONE_NUMBER,VOL_AVAILABILITY) values (1511,'Donna','Wens',5072956233,'Sat. - Sun. 5pm - 6pm');
Insert into VOLUNTEER (VOL_ID,VOL_FIRST_NAME,VOL_LAST_NAME,VOL_PHONE_NUMBER,VOL_AVAILABILITY) values (1512,'Alex','Wells',5073951703,'Mon. - Wed. 9am - 11am');
Insert into VOLUNTEER (VOL_ID,VOL_FIRST_NAME,VOL_LAST_NAME,VOL_PHONE_NUMBER,VOL_AVAILABILITY) values (1513,'Mike','Winters',5073859432,'Mon. - Fri. 5pm - 8pm');
Insert into VOLUNTEER (VOL_ID,VOL_FIRST_NAME,VOL_LAST_NAME,VOL_PHONE_NUMBER,VOL_AVAILABILITY) values (1514,'Christopher','Nicol',5070928459,'Tues. - Wed. 2pm -4pm');
Insert into VOLUNTEER (VOL_ID,VOL_FIRST_NAME,VOL_LAST_NAME,VOL_PHONE_NUMBER,VOL_AVAILABILITY) values (1515,'Debra','Rich',5073920343,'Sat. - Sun. 4pm - 7pm');
Insert into VOLUNTEER (VOL_ID,VOL_FIRST_NAME,VOL_LAST_NAME,VOL_PHONE_NUMBER,VOL_AVAILABILITY) values (1516,'Megan','Peterson',5071927544,'Sat. - Sun. 9am - 10am');
Insert into VOLUNTEER (VOL_ID,VOL_FIRST_NAME,VOL_LAST_NAME,VOL_PHONE_NUMBER,VOL_AVAILABILITY) values (1517,'Sara','Ford',9528492541,'Sat. - Sun. 12pm - 3pm');
Insert into VOLUNTEER (VOL_ID,VOL_FIRST_NAME,VOL_LAST_NAME,VOL_PHONE_NUMBER,VOL_AVAILABILITY) values (1518,'Bradley','Cones',9528560438,'Sat. - Sun. 4pm - 7pm');
Insert into VOLUNTEER (VOL_ID,VOL_FIRST_NAME,VOL_LAST_NAME,VOL_PHONE_NUMBER,VOL_AVAILABILITY) values (1519,'Phil','Otter',5072069432,'Sat. - Sun. 5pm - 6pm');
Insert into VOLUNTEER (VOL_ID,VOL_FIRST_NAME,VOL_LAST_NAME,VOL_PHONE_NUMBER,VOL_AVAILABILITY) values (1520,'Dylan','Vinge',5071019385,'Tues. - Wed. 2pm -4pm');
Insert into VOLUNTEER (VOL_ID,VOL_FIRST_NAME,VOL_LAST_NAME,VOL_PHONE_NUMBER,VOL_AVAILABILITY) values (1521,'Cole','Bridges',5078392752,'Sat. - Sun. 12pm - 3pm');
Insert into VOLUNTEER (VOL_ID,VOL_FIRST_NAME,VOL_LAST_NAME,VOL_PHONE_NUMBER,VOL_AVAILABILITY) values (1522,'Larry','Johnson',5079340672,'Mon. - Wed. 9am - 11am');
Insert into VOLUNTEER (VOL_ID,VOL_FIRST_NAME,VOL_LAST_NAME,VOL_PHONE_NUMBER,VOL_AVAILABILITY) values (1523,'Fred','Green',5071937321,'Sat. - Sun. 9am - 10am');
Insert into VOLUNTEER (VOL_ID,VOL_FIRST_NAME,VOL_LAST_NAME,VOL_PHONE_NUMBER,VOL_AVAILABILITY) values (1524,'Brandon','Philips',5071937543,'Tues. - Wed. 2pm -4pm');
Insert into VOLUNTEER (VOL_ID,VOL_FIRST_NAME,VOL_LAST_NAME,VOL_PHONE_NUMBER,VOL_AVAILABILITY) values (1525,'Rachel','Shape',5073906713,'Mon. - Fri. 5pm - 8pm');
Insert into VOLUNTEER (VOL_ID,VOL_FIRST_NAME,VOL_LAST_NAME,VOL_PHONE_NUMBER,VOL_AVAILABILITY) values (1526,'Seth','Geller',9527583294,'Sat. - Sun. 4pm - 7pm');
Insert into VOLUNTEER (VOL_ID,VOL_FIRST_NAME,VOL_LAST_NAME,VOL_PHONE_NUMBER,VOL_AVAILABILITY) values (1527,'Cory','Stanek',5073957263,'Sat. - Sun. 9am - 10am');
Insert into VOLUNTEER (VOL_ID,VOL_FIRST_NAME,VOL_LAST_NAME,VOL_PHONE_NUMBER,VOL_AVAILABILITY) values (1528,'Monica','Price',5072957323,'Sat. - Sun. 12pm - 3pm');
Insert into VOLUNTEER (VOL_ID,VOL_FIRST_NAME,VOL_LAST_NAME,VOL_PHONE_NUMBER,VOL_AVAILABILITY) values (1230,'Mike','Smith',5078339223,'Mon. - Wed. 9am - 11am');
Insert into VOLUNTEER (VOL_ID,VOL_FIRST_NAME,VOL_LAST_NAME,VOL_PHONE_NUMBER,VOL_AVAILABILITY) values (1531,'Kelsey','Johnson',9528474932,'Sat. - Sun. 12pm - 3pm');
Insert into VOLUNTEER (VOL_ID,VOL_FIRST_NAME,VOL_LAST_NAME,VOL_PHONE_NUMBER,VOL_AVAILABILITY) values (1532,'Tom','Walters',9528695854,'Sat. - Sun. 9am - 10am');
Insert into VOLUNTEER (VOL_ID,VOL_FIRST_NAME,VOL_LAST_NAME,VOL_PHONE_NUMBER,VOL_AVAILABILITY) values (1533,'Daniel','Coombe',5072937110,'Tues. - Wed. 2pm -4pm');
Insert into VOLUNTEER (VOL_ID,VOL_FIRST_NAME,VOL_LAST_NAME,VOL_PHONE_NUMBER,VOL_AVAILABILITY) values (1534,'Jake','Glass',5079209732,'Sat. - Sun. 4pm - 7pm');
Insert into VOLUNTEER (VOL_ID,VOL_FIRST_NAME,VOL_LAST_NAME,VOL_PHONE_NUMBER,VOL_AVAILABILITY) values (1535,'Robert','Hoffner',5079830348,'Sat. - Sun. 9am - 10am');
Insert into VOLUNTEER (VOL_ID,VOL_FIRST_NAME,VOL_LAST_NAME,VOL_PHONE_NUMBER,VOL_AVAILABILITY) values (1536,'Ashley','Everson',9528397183,'Tues. - Wed. 2pm -4pm');
Insert into VOLUNTEER (VOL_ID,VOL_FIRST_NAME,VOL_LAST_NAME,VOL_PHONE_NUMBER,VOL_AVAILABILITY) values (1537,'Josh','Emans',9525849347,'Sat. - Sun. 12pm - 3pm');
Insert into VOLUNTEER (VOL_ID,VOL_FIRST_NAME,VOL_LAST_NAME,VOL_PHONE_NUMBER,VOL_AVAILABILITY) values (1538,'Amanda','Thompson',5079840389,'Sat. - Sun. 9am - 10am');
Insert into VOLUNTEER (VOL_ID,VOL_FIRST_NAME,VOL_LAST_NAME,VOL_PHONE_NUMBER,VOL_AVAILABILITY) values (1539,'David','Wees',5079048596,'Mon. - Wed. 9am - 11am');
Insert into VOLUNTEER (VOL_ID,VOL_FIRST_NAME,VOL_LAST_NAME,VOL_PHONE_NUMBER,VOL_AVAILABILITY) values (1540,'Ella','Johnstone',5079389209,'Sat. - Sun. 4pm - 7pm');

---------------------------------------------------
--   END DATA FOR TABLE VOLUNTEER
---------------------------------------------------


---------------------------------------------------
--   DATA FOR TABLE VOLUNTEER_DEPT_HISTORY
--   FILTER = none used
---------------------------------------------------
REM INSERTING into VOLUNTEER_DEPT_HISTORY
Insert into VOLUNTEER_DEPT_HISTORY (VOL_ID,DEPT_ID,DATE_ASSIGNED,VOL_START_DATE,VOL_END_DATE,VOL_DAYS_WORKED,VOL_DEPT_CHANGE) values (1501,100,to_timestamp('25-DEC-10 12.00.00.000000000 AM','DD-MON-RR HH.MI.SS.FF AM'),to_timestamp('30-DEC-10 12.00.00.000000000 AM','DD-MON-RR HH.MI.SS.FF AM'),null,'12/30/2010',null);
Insert into VOLUNTEER_DEPT_HISTORY (VOL_ID,DEPT_ID,DATE_ASSIGNED,VOL_START_DATE,VOL_END_DATE,VOL_DAYS_WORKED,VOL_DEPT_CHANGE) values (1502,115,to_timestamp('03-JUN-09 12.00.00.000000000 AM','DD-MON-RR HH.MI.SS.FF AM'),null,null,null,null);
Insert into VOLUNTEER_DEPT_HISTORY (VOL_ID,DEPT_ID,DATE_ASSIGNED,VOL_START_DATE,VOL_END_DATE,VOL_DAYS_WORKED,VOL_DEPT_CHANGE) values (1503,102,to_timestamp('19-AUG-04 12.00.00.000000000 AM','DD-MON-RR HH.MI.SS.FF AM'),to_timestamp('10-SEP-04 12.00.00.000000000 AM','DD-MON-RR HH.MI.SS.FF AM'),null,'9/10/2004, 10/20/2004',115);
Insert into VOLUNTEER_DEPT_HISTORY (VOL_ID,DEPT_ID,DATE_ASSIGNED,VOL_START_DATE,VOL_END_DATE,VOL_DAYS_WORKED,VOL_DEPT_CHANGE) values (1504,100,to_timestamp('05-MAR-02 12.00.00.000000000 AM','DD-MON-RR HH.MI.SS.FF AM'),to_timestamp('05-APR-02 12.00.00.000000000 AM','DD-MON-RR HH.MI.SS.FF AM'),null,'4/5/2002, 5/16/2002, 6/2/2002',118);
Insert into VOLUNTEER_DEPT_HISTORY (VOL_ID,DEPT_ID,DATE_ASSIGNED,VOL_START_DATE,VOL_END_DATE,VOL_DAYS_WORKED,VOL_DEPT_CHANGE) values (1505,120,to_timestamp('06-APR-09 12.00.00.000000000 AM','DD-MON-RR HH.MI.SS.FF AM'),to_timestamp('08-APR-09 12.00.00.000000000 AM','DD-MON-RR HH.MI.SS.FF AM'),null,'4/8/2009, 5/17/2009',119);
Insert into VOLUNTEER_DEPT_HISTORY (VOL_ID,DEPT_ID,DATE_ASSIGNED,VOL_START_DATE,VOL_END_DATE,VOL_DAYS_WORKED,VOL_DEPT_CHANGE) values (1506,105,to_timestamp('14-FEB-10 12.00.00.000000000 AM','DD-MON-RR HH.MI.SS.FF AM'),to_timestamp('28-FEB-10 12.00.00.000000000 AM','DD-MON-RR HH.MI.SS.FF AM'),to_timestamp('20-AUG-10 12.00.00.000000000 AM','DD-MON-RR HH.MI.SS.FF AM'),'2/28/2010, 8/20/2010',null);
Insert into VOLUNTEER_DEPT_HISTORY (VOL_ID,DEPT_ID,DATE_ASSIGNED,VOL_START_DATE,VOL_END_DATE,VOL_DAYS_WORKED,VOL_DEPT_CHANGE) values (1507,106,to_timestamp('09-JUL-10 12.00.00.000000000 AM','DD-MON-RR HH.MI.SS.FF AM'),null,null,null,null);
Insert into VOLUNTEER_DEPT_HISTORY (VOL_ID,DEPT_ID,DATE_ASSIGNED,VOL_START_DATE,VOL_END_DATE,VOL_DAYS_WORKED,VOL_DEPT_CHANGE) values (1508,120,to_timestamp('24-MAY-10 12.00.00.000000000 AM','DD-MON-RR HH.MI.SS.FF AM'),null,null,null,null);
Insert into VOLUNTEER_DEPT_HISTORY (VOL_ID,DEPT_ID,DATE_ASSIGNED,VOL_START_DATE,VOL_END_DATE,VOL_DAYS_WORKED,VOL_DEPT_CHANGE) values (1509,100,to_timestamp('26-OCT-10 12.00.00.000000000 AM','DD-MON-RR HH.MI.SS.FF AM'),to_timestamp('03-NOV-10 12.00.00.000000000 AM','DD-MON-RR HH.MI.SS.FF AM'),null,'11/3/2010',null);
Insert into VOLUNTEER_DEPT_HISTORY (VOL_ID,DEPT_ID,DATE_ASSIGNED,VOL_START_DATE,VOL_END_DATE,VOL_DAYS_WORKED,VOL_DEPT_CHANGE) values (1510,109,to_timestamp('11-FEB-09 12.00.00.000000000 AM','DD-MON-RR HH.MI.SS.FF AM'),to_timestamp('15-MAR-09 12.00.00.000000000 AM','DD-MON-RR HH.MI.SS.FF AM'),null,'3/15/2009',null);
Insert into VOLUNTEER_DEPT_HISTORY (VOL_ID,DEPT_ID,DATE_ASSIGNED,VOL_START_DATE,VOL_END_DATE,VOL_DAYS_WORKED,VOL_DEPT_CHANGE) values (1511,110,to_timestamp('22-MAY-05 12.00.00.000000000 AM','DD-MON-RR HH.MI.SS.FF AM'),to_timestamp('20-JUN-05 12.00.00.000000000 AM','DD-MON-RR HH.MI.SS.FF AM'),to_timestamp('01-APR-06 12.00.00.000000000 AM','DD-MON-RR HH.MI.SS.FF AM'),'6/20/2005, 8/23/2005, 11/12/2005, 3/1/2006, 4/1/2006',null);
Insert into VOLUNTEER_DEPT_HISTORY (VOL_ID,DEPT_ID,DATE_ASSIGNED,VOL_START_DATE,VOL_END_DATE,VOL_DAYS_WORKED,VOL_DEPT_CHANGE) values (1512,111,to_timestamp('04-FEB-10 12.00.00.000000000 AM','DD-MON-RR HH.MI.SS.FF AM'),to_timestamp('10-MAR-10 12.00.00.000000000 AM','DD-MON-RR HH.MI.SS.FF AM'),null,'3/10/2010, 4/10/2010, 4/12/2010',102);
Insert into VOLUNTEER_DEPT_HISTORY (VOL_ID,DEPT_ID,DATE_ASSIGNED,VOL_START_DATE,VOL_END_DATE,VOL_DAYS_WORKED,VOL_DEPT_CHANGE) values (1513,100,to_timestamp('12-DEC-09 12.00.00.000000000 AM','DD-MON-RR HH.MI.SS.FF AM'),null,null,null,null);
Insert into VOLUNTEER_DEPT_HISTORY (VOL_ID,DEPT_ID,DATE_ASSIGNED,VOL_START_DATE,VOL_END_DATE,VOL_DAYS_WORKED,VOL_DEPT_CHANGE) values (1514,113,to_timestamp('15-JAN-08 12.00.00.000000000 AM','DD-MON-RR HH.MI.SS.FF AM'),to_timestamp('11-FEB-08 12.00.00.000000000 AM','DD-MON-RR HH.MI.SS.FF AM'),to_timestamp('22-JUL-08 12.00.00.000000000 AM','DD-MON-RR HH.MI.SS.FF AM'),'2/11/2008, 4/12/2008, 6/14/2008, 7/22/2008',120);
Insert into VOLUNTEER_DEPT_HISTORY (VOL_ID,DEPT_ID,DATE_ASSIGNED,VOL_START_DATE,VOL_END_DATE,VOL_DAYS_WORKED,VOL_DEPT_CHANGE) values (1515,120,to_timestamp('18-MAY-09 12.00.00.000000000 AM','DD-MON-RR HH.MI.SS.FF AM'),null,null,null,null);
Insert into VOLUNTEER_DEPT_HISTORY (VOL_ID,DEPT_ID,DATE_ASSIGNED,VOL_START_DATE,VOL_END_DATE,VOL_DAYS_WORKED,VOL_DEPT_CHANGE) values (1516,115,to_timestamp('27-JUL-10 12.00.00.000000000 AM','DD-MON-RR HH.MI.SS.FF AM'),to_timestamp('02-AUG-10 12.00.00.000000000 AM','DD-MON-RR HH.MI.SS.FF AM'),to_timestamp('22-OCT-10 12.00.00.000000000 AM','DD-MON-RR HH.MI.SS.FF AM'),'8/2/2010, 9/10/2010, 10/22/2010',106);
Insert into VOLUNTEER_DEPT_HISTORY (VOL_ID,DEPT_ID,DATE_ASSIGNED,VOL_START_DATE,VOL_END_DATE,VOL_DAYS_WORKED,VOL_DEPT_CHANGE) values (1517,116,to_timestamp('01-APR-04 12.00.00.000000000 AM','DD-MON-RR HH.MI.SS.FF AM'),to_timestamp('02-APR-04 12.00.00.000000000 AM','DD-MON-RR HH.MI.SS.FF AM'),null,'4/2/2004, 5/13/2004, 5/16/2004',120);
Insert into VOLUNTEER_DEPT_HISTORY (VOL_ID,DEPT_ID,DATE_ASSIGNED,VOL_START_DATE,VOL_END_DATE,VOL_DAYS_WORKED,VOL_DEPT_CHANGE) values (1518,115,to_timestamp('23-JUN-01 12.00.00.000000000 AM','DD-MON-RR HH.MI.SS.FF AM'),to_timestamp('01-JUL-01 12.00.00.000000000 AM','DD-MON-RR HH.MI.SS.FF AM'),null,'7/1/2001, 8/13/2001, 10/17/2001',null);
Insert into VOLUNTEER_DEPT_HISTORY (VOL_ID,DEPT_ID,DATE_ASSIGNED,VOL_START_DATE,VOL_END_DATE,VOL_DAYS_WORKED,VOL_DEPT_CHANGE) values (1519,118,to_timestamp('14-SEP-09 12.00.00.000000000 AM','DD-MON-RR HH.MI.SS.FF AM'),null,null,null,null);
Insert into VOLUNTEER_DEPT_HISTORY (VOL_ID,DEPT_ID,DATE_ASSIGNED,VOL_START_DATE,VOL_END_DATE,VOL_DAYS_WORKED,VOL_DEPT_CHANGE) values (1520,119,to_timestamp('17-OCT-10 12.00.00.000000000 AM','DD-MON-RR HH.MI.SS.FF AM'),null,null,null,115);
Insert into VOLUNTEER_DEPT_HISTORY (VOL_ID,DEPT_ID,DATE_ASSIGNED,VOL_START_DATE,VOL_END_DATE,VOL_DAYS_WORKED,VOL_DEPT_CHANGE) values (1521,120,to_timestamp('03-DEC-09 12.00.00.000000000 AM','DD-MON-RR HH.MI.SS.FF AM'),to_timestamp('05-DEC-09 12.00.00.000000000 AM','DD-MON-RR HH.MI.SS.FF AM'),to_timestamp('01-APR-10 12.00.00.000000000 AM','DD-MON-RR HH.MI.SS.FF AM'),'12/5/2009, 1/6/2010, 3/16/2010, 4/1/2010',100);
Insert into VOLUNTEER_DEPT_HISTORY (VOL_ID,DEPT_ID,DATE_ASSIGNED,VOL_START_DATE,VOL_END_DATE,VOL_DAYS_WORKED,VOL_DEPT_CHANGE) values (1522,121,to_timestamp('01-FEB-10 12.00.00.000000000 AM','DD-MON-RR HH.MI.SS.FF AM'),null,null,null,null);
Insert into VOLUNTEER_DEPT_HISTORY (VOL_ID,DEPT_ID,DATE_ASSIGNED,VOL_START_DATE,VOL_END_DATE,VOL_DAYS_WORKED,VOL_DEPT_CHANGE) values (1523,115,to_timestamp('11-MAR-10 12.00.00.000000000 AM','DD-MON-RR HH.MI.SS.FF AM'),to_timestamp('14-MAR-09 12.00.00.000000000 AM','DD-MON-RR HH.MI.SS.FF AM'),null,'3/14/2009, 3/19/2009, 4/11/2009',null);
Insert into VOLUNTEER_DEPT_HISTORY (VOL_ID,DEPT_ID,DATE_ASSIGNED,VOL_START_DATE,VOL_END_DATE,VOL_DAYS_WORKED,VOL_DEPT_CHANGE) values (1524,100,to_timestamp('10-AUG-10 12.00.00.000000000 AM','DD-MON-RR HH.MI.SS.FF AM'),to_timestamp('14-AUG-10 12.00.00.000000000 AM','DD-MON-RR HH.MI.SS.FF AM'),null,'8/14/2010',null);
Insert into VOLUNTEER_DEPT_HISTORY (VOL_ID,DEPT_ID,DATE_ASSIGNED,VOL_START_DATE,VOL_END_DATE,VOL_DAYS_WORKED,VOL_DEPT_CHANGE) values (1525,118,to_timestamp('18-SEP-10 12.00.00.000000000 AM','DD-MON-RR HH.MI.SS.FF AM'),to_timestamp('01-OCT-10 12.00.00.000000000 AM','DD-MON-RR HH.MI.SS.FF AM'),to_timestamp('30-DEC-10 12.00.00.000000000 AM','DD-MON-RR HH.MI.SS.FF AM'),'10/1/2010, 11/12/2010, 11/17/2010, 12/30/2010',null);
Insert into VOLUNTEER_DEPT_HISTORY (VOL_ID,DEPT_ID,DATE_ASSIGNED,VOL_START_DATE,VOL_END_DATE,VOL_DAYS_WORKED,VOL_DEPT_CHANGE) values (1526,111,to_timestamp('04-DEC-08 12.00.00.000000000 AM','DD-MON-RR HH.MI.SS.FF AM'),to_timestamp('05-DEC-08 12.00.00.000000000 AM','DD-MON-RR HH.MI.SS.FF AM'),to_timestamp('12-OCT-09 12.00.00.000000000 AM','DD-MON-RR HH.MI.SS.FF AM'),'12/5/2008, 2/15/2009, 5/12/2009, 7/9/2009, 10/12/2009',119);
Insert into VOLUNTEER_DEPT_HISTORY (VOL_ID,DEPT_ID,DATE_ASSIGNED,VOL_START_DATE,VOL_END_DATE,VOL_DAYS_WORKED,VOL_DEPT_CHANGE) values (1527,119,to_timestamp('15-JUN-09 12.00.00.000000000 AM','DD-MON-RR HH.MI.SS.FF AM'),null,null,null,null);
Insert into VOLUNTEER_DEPT_HISTORY (VOL_ID,DEPT_ID,DATE_ASSIGNED,VOL_START_DATE,VOL_END_DATE,VOL_DAYS_WORKED,VOL_DEPT_CHANGE) values (1528,117,to_timestamp('02-JUN-10 12.00.00.000000000 AM','DD-MON-RR HH.MI.SS.FF AM'),to_timestamp('05-JUN-10 12.00.00.000000000 AM','DD-MON-RR HH.MI.SS.FF AM'),null,'6/5/2010, 7/3/2010',106);
Insert into VOLUNTEER_DEPT_HISTORY (VOL_ID,DEPT_ID,DATE_ASSIGNED,VOL_START_DATE,VOL_END_DATE,VOL_DAYS_WORKED,VOL_DEPT_CHANGE) values (1230,106,to_timestamp('09-MAY-09 12.00.00.000000000 AM','DD-MON-RR HH.MI.SS.FF AM'),null,null,null,null);
Insert into VOLUNTEER_DEPT_HISTORY (VOL_ID,DEPT_ID,DATE_ASSIGNED,VOL_START_DATE,VOL_END_DATE,VOL_DAYS_WORKED,VOL_DEPT_CHANGE) values (1531,111,to_timestamp('25-SEP-08 12.00.00.000000000 AM','DD-MON-RR HH.MI.SS.FF AM'),to_timestamp('29-SEP-08 12.00.00.000000000 AM','DD-MON-RR HH.MI.SS.FF AM'),to_timestamp('15-JAN-09 12.00.00.000000000 AM','DD-MON-RR HH.MI.SS.FF AM'),'9/29/2008, 10/12/2008, 11/16/2008, 12/7/2008, 1/15/2009',119);
Insert into VOLUNTEER_DEPT_HISTORY (VOL_ID,DEPT_ID,DATE_ASSIGNED,VOL_START_DATE,VOL_END_DATE,VOL_DAYS_WORKED,VOL_DEPT_CHANGE) values (1532,119,to_timestamp('27-NOV-10 12.00.00.000000000 AM','DD-MON-RR HH.MI.SS.FF AM'),null,null,null,null);
Insert into VOLUNTEER_DEPT_HISTORY (VOL_ID,DEPT_ID,DATE_ASSIGNED,VOL_START_DATE,VOL_END_DATE,VOL_DAYS_WORKED,VOL_DEPT_CHANGE) values (1533,102,to_timestamp('14-MAR-09 12.00.00.000000000 AM','DD-MON-RR HH.MI.SS.FF AM'),null,null,null,null);
Insert into VOLUNTEER_DEPT_HISTORY (VOL_ID,DEPT_ID,DATE_ASSIGNED,VOL_START_DATE,VOL_END_DATE,VOL_DAYS_WORKED,VOL_DEPT_CHANGE) values (1534,106,to_timestamp('06-DEC-10 12.00.00.000000000 AM','DD-MON-RR HH.MI.SS.FF AM'),to_timestamp('08-DEC-10 12.00.00.000000000 AM','DD-MON-RR HH.MI.SS.FF AM'),null,'12/8/2010, 12/15/2010, 12/29/2010',118);
Insert into VOLUNTEER_DEPT_HISTORY (VOL_ID,DEPT_ID,DATE_ASSIGNED,VOL_START_DATE,VOL_END_DATE,VOL_DAYS_WORKED,VOL_DEPT_CHANGE) values (1535,117,to_timestamp('04-JUL-08 12.00.00.000000000 AM','DD-MON-RR HH.MI.SS.FF AM'),to_timestamp('13-JUL-08 12.00.00.000000000 AM','DD-MON-RR HH.MI.SS.FF AM'),to_timestamp('13-OCT-08 12.00.00.000000000 AM','DD-MON-RR HH.MI.SS.FF AM'),'7/13/2008, 8/14/2008, 9/7/2008, 10/13/2008',104);
Insert into VOLUNTEER_DEPT_HISTORY (VOL_ID,DEPT_ID,DATE_ASSIGNED,VOL_START_DATE,VOL_END_DATE,VOL_DAYS_WORKED,VOL_DEPT_CHANGE) values (1536,101,to_timestamp('13-AUG-10 12.00.00.000000000 AM','DD-MON-RR HH.MI.SS.FF AM'),to_timestamp('20-AUG-10 12.00.00.000000000 AM','DD-MON-RR HH.MI.SS.FF AM'),null,'8/20/2010, 9/10/2010, 9/22/2010',103);
Insert into VOLUNTEER_DEPT_HISTORY (VOL_ID,DEPT_ID,DATE_ASSIGNED,VOL_START_DATE,VOL_END_DATE,VOL_DAYS_WORKED,VOL_DEPT_CHANGE) values (1537,102,to_timestamp('09-APR-07 12.00.00.000000000 AM','DD-MON-RR HH.MI.SS.FF AM'),null,null,null,null);
Insert into VOLUNTEER_DEPT_HISTORY (VOL_ID,DEPT_ID,DATE_ASSIGNED,VOL_START_DATE,VOL_END_DATE,VOL_DAYS_WORKED,VOL_DEPT_CHANGE) values (1538,118,to_timestamp('26-MAY-10 12.00.00.000000000 AM','DD-MON-RR HH.MI.SS.FF AM'),to_timestamp('01-JUN-10 12.00.00.000000000 AM','DD-MON-RR HH.MI.SS.FF AM'),null,'6/1/2010',null);
Insert into VOLUNTEER_DEPT_HISTORY (VOL_ID,DEPT_ID,DATE_ASSIGNED,VOL_START_DATE,VOL_END_DATE,VOL_DAYS_WORKED,VOL_DEPT_CHANGE) values (1539,104,to_timestamp('20-JUN-04 12.00.00.000000000 AM','DD-MON-RR HH.MI.SS.FF AM'),null,null,null,null);
Insert into VOLUNTEER_DEPT_HISTORY (VOL_ID,DEPT_ID,DATE_ASSIGNED,VOL_START_DATE,VOL_END_DATE,VOL_DAYS_WORKED,VOL_DEPT_CHANGE) values (1540,103,to_timestamp('11-JAN-03 12.00.00.000000000 AM','DD-MON-RR HH.MI.SS.FF AM'),to_timestamp('16-JAN-03 12.00.00.000000000 AM','DD-MON-RR HH.MI.SS.FF AM'),to_timestamp('17-APR-03 12.00.00.000000000 AM','DD-MON-RR HH.MI.SS.FF AM'),'1/16/2003, 2/2/2003, 2/22/2003, 3/19/2003, 4/17/2003',null);

---------------------------------------------------
--   END DATA FOR TABLE VOLUNTEER_DEPT_HISTORY
---------------------------------------------------


---------------------------------------------------
--   DATA FOR TABLE WAREHOUSE
--   FILTER = none used
---------------------------------------------------
REM INSERTING into WAREHOUSE
Insert into WAREHOUSE (WAREHOUSE_ID,WAREHOUSE_PHONE_NUMBER,WAREHOUSE_ADDRESS,WAREHOUSE_CITY,WAREHOUSE_ZIP_CODE,WAREHOUSE_STATE) values (1,9375551650,'625 Ruby St.','Dayton',45401,'OH');
Insert into WAREHOUSE (WAREHOUSE_ID,WAREHOUSE_PHONE_NUMBER,WAREHOUSE_ADDRESS,WAREHOUSE_CITY,WAREHOUSE_ZIP_CODE,WAREHOUSE_STATE) values (2,6515558390,'450 Lydia Ave.','Maplewood',55109,'MN');
Insert into WAREHOUSE (WAREHOUSE_ID,WAREHOUSE_PHONE_NUMBER,WAREHOUSE_ADDRESS,WAREHOUSE_CITY,WAREHOUSE_ZIP_CODE,WAREHOUSE_STATE) values (3,7325556700,'273 Hazelwood St.','Edison',8817,'NJ');
Insert into WAREHOUSE (WAREHOUSE_ID,WAREHOUSE_PHONE_NUMBER,WAREHOUSE_ADDRESS,WAREHOUSE_CITY,WAREHOUSE_ZIP_CODE,WAREHOUSE_STATE) values (4,5155557755,'242 Berry St.','Des Moines',50301,'IA');
Insert into WAREHOUSE (WAREHOUSE_ID,WAREHOUSE_PHONE_NUMBER,WAREHOUSE_ADDRESS,WAREHOUSE_CITY,WAREHOUSE_ZIP_CODE,WAREHOUSE_STATE) values (5,3135550752,'527 3rd Ave.','Detroit',48201,'MI');
Insert into WAREHOUSE (WAREHOUSE_ID,WAREHOUSE_PHONE_NUMBER,WAREHOUSE_ADDRESS,WAREHOUSE_CITY,WAREHOUSE_ZIP_CODE,WAREHOUSE_STATE) values (6,3235559221,'821 8th Ave.','Los Angeles',90001,'CA');

---------------------------------------------------
--   END DATA FOR TABLE WAREHOUSE
---------------------------------------------------


---------------------------------------------------
--   DATA FOR TABLE ZOO
--   FILTER = none used
---------------------------------------------------
REM INSERTING into ZOO
Insert into ZOO (ZOO_ID,ZOO_NAME,ZOO_PHONE_NUMBER,ZOO_HOURS,ZOO_ADMISSION_RATES,ZOO_ADDRESS,ZOO_CITY,ZOO_ZIP_CODE,ZOO_STATE) values (1000,'The Como Park Zoo and Conservatory',6514878200,'Oct. - March 10am - 4 pm ---- April - Sept.  10am - 6pm','Seniors - $13, Adults - $15, Students - $11, Children - $9','1225 Estabrook Drive','St.Paul',55103,'MN');
Insert into ZOO (ZOO_ID,ZOO_NAME,ZOO_PHONE_NUMBER,ZOO_HOURS,ZOO_ADMISSION_RATES,ZOO_ADDRESS,ZOO_CITY,ZOO_ZIP_CODE,ZOO_STATE) values (1001,'Underwater Adventure',9528830202,'Mon. - Thurs. 10am - 7:30pm, ---- Fri. 10am - 8:30pm, ----Sat. 9:30am - 8:30pm, ----Sun. 10am - 6:30pm','Adults  - $18.99, Children - $12.49','120 East Broadway','Bloomington',55425,'MN');
Insert into ZOO (ZOO_ID,ZOO_NAME,ZOO_PHONE_NUMBER,ZOO_HOURS,ZOO_ADMISSION_RATES,ZOO_ADDRESS,ZOO_CITY,ZOO_ZIP_CODE,ZOO_STATE) values (1002,'Minnesota Zoo',9524319500,'Oct. - April 9am - 4pm, ---- May 9am - 6pm','Adults - $ 13.00, Children - $7.00','13000 Zoo Boulevard','Apple Valley',55124,'MN');

---------------------------------------------------
--   END DATA FOR TABLE ZOO
---------------------------------------------------

--------------------------------------------------------
--  Constraints for Table MEMBERSHIP_OWNER
--------------------------------------------------------

  ALTER TABLE "MEMBERSHIP_OWNER" ADD CONSTRAINT "MEMBERSHIP_OWNER_PK" PRIMARY KEY ("MEMB_OWNER_ID") ENABLE;
 
  ALTER TABLE "MEMBERSHIP_OWNER" MODIFY ("MEMB_OWNER_ID" NOT NULL ENABLE);
 
  ALTER TABLE "MEMBERSHIP_OWNER" MODIFY ("MEMB_FIRST_NAME" NOT NULL ENABLE);
 
  ALTER TABLE "MEMBERSHIP_OWNER" MODIFY ("MEMB_LAST_NAME" NOT NULL ENABLE);
 
  ALTER TABLE "MEMBERSHIP_OWNER" MODIFY ("MEMB_PHONE_NUMBER" NOT NULL ENABLE);
 
  ALTER TABLE "MEMBERSHIP_OWNER" MODIFY ("MEMB_DATE_OF_BIRTH" NOT NULL ENABLE);
 
  ALTER TABLE "MEMBERSHIP_OWNER" MODIFY ("MEMB_ADDRESS" NOT NULL ENABLE);
 
  ALTER TABLE "MEMBERSHIP_OWNER" MODIFY ("MEMB_CITY" NOT NULL ENABLE);
 
  ALTER TABLE "MEMBERSHIP_OWNER" MODIFY ("MEMB_ZIP_CODE" NOT NULL ENABLE);
 
  ALTER TABLE "MEMBERSHIP_OWNER" MODIFY ("MEMB_STATE" NOT NULL ENABLE);
 
  ALTER TABLE "MEMBERSHIP_OWNER" MODIFY ("MEMB_TYPE_ID" NOT NULL ENABLE);
 
  ALTER TABLE "MEMBERSHIP_OWNER" MODIFY ("ZOO_ID" NOT NULL ENABLE);
--------------------------------------------------------
--  Constraints for Table MEDICATION
--------------------------------------------------------

  ALTER TABLE "MEDICATION" ADD CONSTRAINT "MEDICATION_PK" PRIMARY KEY ("MED_ID") ENABLE;
 
  ALTER TABLE "MEDICATION" MODIFY ("MED_ID" NOT NULL ENABLE);
 
  ALTER TABLE "MEDICATION" MODIFY ("MED_TYPE" NOT NULL ENABLE);
 
  ALTER TABLE "MEDICATION" MODIFY ("MED_DIRECTIONS" NOT NULL ENABLE);
 
  ALTER TABLE "MEDICATION" MODIFY ("MED_UNIT_OF_MEASURE" NOT NULL ENABLE);
--------------------------------------------------------
--  Constraints for Table ILLNESS_TYPE
--------------------------------------------------------

  ALTER TABLE "ILLNESS_TYPE" ADD CONSTRAINT "ILLNESS_TYPE_PK" PRIMARY KEY ("ILL_TYPE_ID") ENABLE;
 
  ALTER TABLE "ILLNESS_TYPE" MODIFY ("ILL_TYPE_ID" NOT NULL ENABLE);
 
  ALTER TABLE "ILLNESS_TYPE" MODIFY ("ILL_DESCRIPTION" NOT NULL ENABLE);
 
  ALTER TABLE "ILLNESS_TYPE" MODIFY ("ILL_TREATMENT" NOT NULL ENABLE);
--------------------------------------------------------
--  Constraints for Table DONATOR_PAYMENT
--------------------------------------------------------

  ALTER TABLE "DONATOR_PAYMENT" ADD CONSTRAINT "DONATOR_PAYMENT_PK" PRIMARY KEY ("DON_ID", "PAY_ID") ENABLE;
 
  ALTER TABLE "DONATOR_PAYMENT" MODIFY ("DON_ID" NOT NULL ENABLE);
 
  ALTER TABLE "DONATOR_PAYMENT" MODIFY ("PAY_ID" NOT NULL ENABLE);
 
  ALTER TABLE "DONATOR_PAYMENT" MODIFY ("DON_PAY_PAYMENT_DATE" NOT NULL ENABLE);
--------------------------------------------------------
--  Constraints for Table OFFICE
--------------------------------------------------------

  ALTER TABLE "OFFICE" ADD CONSTRAINT "OFFICE_PK" PRIMARY KEY ("OFFICE_ID") ENABLE;
 
  ALTER TABLE "OFFICE" MODIFY ("OFFICE_ID" NOT NULL ENABLE);
 
  ALTER TABLE "OFFICE" MODIFY ("OFFICE_PHONE_NUMBER" NOT NULL ENABLE);
 
  ALTER TABLE "OFFICE" MODIFY ("OFFICE_BUILDING" NOT NULL ENABLE);
--------------------------------------------------------
--  Constraints for Table RESEARCHER
--------------------------------------------------------

  ALTER TABLE "RESEARCHER" ADD CONSTRAINT "RESEARCHER_PK" PRIMARY KEY ("EMP_ID") ENABLE;
 
  ALTER TABLE "RESEARCHER" MODIFY ("EMP_ID" NOT NULL ENABLE);
--------------------------------------------------------
--  Constraints for Table INVENTORY
--------------------------------------------------------

  ALTER TABLE "INVENTORY" ADD CONSTRAINT "INVENTORY_PK" PRIMARY KEY ("PRODUCT_ID", "WAREHOUSE_ID") ENABLE;
 
  ALTER TABLE "INVENTORY" MODIFY ("PRODUCT_ID" NOT NULL ENABLE);
 
  ALTER TABLE "INVENTORY" MODIFY ("WAREHOUSE_ID" NOT NULL ENABLE);
 
  ALTER TABLE "INVENTORY" MODIFY ("INVEN_AMOUNT" NOT NULL ENABLE);
 
  ALTER TABLE "INVENTORY" MODIFY ("INVEN_DATE_RESTOCKED" NOT NULL ENABLE);
 
  ALTER TABLE "INVENTORY" MODIFY ("INVEN_MAX_STOCK" NOT NULL ENABLE);
 
  ALTER TABLE "INVENTORY" MODIFY ("INVEN_REORDER_POINT" NOT NULL ENABLE);
--------------------------------------------------------
--  Constraints for Table STORE
--------------------------------------------------------

  ALTER TABLE "STORE" ADD CONSTRAINT "STORE_PK" PRIMARY KEY ("STORE_ID") ENABLE;
 
  ALTER TABLE "STORE" MODIFY ("STORE_ID" NOT NULL ENABLE);
 
  ALTER TABLE "STORE" MODIFY ("STORE_PHONE_NUMBER" NOT NULL ENABLE);
 
  ALTER TABLE "STORE" MODIFY ("STORE_ADDRESS" NOT NULL ENABLE);
 
  ALTER TABLE "STORE" MODIFY ("STORE_CITY" NOT NULL ENABLE);
 
  ALTER TABLE "STORE" MODIFY ("STORE_ZIP_CODE" NOT NULL ENABLE);
 
  ALTER TABLE "STORE" MODIFY ("STORE_STATE" NOT NULL ENABLE);
 
  ALTER TABLE "STORE" MODIFY ("ZOO_ID" NOT NULL ENABLE);
--------------------------------------------------------
--  Constraints for Table TEAM
--------------------------------------------------------

  ALTER TABLE "TEAM" MODIFY ("TEAM_ID" NOT NULL ENABLE);
 
  ALTER TABLE "TEAM" MODIFY ("ASSOC_ID" NOT NULL ENABLE);
 
  ALTER TABLE "TEAM" MODIFY ("TEAM_NAME" NOT NULL ENABLE);
 
  ALTER TABLE "TEAM" ADD CONSTRAINT "TEAM_PK" PRIMARY KEY ("TEAM_ID", "ASSOC_ID") ENABLE;
--------------------------------------------------------
--  Constraints for Table ANIMAL_LIVING_ENVIRONMENT
--------------------------------------------------------

  ALTER TABLE "ANIMAL_LIVING_ENVIRONMENT" ADD CONSTRAINT "ANIMAL_LIVING_ENVIRONMENT_PK" PRIMARY KEY ("ANIM_LIVING_ENVIRONMENT_ID") ENABLE;
 
  ALTER TABLE "ANIMAL_LIVING_ENVIRONMENT" MODIFY ("ANIM_LIVING_ENVIRONMENT_ID" NOT NULL ENABLE);
 
  ALTER TABLE "ANIMAL_LIVING_ENVIRONMENT" MODIFY ("ANIM_LIVING_ENVIRONMENT_TYPE" NOT NULL ENABLE);
--------------------------------------------------------
--  Constraints for Table PRIVATE_EVENT_PAYMENT
--------------------------------------------------------

  ALTER TABLE "PRIVATE_EVENT_PAYMENT" ADD CONSTRAINT "PRIVATE_EVENT_PAYMENT_PK" PRIMARY KEY ("PRIV_EVEN_ID", "PAY_ID") ENABLE;
 
  ALTER TABLE "PRIVATE_EVENT_PAYMENT" MODIFY ("PRIV_EVEN_ID" NOT NULL ENABLE);
 
  ALTER TABLE "PRIVATE_EVENT_PAYMENT" MODIFY ("PAY_ID" NOT NULL ENABLE);
 
  ALTER TABLE "PRIVATE_EVENT_PAYMENT" MODIFY ("PRIV_EVEN_PAY_PAYMENT_DATE" NOT NULL ENABLE);
--------------------------------------------------------
--  Constraints for Table ANIMAL
--------------------------------------------------------

  ALTER TABLE "ANIMAL" ADD CONSTRAINT "ANIMAL_PK" PRIMARY KEY ("ANIM_ID") ENABLE;
 
  ALTER TABLE "ANIMAL" MODIFY ("ANIM_ID" NOT NULL ENABLE);
 
  ALTER TABLE "ANIMAL" MODIFY ("ANIM_NAME" NOT NULL ENABLE);
 
  ALTER TABLE "ANIMAL" MODIFY ("ANIM_GENDER" NOT NULL ENABLE);
 
  ALTER TABLE "ANIMAL" MODIFY ("ANIM_BREED_ID" NOT NULL ENABLE);
 
  ALTER TABLE "ANIMAL" MODIFY ("ANIM_BIRTH_DATE" NOT NULL ENABLE);
 
  ALTER TABLE "ANIMAL" MODIFY ("ANIM_ACQUIRED_FROM" NOT NULL ENABLE);
 
  ALTER TABLE "ANIMAL" MODIFY ("ANIM_ARRIVAL_DATE" NOT NULL ENABLE);
 
  ALTER TABLE "ANIMAL" MODIFY ("ANIM_HEIGHT_ON_ARRIVAL" NOT NULL ENABLE);
 
  ALTER TABLE "ANIMAL" MODIFY ("ANIM_WEIGHT_ON_ARRIVAL" NOT NULL ENABLE);
 
  ALTER TABLE "ANIMAL" MODIFY ("ANIM_LIVING_ENVIRONMENT_ID" NOT NULL ENABLE);
--------------------------------------------------------
--  Constraints for Table ANIMAL_BREED
--------------------------------------------------------

  ALTER TABLE "ANIMAL_BREED" ADD CONSTRAINT "ANIMAL_BREED_PK" PRIMARY KEY ("ANIM_BREED_ID") ENABLE;
 
  ALTER TABLE "ANIMAL_BREED" MODIFY ("ANIM_BREED_ID" NOT NULL ENABLE);
 
  ALTER TABLE "ANIMAL_BREED" MODIFY ("ANIM_BREED_NAME" NOT NULL ENABLE);
 
  ALTER TABLE "ANIMAL_BREED" MODIFY ("ANIM_BREED_HABITAT" NOT NULL ENABLE);
 
  ALTER TABLE "ANIMAL_BREED" MODIFY ("ANIM_BREED_COUNTRIES_OF_ORIGIN" NOT NULL ENABLE);
 
  ALTER TABLE "ANIMAL_BREED" MODIFY ("ANIM_BREED_PHOTO_FILENAME" NOT NULL ENABLE);
--------------------------------------------------------
--  Constraints for Table PRODUCT
--------------------------------------------------------

  ALTER TABLE "PRODUCT" ADD CONSTRAINT "PRODUCT_PK" PRIMARY KEY ("PRODUCT_ID") ENABLE;
 
  ALTER TABLE "PRODUCT" MODIFY ("PRODUCT_ID" NOT NULL ENABLE);
 
  ALTER TABLE "PRODUCT" MODIFY ("PRODUCT_NAME" NOT NULL ENABLE);
 
  ALTER TABLE "PRODUCT" MODIFY ("PRODUCT_SUGGESTED_PRICE" NOT NULL ENABLE);
 
  ALTER TABLE "PRODUCT" MODIFY ("PRODUCT_BAR_CODE_NUMBER" NOT NULL ENABLE);
 
  ALTER TABLE "PRODUCT" MODIFY ("PRODUCT_TYPE" NOT NULL ENABLE);
--------------------------------------------------------
--  Constraints for Table WAREHOUSE
--------------------------------------------------------

  ALTER TABLE "WAREHOUSE" MODIFY ("WAREHOUSE_ID" NOT NULL ENABLE);
 
  ALTER TABLE "WAREHOUSE" MODIFY ("WAREHOUSE_PHONE_NUMBER" NOT NULL ENABLE);
 
  ALTER TABLE "WAREHOUSE" MODIFY ("WAREHOUSE_ADDRESS" NOT NULL ENABLE);
 
  ALTER TABLE "WAREHOUSE" MODIFY ("WAREHOUSE_CITY" NOT NULL ENABLE);
 
  ALTER TABLE "WAREHOUSE" MODIFY ("WAREHOUSE_ZIP_CODE" NOT NULL ENABLE);
 
  ALTER TABLE "WAREHOUSE" MODIFY ("WAREHOUSE_STATE" NOT NULL ENABLE);
 
  ALTER TABLE "WAREHOUSE" ADD CONSTRAINT "WAREHOUSE_PK" PRIMARY KEY ("WAREHOUSE_ID") ENABLE;
--------------------------------------------------------
--  Constraints for Table FOOD_ITEM_SUPPLIER
--------------------------------------------------------

  ALTER TABLE "FOOD_ITEM_SUPPLIER" ADD CONSTRAINT "FOOD_ITEM_SUPPLIER_PK" PRIMARY KEY ("FOOD_ITEM_ID", "FOOD_SUP_ID") ENABLE;
 
  ALTER TABLE "FOOD_ITEM_SUPPLIER" MODIFY ("FOOD_ITEM_ID" NOT NULL ENABLE);
 
  ALTER TABLE "FOOD_ITEM_SUPPLIER" MODIFY ("FOOD_SUP_ID" NOT NULL ENABLE);
 
  ALTER TABLE "FOOD_ITEM_SUPPLIER" MODIFY ("FOOD_PRICE" NOT NULL ENABLE);
--------------------------------------------------------
--  Constraints for Table FOOD_ITEM
--------------------------------------------------------

  ALTER TABLE "FOOD_ITEM" ADD CONSTRAINT "FOOD_ITEM_PK" PRIMARY KEY ("FOOD_ITEM_ID") ENABLE;
 
  ALTER TABLE "FOOD_ITEM" MODIFY ("FOOD_ITEM_ID" NOT NULL ENABLE);
 
  ALTER TABLE "FOOD_ITEM" MODIFY ("FOOD_ITEM_DESCRIPTION" NOT NULL ENABLE);
 
  ALTER TABLE "FOOD_ITEM" MODIFY ("FOOD_QOH" NOT NULL ENABLE);
--------------------------------------------------------
--  Constraints for Table MANUFACTURED_PRODUCT
--------------------------------------------------------

  ALTER TABLE "MANUFACTURED_PRODUCT" ADD CONSTRAINT "MANUFACTURED_PRODUCT_PK" PRIMARY KEY ("PRODUCT_ID") ENABLE;
 
  ALTER TABLE "MANUFACTURED_PRODUCT" MODIFY ("PRODUCT_ID" NOT NULL ENABLE);
 
  ALTER TABLE "MANUFACTURED_PRODUCT" MODIFY ("PRODUCT_START_DATE" NOT NULL ENABLE);
 
  ALTER TABLE "MANUFACTURED_PRODUCT" MODIFY ("PRODUCT_FINISH_DATE" NOT NULL ENABLE);
--------------------------------------------------------
--  Constraints for Table FOOD_SUPPLIER
--------------------------------------------------------

  ALTER TABLE "FOOD_SUPPLIER" ADD CONSTRAINT "FOOD_SUPPLIER_PK" PRIMARY KEY ("FOOD_SUP_ID") ENABLE;
 
  ALTER TABLE "FOOD_SUPPLIER" MODIFY ("FOOD_SUP_ID" NOT NULL ENABLE);
 
  ALTER TABLE "FOOD_SUPPLIER" MODIFY ("FOOD_SUP_COMPANY_NAME" NOT NULL ENABLE);
--------------------------------------------------------
--  Constraints for Table VOLUNTEER
--------------------------------------------------------

  ALTER TABLE "VOLUNTEER" MODIFY ("VOL_ID" NOT NULL ENABLE);
 
  ALTER TABLE "VOLUNTEER" MODIFY ("VOL_FIRST_NAME" NOT NULL ENABLE);
 
  ALTER TABLE "VOLUNTEER" MODIFY ("VOL_LAST_NAME" NOT NULL ENABLE);
 
  ALTER TABLE "VOLUNTEER" MODIFY ("VOL_PHONE_NUMBER" NOT NULL ENABLE);
 
  ALTER TABLE "VOLUNTEER" MODIFY ("VOL_AVAILABILITY" NOT NULL ENABLE);
 
  ALTER TABLE "VOLUNTEER" ADD CONSTRAINT "VOLUNTEER_PK" PRIMARY KEY ("VOL_ID") ENABLE;
--------------------------------------------------------
--  Constraints for Table EMPLOYEE
--------------------------------------------------------

  ALTER TABLE "EMPLOYEE" ADD CONSTRAINT "EMPLOYEE_PK" PRIMARY KEY ("EMP_ID") ENABLE;
 
  ALTER TABLE "EMPLOYEE" MODIFY ("EMP_ID" NOT NULL ENABLE);
 
  ALTER TABLE "EMPLOYEE" MODIFY ("EMP_FIRST_NAME" NOT NULL ENABLE);
 
  ALTER TABLE "EMPLOYEE" MODIFY ("EMP_LAST_NAME" NOT NULL ENABLE);
 
  ALTER TABLE "EMPLOYEE" MODIFY ("EMP_PHONE_NUMBER" NOT NULL ENABLE);
 
  ALTER TABLE "EMPLOYEE" MODIFY ("EMP_SALARY" NOT NULL ENABLE);
 
  ALTER TABLE "EMPLOYEE" MODIFY ("EMP_SOCIAL_SECURITY_NUMBER" NOT NULL ENABLE);
 
  ALTER TABLE "EMPLOYEE" MODIFY ("EMP_HIRE_DATE" NOT NULL ENABLE);
 
  ALTER TABLE "EMPLOYEE" MODIFY ("EMP_ADDRESS" NOT NULL ENABLE);
 
  ALTER TABLE "EMPLOYEE" MODIFY ("EMP_CITY" NOT NULL ENABLE);
 
  ALTER TABLE "EMPLOYEE" MODIFY ("EMP_ZIP_CODE" NOT NULL ENABLE);
 
  ALTER TABLE "EMPLOYEE" MODIFY ("EMP_STATE" NOT NULL ENABLE);
--------------------------------------------------------
--  Constraints for Table ANIMAL_DIETARY_REQUIREMENTS
--------------------------------------------------------

  ALTER TABLE "ANIMAL_DIETARY_REQUIREMENTS" ADD CONSTRAINT "ANIMAL_DIETARY_REQUIREMEN_PK" PRIMARY KEY ("FOOD_ITEM_ID", "ANIM_ID") ENABLE;
 
  ALTER TABLE "ANIMAL_DIETARY_REQUIREMENTS" MODIFY ("FOOD_ITEM_ID" NOT NULL ENABLE);
 
  ALTER TABLE "ANIMAL_DIETARY_REQUIREMENTS" MODIFY ("ANIM_ID" NOT NULL ENABLE);
 
  ALTER TABLE "ANIMAL_DIETARY_REQUIREMENTS" MODIFY ("ANIM_DIETARY_REQUIREMENTS" NOT NULL ENABLE);
--------------------------------------------------------
--  Constraints for Table DEPARTMENT
--------------------------------------------------------

  ALTER TABLE "DEPARTMENT" ADD CONSTRAINT "DEPARTMENT_PK" PRIMARY KEY ("DEPT_ID") ENABLE;
 
  ALTER TABLE "DEPARTMENT" MODIFY ("DEPT_ID" NOT NULL ENABLE);
 
  ALTER TABLE "DEPARTMENT" MODIFY ("DEPT_NAME" NOT NULL ENABLE);
 
  ALTER TABLE "DEPARTMENT" MODIFY ("ZOO_ID" NOT NULL ENABLE);
--------------------------------------------------------
--  Constraints for Table PRIVATE_EVENT
--------------------------------------------------------

  ALTER TABLE "PRIVATE_EVENT" ADD CONSTRAINT "PRIVATE_EVENT_PK" PRIMARY KEY ("PRIV_EVEN_ID") ENABLE;
 
  ALTER TABLE "PRIVATE_EVENT" MODIFY ("PRIV_EVEN_ID" NOT NULL ENABLE);
 
  ALTER TABLE "PRIVATE_EVENT" MODIFY ("PRIV_EVEN_DATE" NOT NULL ENABLE);
 
  ALTER TABLE "PRIVATE_EVENT" MODIFY ("PRIV_EVEN_TYPE" NOT NULL ENABLE);
 
  ALTER TABLE "PRIVATE_EVENT" MODIFY ("PRIV_EVEN_PRICE" NOT NULL ENABLE);
 
  ALTER TABLE "PRIVATE_EVENT" MODIFY ("ZOO_ID" NOT NULL ENABLE);
--------------------------------------------------------
--  Constraints for Table ANIMAL_CHECKUP
--------------------------------------------------------

  ALTER TABLE "ANIMAL_CHECKUP" ADD CONSTRAINT "ANIMAL_CHECKUP_PK" PRIMARY KEY ("ANIM_CHECKUP_DATE", "ANIM_ID") ENABLE;
 
  ALTER TABLE "ANIMAL_CHECKUP" MODIFY ("ANIM_CHECKUP_DATE" NOT NULL ENABLE);
 
  ALTER TABLE "ANIMAL_CHECKUP" MODIFY ("ANIM_ID" NOT NULL ENABLE);
 
  ALTER TABLE "ANIMAL_CHECKUP" MODIFY ("ANIM_CHECKUP_HEIGHT" NOT NULL ENABLE);
 
  ALTER TABLE "ANIMAL_CHECKUP" MODIFY ("ANIM_CHECKUP_WEIGHT" NOT NULL ENABLE);
 
  ALTER TABLE "ANIMAL_CHECKUP" MODIFY ("ANIM_CHECKUP_LENGTH" NOT NULL ENABLE);
 
  ALTER TABLE "ANIMAL_CHECKUP" MODIFY ("ANIM_CHECKUP_GENERAL_HEALTH" NOT NULL ENABLE);
--------------------------------------------------------
--  Constraints for Table DONATOR
--------------------------------------------------------

  ALTER TABLE "DONATOR" ADD CONSTRAINT "DONATOR_PK" PRIMARY KEY ("DON_ID") ENABLE;
 
  ALTER TABLE "DONATOR" MODIFY ("DON_ID" NOT NULL ENABLE);
 
  ALTER TABLE "DONATOR" MODIFY ("DON_FIRST_NAME" NOT NULL ENABLE);
 
  ALTER TABLE "DONATOR" MODIFY ("DON_LAST_NAME" NOT NULL ENABLE);
 
  ALTER TABLE "DONATOR" MODIFY ("DON_PHONE_NUMBER" NOT NULL ENABLE);
 
  ALTER TABLE "DONATOR" MODIFY ("DON_DATE_DONATED" NOT NULL ENABLE);
 
  ALTER TABLE "DONATOR" MODIFY ("ZOO_ID" NOT NULL ENABLE);
--------------------------------------------------------
--  Constraints for Table ASSOCIATION
--------------------------------------------------------

  ALTER TABLE "ASSOCIATION" ADD CONSTRAINT "ASSOCIATION_PK" PRIMARY KEY ("ASSOC_ID") ENABLE;
 
  ALTER TABLE "ASSOCIATION" MODIFY ("ASSOC_ID" NOT NULL ENABLE);
 
  ALTER TABLE "ASSOCIATION" MODIFY ("ASSOC_NAME" NOT NULL ENABLE);
--------------------------------------------------------
--  Constraints for Table CORPORATE_SPONSOR
--------------------------------------------------------

  ALTER TABLE "CORPORATE_SPONSOR" ADD CONSTRAINT "CORPORATE_SPONSOR_PK" PRIMARY KEY ("SPON_ID") ENABLE;
 
  ALTER TABLE "CORPORATE_SPONSOR" MODIFY ("SPON_ID" NOT NULL ENABLE);
 
  ALTER TABLE "CORPORATE_SPONSOR" MODIFY ("ZOO_ID" NOT NULL ENABLE);
 
  ALTER TABLE "CORPORATE_SPONSOR" MODIFY ("SPON_COMPANY_NAME" NOT NULL ENABLE);
 
  ALTER TABLE "CORPORATE_SPONSOR" MODIFY ("SPON_DATE_DONATED" NOT NULL ENABLE);
 
  ALTER TABLE "CORPORATE_SPONSOR" MODIFY ("SPON_START_DATE" NOT NULL ENABLE);
--------------------------------------------------------
--  Constraints for Table ZOO
--------------------------------------------------------

  ALTER TABLE "ZOO" MODIFY ("ZOO_ID" NOT NULL ENABLE);
 
  ALTER TABLE "ZOO" MODIFY ("ZOO_NAME" NOT NULL ENABLE);
 
  ALTER TABLE "ZOO" MODIFY ("ZOO_PHONE_NUMBER" NOT NULL ENABLE);
 
  ALTER TABLE "ZOO" MODIFY ("ZOO_HOURS" NOT NULL ENABLE);
 
  ALTER TABLE "ZOO" MODIFY ("ZOO_ADMISSION_RATES" NOT NULL ENABLE);
 
  ALTER TABLE "ZOO" MODIFY ("ZOO_ADDRESS" NOT NULL ENABLE);
 
  ALTER TABLE "ZOO" MODIFY ("ZOO_CITY" NOT NULL ENABLE);
 
  ALTER TABLE "ZOO" MODIFY ("ZOO_ZIP_CODE" NOT NULL ENABLE);
 
  ALTER TABLE "ZOO" MODIFY ("ZOO_STATE" NOT NULL ENABLE);
 
  ALTER TABLE "ZOO" ADD CONSTRAINT "ZOO_PK" PRIMARY KEY ("ZOO_ID") ENABLE;
--------------------------------------------------------
--  Constraints for Table MEMBERSHIP_TYPE
--------------------------------------------------------

  ALTER TABLE "MEMBERSHIP_TYPE" ADD CONSTRAINT "MEMBERSHIP_TYPE_PK" PRIMARY KEY ("MEMB_TYPE_ID") ENABLE;
 
  ALTER TABLE "MEMBERSHIP_TYPE" MODIFY ("MEMB_TYPE_ID" NOT NULL ENABLE);
 
  ALTER TABLE "MEMBERSHIP_TYPE" MODIFY ("MEMB_TYPE_TITLE" NOT NULL ENABLE);
 
  ALTER TABLE "MEMBERSHIP_TYPE" MODIFY ("MEMB_TYPE_PRICE" NOT NULL ENABLE);
 
  ALTER TABLE "MEMBERSHIP_TYPE" MODIFY ("MEMB_TYPE_DESCRIPTION" NOT NULL ENABLE);
--------------------------------------------------------
--  Constraints for Table ILLNESS
--------------------------------------------------------

  ALTER TABLE "ILLNESS" ADD CONSTRAINT "ILLNESS_PK" PRIMARY KEY ("ANIM_ID", "ILL_TYPE_ID") ENABLE;
 
  ALTER TABLE "ILLNESS" MODIFY ("ANIM_ID" NOT NULL ENABLE);
 
  ALTER TABLE "ILLNESS" MODIFY ("ILL_TYPE_ID" NOT NULL ENABLE);
 
  ALTER TABLE "ILLNESS" MODIFY ("ILL_START_DATE" NOT NULL ENABLE);
--------------------------------------------------------
--  Constraints for Table KEEPER
--------------------------------------------------------

  ALTER TABLE "KEEPER" ADD CONSTRAINT "KEEPER_PK" PRIMARY KEY ("EMP_ID") ENABLE;
 
  ALTER TABLE "KEEPER" MODIFY ("EMP_ID" NOT NULL ENABLE);
 
  ALTER TABLE "KEEPER" MODIFY ("KEEP_CERTIFIED" NOT NULL ENABLE);
--------------------------------------------------------
--  Constraints for Table FOOD_CATEGORY
--------------------------------------------------------

  ALTER TABLE "FOOD_CATEGORY" ADD CONSTRAINT "FOOD_CATEGORY_PK" PRIMARY KEY ("FOOD_CATEGORY_ID") ENABLE;
 
  ALTER TABLE "FOOD_CATEGORY" MODIFY ("FOOD_CATEGORY_ID" NOT NULL ENABLE);
 
  ALTER TABLE "FOOD_CATEGORY" MODIFY ("FOOD_CATEGORY_DESCRIPTION" NOT NULL ENABLE);
--------------------------------------------------------
--  Constraints for Table MAINTENANCE
--------------------------------------------------------

  ALTER TABLE "MAINTENANCE" ADD CONSTRAINT "MAINTENANCE_PK" PRIMARY KEY ("EMP_ID") ENABLE;
 
  ALTER TABLE "MAINTENANCE" MODIFY ("EMP_ID" NOT NULL ENABLE);
 
  ALTER TABLE "MAINTENANCE" MODIFY ("MAINT_TITLE" NOT NULL ENABLE);
--------------------------------------------------------
--  Constraints for Table TRANSACTION
--------------------------------------------------------

  ALTER TABLE "TRANSACTION" MODIFY ("TRANS_ID" NOT NULL ENABLE);
 
  ALTER TABLE "TRANSACTION" MODIFY ("STORE_ID" NOT NULL ENABLE);
 
  ALTER TABLE "TRANSACTION" MODIFY ("TRANS_DATE" NOT NULL ENABLE);
 
  ALTER TABLE "TRANSACTION" MODIFY ("TRANS_TOTAL_AMT" NOT NULL ENABLE);
 
  ALTER TABLE "TRANSACTION" MODIFY ("EMP_ID" NOT NULL ENABLE);
 
  ALTER TABLE "TRANSACTION" ADD CONSTRAINT "TRANSACTION_PK" PRIMARY KEY ("TRANS_ID") ENABLE;
--------------------------------------------------------
--  Constraints for Table CUSTOMER_SERVICES
--------------------------------------------------------

  ALTER TABLE "CUSTOMER_SERVICES" ADD CONSTRAINT "CUSTOMER_SERVICES_PK" PRIMARY KEY ("EMP_ID") ENABLE;
 
  ALTER TABLE "CUSTOMER_SERVICES" MODIFY ("EMP_ID" NOT NULL ENABLE);
 
  ALTER TABLE "CUSTOMER_SERVICES" MODIFY ("CUS_SER_COMMISSION" NOT NULL ENABLE);
--------------------------------------------------------
--  Constraints for Table VOLUNTEER_DEPT_HISTORY
--------------------------------------------------------

  ALTER TABLE "VOLUNTEER_DEPT_HISTORY" MODIFY ("VOL_ID" NOT NULL ENABLE);
 
  ALTER TABLE "VOLUNTEER_DEPT_HISTORY" MODIFY ("DATE_ASSIGNED" NOT NULL ENABLE);
 
  ALTER TABLE "VOLUNTEER_DEPT_HISTORY" MODIFY ("DEPT_ID" NOT NULL ENABLE);
 
  ALTER TABLE "VOLUNTEER_DEPT_HISTORY" ADD CONSTRAINT "VOLUNTEER_DEPT_HISTORY_PK" PRIMARY KEY ("VOL_ID", "DEPT_ID") ENABLE;
--------------------------------------------------------
--  Constraints for Table PURCHASED_PRODUCT
--------------------------------------------------------

  ALTER TABLE "PURCHASED_PRODUCT" ADD CONSTRAINT "PURCHASED_PRODUCT_PK" PRIMARY KEY ("PRODUCT_ID") ENABLE;
 
  ALTER TABLE "PURCHASED_PRODUCT" MODIFY ("PRODUCT_ID" NOT NULL ENABLE);
 
  ALTER TABLE "PURCHASED_PRODUCT" MODIFY ("PRODUCT_PURCHASE_PRICE" NOT NULL ENABLE);
 
  ALTER TABLE "PURCHASED_PRODUCT" MODIFY ("PRODUCT_PURCHASE_DATE" NOT NULL ENABLE);
--------------------------------------------------------
--  Constraints for Table CORPORATE_SPONSOR_PAYMENT
--------------------------------------------------------

  ALTER TABLE "CORPORATE_SPONSOR_PAYMENT" ADD CONSTRAINT "CORPORATE_SPONSOR_PAYMENT_PK" PRIMARY KEY ("SPON_ID", "PAY_ID") ENABLE;
 
  ALTER TABLE "CORPORATE_SPONSOR_PAYMENT" MODIFY ("SPON_ID" NOT NULL ENABLE);
 
  ALTER TABLE "CORPORATE_SPONSOR_PAYMENT" MODIFY ("PAY_ID" NOT NULL ENABLE);
 
  ALTER TABLE "CORPORATE_SPONSOR_PAYMENT" MODIFY ("SPON_PAY_PAYMENT_DATE" NOT NULL ENABLE);
--------------------------------------------------------
--  Constraints for Table PAYMENT
--------------------------------------------------------

  ALTER TABLE "PAYMENT" ADD CONSTRAINT "PAYMENT_PK" PRIMARY KEY ("PAY_ID") ENABLE;
 
  ALTER TABLE "PAYMENT" MODIFY ("PAY_ID" NOT NULL ENABLE);
 
  ALTER TABLE "PAYMENT" MODIFY ("PAY_TYPE" NOT NULL ENABLE);
 
  ALTER TABLE "PAYMENT" MODIFY ("PAY_AMOUNT" NOT NULL ENABLE);
--------------------------------------------------------
--  Constraints for Table VET
--------------------------------------------------------

  ALTER TABLE "VET" MODIFY ("VET_ID" NOT NULL ENABLE);
 
  ALTER TABLE "VET" MODIFY ("ASSOC_ID" NOT NULL ENABLE);
 
  ALTER TABLE "VET" MODIFY ("VET_FIRST_NAME" NOT NULL ENABLE);
 
  ALTER TABLE "VET" MODIFY ("VET_LAST_NAME" NOT NULL ENABLE);
 
  ALTER TABLE "VET" MODIFY ("VET_HOSPITAL" NOT NULL ENABLE);
 
  ALTER TABLE "VET" MODIFY ("VET_PHONE_NUMBER" NOT NULL ENABLE);
 
  ALTER TABLE "VET" ADD CONSTRAINT "VET_PK" PRIMARY KEY ("VET_ID", "ASSOC_ID") ENABLE;
--------------------------------------------------------
--  Constraints for Table RECEIPT_LINE
--------------------------------------------------------

  ALTER TABLE "RECEIPT_LINE" ADD CONSTRAINT "RECEIPT_LINE_PK" PRIMARY KEY ("RECEIPT_LINE_ID") ENABLE;
 
  ALTER TABLE "RECEIPT_LINE" MODIFY ("RECEIPT_LINE_ID" NOT NULL ENABLE);
 
  ALTER TABLE "RECEIPT_LINE" MODIFY ("PRODUCT_ID" NOT NULL ENABLE);
 
  ALTER TABLE "RECEIPT_LINE" MODIFY ("SELLING_PRICE" NOT NULL ENABLE);
 
  ALTER TABLE "RECEIPT_LINE" MODIFY ("QUANTITY" NOT NULL ENABLE);
 
  ALTER TABLE "RECEIPT_LINE" MODIFY ("TRANS_ID" NOT NULL ENABLE);
--------------------------------------------------------
--  Constraints for Table PRESCRIPTION
--------------------------------------------------------

  ALTER TABLE "PRESCRIPTION" ADD CONSTRAINT "PRESCRIPTION_PK" PRIMARY KEY ("ANIM_ID", "MED_ID", "VET_ID", "ASSOC_ID") ENABLE;
 
  ALTER TABLE "PRESCRIPTION" MODIFY ("ANIM_ID" NOT NULL ENABLE);
 
  ALTER TABLE "PRESCRIPTION" MODIFY ("MED_ID" NOT NULL ENABLE);
 
  ALTER TABLE "PRESCRIPTION" MODIFY ("VET_ID" NOT NULL ENABLE);
 
  ALTER TABLE "PRESCRIPTION" MODIFY ("ASSOC_ID" NOT NULL ENABLE);
 
  ALTER TABLE "PRESCRIPTION" MODIFY ("PRES_DOSAGE" NOT NULL ENABLE);
 
  ALTER TABLE "PRESCRIPTION" MODIFY ("PRES_DATE_TAKEN" NOT NULL ENABLE);
--------------------------------------------------------
--  DDL for Index PRESCRIPTION_PK
--------------------------------------------------------

  CREATE UNIQUE INDEX "PRESCRIPTION_PK" ON "PRESCRIPTION" ("ANIM_ID", "MED_ID", "VET_ID", "ASSOC_ID") 
  ;
--------------------------------------------------------
--  DDL for Index MEDICATION_PK
--------------------------------------------------------

  CREATE UNIQUE INDEX "MEDICATION_PK" ON "MEDICATION" ("MED_ID") 
  ;
--------------------------------------------------------
--  DDL for Index CORPORATE_SPONSOR_PAYMENT_PK
--------------------------------------------------------

  CREATE UNIQUE INDEX "CORPORATE_SPONSOR_PAYMENT_PK" ON "CORPORATE_SPONSOR_PAYMENT" ("SPON_ID", "PAY_ID") 
  ;
--------------------------------------------------------
--  DDL for Index RECEIPT_LINE_PK
--------------------------------------------------------

  CREATE UNIQUE INDEX "RECEIPT_LINE_PK" ON "RECEIPT_LINE" ("RECEIPT_LINE_ID") 
  ;
--------------------------------------------------------
--  DDL for Index PRODUCT_PK
--------------------------------------------------------

  CREATE UNIQUE INDEX "PRODUCT_PK" ON "PRODUCT" ("PRODUCT_ID") 
  ;
--------------------------------------------------------
--  DDL for Index ANIMAL_DIETARY_REQUIREMEN_PK
--------------------------------------------------------

  CREATE UNIQUE INDEX "ANIMAL_DIETARY_REQUIREMEN_PK" ON "ANIMAL_DIETARY_REQUIREMENTS" ("FOOD_ITEM_ID", "ANIM_ID") 
  ;
--------------------------------------------------------
--  DDL for Index INVENTORY_PK
--------------------------------------------------------

  CREATE UNIQUE INDEX "INVENTORY_PK" ON "INVENTORY" ("PRODUCT_ID", "WAREHOUSE_ID") 
  ;
--------------------------------------------------------
--  DDL for Index ANIMAL_CHECKUP_PK
--------------------------------------------------------

  CREATE UNIQUE INDEX "ANIMAL_CHECKUP_PK" ON "ANIMAL_CHECKUP" ("ANIM_CHECKUP_DATE", "ANIM_ID") 
  ;
--------------------------------------------------------
--  DDL for Index DONATOR_PAYMENT_PK
--------------------------------------------------------

  CREATE UNIQUE INDEX "DONATOR_PAYMENT_PK" ON "DONATOR_PAYMENT" ("DON_ID", "PAY_ID") 
  ;
--------------------------------------------------------
--  DDL for Index PURCHASED_PRODUCT_PK
--------------------------------------------------------

  CREATE UNIQUE INDEX "PURCHASED_PRODUCT_PK" ON "PURCHASED_PRODUCT" ("PRODUCT_ID") 
  ;
--------------------------------------------------------
--  DDL for Index PRIVATE_EVENT_PAYMENT_PK
--------------------------------------------------------

  CREATE UNIQUE INDEX "PRIVATE_EVENT_PAYMENT_PK" ON "PRIVATE_EVENT_PAYMENT" ("PRIV_EVEN_ID", "PAY_ID") 
  ;
--------------------------------------------------------
--  DDL for Index MAINTENANCE_PK
--------------------------------------------------------

  CREATE UNIQUE INDEX "MAINTENANCE_PK" ON "MAINTENANCE" ("EMP_ID") 
  ;
--------------------------------------------------------
--  DDL for Index FOOD_ITEM_SUPPLIER_PK
--------------------------------------------------------

  CREATE UNIQUE INDEX "FOOD_ITEM_SUPPLIER_PK" ON "FOOD_ITEM_SUPPLIER" ("FOOD_ITEM_ID", "FOOD_SUP_ID") 
  ;
--------------------------------------------------------
--  DDL for Index MANUFACTURED_PRODUCT_PK
--------------------------------------------------------

  CREATE UNIQUE INDEX "MANUFACTURED_PRODUCT_PK" ON "MANUFACTURED_PRODUCT" ("PRODUCT_ID") 
  ;
--------------------------------------------------------
--  DDL for Index ILLNESS_PK
--------------------------------------------------------

  CREATE UNIQUE INDEX "ILLNESS_PK" ON "ILLNESS" ("ANIM_ID", "ILL_TYPE_ID") 
  ;
--------------------------------------------------------
--  DDL for Index VOLUNTEER_PK
--------------------------------------------------------

  CREATE UNIQUE INDEX "VOLUNTEER_PK" ON "VOLUNTEER" ("VOL_ID") 
  ;
--------------------------------------------------------
--  DDL for Index ANIMAL_LIVING_ENVIRONMENT_PK
--------------------------------------------------------

  CREATE UNIQUE INDEX "ANIMAL_LIVING_ENVIRONMENT_PK" ON "ANIMAL_LIVING_ENVIRONMENT" ("ANIM_LIVING_ENVIRONMENT_ID") 
  ;
--------------------------------------------------------
--  DDL for Index OFFICE_PK
--------------------------------------------------------

  CREATE UNIQUE INDEX "OFFICE_PK" ON "OFFICE" ("OFFICE_ID") 
  ;
--------------------------------------------------------
--  DDL for Index TRANSACTION_PK
--------------------------------------------------------

  CREATE UNIQUE INDEX "TRANSACTION_PK" ON "TRANSACTION" ("TRANS_ID") 
  ;
--------------------------------------------------------
--  DDL for Index WAREHOUSE_PK
--------------------------------------------------------

  CREATE UNIQUE INDEX "WAREHOUSE_PK" ON "WAREHOUSE" ("WAREHOUSE_ID") 
  ;
--------------------------------------------------------
--  DDL for Index PAYMENT_PK
--------------------------------------------------------

  CREATE UNIQUE INDEX "PAYMENT_PK" ON "PAYMENT" ("PAY_ID") 
  ;
--------------------------------------------------------
--  DDL for Index MEMBERSHIP_TYPE_PK
--------------------------------------------------------

  CREATE UNIQUE INDEX "MEMBERSHIP_TYPE_PK" ON "MEMBERSHIP_TYPE" ("MEMB_TYPE_ID") 
  ;
--------------------------------------------------------
--  DDL for Index ZOO_PK
--------------------------------------------------------

  CREATE UNIQUE INDEX "ZOO_PK" ON "ZOO" ("ZOO_ID") 
  ;
--------------------------------------------------------
--  DDL for Index TEAM_PK
--------------------------------------------------------

  CREATE UNIQUE INDEX "TEAM_PK" ON "TEAM" ("TEAM_ID", "ASSOC_ID") 
  ;
--------------------------------------------------------
--  DDL for Index CUSTOMER_SERVICES_PK
--------------------------------------------------------

  CREATE UNIQUE INDEX "CUSTOMER_SERVICES_PK" ON "CUSTOMER_SERVICES" ("EMP_ID") 
  ;
--------------------------------------------------------
--  DDL for Index ANIMAL_BREED_PK
--------------------------------------------------------

  CREATE UNIQUE INDEX "ANIMAL_BREED_PK" ON "ANIMAL_BREED" ("ANIM_BREED_ID") 
  ;
--------------------------------------------------------
--  DDL for Index VET_PK
--------------------------------------------------------

  CREATE UNIQUE INDEX "VET_PK" ON "VET" ("VET_ID", "ASSOC_ID") 
  ;
--------------------------------------------------------
--  DDL for Index KEEPER_PK
--------------------------------------------------------

  CREATE UNIQUE INDEX "KEEPER_PK" ON "KEEPER" ("EMP_ID") 
  ;
--------------------------------------------------------
--  DDL for Index EMPLOYEE_PK
--------------------------------------------------------

  CREATE UNIQUE INDEX "EMPLOYEE_PK" ON "EMPLOYEE" ("EMP_ID") 
  ;
--------------------------------------------------------
--  DDL for Index FOOD_CATEGORY_PK
--------------------------------------------------------

  CREATE UNIQUE INDEX "FOOD_CATEGORY_PK" ON "FOOD_CATEGORY" ("FOOD_CATEGORY_ID") 
  ;
--------------------------------------------------------
--  DDL for Index DONATOR_PK
--------------------------------------------------------

  CREATE UNIQUE INDEX "DONATOR_PK" ON "DONATOR" ("DON_ID") 
  ;
--------------------------------------------------------
--  DDL for Index FOOD_SUPPLIER_PK
--------------------------------------------------------

  CREATE UNIQUE INDEX "FOOD_SUPPLIER_PK" ON "FOOD_SUPPLIER" ("FOOD_SUP_ID") 
  ;
--------------------------------------------------------
--  DDL for Index RESEARCHER_PK
--------------------------------------------------------

  CREATE UNIQUE INDEX "RESEARCHER_PK" ON "RESEARCHER" ("EMP_ID") 
  ;
--------------------------------------------------------
--  DDL for Index ILLNESS_TYPE_PK
--------------------------------------------------------

  CREATE UNIQUE INDEX "ILLNESS_TYPE_PK" ON "ILLNESS_TYPE" ("ILL_TYPE_ID") 
  ;
--------------------------------------------------------
--  DDL for Index MEMBERSHIP_OWNER_PK
--------------------------------------------------------

  CREATE UNIQUE INDEX "MEMBERSHIP_OWNER_PK" ON "MEMBERSHIP_OWNER" ("MEMB_OWNER_ID") 
  ;
--------------------------------------------------------
--  DDL for Index ASSOCIATION_PK
--------------------------------------------------------

  CREATE UNIQUE INDEX "ASSOCIATION_PK" ON "ASSOCIATION" ("ASSOC_ID") 
  ;
--------------------------------------------------------
--  DDL for Index DEPARTMENT_PK
--------------------------------------------------------

  CREATE UNIQUE INDEX "DEPARTMENT_PK" ON "DEPARTMENT" ("DEPT_ID") 
  ;
--------------------------------------------------------
--  DDL for Index ANIMAL_PK
--------------------------------------------------------

  CREATE UNIQUE INDEX "ANIMAL_PK" ON "ANIMAL" ("ANIM_ID") 
  ;
--------------------------------------------------------
--  DDL for Index FOOD_ITEM_PK
--------------------------------------------------------

  CREATE UNIQUE INDEX "FOOD_ITEM_PK" ON "FOOD_ITEM" ("FOOD_ITEM_ID") 
  ;
--------------------------------------------------------
--  DDL for Index PRIVATE_EVENT_PK
--------------------------------------------------------

  CREATE UNIQUE INDEX "PRIVATE_EVENT_PK" ON "PRIVATE_EVENT" ("PRIV_EVEN_ID") 
  ;
--------------------------------------------------------
--  DDL for Index VOLUNTEER_DEPT_HISTORY_PK
--------------------------------------------------------

  CREATE UNIQUE INDEX "VOLUNTEER_DEPT_HISTORY_PK" ON "VOLUNTEER_DEPT_HISTORY" ("VOL_ID", "DEPT_ID") 
  ;
--------------------------------------------------------
--  DDL for Index STORE_PK
--------------------------------------------------------

  CREATE UNIQUE INDEX "STORE_PK" ON "STORE" ("STORE_ID") 
  ;
--------------------------------------------------------
--  DDL for Index CORPORATE_SPONSOR_PK
--------------------------------------------------------

  CREATE UNIQUE INDEX "CORPORATE_SPONSOR_PK" ON "CORPORATE_SPONSOR" ("SPON_ID") 
  ;
--------------------------------------------------------
--  Ref Constraints for Table ANIMAL
--------------------------------------------------------

  ALTER TABLE "ANIMAL" ADD CONSTRAINT "ANIMAL_ANIMAL_BREED_FK1" FOREIGN KEY ("ANIM_BREED_ID")
	  REFERENCES "ANIMAL_BREED" ("ANIM_BREED_ID") ENABLE;
 
  ALTER TABLE "ANIMAL" ADD CONSTRAINT "ANIMAL_ANIMAL_LIVING_ENVI_FK1" FOREIGN KEY ("ANIM_LIVING_ENVIRONMENT_ID")
	  REFERENCES "ANIMAL_LIVING_ENVIRONMENT" ("ANIM_LIVING_ENVIRONMENT_ID") ENABLE;

--------------------------------------------------------
--  Ref Constraints for Table ANIMAL_CHECKUP
--------------------------------------------------------

  ALTER TABLE "ANIMAL_CHECKUP" ADD CONSTRAINT "ANIMAL_CHECKUP_ANIMAL_FK1" FOREIGN KEY ("ANIM_ID")
	  REFERENCES "ANIMAL" ("ANIM_ID") ENABLE;
--------------------------------------------------------
--  Ref Constraints for Table ANIMAL_DIETARY_REQUIREMENTS
--------------------------------------------------------

  ALTER TABLE "ANIMAL_DIETARY_REQUIREMENTS" ADD CONSTRAINT "ANIMAL_DIETARY_REQUIREMEN_FK1" FOREIGN KEY ("ANIM_ID")
	  REFERENCES "ANIMAL" ("ANIM_ID") ENABLE;
 
  ALTER TABLE "ANIMAL_DIETARY_REQUIREMENTS" ADD CONSTRAINT "ANIMAL_DIETARY_REQUIREMEN_FK2" FOREIGN KEY ("FOOD_ITEM_ID")
	  REFERENCES "FOOD_ITEM" ("FOOD_ITEM_ID") ENABLE;


--------------------------------------------------------
--  Ref Constraints for Table CORPORATE_SPONSOR
--------------------------------------------------------

  ALTER TABLE "CORPORATE_SPONSOR" ADD CONSTRAINT "CORPORATE_SPONSOR_ZOO_FK1" FOREIGN KEY ("ZOO_ID")
	  REFERENCES "ZOO" ("ZOO_ID") ENABLE;
--------------------------------------------------------
--  Ref Constraints for Table CORPORATE_SPONSOR_PAYMENT
--------------------------------------------------------

  ALTER TABLE "CORPORATE_SPONSOR_PAYMENT" ADD CONSTRAINT "CORPORATE_SPONSOR_PAYMENT_FK1" FOREIGN KEY ("SPON_ID")
	  REFERENCES "CORPORATE_SPONSOR" ("SPON_ID") ENABLE;
 
  ALTER TABLE "CORPORATE_SPONSOR_PAYMENT" ADD CONSTRAINT "CORPORATE_SPONSOR_PAYMENT_FK2" FOREIGN KEY ("PAY_ID")
	  REFERENCES "PAYMENT" ("PAY_ID") ENABLE;
--------------------------------------------------------
--  Ref Constraints for Table CUSTOMER_SERVICES
--------------------------------------------------------

  ALTER TABLE "CUSTOMER_SERVICES" ADD CONSTRAINT "CUSTOMER_SERVICES_EMPLOYE_FK1" FOREIGN KEY ("EMP_ID")
	  REFERENCES "EMPLOYEE" ("EMP_ID") ENABLE;
--------------------------------------------------------
--  Ref Constraints for Table DEPARTMENT
--------------------------------------------------------

  ALTER TABLE "DEPARTMENT" ADD CONSTRAINT "DEPARTMENT_ZOO_FK1" FOREIGN KEY ("ZOO_ID")
	  REFERENCES "ZOO" ("ZOO_ID") ENABLE;
--------------------------------------------------------
--  Ref Constraints for Table DONATOR
--------------------------------------------------------

  ALTER TABLE "DONATOR" ADD CONSTRAINT "DONATOR_ZOO_FK1" FOREIGN KEY ("ZOO_ID")
	  REFERENCES "ZOO" ("ZOO_ID") ENABLE;
--------------------------------------------------------
--  Ref Constraints for Table DONATOR_PAYMENT
--------------------------------------------------------

  ALTER TABLE "DONATOR_PAYMENT" ADD CONSTRAINT "DONATOR_PAYMENT_DONATOR_FK1" FOREIGN KEY ("DON_ID")
	  REFERENCES "DONATOR" ("DON_ID") ENABLE;
 
  ALTER TABLE "DONATOR_PAYMENT" ADD CONSTRAINT "DONATOR_PAYMENT_PAYMENT_FK1" FOREIGN KEY ("PAY_ID")
	  REFERENCES "PAYMENT" ("PAY_ID") ENABLE;
--------------------------------------------------------
--  Ref Constraints for Table EMPLOYEE
--------------------------------------------------------

  ALTER TABLE "EMPLOYEE" ADD CONSTRAINT "EMPLOYEE_DEPARTMENT_FK1" FOREIGN KEY ("DEPT_ID")
	  REFERENCES "DEPARTMENT" ("DEPT_ID") ENABLE;
 
  ALTER TABLE "EMPLOYEE" ADD CONSTRAINT "EMPLOYEE_OFFICE_FK1" FOREIGN KEY ("OFFICE_ID")
	  REFERENCES "OFFICE" ("OFFICE_ID") ENABLE;
 
  ALTER TABLE "EMPLOYEE" ADD CONSTRAINT "EMPLOYEE_ZOO_FK1" FOREIGN KEY ("ZOO_ID")
	  REFERENCES "ZOO" ("ZOO_ID") ENABLE;

--------------------------------------------------------
--  Ref Constraints for Table FOOD_ITEM
--------------------------------------------------------

  ALTER TABLE "FOOD_ITEM" ADD CONSTRAINT "FOOD_ITEM_FOOD_CATEGORY_FK1" FOREIGN KEY ("FOOD_CATEGORY_ID")
	  REFERENCES "FOOD_CATEGORY" ("FOOD_CATEGORY_ID") ENABLE;
--------------------------------------------------------
--  Ref Constraints for Table FOOD_ITEM_SUPPLIER
--------------------------------------------------------

  ALTER TABLE "FOOD_ITEM_SUPPLIER" ADD CONSTRAINT "FOOD_ITEM_SUPPLIER_FOOD_I_FK1" FOREIGN KEY ("FOOD_ITEM_ID")
	  REFERENCES "FOOD_ITEM" ("FOOD_ITEM_ID") ENABLE;
 
  ALTER TABLE "FOOD_ITEM_SUPPLIER" ADD CONSTRAINT "FOOD_ITEM_SUPPLIER_FOOD_S_FK1" FOREIGN KEY ("FOOD_SUP_ID")
	  REFERENCES "FOOD_SUPPLIER" ("FOOD_SUP_ID") ENABLE;

--------------------------------------------------------
--  Ref Constraints for Table ILLNESS
--------------------------------------------------------

  ALTER TABLE "ILLNESS" ADD CONSTRAINT "ILLNESS_ANIMAL_FK1" FOREIGN KEY ("ANIM_ID")
	  REFERENCES "ANIMAL" ("ANIM_ID") ENABLE;
 
  ALTER TABLE "ILLNESS" ADD CONSTRAINT "ILLNESS_ILLNESS_TYPE_FK1" FOREIGN KEY ("ILL_TYPE_ID")
	  REFERENCES "ILLNESS_TYPE" ("ILL_TYPE_ID") ENABLE;

--------------------------------------------------------
--  Ref Constraints for Table INVENTORY
--------------------------------------------------------

  ALTER TABLE "INVENTORY" ADD CONSTRAINT "INVENTORY_PRODUCT_FK1" FOREIGN KEY ("PRODUCT_ID")
	  REFERENCES "PRODUCT" ("PRODUCT_ID") ENABLE;
 
  ALTER TABLE "INVENTORY" ADD CONSTRAINT "INVENTORY_WAREHOUSE_FK1" FOREIGN KEY ("WAREHOUSE_ID")
	  REFERENCES "WAREHOUSE" ("WAREHOUSE_ID") ENABLE;
--------------------------------------------------------
--  Ref Constraints for Table KEEPER
--------------------------------------------------------

  ALTER TABLE "KEEPER" ADD CONSTRAINT "KEEPER_EMPLOYEE_FK1" FOREIGN KEY ("EMP_ID")
	  REFERENCES "EMPLOYEE" ("EMP_ID") ENABLE;
--------------------------------------------------------
--  Ref Constraints for Table MAINTENANCE
--------------------------------------------------------

  ALTER TABLE "MAINTENANCE" ADD CONSTRAINT "MAINTENANCE_EMPLOYEE_FK1" FOREIGN KEY ("EMP_ID")
	  REFERENCES "EMPLOYEE" ("EMP_ID") ENABLE;
--------------------------------------------------------
--  Ref Constraints for Table MANUFACTURED_PRODUCT
--------------------------------------------------------

  ALTER TABLE "MANUFACTURED_PRODUCT" ADD CONSTRAINT "MANUFACTURED_PRODUCT_PROD_FK1" FOREIGN KEY ("PRODUCT_ID")
	  REFERENCES "PRODUCT" ("PRODUCT_ID") ENABLE;

--------------------------------------------------------
--  Ref Constraints for Table MEMBERSHIP_OWNER
--------------------------------------------------------

  ALTER TABLE "MEMBERSHIP_OWNER" ADD CONSTRAINT "MEMBERSHIP_OWNER_MEMBERSH_FK1" FOREIGN KEY ("MEMB_TYPE_ID")
	  REFERENCES "MEMBERSHIP_TYPE" ("MEMB_TYPE_ID") ENABLE;
 
  ALTER TABLE "MEMBERSHIP_OWNER" ADD CONSTRAINT "MEMBERSHIP_OWNER_ZOO_FK1" FOREIGN KEY ("ZOO_ID")
	  REFERENCES "ZOO" ("ZOO_ID") ENABLE;



--------------------------------------------------------
--  Ref Constraints for Table PRESCRIPTION
--------------------------------------------------------

  ALTER TABLE "PRESCRIPTION" ADD CONSTRAINT "PRESCRIPTION_ANIMAL_FK1" FOREIGN KEY ("ANIM_ID")
	  REFERENCES "ANIMAL" ("ANIM_ID") ENABLE;
 
  ALTER TABLE "PRESCRIPTION" ADD CONSTRAINT "PRESCRIPTION_MEDICATION_FK1" FOREIGN KEY ("MED_ID")
	  REFERENCES "MEDICATION" ("MED_ID") ENABLE;
 
  ALTER TABLE "PRESCRIPTION" ADD CONSTRAINT "PRESCRIPTION_VET_FK1" FOREIGN KEY ("VET_ID", "ASSOC_ID")
	  REFERENCES "VET" ("VET_ID", "ASSOC_ID") ENABLE;
--------------------------------------------------------
--  Ref Constraints for Table PRIVATE_EVENT
--------------------------------------------------------

  ALTER TABLE "PRIVATE_EVENT" ADD CONSTRAINT "PRIVATE_EVENT_ZOO_FK1" FOREIGN KEY ("ZOO_ID")
	  REFERENCES "ZOO" ("ZOO_ID") ENABLE;
--------------------------------------------------------
--  Ref Constraints for Table PRIVATE_EVENT_PAYMENT
--------------------------------------------------------

  ALTER TABLE "PRIVATE_EVENT_PAYMENT" ADD CONSTRAINT "PRIVATE_EVENT_PAYMENT_PAY_FK1" FOREIGN KEY ("PAY_ID")
	  REFERENCES "PAYMENT" ("PAY_ID") ENABLE;
 
  ALTER TABLE "PRIVATE_EVENT_PAYMENT" ADD CONSTRAINT "PRIVATE_EVENT_PAYMENT_PRI_FK1" FOREIGN KEY ("PRIV_EVEN_ID")
	  REFERENCES "PRIVATE_EVENT" ("PRIV_EVEN_ID") ENABLE;

--------------------------------------------------------
--  Ref Constraints for Table PURCHASED_PRODUCT
--------------------------------------------------------

  ALTER TABLE "PURCHASED_PRODUCT" ADD CONSTRAINT "PURCHASED_PRODUCT_PRODUCT_FK1" FOREIGN KEY ("PRODUCT_ID")
	  REFERENCES "PRODUCT" ("PRODUCT_ID") ENABLE;
--------------------------------------------------------
--  Ref Constraints for Table RECEIPT_LINE
--------------------------------------------------------

  ALTER TABLE "RECEIPT_LINE" ADD CONSTRAINT "RECEIPT_LINE_PRODUCT_FK1" FOREIGN KEY ("PRODUCT_ID")
	  REFERENCES "PRODUCT" ("PRODUCT_ID") ENABLE;
 
  ALTER TABLE "RECEIPT_LINE" ADD CONSTRAINT "RECEIPT_LINE_TRANSACTION_FK1" FOREIGN KEY ("TRANS_ID")
	  REFERENCES "TRANSACTION" ("TRANS_ID") ENABLE;
--------------------------------------------------------
--  Ref Constraints for Table RESEARCHER
--------------------------------------------------------

  ALTER TABLE "RESEARCHER" ADD CONSTRAINT "RESEARCHER_EMPLOYEE_FK1" FOREIGN KEY ("EMP_ID")
	  REFERENCES "EMPLOYEE" ("EMP_ID") ENABLE;
--------------------------------------------------------
--  Ref Constraints for Table STORE
--------------------------------------------------------

  ALTER TABLE "STORE" ADD CONSTRAINT "STORE_ZOO_FK1" FOREIGN KEY ("ZOO_ID")
	  REFERENCES "ZOO" ("ZOO_ID") ENABLE;
--------------------------------------------------------
--  Ref Constraints for Table TEAM
--------------------------------------------------------

  ALTER TABLE "TEAM" ADD CONSTRAINT "TEAM_ASSOCIATION_FK1" FOREIGN KEY ("ASSOC_ID")
	  REFERENCES "ASSOCIATION" ("ASSOC_ID") ENABLE;
--------------------------------------------------------
--  Ref Constraints for Table TRANSACTION
--------------------------------------------------------

  ALTER TABLE "TRANSACTION" ADD CONSTRAINT "TRANSACTION_CUSTOMER_SERV_FK1" FOREIGN KEY ("EMP_ID")
	  REFERENCES "CUSTOMER_SERVICES" ("EMP_ID") ENABLE;
 
  ALTER TABLE "TRANSACTION" ADD CONSTRAINT "TRANSACTION_STORE_FK1" FOREIGN KEY ("STORE_ID")
	  REFERENCES "STORE" ("STORE_ID") ENABLE;
--------------------------------------------------------
--  Ref Constraints for Table VET
--------------------------------------------------------

  ALTER TABLE "VET" ADD CONSTRAINT "VET_ASSOCIATION_FK1" FOREIGN KEY ("ASSOC_ID")
	  REFERENCES "ASSOCIATION" ("ASSOC_ID") ENABLE;

--------------------------------------------------------
--  Ref Constraints for Table VOLUNTEER_DEPT_HISTORY
--------------------------------------------------------

  ALTER TABLE "VOLUNTEER_DEPT_HISTORY" ADD CONSTRAINT "VOLUNTEER_DEPT_HISTORY_DE_FK1" FOREIGN KEY ("DEPT_ID")
	  REFERENCES "DEPARTMENT" ("DEPT_ID") ENABLE;
 
  ALTER TABLE "VOLUNTEER_DEPT_HISTORY" ADD CONSTRAINT "VOLUNTEER_DEPT_HISTORY_VO_FK1" FOREIGN KEY ("VOL_ID")
	  REFERENCES "VOLUNTEER" ("VOL_ID") ENABLE;


SELECT MEMB_FIRST_NAME, MEMB_LAST_NAME, MEMB_PHONE_NUMBER
FROM MEMBERSHIP_OWNER
WHERE MEMB_DATE_OF_BIRTH LIKE '%JUL%' OR MEMB_DATE_OF_BIRTH LIKE '%MAR%';

SELECT *
FROM VET
ORDER BY VET_LAST_NAME;

SELECT *
FROM TEAM
ORDER BY TEAM_NAME;

SELECT ASSOC_ID, ASSOC_NAME
FROM VET JOIN ASSOCIATION USING (ASSOC_ID)
WHERE VET_LAST_NAME = 'Booth';

SELECT VET_ID, VET_LAST_NAME, TEAM_NAME
FROM TEAM JOIN ASSOCIATION USING(ASSOC_ID) JOIN VET USING (ASSOC_ID)
WHERE VET_ID = 6495;

SELECT VET_ID, VET_FIRST_NAME, VET_LAST_NAME
FROM VET;

SELECT DON_FIRST_NAME, DON_LAST_NAME
FROM DONATOR
WHERE DON_DATE_DONATED > '31-JUL-09';

SELECT DISTINCT MAINT_TITLE
FROM MAINTENANCE;

SELECT SUM(QUANTITY)
FROM RECEIPT_LINE;

SELECT PRODUCT_NAME, PRODUCT_SUGGESTED_PRICE
FROM PRODUCT
WHERE PRODUCT_SUGGESTED_PRICE < 10
ORDER BY PRODUCT_NAME;

SELECT EMP_FIRST_NAME, EMP_LAST_NAME, EMP_ID
FROM EMPLOYEE
WHERE EMP_FIRST_NAME IN ('Mike', 'Tom', 'Sarah');

SELECT PRODUCT_NAME, PRODUCT_SUGGESTED_PRICE
FROM PRODUCT
WHERE PRODUCT_SUGGESTED_PRICE > (SELECT AVG(PRODUCT_SUGGESTED_PRICE) FROM PRODUCT);

SELECT TRANS_ID, SUM(SELLING_PRICE), SUM(QUANTITY)
FROM RECEIPT_LINE
GROUP BY TRANS_ID
ORDER BY TRANS_ID;


SELECT EMP_ID, SUM(TRANS_TOTAL_AMT)
FROM TRANSACTION
GROUP BY EMP_ID
HAVING SUM(TRANS_TOTAL_AMT) > 40;


SELECT ANIM_NAME, ANIM_BREED_NAME
FROM ANIMAL JOIN ANIMAL_BREED USING (ANIM_BREED_ID)
WHERE ANIM_BREED_HABITAT LIKE ('%Tropical%') OR ANIM_BREED_HABITAT LIKE ('%sub-tropical%');

SELECT PRODUCT_NAME, WAREHOUSE_ID
FROM PRODUCT JOIN INVENTORY USING (PRODUCT_ID) JOIN WAREHOUSE USING (WAREHOUSE_ID)
WHERE INVEN_REORDER_POINT >= 50;

SELECT FOOD_ITEM_DESCRIPTION, FOOD_PRICE, FOOD_SUP_COMPANY_NAME
FROM FOOD_CATEGORY JOIN FOOD_ITEM USING (FOOD_CATEGORY_ID) JOIN FOOD_ITEM_SUPPLIER USING (FOOD_ITEM_ID) JOIN FOOD_SUPPLIER USING (FOOD_SUP_ID)
WHERE FOOD_CATEGORY_DESCRIPTION LIKE ('California Condor%');

SELECT PRODUCT_NAME, PRODUCT_SUGGESTED_PRICE, SELLING_PRICE, INVEN_AMOUNT, EMP_FIRST_NAME, EMP_LAST_NAME
FROM INVENTORY JOIN PRODUCT USING (PRODUCT_ID) JOIN RECEIPT_LINE USING (PRODUCT_ID)
    JOIN TRANSACTION USING (TRANS_ID) JOIN EMPLOYEE USING (EMP_ID)
WHERE TRANS_TOTAL_AMT > 75 AND INVEN_AMOUNT > 100;

SELECT EMP_FIRST_NAME, EMP_LAST_NAME, DEPT_NAME
FROM EMPLOYEE FULL JOIN DEPARTMENT USING (DEPT_ID, ZOO_ID)
WHERE EMP_HIRE_DATE > '01-APR-08';

SELECT DISTINCT